sim_time,event,waypoint,gt_x,gt_y,gt_yaw,odom_x,odom_y,odom_yaw,icp_x,icp_y,icp_yaw,ekf_x,ekf_y,ekf_yaw,odom_position_error,odom_yaw_error,icp_position_error,icp_yaw_error,ekf_position_error,ekf_yaw_error
13.366000,START,0,0.000000,-0.000000,0.000000,-0.000000,0.000000,0.000000,0.015548,0.022790,-0.000007,0.015548,0.022790,-0.000007,0.000000,0.000000,0.027588,0.000007,0.027588,0.000007
13.366000,SAMPLE,1,0.000000,-0.000000,0.000000,-0.000000,0.000000,0.000000,0.015548,0.022790,-0.000007,0.015548,0.022790,-0.000007,0.000000,0.000000,0.027588,0.000007,0.027588,0.000007
13.463000,SAMPLE,1,0.000478,-0.000000,-0.002074,0.000463,-0.000001,-0.002200,0.015548,0.022790,-0.000007,0.016043,0.022789,-0.002007,0.000015,0.000126,0.027322,0.002067,0.027598,0.000067
13.553000,SAMPLE,1,0.000746,-0.000002,-0.011000,0.000526,-0.000001,-0.011200,0.016013,0.022277,-0.006105,0.016040,0.022729,-0.009836,0.000220,0.000200,0.027008,0.004895,0.027396,0.001164
13.639000,SAMPLE,1,0.001103,-0.000009,-0.028850,0.000526,-0.000001,-0.027650,0.016257,0.021433,-0.023063,0.016040,0.022729,-0.025836,0.000577,0.001200,0.026257,0.005787,0.027205,0.003014
13.737000,SAMPLE,1,0.002437,-0.000076,-0.059674,0.001157,-0.000034,-0.058050,0.016257,0.021433,-0.023063,0.016907,0.022537,-0.055309,0.001281,0.001624,0.025566,0.036612,0.026846,0.004365
13.831000,SAMPLE,1,0.005266,-0.000299,-0.099474,0.003256,-0.000197,-0.098700,0.017998,0.023001,-0.051101,0.019088,0.022454,-0.093117,0.002013,0.000774,0.026551,0.048373,0.026622,0.006358
13.925000,SAMPLE,1,0.006543,-0.000451,-0.149151,0.003570,-0.000229,-0.149900,0.020365,0.023118,-0.089464,0.019449,0.022515,-0.142431,0.002981,0.000749,0.027323,0.059687,0.026344,0.006720
14.025000,SAMPLE,1,0.007761,-0.000673,-0.211051,0.003570,-0.000229,-0.209450,0.021473,0.023701,-0.196942,0.019913,0.022726,-0.203017,0.004214,0.001601,0.027966,0.014108,0.026366,0.008034
14.116000,SAMPLE,1,0.008957,-0.000962,-0.257851,0.003845,-0.000299,-0.257450,0.021473,0.023701,-0.196942,0.020261,0.022643,-0.251017,0.005154,0.000401,0.027658,0.060908,0.026172,0.006834
14.211000,SAMPLE,1,0.011138,-0.001608,-0.318451,0.004855,-0.000598,-0.317450,0.024334,0.023138,-0.256525,0.021735,0.022425,-0.309776,0.006364,0.001001,0.028045,0.061926,0.026266,0.008675
14.307000,SAMPLE,1,0.013171,-0.002344,-0.376051,0.005844,-0.000956,-0.377450,0.025515,0.020992,-0.316458,0.023142,0.021930,-0.366374,0.007457,0.001399,0.026399,0.059592,0.026242,0.009677
14.402000,SAMPLE,1,0.015241,-0.003233,-0.436051,0.006811,-0.001373,-0.437450,0.028435,0.020059,-0.376528,0.024719,0.021318,-0.426026,0.008633,0.001399,0.026769,0.059523,0.026317,0.010025
14.498000,SAMPLE,1,0.016190,-0.003702,-0.485851,0.006849,-0.001391,-0.485450,0.029891,0.019294,-0.436788,0.025332,0.021079,-0.473792,0.009623,0.000401,0.026768,0.049063,0.026413,0.012058
14.597000,SAMPLE,1,0.017909,-0.004704,-0.546466,0.007493,-0.001774,-0.545450,0.032267,0.021546,-0.497355,0.027043,0.020647,-0.531367,0.010820,0.001016,0.029920,0.049111,0.026947,0.015099
14.691000,SAMPLE,1,0.022086,-0.007427,-0.605281,0.010734,-0.003886,-0.605450,0.033287,0.020943,-0.557502,0.030925,0.018715,-0.591766,0.011892,0.000169,0.030501,0.047779,0.027596,0.013514
14.786000,SAMPLE,1,0.026038,-0.010324,-0.663481,0.013821,-0.006154,-0.665450,0.038511,0.018074,-0.617642,0.034753,0.016567,-0.652118,0.012909,0.001969,0.031017,0.045839,0.028268,0.011363
14.883000,SAMPLE,1,0.031787,-0.015136,-0.723490,0.018782,-0.010326,-0.725450,0.042077,0.015457,-0.677755,0.040738,0.012251,-0.714933,0.013866,0.001960,0.032277,0.045735,0.028812,0.008557
14.978000,SAMPLE,1,0.040688,-0.023500,-0.782305,0.025306,-0.016414,-0.773450,0.048502,0.009089,-0.737782,0.048171,0.006000,-0.762711,0.016936,0.008855,0.033513,0.044523,0.030434,0.019594
15.060000,SAMPLE,1,0.048515,-0.031606,-0.824304,0.033469,-0.024792,-0.821450,0.058878,-0.000328,-0.797303,0.056500,-0.002268,-0.810711,0.016517,0.002854,0.032950,0.027001,0.030405,0.013593
15.151000,SAMPLE,1,0.058807,-0.043390,-0.882504,0.043341,-0.036055,-0.881450,0.069186,-0.011560,-0.857238,0.067388,-0.013130,-0.868288,0.017118,0.001054,0.033479,0.025265,0.031453,0.014215
15.236000,SAMPLE,1,0.067520,-0.054577,-0.936308,0.051458,-0.046409,-0.929450,0.079964,-0.023894,-0.918230,0.075763,-0.023413,-0.919244,0.018020,0.006858,0.033110,0.018077,0.032236,0.017064
15.330000,SAMPLE,1,0.078734,-0.070844,-0.996453,0.062394,-0.062038,-0.989450,0.079964,-0.023894,-0.918230,0.087489,-0.038985,-0.980016,0.018562,0.007003,0.046966,0.078223,0.033040,0.016437
15.427000,SAMPLE,1,0.089420,-0.088504,-1.057653,0.072392,-0.078290,-1.049450,0.100738,-0.060120,-1.041089,0.098382,-0.056129,-1.040570,0.019857,0.008203,0.030557,0.016564,0.033593,0.017083
15.524000,SAMPLE,1,0.097836,-0.104364,-1.108653,0.081764,-0.095811,-1.109450,0.100738,-0.060120,-1.041089,0.108057,-0.073581,-1.100570,0.018206,0.000797,0.044339,0.067564,0.032435,0.008083
15.613000,SAMPLE,1,0.106052,-0.122051,-1.163853,0.088540,-0.110304,-1.157450,0.112247,-0.077880,-1.101860,0.115533,-0.088490,-1.148812,0.021086,0.006403,0.044603,0.061993,0.034875,0.015041
15.692000,SAMPLE,1,0.112280,-0.137469,-1.211059,0.094380,-0.124484,-1.203450,0.120915,-0.096678,-1.161886,0.121999,-0.103108,-1.195013,0.022114,0.007609,0.041695,0.049173,0.035709,0.016046
15.788000,SAMPLE,1,0.119064,-0.157159,-1.267978,0.100971,-0.143197,-1.260950,0.128371,-0.115853,-1.219734,0.129278,-0.122422,-1.251528,0.022854,0.007028,0.042341,0.048244,0.036207,0.016450
15.880000,SAMPLE,1,0.124576,-0.176747,-1.325578,0.106494,-0.162416,-1.320950,0.135562,-0.134868,-1.277775,0.135526,-0.142139,-1.311950,0.023073,0.004628,0.043296,0.047803,0.036300,0.013628
15.964000,SAMPLE,1,0.128019,-0.191797,-1.367528,0.110098,-0.178003,-1.367100,0.140968,-0.154073,-1.337042,0.139737,-0.158179,-1.359341,0.022615,0.000428,0.039884,0.030486,0.035601,0.008187
16.051000,SAMPLE,1,0.131216,-0.209444,-1.414357,0.112914,-0.193346,-1.409700,0.144458,-0.175050,-1.394130,0.142743,-0.173465,-1.402341,0.024375,0.004657,0.036855,0.020227,0.037781,0.012015
16.141000,SAMPLE,1,0.133775,-0.228614,-1.462322,0.115552,-0.212680,-1.460568,0.147400,-0.196009,-1.445404,0.146126,-0.193687,-1.452928,0.024206,0.001753,0.035338,0.016918,0.037047,0.009394
16.238000,SAMPLE,1,0.135514,-0.248915,-1.507793,0.116986,-0.228287,-1.497166,0.150603,-0.215893,-1.493415,0.147745,-0.209244,-1.490086,0.027727,0.010627,0.036306,0.014378,0.041513,0.017707
16.327000,SAMPLE,1,0.136259,-0.264082,-1.534963,0.118039,-0.247637,-1.533784,0.150603,-0.215893,-1.493415,0.149298,-0.229366,-1.528077,0.024544,0.001178,0.050279,0.041548,0.037085,0.006886
16.423000,SAMPLE,1,0.136672,-0.282876,-1.561460,0.118473,-0.266136,-1.559603,0.151023,-0.237413,-1.531863,0.150032,-0.248800,-1.555184,0.024727,0.001858,0.047674,0.029597,0.036602,0.006276
16.518000,SAMPLE,1,0.136672,-0.301557,-1.578141,0.118532,-0.280978,-1.572547,0.151037,-0.257690,-1.559768,0.150235,-0.264807,-1.569946,0.027432,0.005593,0.046160,0.018373,0.039173,0.008194
16.613000,SAMPLE,1,0.136448,-0.321148,-1.584868,0.118410,-0.300683,-1.579837,0.151513,-0.275349,-1.577021,0.150276,-0.285208,-1.577499,0.027280,0.005031,0.048213,0.007846,0.038508,0.007368
16.709000,SAMPLE,1,0.136165,-0.339231,-1.588026,0.118218,-0.318756,-1.582995,0.150587,-0.295544,-1.584145,0.150097,-0.304037,-1.581797,0.027227,0.005031,0.046005,0.003880,0.037850,0.006229
16.803000,SAMPLE,1,0.135836,-0.358069,-1.588302,0.117970,-0.338502,-1.583374,0.151614,-0.312648,-1.587931,0.149993,-0.324038,-1.583497,0.026497,0.004928,0.048084,0.000371,0.036858,0.004805
16.903000,SAMPLE,1,0.135556,-0.374045,-1.588302,0.117731,-0.357511,-1.583374,0.151281,-0.332728,-1.588070,0.149844,-0.343990,-1.584324,0.024313,0.004928,0.044208,0.000232,0.033279,0.003978
16.992000,SAMPLE,1,0.135227,-0.392039,-1.589825,0.117529,-0.372457,-1.584858,0.150346,-0.352207,-1.587972,0.149640,-0.359976,-1.586890,0.026395,0.004967,0.042604,0.001853,0.035154,0.002935
17.086000,SAMPLE,1,0.134861,-0.411235,-1.589825,0.117247,-0.392455,-1.584858,0.150113,-0.371441,-1.589561,0.149357,-0.380387,-1.587401,0.025748,0.004967,0.042617,0.000263,0.034084,0.002424
17.182000,SAMPLE,1,0.134506,-0.429928,-1.589825,0.116986,-0.411063,-1.584858,0.149499,-0.391384,-1.589402,0.149058,-0.399276,-1.587783,0.025746,0.004967,0.041358,0.000423,0.033931,0.002042
17.278000,SAMPLE,1,0.134162,-0.447955,-1.589825,0.116776,-0.425988,-1.584858,0.148858,-0.410099,-1.589229,0.148776,-0.414826,-1.588059,0.028015,0.004967,0.040609,0.000596,0.036209,0.001766
17.368000,SAMPLE,1,0.133820,-0.465921,-1.589825,0.116500,-0.445597,-1.584858,0.148830,-0.429943,-1.588825,0.148460,-0.434773,-1.588203,0.026703,0.004967,0.038983,0.001000,0.034416,0.001622
17.461000,SAMPLE,1,0.133480,-0.483834,-1.589825,0.116240,-0.464090,-1.584858,0.148355,-0.448991,-1.588929,0.148134,-0.454007,-1.588337,0.026212,0.004967,0.037886,0.000896,0.033232,0.001488
17.545000,SAMPLE,1,0.133218,-0.497567,-1.589825,0.116030,-0.479014,-1.584858,0.148161,-0.466287,-1.589237,0.147885,-0.469259,-1.588509,0.025291,0.004967,0.034666,0.000588,0.031882,0.001316
17.636000,SAMPLE,1,0.132881,-0.515280,-1.589825,0.115808,-0.494781,-1.584858,0.148409,-0.485311,-1.589080,0.147687,-0.485483,-1.588612,0.026677,0.004967,0.033753,0.000745,0.033273,0.001213
17.735000,SAMPLE,1,0.132524,-0.534014,-1.589825,0.115547,-0.513390,-1.584858,0.147643,-0.503781,-1.589258,0.147376,-0.504399,-1.588732,0.026713,0.004967,0.033803,0.000567,0.033131,0.001094
17.827000,SAMPLE,1,0.132183,-0.551957,-1.589825,0.115285,-0.532020,-1.584858,0.147643,-0.503781,-1.589258,0.147040,-0.523133,-1.588732,0.026135,0.004968,0.050596,0.000568,0.032428,0.001094
17.927000,SAMPLE,1,0.131796,-0.572269,-1.589825,0.115010,-0.551597,-1.584858,0.148134,-0.523127,-1.590230,0.146812,-0.542218,-1.589026,0.026630,0.004968,0.051787,0.000405,0.033594,0.000799
18.026000,SAMPLE,1,0.131509,-0.587351,-1.589825,0.114756,-0.569606,-1.584858,0.147472,-0.559712,-1.590922,0.146585,-0.560002,-1.589291,0.024404,0.004968,0.031918,0.001096,0.031229,0.000535
18.121000,SAMPLE,1,0.131136,-0.606936,-1.589826,0.114478,-0.589414,-1.584858,0.147472,-0.559712,-1.590922,0.146299,-0.579963,-1.589598,0.024177,0.004968,0.049970,0.001096,0.030942,0.000228
18.211000,SAMPLE,1,0.130783,-0.625470,-1.589826,0.114264,-0.604623,-1.584858,0.146769,-0.579900,-1.590767,0.146055,-0.595111,-1.589818,0.026598,0.004968,0.048292,0.000941,0.033983,0.000008
18.299000,SAMPLE,1,0.130476,-0.641646,-1.589826,0.114060,-0.619085,-1.584858,0.146737,-0.599078,-1.590791,0.145849,-0.609970,-1.589994,0.027901,0.004968,0.045569,0.000965,0.035210,0.000169
18.397000,SAMPLE,1,0.130147,-0.658905,-1.589826,0.113786,-0.638599,-1.584858,0.146492,-0.616172,-1.590827,0.145547,-0.629852,-1.590147,0.026077,0.004968,0.045752,0.001001,0.032882,0.000321
18.484000,SAMPLE,1,0.129830,-0.675565,-1.589826,0.113517,-0.657765,-1.584858,0.146256,-0.635991,-1.590914,0.145270,-0.648809,-1.590292,0.024145,0.004968,0.042848,0.001088,0.030892,0.000466
18.573000,SAMPLE,1,0.129503,-0.692751,-1.589826,0.113304,-0.672858,-1.584858,0.145197,-0.654826,-1.590767,0.144977,-0.663827,-1.590383,0.025654,0.004968,0.041044,0.000941,0.032803,0.000556
18.668000,SAMPLE,1,0.129126,-0.712548,-1.589826,0.113023,-0.692857,-1.584858,0.144505,-0.675832,-1.590338,0.144557,-0.683824,-1.590375,0.025437,0.004968,0.039806,0.000512,0.032606,0.000549
18.757000,SAMPLE,1,0.128796,-0.729852,-1.589826,0.112812,-0.707855,-1.584858,0.144407,-0.694924,-1.590307,0.144276,-0.698644,-1.590362,0.027191,0.004968,0.038258,0.000481,0.034835,0.000536
18.856000,SAMPLE,1,0.128495,-0.745658,-1.589826,0.112552,-0.726380,-1.584858,0.143489,-0.711517,-1.590313,0.143909,-0.717378,-1.590362,0.025017,0.004969,0.037288,0.000487,0.032208,0.000535
18.949000,SAMPLE,1,0.128136,-0.764539,-1.589826,0.112276,-0.746009,-1.584858,0.144003,-0.732321,-1.589997,0.143475,-0.736240,-1.590354,0.024391,0.004969,0.035914,0.000170,0.032189,0.000528
19.042000,SAMPLE,1,0.127790,-0.782747,-1.589826,0.112015,-0.764523,-1.584858,0.143486,-0.752076,-1.589897,0.143214,-0.754431,-1.590210,0.024103,0.004969,0.034454,0.000071,0.032244,0.000384
19.126000,SAMPLE,1,0.127490,-0.798480,-1.589826,0.111803,-0.779616,-1.584858,0.143486,-0.752076,-1.589897,0.142920,-0.769586,-1.590210,0.024534,0.004969,0.049083,0.000070,0.032755,0.000384
19.222000,SAMPLE,1,0.127121,-0.817855,-1.589826,0.111528,-0.799151,-1.584858,0.142944,-0.770874,-1.589752,0.142550,-0.789230,-1.590124,0.024351,0.004969,0.049574,0.000074,0.032519,0.000298
19.318000,SAMPLE,1,0.126769,-0.836348,-1.589826,0.111319,-0.814023,-1.584858,0.142689,-0.789850,-1.590141,0.142281,-0.804100,-1.590127,0.027149,0.004969,0.049147,0.000314,0.035784,0.000300
19.410000,SAMPLE,1,0.126479,-0.851607,-1.589827,0.111045,-0.833558,-1.584858,0.142091,-0.807887,-1.590261,0.141878,-0.824115,-1.590152,0.023748,0.004969,0.046423,0.000434,0.031511,0.000325
19.505000,SAMPLE,1,0.126114,-0.870751,-1.589827,0.110776,-0.852630,-1.584858,0.142127,-0.828964,-1.590214,0.141558,-0.842764,-1.590163,0.023740,0.004969,0.044750,0.000387,0.031965,0.000336
19.605000,SAMPLE,1,0.125757,-0.889505,-1.589827,0.110516,-0.871134,-1.584858,0.142000,-0.847399,-1.590189,0.141261,-0.861345,-1.590166,0.023871,0.004969,0.045130,0.000362,0.032146,0.000339
19.689000,SAMPLE,1,0.125424,-0.906995,-1.589827,0.110294,-0.886964,-1.584858,0.141317,-0.865595,-1.590528,0.140953,-0.877835,-1.590232,0.025104,0.004969,0.044346,0.000701,0.033038,0.000405
19.785000,SAMPLE,1,0.125065,-0.925855,-1.589827,0.110025,-0.906046,-1.584858,0.140782,-0.885422,-1.590546,0.140577,-0.896835,-1.590292,0.024872,0.004969,0.043380,0.000719,0.032906,0.000465
19.880000,SAMPLE,1,0.124785,-0.940590,-1.589827,0.109772,-0.924023,-1.584858,0.140345,-0.903926,-1.590321,0.140287,-0.911140,-1.590298,0.022357,0.004969,0.039830,0.000494,0.033281,0.000471
19.972000,SAMPLE,1,0.124435,-0.958954,-1.589827,0.109549,-0.939937,-1.584858,0.140032,-0.922577,-1.590131,0.139904,-0.930699,-1.590266,0.024150,0.004970,0.039580,0.000304,0.032212,0.000439
20.065000,SAMPLE,1,0.124089,-0.977140,-1.589827,0.109280,-0.959051,-1.584858,0.139712,-0.942237,-1.590060,0.139538,-0.949775,-1.590227,0.023378,0.004970,0.038240,0.000233,0.031426,0.000400
20.145000,SAMPLE,1,0.123796,-0.992517,-1.589827,0.109077,-0.973460,-1.584858,0.139801,-0.960291,-1.589997,0.139319,-0.964062,-1.590182,0.024079,0.004970,0.035982,0.000169,0.032414,0.000354
20.237000,SAMPLE,1,0.123383,-1.011806,-1.596106,0.108825,-0.989290,-1.589800,0.138851,-0.980599,-1.593022,0.138967,-0.980587,-1.594961,0.026813,0.006307,0.034830,0.003085,0.034893,0.001145
20.329000,SAMPLE,1,0.122943,-1.026971,-1.603591,0.108371,-1.008442,-1.599273,0.137718,-0.999482,-1.602463,0.138432,-0.999737,-1.604435,0.023572,0.004317,0.031207,0.001128,0.031330,0.000844
20.412000,SAMPLE,1,0.122332,-1.043586,-1.610659,0.107890,-1.023403,-1.605602,0.137718,-0.999482,-1.602463,0.137824,-1.014687,-1.610639,0.024818,0.005056,0.046711,0.008196,0.032790,0.000020
20.512000,SAMPLE,1,0.121427,-1.064146,-1.619622,0.107114,-1.043388,-1.614276,0.136601,-1.038195,-1.619232,0.136938,-1.034654,-1.618895,0.025214,0.005346,0.030061,0.000390,0.033322,0.000727
20.592000,SAMPLE,1,0.120574,-1.080367,-1.626294,0.106403,-1.058487,-1.620855,0.136601,-1.038195,-1.619232,0.136128,-1.050121,-1.625537,0.026069,0.005439,0.045115,0.007062,0.034011,0.000757
20.679000,SAMPLE,1,0.119796,-1.094055,-1.628678,0.105637,-1.073330,-1.623592,0.135956,-1.056661,-1.626546,0.135323,-1.065015,-1.628226,0.025100,0.005086,0.040737,0.002132,0.032930,0.000452
20.772000,SAMPLE,1,0.118641,-1.113482,-1.631741,0.104550,-1.093301,-1.626750,0.134907,-1.078000,-1.629789,0.134187,-1.085101,-1.631319,0.024614,0.004991,0.039032,0.001952,0.032360,0.000422
20.853000,SAMPLE,1,0.117696,-1.128700,-1.633399,0.103693,-1.108308,-1.628392,0.134405,-1.096572,-1.633104,0.133382,-1.099998,-1.633190,0.024737,0.005007,0.036213,0.000295,0.032709,0.000209
20.950000,SAMPLE,1,0.116514,-1.147197,-1.636051,0.102597,-1.126949,-1.631044,0.132608,-1.114416,-1.634973,0.132216,-1.118663,-1.636206,0.024570,0.005007,0.036518,0.001078,0.032570,0.000154
21.047000,SAMPLE,1,0.115114,-1.167511,-1.644167,0.101321,-1.146909,-1.639065,0.130750,-1.133832,-1.640696,0.130824,-1.138523,-1.643431,0.024793,0.005102,0.037131,0.003471,0.032972,0.000736
21.138000,SAMPLE,1,0.113602,-1.186376,-1.659198,0.100160,-1.162655,-1.651094,0.129356,-1.153576,-1.652387,0.129622,-1.154266,-1.655010,0.027265,0.008103,0.036388,0.006810,0.035885,0.004187
21.235000,SAMPLE,1,0.111671,-1.205868,-1.678821,0.098417,-1.181807,-1.671244,0.128250,-1.172986,-1.673020,0.127848,-1.173409,-1.673566,0.027470,0.007576,0.036825,0.005801,0.036267,0.005255
21.327000,SAMPLE,1,0.109813,-1.221730,-1.697363,0.096202,-1.201684,-1.694250,0.128250,-1.172986,-1.673020,0.125692,-1.193237,-1.695566,0.024230,0.003113,0.052114,0.024343,0.032620,0.001797
21.421000,SAMPLE,1,0.106972,-1.241718,-1.726834,0.093436,-1.221491,-1.724381,0.124978,-1.192977,-1.694014,0.122901,-1.213020,-1.725643,0.024338,0.002453,0.051960,0.032820,0.032822,0.001191
21.513000,SAMPLE,1,0.103927,-1.259708,-1.751038,0.090963,-1.236488,-1.744868,0.122802,-1.214767,-1.723938,0.120599,-1.227747,-1.744129,0.026594,0.006169,0.048744,0.027099,0.036049,0.006908
21.600000,SAMPLE,1,0.100420,-1.277833,-1.771172,0.088067,-1.252041,-1.763355,0.119484,-1.234018,-1.750147,0.117689,-1.243633,-1.761929,0.028598,0.007817,0.047783,0.021025,0.038313,0.009243
21.696000,SAMPLE,1,0.096357,-1.297063,-1.787041,0.084138,-1.271329,-1.779776,0.115762,-1.253223,-1.772334,0.113753,-1.263029,-1.778917,0.028488,0.007265,0.047943,0.014707,0.038222,0.008124
21.791000,SAMPLE,1,0.092904,-1.312319,-1.800146,0.080145,-1.289463,-1.795565,0.111548,-1.273080,-1.787949,0.109577,-1.281855,-1.795782,0.026176,0.004580,0.043443,0.012197,0.034728,0.004364
21.887000,SAMPLE,1,0.088204,-1.331860,-1.813805,0.075628,-1.308644,-1.809005,0.106924,-1.291568,-1.803453,0.104791,-1.301851,-1.808595,0.026404,0.004800,0.044429,0.010352,0.034288,0.005210
21.978000,SAMPLE,1,0.083417,-1.350440,-1.833158,0.071731,-1.324162,-1.825389,0.101929,-1.311015,-1.817890,0.100798,-1.317542,-1.824873,0.028760,0.007769,0.043555,0.015267,0.037207,0.008284
22.069000,SAMPLE,1,0.078128,-1.369338,-1.854379,0.066480,-1.343460,-1.847494,0.096862,-1.330490,-1.839374,0.095482,-1.337012,-1.847218,0.028379,0.006884,0.043129,0.015005,0.036690,0.007161
22.164000,SAMPLE,1,0.073238,-1.385462,-1.876839,0.060765,-1.362625,-1.874565,0.091517,-1.350282,-1.862767,0.089751,-1.356403,-1.873905,0.026021,0.002274,0.039645,0.014073,0.033423,0.002935
22.261000,SAMPLE,1,0.066608,-1.405531,-1.903663,0.054544,-1.381632,-1.900537,0.085849,-1.370085,-1.889219,0.083352,-1.376118,-1.901239,0.026771,0.003126,0.040331,0.014444,0.033844,0.002424
22.353000,SAMPLE,1,0.059998,-1.423877,-1.928713,0.049196,-1.396712,-1.921723,0.079144,-1.388571,-1.917078,0.077800,-1.391768,-1.922809,0.029234,0.006990,0.040163,0.011635,0.036714,0.005904
22.443000,SAMPLE,1,0.053255,-1.441388,-1.946968,0.042119,-1.415417,-1.941852,0.071671,-1.407685,-1.940311,0.070468,-1.411015,-1.943711,0.028257,0.005116,0.038406,0.006658,0.034911,0.003257
22.525000,SAMPLE,1,0.047971,-1.454563,-1.956750,0.036229,-1.430294,-1.952713,0.063870,-1.427167,-1.956044,0.064280,-1.426465,-1.956096,0.026961,0.004037,0.031675,0.000706,0.032489,0.000654
22.621000,SAMPLE,1,0.040438,-1.472759,-1.969738,0.028831,-1.448353,-1.965802,0.056553,-1.445846,-1.969294,0.056638,-1.445020,-1.969370,0.027026,0.003935,0.031369,0.000444,0.032123,0.000368
22.712000,SAMPLE,1,0.033000,-1.490057,-1.985677,0.022801,-1.462557,-1.979534,0.056553,-1.445846,-1.969294,0.050567,-1.459276,-1.982002,0.029330,0.006143,0.050094,0.016384,0.035442,0.003676
22.801000,SAMPLE,1,0.025274,-1.507156,-2.003832,0.014662,-1.480826,-1.999242,0.049027,-1.464008,-1.985173,0.042438,-1.477674,-2.001862,0.028388,0.004591,0.049254,0.018660,0.034115,0.001971
22.889000,SAMPLE,1,0.018700,-1.521094,-2.019059,0.008048,-1.495001,-2.014976,0.040634,-1.483044,-2.004833,0.035592,-1.492404,-2.018101,0.028184,0.004083,0.043919,0.014226,0.033294,0.000958
22.986000,SAMPLE,1,0.010237,-1.538264,-2.038293,-0.000265,-1.512027,-2.034381,0.032504,-1.500364,-2.024093,0.027309,-1.509568,-2.036845,0.028261,0.003912,0.043957,0.014200,0.033391,0.001448
23.081000,SAMPLE,1,0.001359,-1.555573,-2.049945,-0.009273,-1.529765,-2.045776,0.024015,-1.519712,-2.042483,0.018264,-1.527747,-2.048853,0.027911,0.004169,0.042417,0.007462,0.032558,0.001092
23.178000,SAMPLE,1,-0.007294,-1.572132,-2.054828,-0.015968,-1.542723,-2.049276,0.014383,-1.535327,-2.052191,0.011557,-1.540626,-2.052206,0.030661,0.005552,0.042714,0.002638,0.036715,0.002623
23.269000,SAMPLE,1,-0.012965,-1.582940,-2.054435,-0.022219,-1.554770,-2.049215,0.006713,-1.551067,-2.054952,0.005214,-1.552840,-2.052275,0.029651,0.005220,0.037458,0.000516,0.035164,0.002161
23.360000,SAMPLE,1,-0.017128,-1.590900,-2.050851,-0.025808,-1.561713,-2.046184,0.001091,-1.559426,-2.053205,0.001678,-1.559632,-2.048275,0.030450,0.004667,0.036367,0.002354,0.036487,0.002577
23.441000,SAMPLE,1,-0.020426,-1.597222,-2.051537,-0.030610,-1.571050,-2.046721,-0.003057,-1.568647,-2.050850,-0.003391,-1.569145,-2.049722,0.028084,0.004816,0.033439,0.000687,0.032841,0.001814
23.539000,SAMPLE,1,-0.025867,-1.607590,-2.057222,-0.034941,-1.579397,-2.051697,-0.008307,-1.579897,-2.056349,-0.007874,-1.577845,-2.053930,0.029617,0.005525,0.032791,0.000873,0.034763,0.003293
23.635000,SAMPLE,1,-0.030395,-1.616146,-2.057918,-0.039352,-1.587845,-2.052405,-0.013211,-1.588353,-2.057371,-0.012640,-1.586925,-2.056442,0.029684,0.005513,0.032677,0.000547,0.034192,0.001476
23.727000,SAMPLE,1,-0.035039,-1.624900,-2.059859,-0.044279,-1.597242,-2.054489,-0.018316,-1.597890,-2.059903,-0.017736,-1.596567,-2.059143,0.029160,0.005370,0.031768,0.000044,0.033198,0.000716
23.825000,SAMPLE,1,-0.039078,-1.632502,-2.058991,-0.048244,-1.604805,-2.053647,-0.022592,-1.605422,-2.058889,-0.021652,-1.603963,-2.056985,0.029174,0.005344,0.031703,0.000102,0.033439,0.002006
23.911000,SAMPLE,1,-0.041810,-1.637660,-2.057681,-0.050969,-1.610013,-2.052297,-0.022592,-1.605422,-2.058889,-0.024398,-1.609104,-2.055459,0.029124,0.005384,0.037531,0.001208,0.033445,0.002222
24.005000,SAMPLE,1,-0.045431,-1.644472,-2.060008,-0.055010,-1.617722,-2.054981,-0.026215,-1.612144,-2.057908,-0.028666,-1.617109,-2.058456,0.028413,0.005027,0.037608,0.002100,0.032091,0.001552
24.100000,SAMPLE,1,-0.049838,-1.652692,-2.065615,-0.058442,-1.624207,-2.059908,-0.030040,-1.620096,-2.060653,-0.032277,-1.623898,-2.064390,0.029756,0.005707,0.038137,0.004961,0.033726,0.001225
24.182000,SAMPLE,1,-0.053086,-1.658721,-2.062804,-0.062395,-1.631642,-2.056965,-0.034605,-1.628667,-2.065979,-0.036360,-1.631527,-2.062610,0.028634,0.005839,0.035281,0.003175,0.031927,0.000194
24.280000,SAMPLE,1,-0.058315,-1.668528,-2.059060,-0.067560,-1.641458,-2.053623,-0.038376,-1.635965,-2.061561,-0.040684,-1.639702,-2.059406,0.028605,0.005437,0.038182,0.002501,0.033790,0.000346
24.358000,SAMPLE,1,-0.061428,-1.674433,-2.052482,-0.069932,-1.646006,-2.048576,-0.043388,-1.645251,-2.057659,-0.044116,-1.646210,-2.053818,0.029671,0.003906,0.034308,0.005177,0.033110,0.001337
24.446000,SAMPLE,1,-0.063896,-1.679213,-2.041427,-0.073278,-1.652571,-2.034742,-0.047296,-1.651881,-2.046522,-0.047576,-1.652797,-2.041307,0.028246,0.006685,0.031977,0.005095,0.031050,0.000119
24.536000,SAMPLE,1,-0.066487,-1.684395,-2.027992,-0.075558,-1.657197,-2.023110,-0.049673,-1.657260,-2.030714,-0.049845,-1.657312,-2.029676,0.028670,0.004882,0.031922,0.002721,0.031788,0.001683
24.632000,SAMPLE,1,-0.069137,-1.689847,-2.018429,-0.078290,-1.662892,-2.013387,-0.052450,-1.663228,-2.020243,-0.052606,-1.662976,-2.020400,0.028467,0.005043,0.031417,0.001814,0.031549,0.001971
24.726000,SAMPLE,1,-0.071684,-1.695216,-2.009240,-0.080968,-1.668612,-2.003913,-0.052450,-1.663228,-2.020243,-0.055310,-1.668705,-2.010896,0.028177,0.005327,0.037325,0.011003,0.031160,0.001656
24.819000,SAMPLE,1,-0.073761,-1.699716,-1.997556,-0.082755,-1.672529,-1.993834,-0.054738,-1.669553,-2.010918,-0.057022,-1.672622,-2.001320,0.028637,0.003722,0.035661,0.013362,0.031849,0.003764
24.915000,SAMPLE,1,-0.075800,-1.704240,-1.991308,-0.085217,-1.678069,-1.985960,-0.057064,-1.674918,-1.999136,-0.059563,-1.678484,-1.992790,0.027813,0.005348,0.034797,0.007828,0.030446,0.001482
25.012000,SAMPLE,1,-0.080285,-1.714265,-1.992567,-0.089495,-1.687782,-1.987187,-0.059484,-1.679901,-1.991339,-0.063990,-1.688566,-1.993048,0.028040,0.005381,0.040169,0.001228,0.030430,0.000481
25.104000,SAMPLE,1,-0.086773,-1.728518,-2.003981,-0.095988,-1.702255,-1.998913,-0.063581,-1.689356,-1.992874,-0.070415,-1.702939,-2.004328,0.027832,0.005069,0.045514,0.011108,0.030362,0.000347
25.189000,SAMPLE,1,-0.093595,-1.742932,-2.023388,-0.102034,-1.715222,-2.016534,-0.070161,-1.702236,-2.005137,-0.076276,-1.715432,-2.021310,0.028966,0.006854,0.046960,0.018251,0.032499,0.002078
25.275000,SAMPLE,1,-0.098573,-1.752995,-2.037761,-0.107302,-1.726021,-2.032355,-0.078010,-1.718372,-2.027475,-0.081306,-1.725635,-2.037151,0.028352,0.005406,0.040269,0.010286,0.032353,0.000610
25.363000,SAMPLE,1,-0.102881,-1.761445,-2.046979,-0.111778,-1.734901,-2.041981,-0.084393,-1.731132,-2.042982,-0.085770,-1.734357,-2.047395,0.027995,0.004998,0.035506,0.003997,0.032039,0.000416
25.461000,SAMPLE,1,-0.105321,-1.766176,-2.046977,-0.114071,-1.739399,-2.041237,-0.087904,-1.738207,-2.047840,-0.088116,-1.738871,-2.047204,0.028171,0.005741,0.032949,0.000863,0.032273,0.000227
25.554000,SAMPLE,1,-0.107230,-1.769874,-2.048696,-0.115600,-1.742401,-2.042905,-0.089518,-1.743670,-2.047171,-0.089686,-1.742172,-2.048983,0.028720,0.005791,0.031628,0.001525,0.032790,0.000287
25.652000,SAMPLE,1,-0.110714,-1.776518,-2.058163,-0.118871,-1.748742,-2.051913,-0.092282,-1.748346,-2.052351,-0.093066,-1.748816,-2.057085,0.028949,0.006250,0.033666,0.005812,0.032845,0.001078
25.742000,SAMPLE,1,-0.116416,-1.787041,-2.076417,-0.124659,-1.759578,-2.071221,-0.097150,-1.757808,-2.067480,-0.098897,-1.759860,-2.074645,0.028673,0.005197,0.035011,0.008937,0.032338,0.001773
25.833000,SAMPLE,1,-0.122537,-1.797845,-2.096436,-0.130743,-1.770433,-2.091897,-0.104056,-1.770256,-2.092347,-0.104947,-1.770647,-2.095171,0.028614,0.004539,0.033207,0.004090,0.032390,0.001266
25.924000,SAMPLE,1,-0.128385,-1.807735,-2.113684,-0.136422,-1.780128,-2.109105,-0.110066,-1.781116,-2.111816,-0.110463,-1.780360,-2.111462,0.028754,0.004579,0.032313,0.001869,0.032720,0.002222
26.023000,SAMPLE,1,-0.131648,-1.813103,-2.120845,-0.139431,-1.785127,-2.115513,-0.113925,-1.787675,-2.120260,-0.113474,-1.785494,-2.118228,0.029039,0.005332,0.030995,0.000586,0.033054,0.002617
26.111000,SAMPLE,1,-0.133123,-1.815508,-2.121569,-0.140606,-1.787067,-2.115839,-0.113925,-1.787675,-2.120260,-0.114707,-1.787516,-2.119754,0.029409,0.005730,0.033812,0.001309,0.033507,0.001815
26.206000,SAMPLE,1,-0.135932,-1.820053,-2.126915,-0.143372,-1.791601,-2.121197,-0.115754,-1.790283,-2.121150,-0.117673,-1.792445,-2.127173,0.029409,0.005718,0.035964,0.005764,0.033100,0.000259
26.299000,SAMPLE,1,-0.136610,-1.821149,-2.124316,-0.144129,-1.792835,-2.118923,-0.118456,-1.793887,-2.126536,-0.118356,-1.793567,-2.124647,0.029295,0.005392,0.032753,0.002220,0.033075,0.000332
26.391000,SAMPLE,1,-0.137034,-1.821841,-2.115979,-0.144674,-1.793735,-2.110029,-0.119631,-1.795202,-2.122822,-0.119042,-1.794636,-2.116141,0.029126,0.005950,0.031820,0.006843,0.032617,0.000162
26.487000,SAMPLE,1,-0.137483,-1.822589,-2.106410,-0.145210,-1.794641,-2.100555,-0.119238,-1.796962,-2.113945,-0.119585,-1.795772,-2.106975,0.028996,0.005855,0.031458,0.007534,0.032241,0.000565
26.570000,SAMPLE,1,-0.137892,-1.823283,-2.102489,-0.145634,-1.795369,-2.096887,-0.120678,-1.794957,-2.104566,-0.120110,-1.796330,-2.102913,0.028968,0.005603,0.033146,0.002077,0.032290,0.000423
26.660000,SAMPLE,1,-0.138358,-1.824076,-2.099553,-0.146056,-1.796097,-2.094360,-0.119971,-1.798390,-2.101362,-0.120482,-1.797236,-2.100451,0.029019,0.005192,0.031589,0.001810,0.032248,0.000898
26.752000,SAMPLE,1,-0.138814,-1.824860,-2.094371,-0.146581,-1.797010,-2.089602,-0.119971,-1.798390,-2.101362,-0.121013,-1.798145,-2.096293,0.028913,0.004769,0.032492,0.006991,0.032102,0.001922
26.842000,SAMPLE,1,-0.138823,-1.824876,-2.093004,-0.146659,-1.797147,-2.087594,-0.121353,-1.800631,-2.091868,-0.121180,-1.798784,-2.093953,0.028815,0.005410,0.029884,0.001137,0.031497,0.000948
26.932000,SAMPLE,1,-0.138893,-1.824998,-2.100017,-0.146659,-1.797147,-2.094368,-0.121717,-1.800720,-2.096932,-0.121180,-1.798784,-2.099426,0.028913,0.005649,0.029739,0.003085,0.031637,0.000591
27.030000,SAMPLE,1,-0.139077,-1.825305,-2.117910,-0.146659,-1.797147,-2.112260,-0.121717,-1.800720,-2.096932,-0.121242,-1.799014,-2.116799,0.029161,0.005649,0.030096,0.020977,0.031769,0.001111
27.116000,SAMPLE,1,-0.139291,-1.825650,-2.138212,-0.146659,-1.797147,-2.129910,-0.121146,-1.799478,-2.113048,-0.121229,-1.799070,-2.133722,0.029439,0.008302,0.031847,0.025164,0.032136,0.004490
27.213000,SAMPLE,1,-0.139533,-1.826020,-2.160317,-0.146659,-1.797147,-2.152015,-0.121823,-1.799487,-2.135484,-0.121299,-1.799120,-2.155324,0.029739,0.008302,0.031900,0.024833,0.032498,0.004993
27.307000,SAMPLE,1,-0.139735,-1.826316,-2.178223,-0.146659,-1.797147,-2.174121,-0.122178,-1.800224,-2.157159,-0.121404,-1.799254,-2.176062,0.029979,0.004102,0.031448,0.021064,0.032685,0.002161
27.403000,SAMPLE,1,-0.139988,-1.826672,-2.200107,-0.146659,-1.797147,-2.196226,-0.122797,-1.800336,-2.179258,-0.121568,-1.799382,-2.197938,0.030269,0.003881,0.031451,0.020849,0.032925,0.002169
27.500000,SAMPLE,1,-0.140250,-1.827023,-2.221991,-0.146659,-1.797147,-2.213910,-0.123333,-1.802722,-2.201445,-0.121777,-1.799777,-2.215450,0.030556,0.008081,0.029610,0.020546,0.032918,0.006541
27.596000,SAMPLE,1,-0.140463,-1.827298,-2.239391,-0.146659,-1.797147,-2.231847,-0.122974,-1.803163,-2.223254,-0.121916,-1.800169,-2.234647,0.030781,0.007544,0.029805,0.016137,0.032863,0.004744
27.683000,SAMPLE,1,-0.140635,-1.827513,-2.253128,-0.146659,-1.797147,-2.247637,-0.122973,-1.802935,-2.239796,-0.122041,-1.800498,-2.250214,0.030957,0.005491,0.030266,0.013332,0.032795,0.002914
27.775000,SAMPLE,1,-0.140803,-1.827717,-2.266391,-0.146659,-1.797147,-2.260268,-0.122505,-1.803398,-2.255521,-0.122095,-1.800836,-2.263243,0.031126,0.006123,0.030435,0.010870,0.032751,0.003149
27.870000,SAMPLE,1,-0.140993,-1.827941,-2.281075,-0.146659,-1.797147,-2.276058,-0.122500,-1.803183,-2.271428,-0.122144,-1.801116,-2.278784,0.031311,0.005018,0.030902,0.009647,0.032786,0.002291
27.965000,SAMPLE,1,-0.141199,-1.828177,-2.296707,-0.146659,-1.797147,-2.291847,-0.123411,-1.804278,-2.286449,-0.122298,-1.801501,-2.293594,0.031506,0.004860,0.029792,0.010258,0.032693,0.003113
28.061000,SAMPLE,1,-0.141408,-1.828409,-2.312338,-0.146659,-1.797147,-2.307637,-0.124395,-1.804483,-2.302268,-0.122547,-1.801855,-2.309233,0.031700,0.004702,0.029359,0.010070,0.032571,0.003106
28.150000,SAMPLE,1,-0.141610,-1.828627,-2.327181,-0.146659,-1.797147,-2.320268,-0.125021,-1.804640,-2.318273,-0.122840,-1.802185,-2.321782,0.031882,0.006912,0.029164,0.008908,0.032426,0.005398
28.242000,SAMPLE,1,-0.142145,-1.829189,-2.334971,-0.147295,-1.797819,-2.329858,-0.125540,-1.804860,-2.331808,-0.123808,-1.803185,-2.331836,0.031789,0.005113,0.029455,0.003163,0.031819,0.003135
28.342000,SAMPLE,1,-0.145957,-1.833154,-2.336421,-0.151410,-1.802151,-2.330592,-0.127445,-1.807912,-2.334920,-0.128287,-1.807980,-2.333476,0.031479,0.005830,0.031303,0.001502,0.030757,0.002946
28.436000,SAMPLE,1,-0.152995,-1.840498,-2.332042,-0.157375,-1.808450,-2.326623,-0.133639,-1.814306,-2.332851,-0.134601,-1.814681,-2.330185,0.032346,0.005419,0.032569,0.000809,0.031700,0.001857
28.523000,SAMPLE,1,-0.162565,-1.850622,-2.325027,-0.167836,-1.819649,-2.319000,-0.133639,-1.814306,-2.332851,-0.145265,-1.825998,-2.322238,0.031419,0.006027,0.046429,0.007824,0.030094,0.002789
28.618000,SAMPLE,1,-0.174015,-1.862901,-2.318172,-0.177358,-1.829974,-2.312921,-0.143861,-1.825034,-2.324342,-0.154668,-1.836158,-2.317065,0.033096,0.005251,0.048406,0.006170,0.033007,0.001108
28.716000,SAMPLE,1,-0.183741,-1.873421,-2.316747,-0.188639,-1.842317,-2.310873,-0.155073,-1.837361,-2.317381,-0.165903,-1.848428,-2.314612,0.031488,0.005873,0.046067,0.000635,0.030706,0.002135
28.812000,SAMPLE,1,-0.196736,-1.887480,-2.316093,-0.201550,-1.856450,-2.310263,-0.166424,-1.849624,-2.315532,-0.178706,-1.862395,-2.314821,0.031401,0.005830,0.048496,0.000562,0.030892,0.001272
28.898000,SAMPLE,1,-0.208938,-1.900786,-2.308793,-0.212300,-1.868300,-2.304068,-0.179256,-1.862363,-2.314393,-0.189266,-1.873829,-2.309072,0.032660,0.004725,0.048553,0.005600,0.033371,0.000279
28.996000,SAMPLE,1,-0.221687,-1.914949,-2.297419,-0.225269,-1.882841,-2.293144,-0.193450,-1.877370,-2.306512,-0.202258,-1.888071,-2.298834,0.032307,0.004275,0.047005,0.009092,0.033165,0.001415
29.063000,SAMPLE,1,-0.229311,-1.923583,-2.290866,-0.234948,-1.893925,-2.284615,-0.205413,-1.892031,-2.294469,-0.211781,-1.898872,-2.290393,0.030188,0.006251,0.039580,0.003602,0.030297,0.000473
29.156000,SAMPLE,1,-0.240148,-1.936076,-2.280270,-0.244771,-1.905386,-2.274887,-0.218158,-1.906615,-2.283633,-0.221877,-1.910558,-2.280433,0.031036,0.005383,0.036763,0.003363,0.031385,0.000164
29.253000,SAMPLE,1,-0.251602,-1.949561,-2.268954,-0.256191,-1.918971,-2.263813,-0.229057,-1.920016,-2.273735,-0.233285,-1.924055,-2.270126,0.030932,0.005141,0.037164,0.004780,0.031401,0.001172
29.344000,SAMPLE,1,-0.263370,-1.963839,-2.250072,-0.268719,-1.934344,-2.244192,-0.242059,-1.934406,-2.257748,-0.246090,-1.939511,-2.250287,0.029976,0.005881,0.036338,0.007676,0.029840,0.000214
29.430000,SAMPLE,1,-0.274159,-1.977403,-2.236670,-0.278611,-1.946920,-2.231758,-0.242059,-1.934406,-2.257748,-0.256084,-1.952006,-2.238602,0.030807,0.004912,0.053658,0.021079,0.031172,0.001933
29.523000,SAMPLE,1,-0.283706,-1.989652,-2.228959,-0.290540,-1.962418,-2.221942,-0.253781,-1.948775,-2.239458,-0.267852,-1.967002,-2.228768,0.028078,0.007018,0.050660,0.010499,0.027647,0.000191
29.621000,SAMPLE,1,-0.295645,-2.005260,-2.217467,-0.302223,-1.977919,-2.210268,-0.276160,-1.979783,-2.217938,-0.276996,-1.978871,-2.219248,0.028121,0.007199,0.032073,0.000471,0.032314,0.001781
29.715000,SAMPLE,1,-0.306833,-2.020295,-2.204538,-0.311695,-1.990814,-2.199289,-0.288113,-1.995808,-2.204492,-0.288605,-1.994600,-2.205020,0.029879,0.005249,0.030823,0.000046,0.031504,0.000482
29.815000,SAMPLE,1,-0.318085,-2.035832,-2.191036,-0.322841,-2.006370,-2.186000,-0.299567,-2.011429,-2.191033,-0.299784,-2.010206,-2.191129,0.029844,0.005037,0.030633,0.000003,0.031490,0.000093
29.910000,SAMPLE,1,-0.329239,-2.051691,-2.175921,-0.334158,-2.022630,-2.171110,-0.299567,-2.011429,-2.191033,-0.311183,-2.026560,-2.175319,0.029475,0.004811,0.050014,0.015113,0.030945,0.000602
29.999000,SAMPLE,1,-0.337515,-2.063766,-2.167850,-0.343131,-2.035876,-2.162029,-0.311133,-2.027280,-2.176325,-0.320228,-2.039837,-2.166137,0.028449,0.005821,0.045025,0.008476,0.029519,0.001712
30.094000,SAMPLE,1,-0.348049,-2.079421,-2.157171,-0.353911,-2.052107,-2.151105,-0.321457,-2.043884,-2.164967,-0.331022,-2.056153,-2.155796,0.027936,0.006066,0.044385,0.007796,0.028832,0.001376
30.186000,SAMPLE,1,-0.358362,-2.095224,-2.140716,-0.364732,-2.068926,-2.134005,-0.332102,-2.059904,-2.153258,-0.341590,-2.072522,-2.138076,0.027058,0.006711,0.044012,0.012542,0.028226,0.002640
30.280000,SAMPLE,1,-0.368439,-2.111214,-2.125242,-0.373056,-2.082294,-2.121373,-0.343636,-2.074382,-2.136132,-0.349742,-2.085189,-2.126291,0.029287,0.003869,0.044405,0.010890,0.032046,0.001049
30.372000,SAMPLE,1,-0.378011,-2.127011,-2.104098,-0.383229,-2.099231,-2.100234,-0.351917,-2.092374,-2.118973,-0.359611,-2.101713,-2.107100,0.028266,0.003864,0.043366,0.014875,0.031282,0.003002
30.472000,SAMPLE,1,-0.386082,-2.141093,-2.078105,-0.392638,-2.115858,-2.071023,-0.362644,-2.109464,-2.094161,-0.368870,-2.117916,-2.078646,0.026073,0.007081,0.039366,0.016056,0.028869,0.000542
30.563000,SAMPLE,1,-0.393987,-2.155769,-2.051105,-0.401077,-2.131828,-2.042602,-0.372286,-2.124721,-2.065376,-0.377424,-2.133822,-2.049873,0.024970,0.008502,0.037880,0.014272,0.027496,0.001232
30.663000,SAMPLE,1,-0.402823,-2.173356,-2.021847,-0.409856,-2.149657,-2.014181,-0.380305,-2.141526,-2.036750,-0.386330,-2.151754,-2.021122,0.024720,0.007666,0.038989,0.014903,0.027179,0.000726
30.747000,SAMPLE,1,-0.409828,-2.188288,-1.996553,-0.416234,-2.163488,-1.991444,-0.389236,-2.159627,-2.008455,-0.392614,-2.165146,-1.999231,0.025614,0.005109,0.035292,0.011901,0.028843,0.002677
30.846000,SAMPLE,1,-0.416942,-2.204487,-1.973073,-0.423390,-2.180016,-1.968013,-0.396964,-2.176151,-1.982577,-0.399871,-2.181665,-1.976064,0.025306,0.005060,0.034670,0.009505,0.028500,0.002991
30.941000,SAMPLE,1,-0.423077,-2.219339,-1.952479,-0.430820,-2.198380,-1.943608,-0.403685,-2.193022,-1.957967,-0.407444,-2.200171,-1.951424,0.022344,0.008872,0.032690,0.005488,0.024734,0.001055
31.027000,SAMPLE,1,-0.429264,-2.235204,-1.932364,-0.436235,-2.212593,-1.925923,-0.403685,-2.193022,-1.957967,-0.412982,-2.214281,-1.933740,0.023661,0.006440,0.049332,0.025604,0.026512,0.001377
31.120000,SAMPLE,1,-0.435432,-2.252083,-1.908890,-0.441282,-2.226595,-1.907139,-0.411219,-2.208447,-1.935719,-0.417959,-2.227460,-1.915433,0.026151,0.001751,0.049904,0.026829,0.030193,0.006543
31.219000,SAMPLE,1,-0.441512,-2.270004,-1.886657,-0.447570,-2.245292,-1.883884,-0.416746,-2.226282,-1.912226,-0.424134,-2.245428,-1.891753,0.025443,0.002773,0.050248,0.025569,0.030099,0.005095
31.314000,SAMPLE,1,-0.446057,-2.284345,-1.868310,-0.453108,-2.263059,-1.861779,-0.423223,-2.245093,-1.889066,-0.429594,-2.262580,-1.869978,0.022423,0.006531,0.045410,0.020756,0.027290,0.001668
31.410000,SAMPLE,1,-0.451232,-2.301923,-1.845999,-0.458250,-2.280967,-1.839673,-0.429109,-2.262536,-1.867155,-0.434787,-2.280113,-1.848177,0.022100,0.006326,0.045175,0.021156,0.027315,0.002178
31.510000,SAMPLE,1,-0.456197,-2.320386,-1.819313,-0.463227,-2.299968,-1.812921,-0.434316,-2.279826,-1.845368,-0.439791,-2.298495,-1.821043,0.021595,0.006392,0.046086,0.026055,0.027356,0.001730
31.601000,SAMPLE,1,-0.460232,-2.337227,-1.792029,-0.467425,-2.318054,-1.784500,-0.439563,-2.296851,-1.819015,-0.444084,-2.315846,-1.793319,0.020478,0.007529,0.045359,0.026987,0.026794,0.001291
31.691000,SAMPLE,1,-0.463807,-2.354118,-1.766450,-0.470618,-2.333625,-1.761763,-0.442714,-2.314834,-1.790652,-0.447248,-2.330886,-1.771153,0.021596,0.004687,0.044589,0.024202,0.028530,0.004703
31.780000,SAMPLE,1,-0.467037,-2.371603,-1.739734,-0.474052,-2.352825,-1.733342,-0.447652,-2.334134,-1.762531,-0.450796,-2.349415,-1.743254,0.020046,0.006392,0.042187,0.022797,0.027497,0.003520
31.866000,SAMPLE,1,-0.469087,-2.384362,-1.720899,-0.476278,-2.367371,-1.712705,-0.450229,-2.351733,-1.733663,-0.452997,-2.363300,-1.723663,0.018450,0.008194,0.037687,0.012763,0.026505,0.002763
31.959000,SAMPLE,1,-0.471524,-2.401824,-1.697487,-0.478247,-2.382145,-1.693502,-0.452373,-2.369394,-1.709771,-0.454914,-2.377637,-1.704642,0.020795,0.003985,0.037662,0.012284,0.029342,0.007155
32.051000,SAMPLE,1,-0.473586,-2.419940,-1.669155,-0.480412,-2.402027,-1.663671,-0.455420,-2.389145,-1.682649,-0.457188,-2.396966,-1.675573,0.019169,0.005485,0.035754,0.013494,0.028226,0.006418
32.145000,SAMPLE,1,-0.475123,-2.438085,-1.641271,-0.481939,-2.421514,-1.634550,-0.457540,-2.409516,-1.651234,-0.458854,-2.416029,-1.646035,0.017918,0.006722,0.033546,0.009963,0.027407,0.004764
32.245000,SAMPLE,1,-0.476163,-2.456697,-1.612282,-0.482866,-2.440343,-1.606129,-0.459455,-2.427620,-1.622902,-0.459998,-2.434432,-1.617540,0.017674,0.006153,0.033535,0.010620,0.027513,0.005259
32.337000,SAMPLE,1,-0.476602,-2.471964,-1.585977,-0.483223,-2.456339,-1.579476,-0.460712,-2.446873,-1.591841,-0.460597,-2.450421,-1.591540,0.016969,0.006501,0.029700,0.005864,0.026838,0.005564
32.427000,SAMPLE,1,-0.476571,-2.490882,-1.551934,-0.483049,-2.476337,-1.544739,-0.460172,-2.466175,-1.557067,-0.460752,-2.469997,-1.556862,0.015922,0.007195,0.029654,0.005133,0.026199,0.004928
32.526000,SAMPLE,1,-0.475916,-2.509314,-1.519669,-0.482208,-2.495813,-1.512052,-0.459451,-2.484902,-1.523481,-0.459978,-2.488944,-1.523266,0.014895,0.007617,0.029445,0.003812,0.025864,0.003597
32.626000,SAMPLE,1,-0.474596,-2.529241,-1.488261,-0.480740,-2.515758,-1.481463,-0.457924,-2.504875,-1.493424,-0.458599,-2.508903,-1.490678,0.014817,0.006798,0.029524,0.005163,0.025876,0.002417
32.724000,SAMPLE,1,-0.472635,-2.548607,-1.451553,-0.478589,-2.535641,-1.445076,-0.457924,-2.504875,-1.493424,-0.456717,-2.528813,-1.455468,0.014268,0.006477,0.046140,0.041871,0.025400,0.003914
32.818000,SAMPLE,1,-0.470160,-2.566732,-1.417858,-0.476401,-2.551224,-1.417287,-0.455438,-2.522390,-1.457364,-0.454624,-2.543605,-1.428039,0.016717,0.000572,0.046723,0.039506,0.027861,0.010180
32.903000,SAMPLE,1,-0.467883,-2.580365,-1.391598,-0.473028,-2.570713,-1.380700,-0.453233,-2.541737,-1.422832,-0.451455,-2.562481,-1.392632,0.010938,0.010898,0.041313,0.031234,0.024284,0.001034
32.988000,SAMPLE,1,-0.464538,-2.597133,-1.356561,-0.469753,-2.586373,-1.349350,-0.450441,-2.561446,-1.385878,-0.448411,-2.577601,-1.362278,0.011957,0.007211,0.038371,0.029317,0.025330,0.005717
33.078000,SAMPLE,1,-0.460465,-2.614341,-1.318622,-0.466050,-2.601689,-1.317008,-0.446595,-2.581476,-1.346811,-0.444965,-2.592477,-1.330425,0.013830,0.001614,0.035672,0.028189,0.026801,0.011804
33.176000,SAMPLE,1,-0.455508,-2.632248,-1.283602,-0.460722,-2.620725,-1.280263,-0.442586,-2.598174,-1.306932,-0.440011,-2.610936,-1.292661,0.012648,0.003339,0.036442,0.023330,0.026350,0.009059
33.273000,SAMPLE,1,-0.449616,-2.651085,-1.250521,-0.454687,-2.639792,-1.247876,-0.437450,-2.614957,-1.273084,-0.434367,-2.629204,-1.261592,0.012380,0.002645,0.038121,0.022564,0.026670,0.011071
33.372000,SAMPLE,1,-0.444097,-2.666914,-1.218750,-0.448007,-2.658642,-1.211439,-0.431379,-2.633865,-1.239804,-0.427864,-2.647802,-1.224398,0.009150,0.007310,0.035411,0.021054,0.025076,0.005649
33.467000,SAMPLE,1,-0.437415,-2.684075,-1.179589,-0.440595,-2.677216,-1.170597,-0.424892,-2.651815,-1.201049,-0.420924,-2.665639,-1.183802,0.007560,0.008992,0.034605,0.021460,0.024735,0.004213
33.563000,SAMPLE,1,-0.430172,-2.700687,-1.138947,-0.432815,-2.694607,-1.129544,-0.417722,-2.669858,-1.160039,-0.413636,-2.682319,-1.142912,0.006630,0.009403,0.033248,0.021092,0.024715,0.003965
33.660000,SAMPLE,1,-0.422070,-2.717418,-1.100212,-0.426005,-2.708477,-1.099002,-0.410035,-2.686181,-1.120717,-0.407179,-2.695594,-1.112959,0.009768,0.001209,0.033475,0.020505,0.026420,0.012748
33.746000,SAMPLE,1,-0.413953,-2.732687,-1.064864,-0.416557,-2.726103,-1.059450,-0.410035,-2.686181,-1.120717,-0.398046,-2.713385,-1.072907,0.007080,0.005415,0.046670,0.055853,0.025012,0.008042
33.845000,SAMPLE,1,-0.404345,-2.749339,-1.029327,-0.406683,-2.743009,-1.024581,-0.391884,-2.719023,-1.045020,-0.388860,-2.728507,-1.037920,0.006748,0.004746,0.032777,0.015692,0.025957,0.008592
33.934000,SAMPLE,1,-0.397016,-2.761169,-1.002081,-0.398485,-2.756070,-0.995542,-0.382877,-2.735138,-1.010216,-0.380856,-2.741748,-1.008130,0.005306,0.006539,0.029623,0.008136,0.025265,0.006050
34.028000,SAMPLE,1,-0.386458,-2.776993,-0.963289,-0.387271,-2.772629,-0.956426,-0.372863,-2.749863,-0.970415,-0.370181,-2.757715,-0.968735,0.004439,0.006863,0.030346,0.007126,0.025231,0.005446
34.119000,SAMPLE,1,-0.376790,-2.790450,-0.931841,-0.378288,-2.784994,-0.928479,-0.372863,-2.749863,-0.970415,-0.361781,-2.769228,-0.941260,0.005659,0.003363,0.040777,0.038574,0.025993,0.009419
34.209000,SAMPLE,1,-0.366508,-2.803885,-0.903546,-0.366888,-2.799743,-0.897973,-0.361936,-2.764195,-0.935029,-0.350958,-2.783117,-0.910178,0.004159,0.005573,0.039952,0.031482,0.025944,0.006632
34.307000,SAMPLE,1,-0.354418,-2.818743,-0.872605,-0.354351,-2.814972,-0.867102,-0.351144,-2.778674,-0.904178,-0.338866,-2.797759,-0.878554,0.003771,0.005502,0.040202,0.031573,0.026118,0.005949
34.407000,SAMPLE,1,-0.341225,-2.833989,-0.840747,-0.341190,-2.830030,-0.836681,-0.339253,-2.794005,-0.873294,-0.325912,-2.812528,-0.847156,0.003960,0.004066,0.040033,0.032547,0.026364,0.006409
34.504000,SAMPLE,1,-0.330683,-2.845412,-0.809399,-0.328232,-2.843882,-0.800089,-0.324860,-2.806883,-0.843733,-0.313472,-2.825448,-0.811081,0.002889,0.009310,0.038967,0.034334,0.026359,0.001682
34.593000,SAMPLE,1,-0.318484,-2.857811,-0.779136,-0.316928,-2.855204,-0.773600,-0.312756,-2.820476,-0.807122,-0.302607,-2.836019,-0.785042,0.003037,0.005536,0.037772,0.027986,0.026963,0.005905
34.685000,SAMPLE,1,-0.305282,-2.870539,-0.756055,-0.302440,-2.868991,-0.749039,-0.299665,-2.834959,-0.774887,-0.288645,-2.849215,-0.761300,0.003236,0.007015,0.036020,0.018833,0.027046,0.005245
34.781000,SAMPLE,1,-0.291314,-2.883421,-0.733507,-0.288361,-2.881796,-0.726934,-0.285972,-2.848703,-0.751205,-0.275138,-2.861472,-0.738950,0.003370,0.006573,0.035126,0.017698,0.027266,0.005443
34.864000,SAMPLE,1,-0.278809,-2.894435,-0.709922,-0.276324,-2.892272,-0.704923,-0.272358,-2.860625,-0.728371,-0.263600,-2.871413,-0.717045,0.003295,0.004999,0.034420,0.018448,0.027592,0.007123
34.954000,SAMPLE,1,-0.268058,-2.903484,-0.688891,-0.264289,-2.902280,-0.682187,-0.258467,-2.874809,-0.699565,-0.251773,-2.881552,-0.694309,0.003957,0.006704,0.030236,0.010674,0.027318,0.005418
35.046000,SAMPLE,1,-0.254512,-2.914329,-0.660754,-0.250101,-2.913476,-0.653765,-0.244494,-2.885794,-0.671313,-0.238994,-2.891673,-0.666671,0.004492,0.006989,0.030242,0.010559,0.027461,0.005917
35.136000,SAMPLE,1,-0.240633,-2.924837,-0.636758,-0.237478,-2.922924,-0.632479,-0.229578,-2.897019,-0.643312,-0.226325,-2.901150,-0.644596,0.003690,0.004279,0.029934,0.006554,0.027673,0.007838
35.229000,SAMPLE,1,-0.225587,-2.935719,-0.615172,-0.221498,-2.934364,-0.610123,-0.229578,-2.897019,-0.643312,-0.210571,-2.912775,-0.622227,0.004308,0.005049,0.038905,0.028139,0.027421,0.007055
35.323000,SAMPLE,1,-0.211528,-2.945431,-0.592039,-0.206221,-2.944788,-0.585868,-0.214965,-2.910311,-0.620943,-0.195982,-2.923090,-0.596881,0.005345,0.006171,0.035287,0.028904,0.027217,0.004842
35.416000,SAMPLE,1,-0.198807,-2.953782,-0.569665,-0.192896,-2.953414,-0.563210,-0.199157,-2.920335,-0.597606,-0.183058,-2.931652,-0.574545,0.005922,0.006455,0.033449,0.027941,0.027162,0.004879
35.502000,SAMPLE,1,-0.184413,-2.962750,-0.545002,-0.176567,-2.963412,-0.536489,-0.183411,-2.928941,-0.569185,-0.166878,-2.941497,-0.546129,0.007873,0.008513,0.033824,0.024183,0.027552,0.001127
35.602000,SAMPLE,1,-0.168795,-2.971977,-0.522023,-0.161032,-2.972419,-0.514305,-0.167545,-2.939531,-0.542558,-0.151956,-2.950207,-0.523971,0.007775,0.007718,0.032470,0.020535,0.027522,0.001948
35.699000,SAMPLE,1,-0.152019,-2.981351,-0.497652,-0.147131,-2.980083,-0.494271,-0.152459,-2.948685,-0.520419,-0.138074,-2.957888,-0.503626,0.005049,0.003382,0.032668,0.022767,0.027294,0.005973
35.787000,SAMPLE,1,-0.136447,-2.989650,-0.482019,-0.129782,-2.989224,-0.476552,-0.135203,-2.956476,-0.496621,-0.121821,-2.966378,-0.486082,0.006679,0.005466,0.033197,0.014602,0.027487,0.004064
35.880000,SAMPLE,1,-0.123479,-2.996334,-0.469388,-0.113301,-2.997571,-0.460763,-0.118512,-2.965554,-0.480281,-0.109073,-2.972737,-0.473541,0.010252,0.008625,0.031177,0.010893,0.027647,0.004154
35.971000,SAMPLE,1,-0.107177,-3.004419,-0.450318,-0.098988,-3.004530,-0.443976,-0.102381,-2.973632,-0.463573,-0.091571,-2.981208,-0.453811,0.008190,0.006342,0.031158,0.013254,0.027969,0.003492
36.059000,SAMPLE,1,-0.091077,-3.012005,-0.430203,-0.084479,-3.011274,-0.426292,-0.083913,-2.982428,-0.441879,-0.077074,-2.987831,-0.435545,0.006639,0.003911,0.030433,0.011676,0.027937,0.005342
36.153000,SAMPLE,1,-0.074657,-3.019344,-0.410928,-0.066819,-3.019071,-0.405837,-0.066314,-2.990552,-0.419738,-0.059640,-2.995470,-0.413957,0.007843,0.005092,0.029977,0.008810,0.028205,0.003029
36.249000,SAMPLE,1,-0.056544,-3.027069,-0.394876,-0.048671,-3.026694,-0.389850,-0.049369,-2.998222,-0.402945,-0.041527,-3.003068,-0.397873,0.007882,0.005026,0.029727,0.008070,0.028312,0.002998
36.347000,SAMPLE,1,-0.042183,-3.032946,-0.381771,-0.030962,-3.033808,-0.374060,-0.031394,-3.005491,-0.386907,-0.024436,-3.009929,-0.382403,0.011254,0.007711,0.029498,0.005137,0.029064,0.000632
36.442000,SAMPLE,1,-0.024645,-3.039805,-0.364073,-0.012385,-3.040897,-0.355871,-0.014518,-3.013702,-0.368592,-0.006443,-3.017004,-0.364772,0.012309,0.008203,0.027999,0.004518,0.029176,0.000698
36.527000,SAMPLE,1,-0.008645,-3.045800,-0.352398,0.002333,-3.046288,-0.345439,-0.014518,-3.013702,-0.368592,0.008130,-3.022511,-0.354140,0.010988,0.006958,0.032631,0.016194,0.028701,0.001743
36.622000,SAMPLE,1,0.008746,-3.052049,-0.338466,0.020208,-3.052569,-0.331600,0.003451,-3.019275,-0.355514,0.025374,-3.028603,-0.340610,0.011474,0.006866,0.033198,0.017048,0.028744,0.002144
36.720000,SAMPLE,1,0.027057,-3.058417,-0.330595,0.034783,-3.057542,-0.325771,0.020210,-3.026000,-0.340892,0.039314,-3.033414,-0.334294,0.007776,0.004824,0.033133,0.010297,0.027846,0.003699
36.810000,SAMPLE,1,0.041451,-3.063299,-0.323205,0.053461,-3.063754,-0.316297,0.038299,-3.031971,-0.332997,0.057258,-3.039447,-0.324931,0.012019,0.006908,0.031486,0.009791,0.028614,0.001726
36.905000,SAMPLE,1,0.058441,-3.068905,-0.314016,0.071115,-3.069441,-0.306823,0.058510,-3.039829,-0.322670,0.074559,-3.045193,-0.315388,0.012686,0.007192,0.029076,0.008655,0.028672,0.001372
37.000000,SAMPLE,1,0.076328,-3.074620,-0.304368,0.085221,-3.073850,-0.299244,0.075048,-3.043984,-0.313438,0.088316,-3.049471,-0.307800,0.008927,0.005124,0.030663,0.009070,0.027860,0.003432
37.090000,SAMPLE,1,0.093627,-3.080009,-0.300323,0.104351,-3.079685,-0.294094,0.092680,-3.049399,-0.304108,0.107007,-3.055175,-0.302677,0.010729,0.006229,0.030624,0.003785,0.028209,0.002354
37.181000,SAMPLE,1,0.110501,-3.085208,-0.297387,0.122625,-3.085189,-0.290937,0.111179,-3.056040,-0.299543,0.124796,-3.060630,-0.299163,0.012123,0.006450,0.029176,0.002157,0.028433,0.001776
37.273000,SAMPLE,1,0.127667,-3.090461,-0.295827,0.137026,-3.089495,-0.289800,0.129857,-3.060907,-0.297653,0.138605,-3.064719,-0.297724,0.009409,0.006027,0.029635,0.001826,0.027969,0.001897
37.365000,SAMPLE,1,0.142334,-3.094883,-0.289150,0.155787,-3.095020,-0.281889,0.148604,-3.066730,-0.294088,0.157126,-3.070231,-0.290085,0.013453,0.007261,0.028843,0.004938,0.028749,0.000935
37.445000,SAMPLE,1,0.157389,-3.099319,-0.284903,0.170001,-3.099105,-0.278371,0.167056,-3.072702,-0.286543,0.171164,-3.074335,-0.285794,0.012614,0.006533,0.028319,0.001639,0.028531,0.000891
37.529000,SAMPLE,1,0.173934,-3.104134,-0.280375,0.184258,-3.103157,-0.274644,0.167056,-3.072702,-0.286543,0.185470,-3.078519,-0.281268,0.010370,0.005730,0.032176,0.006168,0.028093,0.000894
37.625000,SAMPLE,1,0.189590,-3.108583,-0.274159,0.203531,-3.108500,-0.267292,0.184247,-3.076751,-0.283499,0.204549,-3.083824,-0.274474,0.013941,0.006867,0.032277,0.009340,0.028926,0.000315
37.717000,SAMPLE,1,0.206943,-3.113446,-0.272379,0.218000,-3.112455,-0.266131,0.203641,-3.082500,-0.275432,0.218746,-3.087705,-0.273389,0.011102,0.006248,0.031122,0.003053,0.028319,0.001010
37.813000,SAMPLE,1,0.224710,-3.118410,-0.271811,0.235875,-3.117324,-0.265473,0.221206,-3.087743,-0.273933,0.236670,-3.092652,-0.271451,0.011218,0.006338,0.030866,0.002121,0.028399,0.000360
37.905000,SAMPLE,1,0.242759,-3.123411,-0.268780,0.254807,-3.122439,-0.262315,0.238438,-3.092765,-0.273531,0.255282,-3.097798,-0.268806,0.012087,0.006464,0.030949,0.004751,0.028511,0.000026
37.997000,SAMPLE,1,0.257085,-3.127338,-0.266254,0.269227,-3.126292,-0.259789,0.256959,-3.097816,-0.269349,0.269417,-3.101639,-0.266501,0.012187,0.006464,0.029522,0.003096,0.028505,0.000247
38.098000,SAMPLE,1,0.275501,-3.132334,-0.264043,0.287119,-3.131019,-0.257547,0.275230,-3.103290,-0.266443,0.287325,-3.106525,-0.264203,0.011691,0.006495,0.029046,0.002401,0.028388,0.000161
38.193000,SAMPLE,1,0.294366,-3.137395,-0.258340,0.306172,-3.136003,-0.252300,0.293080,-3.108112,-0.265047,0.306466,-3.111702,-0.259569,0.011888,0.006040,0.029312,0.006707,0.028399,0.001229
38.285000,SAMPLE,1,0.310623,-3.141621,-0.251285,0.323683,-3.140436,-0.244726,0.311639,-3.113701,-0.257770,0.323671,-3.116301,-0.251479,0.013114,0.006559,0.027939,0.006485,0.028484,0.000194
38.383000,SAMPLE,1,0.329599,-3.146489,-0.252081,0.342904,-3.145234,-0.245681,0.329490,-3.117810,-0.251580,0.342811,-3.121226,-0.252669,0.013364,0.006399,0.028679,0.000501,0.028509,0.000588
38.480000,SAMPLE,1,0.346245,-3.150827,-0.257339,0.358167,-3.149106,-0.250708,0.348206,-3.122714,-0.254557,0.357732,-3.125112,-0.257934,0.012046,0.006631,0.028181,0.002782,0.028164,0.000595
38.564000,SAMPLE,1,0.361921,-3.154993,-0.261898,0.376082,-3.153744,-0.255665,0.366779,-3.127412,-0.260651,0.375371,-3.129784,-0.262104,0.014216,0.006232,0.028006,0.001247,0.028573,0.000206
38.656000,SAMPLE,1,0.379126,-3.159636,-0.264912,0.390539,-3.157543,-0.258192,0.384992,-3.131907,-0.264745,0.389868,-3.133641,-0.264770,0.011603,0.006721,0.028343,0.000167,0.028127,0.000142
38.741000,SAMPLE,1,0.396332,-3.164310,-0.265291,0.409486,-3.162558,-0.258792,0.403819,-3.136757,-0.266546,0.408606,-3.138664,-0.265617,0.013271,0.006500,0.028552,0.001254,0.028432,0.000325
38.828000,SAMPLE,1,0.410212,-3.168083,-0.265943,0.423874,-3.166369,-0.259613,0.422395,-3.141794,-0.266689,0.422907,-3.142554,-0.266248,0.013769,0.006330,0.028974,0.000746,0.028511,0.000305
38.927000,SAMPLE,1,0.428950,-3.173187,-0.265618,0.442961,-3.171434,-0.259071,0.441348,-3.147063,-0.266737,0.442059,-3.147711,-0.265856,0.014120,0.006547,0.028917,0.001119,0.028651,0.000239
39.024000,SAMPLE,1,0.448132,-3.178434,-0.269938,0.462285,-3.176590,-0.263963,0.441348,-3.147063,-0.266737,0.461259,-3.152936,-0.272169,0.014273,0.005975,0.032096,0.003201,0.028679,0.002230
39.115000,SAMPLE,1,0.465771,-3.183395,-0.278754,0.476974,-3.180618,-0.271450,0.460410,-3.152404,-0.270144,0.475754,-3.156961,-0.279099,0.011542,0.007304,0.031452,0.008610,0.028257,0.000345
39.211000,SAMPLE,1,0.483465,-3.188542,-0.286036,0.495083,-3.185746,-0.279173,0.477143,-3.157769,-0.278882,0.493235,-3.162043,-0.286791,0.011950,0.006863,0.031416,0.007155,0.028243,0.000754
39.310000,SAMPLE,1,0.502257,-3.194067,-0.284770,0.513437,-3.191012,-0.278373,0.498810,-3.162517,-0.287462,0.510821,-3.167093,-0.286205,0.011590,0.006397,0.031738,0.002692,0.028301,0.001434
39.404000,SAMPLE,1,0.516346,-3.198172,-0.282181,0.530783,-3.195940,-0.275215,0.516429,-3.168682,-0.286215,0.528698,-3.172324,-0.283049,0.014608,0.006965,0.029490,0.004034,0.028648,0.000868
39.491000,SAMPLE,1,0.533692,-3.203196,-0.282560,0.546059,-3.200253,-0.275879,0.532590,-3.173721,-0.282310,0.544070,-3.176817,-0.283029,0.012713,0.006681,0.029495,0.000250,0.028347,0.000470
39.576000,SAMPLE,1,0.549119,-3.207678,-0.283532,0.560785,-3.204425,-0.276705,0.551882,-3.179729,-0.283381,0.559178,-3.181289,-0.283689,0.012111,0.006827,0.028085,0.000151,0.028242,0.000157
39.668000,SAMPLE,1,0.566206,-3.212680,-0.285300,0.578620,-3.209516,-0.278663,0.570094,-3.183535,-0.285832,0.576542,-3.186255,-0.286137,0.012811,0.006638,0.029403,0.000531,0.028374,0.000836
39.763000,SAMPLE,1,0.584957,-3.218157,-0.282521,0.597632,-3.214929,-0.275852,0.587851,-3.188108,-0.286205,0.595670,-3.191706,-0.283344,0.013080,0.006668,0.030188,0.003685,0.028538,0.000823
39.857000,SAMPLE,1,0.600542,-3.222659,-0.279900,0.612759,-3.219191,-0.273326,0.606740,-3.194677,-0.282639,0.610652,-3.196037,-0.281041,0.012700,0.006574,0.028660,0.002739,0.028477,0.001142
39.945000,SAMPLE,1,0.615791,-3.227020,-0.277121,0.630200,-3.224051,-0.270168,0.625357,-3.200032,-0.279782,0.628138,-3.201047,-0.278122,0.014712,0.006953,0.028633,0.002661,0.028758,0.001002
40.038000,SAMPLE,1,0.634087,-3.232204,-0.275772,0.645462,-3.228260,-0.268892,0.643055,-3.205170,-0.276867,0.643526,-3.205429,-0.277596,0.012040,0.006880,0.028483,0.001095,0.028390,0.001824
40.135000,SAMPLE,1,0.652857,-3.237567,-0.280633,0.664447,-3.233539,-0.273652,0.662479,-3.210441,-0.281114,0.662336,-3.210791,-0.281563,0.012270,0.006981,0.028782,0.000481,0.028405,0.000930
40.221000,SAMPLE,1,0.669354,-3.242374,-0.285908,0.682330,-3.238614,-0.279160,0.662479,-3.210441,-0.281114,0.680139,-3.215934,-0.287628,0.013509,0.006748,0.032664,0.004794,0.028555,0.001720
40.316000,SAMPLE,1,0.685185,-3.247053,-0.288544,0.697584,-3.243008,-0.281687,0.680358,-3.214881,-0.286511,0.695508,-3.220348,-0.289939,0.013042,0.006857,0.032532,0.002033,0.028630,0.001395
40.412000,SAMPLE,1,0.702935,-3.252349,-0.291512,0.716433,-3.248494,-0.284844,0.699118,-3.221014,-0.289625,0.714683,-3.226042,-0.293038,0.014038,0.006668,0.031567,0.001887,0.028811,0.001526
40.508000,SAMPLE,1,0.720458,-3.257621,-0.293165,0.733755,-3.253578,-0.286455,0.717364,-3.228559,-0.292403,0.732228,-3.231537,-0.294189,0.013898,0.006711,0.029226,0.000762,0.028616,0.001023
40.592000,SAMPLE,1,0.736687,-3.262549,-0.295895,0.748875,-3.258053,-0.288981,0.735277,-3.233571,-0.293760,0.747855,-3.236412,-0.296638,0.012991,0.006914,0.029013,0.002135,0.028423,0.000743
40.684000,SAMPLE,1,0.754922,-3.268138,-0.298958,0.767674,-3.263674,-0.292139,0.754561,-3.238212,-0.297134,0.766461,-3.242084,-0.299647,0.013511,0.006819,0.029928,0.001825,0.028494,0.000688
40.777000,SAMPLE,1,0.771892,-3.273434,-0.306774,0.782177,-3.268082,-0.298660,0.772742,-3.243798,-0.301075,0.780824,-3.246511,-0.306345,0.011594,0.008114,0.029648,0.005698,0.028366,0.000428
40.872000,SAMPLE,1,0.790395,-3.279342,-0.310777,0.801082,-3.273965,-0.303623,0.790985,-3.249188,-0.309307,0.799568,-3.252418,-0.311726,0.011963,0.007154,0.030159,0.001470,0.028443,0.000949
40.953000,SAMPLE,1,0.802950,-3.283405,-0.314701,0.816048,-3.278692,-0.307950,0.810668,-3.255676,-0.314022,0.814395,-3.257173,-0.315946,0.013920,0.006751,0.028783,0.000679,0.028620,0.001245
41.038000,SAMPLE,1,0.818479,-3.288502,-0.319707,0.830302,-3.283263,-0.312726,0.828980,-3.261790,-0.319667,0.828591,-3.261851,-0.321473,0.012932,0.006981,0.028702,0.000040,0.028505,0.001766
41.138000,SAMPLE,1,0.837326,-3.294746,-0.320437,0.848910,-3.289284,-0.313334,0.847484,-3.268225,-0.320256,0.847695,-3.268177,-0.322029,0.012807,0.007103,0.028400,0.000181,0.028521,0.001592
41.232000,SAMPLE,1,0.855097,-3.300643,-0.320065,0.867144,-3.295194,-0.313131,0.865861,-3.273859,-0.320734,0.865863,-3.274254,-0.322924,0.013222,0.006933,0.028866,0.000670,0.028501,0.002859
41.326000,SAMPLE,1,0.872012,-3.306234,-0.319286,0.884323,-3.300742,-0.312297,0.865861,-3.273859,-0.320734,0.882946,-3.279877,-0.320976,0.013481,0.006989,0.032954,0.001449,0.028535,0.001690
41.426000,SAMPLE,1,0.890993,-3.312484,-0.316503,0.903162,-3.306801,-0.309639,0.901288,-3.285478,-0.318189,0.902283,-3.286097,-0.317606,0.013431,0.006864,0.028902,0.001686,0.028702,0.001103
41.524000,SAMPLE,1,0.905954,-3.317363,-0.313882,0.921318,-3.312578,-0.306481,0.919771,-3.291088,-0.315058,0.920652,-3.292022,-0.314442,0.016092,0.007401,0.029686,0.001177,0.029294,0.000560
41.612000,SAMPLE,1,0.922948,-3.322854,-0.310866,0.935504,-3.317047,-0.303955,0.919771,-3.291088,-0.315058,0.934791,-3.296606,-0.312216,0.013834,0.006911,0.031924,0.004193,0.028796,0.001350
41.709000,SAMPLE,1,0.941243,-3.328728,-0.311592,0.954589,-3.323029,-0.304618,0.937307,-3.297144,-0.311726,0.953671,-3.302661,-0.312874,0.014512,0.006974,0.031828,0.000135,0.028878,0.001282
41.805000,SAMPLE,1,0.959786,-3.334761,-0.317026,0.973239,-3.328954,-0.310076,0.956736,-3.303408,-0.312359,0.972184,-3.308643,-0.316966,0.014652,0.006950,0.031501,0.004667,0.028911,0.000060
41.887000,SAMPLE,1,0.975700,-3.340028,-0.321711,0.987983,-3.333719,-0.314552,0.975473,-3.309888,-0.316626,0.986945,-3.313521,-0.321307,0.013808,0.007158,0.030141,0.005085,0.028794,0.000404
41.975000,SAMPLE,1,0.990899,-3.345100,-0.322848,1.003195,-3.338676,-0.315689,0.994188,-3.316511,-0.321517,1.002083,-3.318631,-0.322492,0.013873,0.007158,0.028777,0.001330,0.028734,0.000356
42.049000,SAMPLE,1,1.003831,-3.349435,-0.324269,1.017791,-3.343455,-0.317394,0.994188,-3.316511,-0.321517,1.016640,-3.323495,-0.323124,0.015187,0.006874,0.034306,0.002751,0.028929,0.001145
42.144000,SAMPLE,1,1.020637,-3.355086,-0.324921,1.034912,-3.349080,-0.318102,1.029318,-3.329061,-0.324940,1.033180,-3.328956,-0.323585,0.015487,0.006819,0.027435,0.000019,0.028985,0.001336
42.243000,SAMPLE,1,1.039629,-3.361478,-0.323362,1.053752,-3.355270,-0.316108,1.047581,-3.334229,-0.325382,1.052067,-3.335528,-0.322781,0.015428,0.007254,0.028386,0.002020,0.028777,0.000582
42.336000,SAMPLE,1,1.056937,-3.367250,-0.320330,1.068225,-3.359984,-0.313581,1.066315,-3.339651,-0.322049,1.066846,-3.340395,-0.320466,0.013425,0.006749,0.029149,0.001719,0.028625,0.000135
42.425000,SAMPLE,1,1.073262,-3.372634,-0.315716,1.086109,-3.365746,-0.308773,1.083432,-3.345894,-0.318188,1.084816,-3.346334,-0.316308,0.014578,0.006943,0.028609,0.002472,0.028727,0.000592
42.519000,SAMPLE,1,1.088832,-3.377699,-0.314377,1.101360,-3.370586,-0.307097,1.083432,-3.345894,-0.318188,1.099858,-3.351256,-0.314142,0.014406,0.007280,0.032260,0.003811,0.028650,0.000235
42.617000,SAMPLE,1,1.107959,-3.383969,-0.319216,1.120129,-3.376585,-0.311808,1.102662,-3.352296,-0.314809,1.118388,-3.357332,-0.318568,0.014236,0.007409,0.032113,0.004407,0.028606,0.000648
42.718000,SAMPLE,1,1.126964,-3.390318,-0.324987,1.138436,-3.382546,-0.317465,1.121923,-3.357661,-0.319537,1.136738,-3.363339,-0.324787,0.013857,0.007522,0.033044,0.005450,0.028695,0.000200
42.813000,SAMPLE,1,1.145134,-3.396442,-0.324114,1.157124,-3.388695,-0.317150,1.140500,-3.365000,-0.325216,1.155726,-3.369795,-0.324868,0.014275,0.006964,0.031782,0.001102,0.028675,0.000754
42.910000,SAMPLE,1,1.160426,-3.401587,-0.325574,1.175125,-3.394608,-0.318579,1.160373,-3.372177,-0.324565,1.173807,-3.375988,-0.326847,0.016271,0.006996,0.029409,0.001009,0.028884,0.001273
43.004000,SAMPLE,1,1.178422,-3.407693,-0.327782,1.193021,-3.400537,-0.320505,1.177962,-3.378120,-0.325971,1.192094,-3.382284,-0.328582,0.016259,0.007277,0.029576,0.001811,0.028854,0.000800
43.093000,SAMPLE,1,1.194934,-3.413326,-0.330119,1.208201,-3.405594,-0.322810,1.194631,-3.383939,-0.328302,1.207087,-3.387495,-0.330425,0.015356,0.007308,0.029388,0.001817,0.028547,0.000306
43.176000,SAMPLE,1,1.210373,-3.418639,-0.332803,1.222740,-3.410477,-0.325337,1.212148,-3.389945,-0.331489,1.221291,-3.392465,-0.332916,0.014817,0.007466,0.028748,0.001314,0.028360,0.000113
43.264000,SAMPLE,1,1.226531,-3.424272,-0.337677,1.240258,-3.416440,-0.330444,1.231373,-3.395210,-0.335854,1.238677,-3.398418,-0.337882,0.015804,0.007232,0.029463,0.001822,0.028565,0.000206
43.341000,SAMPLE,1,1.241851,-3.429676,-0.340282,1.255246,-3.421603,-0.332971,1.248221,-3.401203,-0.339801,1.253556,-3.403593,-0.340411,0.015640,0.007311,0.029177,0.000481,0.028589,0.000129
43.441000,SAMPLE,1,1.257612,-3.435279,-0.342966,1.273680,-3.428010,-0.336129,1.267486,-3.407875,-0.342638,1.271786,-3.409993,-0.343510,0.017636,0.006837,0.029129,0.000328,0.028988,0.000544
43.531000,SAMPLE,1,1.273937,-3.441135,-0.345903,1.287646,-3.432909,-0.338655,1.286017,-3.415009,-0.346022,1.285658,-3.414969,-0.346036,0.015988,0.007248,0.028784,0.000120,0.028671,0.000133
43.630000,SAMPLE,1,1.293030,-3.448058,-0.349169,1.306221,-3.439485,-0.341813,1.303090,-3.421960,-0.349064,1.304637,-3.421916,-0.349286,0.015732,0.007356,0.027969,0.000106,0.028603,0.000117
43.711000,SAMPLE,1,1.309115,-3.453968,-0.355977,1.321281,-3.444890,-0.348084,1.321578,-3.428190,-0.356083,1.319658,-3.427429,-0.356338,0.015180,0.007893,0.028633,0.000106,0.028557,0.000361
43.801000,SAMPLE,1,1.326679,-3.460587,-0.364977,1.339674,-3.451661,-0.357558,1.321578,-3.428190,-0.356083,1.338207,-3.434413,-0.365765,0.015765,0.007419,0.032796,0.008894,0.028600,0.000788
43.897000,SAMPLE,1,1.342198,-3.466551,-0.368490,1.354602,-3.457272,-0.361031,1.340598,-3.435377,-0.365350,1.352986,-3.440082,-0.369371,0.015490,0.007459,0.031216,0.003141,0.028583,0.000881
43.987000,SAMPLE,1,1.358881,-3.473017,-0.370332,1.372929,-3.464220,-0.362989,1.359224,-3.441310,-0.370487,1.370635,-3.446784,-0.371739,0.016575,0.007343,0.031709,0.000155,0.028745,0.001407
44.080000,SAMPLE,1,1.375838,-3.479617,-0.371753,1.386849,-3.469521,-0.364410,1.377141,-3.448238,-0.371966,1.384396,-3.452023,-0.372922,0.014939,0.007343,0.031406,0.000213,0.028891,0.001169
44.178000,SAMPLE,1,1.393886,-3.486656,-0.371769,1.405083,-3.476476,-0.364410,1.394975,-3.455304,-0.372938,1.403039,-3.459216,-0.372922,0.015132,0.007359,0.031371,0.001169,0.028926,0.001153
44.271000,SAMPLE,1,1.411090,-3.493345,-0.370390,1.422998,-3.483294,-0.363021,1.412578,-3.462900,-0.372128,1.420301,-3.465957,-0.372258,0.015583,0.007369,0.030482,0.001738,0.028896,0.001869
44.369000,SAMPLE,1,1.425318,-3.498855,-0.368916,1.439880,-3.489689,-0.361537,1.429973,-3.469634,-0.370501,1.437416,-3.472598,-0.369641,0.017207,0.007379,0.029590,0.001585,0.028910,0.000726
44.460000,SAMPLE,1,1.442833,-3.505637,-0.370004,1.454589,-3.495253,-0.362326,1.449077,-3.476803,-0.370177,1.452286,-3.478328,-0.370374,0.015685,0.007678,0.029502,0.000173,0.028898,0.000370
44.555000,SAMPLE,1,1.460968,-3.512703,-0.373130,1.472984,-3.502259,-0.365484,1.467856,-3.483450,-0.372853,1.470631,-3.485365,-0.373520,0.015920,0.007646,0.030053,0.000277,0.028995,0.000390
44.652000,SAMPLE,1,1.478517,-3.519612,-0.378256,1.490667,-3.509064,-0.370292,1.485750,-3.490871,-0.375929,1.488386,-3.492288,-0.378464,0.016090,0.007964,0.029637,0.002327,0.029051,0.000208
44.740000,SAMPLE,1,1.495191,-3.526268,-0.380316,1.505425,-3.514824,-0.372905,1.504005,-3.498200,-0.381314,1.503146,-3.498187,-0.381358,0.015353,0.007411,0.029419,0.000998,0.029187,0.001042
44.834000,SAMPLE,1,1.510193,-3.532285,-0.382748,1.523769,-3.522021,-0.375368,1.504005,-3.498200,-0.381314,1.521455,-3.505504,-0.383875,0.017019,0.007380,0.034642,0.001434,0.029053,0.001127
44.932000,SAMPLE,1,1.527133,-3.539105,-0.382432,1.540585,-3.528646,-0.375002,1.539404,-3.513070,-0.382947,1.538380,-3.512472,-0.383147,0.017040,0.007430,0.028783,0.000515,0.028911,0.000715
45.020000,SAMPLE,1,1.544105,-3.545944,-0.383997,1.555178,-3.534392,-0.375902,1.539404,-3.513070,-0.382947,1.553148,-3.518444,-0.383109,0.016002,0.008094,0.033208,0.001050,0.028949,0.000887
45.114000,SAMPLE,1,1.562131,-3.553263,-0.387307,1.573504,-3.541666,-0.379484,1.556436,-3.518726,-0.383663,1.571307,-3.525664,-0.386547,0.016243,0.007823,0.035003,0.003644,0.029084,0.000760
45.206000,SAMPLE,1,1.575880,-3.558895,-0.391220,1.591089,-3.548719,-0.384592,1.575442,-3.527387,-0.387177,1.588921,-3.532864,-0.390705,0.018300,0.006628,0.031511,0.004043,0.029115,0.000515
45.294000,SAMPLE,1,1.593296,-3.566124,-0.394272,1.605823,-3.554710,-0.386810,1.591760,-3.535341,-0.391927,1.603606,-3.539090,-0.392084,0.016947,0.007462,0.030821,0.002345,0.028933,0.002188
45.387000,SAMPLE,1,1.610118,-3.573139,-0.395598,1.623950,-3.562110,-0.388137,1.612254,-3.542592,-0.394362,1.621394,-3.546462,-0.393545,0.017690,0.007462,0.030622,0.001236,0.028962,0.002053
45.482000,SAMPLE,1,1.628341,-3.580798,-0.401872,1.641938,-3.569515,-0.394515,1.629459,-3.550201,-0.397072,1.639061,-3.553892,-0.399632,0.017668,0.007356,0.030618,0.004799,0.028963,0.002240
45.579000,SAMPLE,1,1.643373,-3.587253,-0.408337,1.656172,-3.575502,-0.400744,1.648402,-3.558343,-0.405083,1.653607,-3.560164,-0.406522,0.017375,0.007593,0.029344,0.003255,0.028958,0.001816
45.660000,SAMPLE,1,1.660122,-3.594532,-0.411461,1.674573,-3.583338,-0.404192,1.665620,-3.566152,-0.410658,1.668405,-3.566672,-0.409898,0.018280,0.007269,0.028908,0.000803,0.029065,0.001562
45.751000,SAMPLE,1,1.676064,-3.601516,-0.414335,1.688541,-3.589333,-0.406718,1.684096,-3.573682,-0.413888,1.686150,-3.574446,-0.413332,0.017438,0.007616,0.028970,0.000447,0.028887,0.001002
45.839000,SAMPLE,1,1.691790,-3.608453,-0.415345,1.702252,-3.595257,-0.408094,1.701346,-3.580553,-0.417429,1.699814,-3.580454,-0.414608,0.016840,0.007251,0.029492,0.002084,0.029126,0.000737
45.929000,SAMPLE,1,1.706011,-3.614721,-0.414508,1.720343,-3.603069,-0.406805,1.719593,-3.588569,-0.416241,1.718529,-3.588609,-0.414106,0.018471,0.007704,0.029468,0.001733,0.028957,0.000403
46.027000,SAMPLE,1,1.724371,-3.622808,-0.417163,1.738580,-3.610941,-0.409897,1.738068,-3.596958,-0.416807,1.736774,-3.596645,-0.416948,0.018513,0.007266,0.029255,0.000355,0.028954,0.000215
46.118000,SAMPLE,1,1.741412,-3.630437,-0.423975,1.752809,-3.617180,-0.415937,1.738068,-3.596958,-0.416807,1.751082,-3.602987,-0.421972,0.017483,0.008039,0.033646,0.007168,0.029104,0.002003
46.212000,SAMPLE,1,1.759140,-3.638474,-0.427183,1.771089,-3.625294,-0.419384,1.756502,-3.604597,-0.424014,1.769521,-3.611215,-0.425609,0.017790,0.007799,0.033980,0.003169,0.029169,0.001574
46.302000,SAMPLE,1,1.773159,-3.644900,-0.431902,1.788948,-3.633319,-0.424792,1.775259,-3.612790,-0.427346,1.787578,-3.619342,-0.430974,0.019580,0.007110,0.032178,0.004556,0.029344,0.000928
46.394000,SAMPLE,1,1.789663,-3.652531,-0.433228,1.803069,-3.639723,-0.425668,1.790577,-3.620673,-0.432226,1.801255,-3.625641,-0.432498,0.018540,0.007560,0.031871,0.001002,0.029282,0.000730
46.491000,SAMPLE,1,1.807879,-3.660979,-0.437186,1.821275,-3.648001,-0.429626,1.808110,-3.629535,-0.433383,1.819356,-3.634106,-0.436587,0.018652,0.007560,0.031445,0.003802,0.029221,0.000599
46.586000,SAMPLE,1,1.825784,-3.669466,-0.447967,1.839411,-3.656433,-0.440597,1.825425,-3.637641,-0.439179,1.837311,-3.642643,-0.447695,0.018856,0.007370,0.031827,0.008789,0.029195,0.000272
46.673000,SAMPLE,1,1.841903,-3.677296,-0.456588,1.853534,-3.663157,-0.448176,1.844623,-3.646608,-0.450233,1.850951,-3.649253,-0.454663,0.018308,0.008412,0.030809,0.006355,0.029466,0.001925
46.760000,SAMPLE,1,1.855153,-3.683834,-0.459094,1.867786,-3.670051,-0.451527,1.861810,-3.654955,-0.458739,1.865219,-3.656314,-0.458422,0.018696,0.007567,0.029636,0.000355,0.029303,0.000672
46.856000,SAMPLE,1,1.873144,-3.692754,-0.463139,1.885772,-3.678798,-0.455327,1.879533,-3.663792,-0.461150,1.883147,-3.665178,-0.461948,0.018821,0.007812,0.029659,0.001989,0.029334,0.001191
46.946000,SAMPLE,1,1.889544,-3.701027,-0.471549,1.903694,-3.687674,-0.464551,1.897291,-3.672666,-0.469231,1.900619,-3.674039,-0.471243,0.019456,0.006998,0.029400,0.002318,0.029172,0.000306
47.038000,SAMPLE,1,1.905673,-3.709341,-0.480454,1.917304,-3.694559,-0.472130,1.897291,-3.672666,-0.469231,1.914105,-3.680959,-0.478822,0.018809,0.008325,0.037620,0.011224,0.029608,0.001633
47.120000,SAMPLE,1,1.920685,-3.717239,-0.487457,1.931246,-3.701745,-0.479259,1.934461,-3.690504,-0.488857,1.927942,-3.688059,-0.486225,0.018751,0.008198,0.030075,0.001401,0.030068,0.001231
47.216000,SAMPLE,1,1.936343,-3.725612,-0.494161,1.947776,-3.710408,-0.486182,1.934461,-3.690504,-0.488857,1.945088,-3.697102,-0.493171,0.019023,0.007979,0.035158,0.005304,0.029821,0.000990
47.317000,SAMPLE,1,1.953611,-3.735022,-0.503479,1.964103,-3.719119,-0.494656,1.967373,-3.709049,-0.502976,1.961474,-3.705919,-0.500524,0.019053,0.008823,0.029394,0.000502,0.030147,0.002955
47.409000,SAMPLE,1,1.968609,-3.743362,-0.511531,1.981660,-3.728697,-0.504130,1.967373,-3.709049,-0.502976,1.979650,-3.715972,-0.510443,0.019632,0.007402,0.034336,0.008555,0.029531,0.001088
47.506000,SAMPLE,1,1.985320,-3.752873,-0.522931,1.999111,-3.738467,-0.516003,1.985594,-3.718480,-0.512699,1.997341,-3.725900,-0.522983,0.019943,0.006928,0.034393,0.010233,0.029530,0.000052
47.601000,SAMPLE,1,2.002432,-3.762837,-0.530722,2.016090,-3.748195,-0.523427,2.001078,-3.728678,-0.524565,2.014286,-3.735814,-0.530082,0.020023,0.007295,0.034186,0.006157,0.029508,0.000640
47.700000,SAMPLE,1,2.018380,-3.772228,-0.532796,2.029037,-3.755687,-0.525135,2.018586,-3.738665,-0.531922,2.027772,-3.743800,-0.532317,0.019677,0.007661,0.033564,0.000874,0.029940,0.000479
47.793000,SAMPLE,1,2.034947,-3.782006,-0.534696,2.046339,-3.765718,-0.526685,2.036127,-3.747795,-0.533356,2.045172,-3.753954,-0.533513,0.019877,0.008011,0.034231,0.001340,0.029858,0.001183
47.876000,SAMPLE,1,2.050020,-3.791008,-0.542535,2.060146,-3.773804,-0.533548,2.052570,-3.758252,-0.536090,2.058994,-3.762144,-0.540860,0.019963,0.008987,0.032855,0.006445,0.030227,0.001675
47.973000,SAMPLE,1,2.064486,-3.799801,-0.548943,2.077320,-3.784053,-0.541372,2.068309,-3.768147,-0.545043,2.075997,-3.772464,-0.548049,0.020316,0.007571,0.031884,0.003900,0.029661,0.000894
48.062000,SAMPLE,1,2.080885,-3.809849,-0.550577,2.094452,-3.794371,-0.543106,2.086310,-3.779307,-0.549941,2.092652,-3.782718,-0.550703,0.020582,0.007471,0.031020,0.000636,0.029573,0.000126
48.153000,SAMPLE,1,2.096234,-3.819296,-0.552251,2.107844,-3.802475,-0.544590,2.102876,-3.789467,-0.552410,2.105943,-3.790949,-0.552564,0.020439,0.007660,0.030560,0.000159,0.029964,0.000313
48.249000,SAMPLE,1,2.112729,-3.829409,-0.546078,2.124810,-3.812704,-0.538790,2.119572,-3.799838,-0.550440,2.123250,-3.801645,-0.546753,0.020616,0.007287,0.030353,0.004362,0.029691,0.000676
48.343000,SAMPLE,1,2.128554,-3.838928,-0.536793,2.141227,-3.822413,-0.529317,2.137053,-3.809997,-0.541057,2.139593,-3.811532,-0.537639,0.020817,0.007477,0.030153,0.004264,0.029536,0.000846
48.436000,SAMPLE,1,2.141547,-3.846590,-0.527915,2.154588,-3.830156,-0.520388,2.152977,-3.819506,-0.531281,2.152943,-3.819439,-0.529060,0.020979,0.007528,0.029396,0.003366,0.029445,0.001145
48.531000,SAMPLE,1,2.158148,-3.856105,-0.512521,2.171703,-3.839793,-0.504848,2.169971,-3.829386,-0.516242,2.169892,-3.829254,-0.513957,0.021209,0.007673,0.029218,0.003721,0.029308,0.001436
48.631000,SAMPLE,1,2.174751,-3.865273,-0.496100,2.188034,-3.848652,-0.489059,2.184340,-3.838325,-0.500371,2.186245,-3.838495,-0.498349,0.021276,0.007041,0.028603,0.004272,0.029140,0.002250
48.704000,SAMPLE,1,2.187531,-3.872078,-0.482692,2.201933,-3.855917,-0.474777,2.184340,-3.838325,-0.500371,2.200161,-3.845954,-0.482718,0.021647,0.007915,0.033903,0.017679,0.029017,0.000026
48.796000,SAMPLE,1,2.203830,-3.880468,-0.467693,2.216012,-3.863042,-0.462145,2.201020,-3.846834,-0.482445,2.213824,-3.853123,-0.470650,0.021261,0.005548,0.033750,0.014752,0.029113,0.002957
48.894000,SAMPLE,1,2.217720,-3.887369,-0.454273,2.232734,-3.871210,-0.446356,2.220700,-3.856527,-0.466834,2.229956,-3.861272,-0.455975,0.022058,0.007917,0.030986,0.012562,0.028823,0.001702
48.990000,SAMPLE,1,2.234887,-3.895561,-0.436427,2.250511,-3.879513,-0.428267,2.238558,-3.864459,-0.451102,2.247866,-3.869800,-0.437643,0.022397,0.008160,0.031318,0.014675,0.028845,0.001216
49.086000,SAMPLE,1,2.251977,-3.903371,-0.420638,2.267934,-3.887302,-0.412477,2.255069,-3.872452,-0.433592,2.265155,-3.877704,-0.422279,0.022646,0.008161,0.031073,0.012954,0.028852,0.001641
49.179000,SAMPLE,1,2.267755,-3.910283,-0.404092,2.281715,-3.893223,-0.398445,2.270760,-3.880038,-0.417806,2.278364,-3.883602,-0.409623,0.022044,0.005646,0.030394,0.013714,0.028713,0.005531
49.265000,SAMPLE,1,2.283513,-3.916878,-0.387646,2.299858,-3.900667,-0.379706,2.288233,-3.887656,-0.399688,2.296683,-3.891344,-0.389539,0.023021,0.007940,0.029601,0.012042,0.028730,0.001893
49.364000,SAMPLE,1,2.300986,-3.923844,-0.371299,2.317513,-3.907544,-0.363517,2.305295,-3.895121,-0.381958,2.314019,-3.898388,-0.374110,0.023214,0.007782,0.029045,0.010660,0.028598,0.002812
49.460000,SAMPLE,1,2.315236,-3.929280,-0.356698,2.335280,-3.914127,-0.345377,2.321951,-3.901745,-0.366265,2.331494,-3.905165,-0.356632,0.025127,0.011321,0.028342,0.009567,0.029084,0.000067
49.552000,SAMPLE,1,2.332498,-3.935552,-0.340748,2.350062,-3.919339,-0.332595,2.340436,-3.908937,-0.348156,2.345861,-3.910509,-0.343381,0.023903,0.008153,0.027774,0.007408,0.028386,0.002633
49.635000,SAMPLE,1,2.347480,-3.940756,-0.328527,2.364419,-3.924199,-0.320964,2.340436,-3.908937,-0.348156,2.360158,-3.915544,-0.330750,0.023686,0.007564,0.032589,0.019629,0.028219,0.002222
49.728000,SAMPLE,1,2.364435,-3.946474,-0.323159,2.382070,-3.929998,-0.315195,2.376343,-3.919869,-0.324343,2.377456,-3.921364,-0.324687,0.024134,0.007964,0.029149,0.001184,0.028285,0.001528
49.821000,SAMPLE,1,2.382104,-3.952326,-0.315513,2.400887,-3.936057,-0.307048,2.376343,-3.919869,-0.324343,2.396257,-3.927499,-0.316671,0.024849,0.008465,0.032964,0.008830,0.028578,0.001158
49.915000,SAMPLE,1,2.399865,-3.958032,-0.306135,2.415393,-3.940596,-0.299469,2.395737,-3.926591,-0.317247,2.410610,-3.932077,-0.309199,0.023349,0.006666,0.031711,0.011112,0.028092,0.003065
50.012000,SAMPLE,1,2.414946,-3.962760,-0.300570,2.433345,-3.946072,-0.292445,2.413581,-3.931791,-0.307700,2.429008,-3.937732,-0.302062,0.024839,0.008125,0.030999,0.007130,0.028707,0.001491
50.113000,SAMPLE,1,2.433912,-3.968540,-0.290907,2.452179,-3.951646,-0.282972,2.431098,-3.938300,-0.300414,2.447514,-3.943416,-0.292635,0.024881,0.007935,0.030371,0.009507,0.028570,0.001728
50.205000,SAMPLE,1,2.450993,-3.973571,-0.281718,2.470013,-3.956742,-0.273498,2.449600,-3.943450,-0.291264,2.465522,-3.948681,-0.282906,0.025396,0.008220,0.030153,0.009546,0.028820,0.001188
50.293000,SAMPLE,1,2.466709,-3.978050,-0.273396,2.484420,-3.960723,-0.265919,2.467078,-3.948444,-0.281857,2.479861,-3.952731,-0.275487,0.024778,0.007477,0.029609,0.008461,0.028532,0.002091
50.389000,SAMPLE,1,2.485532,-3.983234,-0.263828,2.503355,-3.965785,-0.256445,2.486575,-3.953508,-0.272955,2.498121,-3.957722,-0.266632,0.024942,0.007383,0.029745,0.009127,0.028449,0.002804
50.460000,SAMPLE,1,2.495810,-3.985968,-0.256415,2.513873,-3.968502,-0.249011,2.505207,-3.959544,-0.262649,2.508538,-3.960543,-0.258289,0.025126,0.007404,0.028045,0.006234,0.028433,0.001874
50.557000,SAMPLE,1,2.513712,-3.990574,-0.246955,2.531850,-3.972980,-0.239538,2.521447,-3.963737,-0.251703,2.526509,-3.965205,-0.249002,0.025269,0.007418,0.027929,0.004747,0.028414,0.002047
50.653000,SAMPLE,1,2.532181,-3.995141,-0.237671,2.550983,-3.977558,-0.230064,2.541945,-3.967731,-0.242702,2.545502,-3.969959,-0.239529,0.025743,0.007608,0.029097,0.005031,0.028488,0.001857
50.745000,SAMPLE,1,2.549130,-3.999168,-0.228672,2.569072,-3.981706,-0.220590,2.558404,-3.973130,-0.232841,2.562932,-3.974050,-0.230722,0.026507,0.008081,0.027640,0.004170,0.028660,0.002051
50.834000,SAMPLE,1,2.563045,-4.002356,-0.221297,2.583546,-3.984893,-0.213011,2.558404,-3.973130,-0.232841,2.577452,-3.977416,-0.223144,0.026931,0.008285,0.029592,0.011545,0.028802,0.001847
50.918000,SAMPLE,1,2.580189,-4.006138,-0.212771,2.599022,-3.988179,-0.205432,2.575360,-3.977028,-0.223220,2.592130,-3.980737,-0.215948,0.026023,0.007339,0.029507,0.010449,0.028067,0.003177
51.016000,SAMPLE,1,2.598151,-4.009931,-0.203297,2.617290,-3.991896,-0.195959,2.594302,-3.981313,-0.214168,2.609626,-3.984543,-0.206862,0.026297,0.007339,0.028876,0.010871,0.027861,0.003565
51.106000,SAMPLE,1,2.616180,-4.013568,-0.194406,2.636533,-3.995620,-0.186485,2.612781,-3.984934,-0.204558,2.628799,-3.988452,-0.197312,0.027136,0.007921,0.028835,0.010152,0.028108,0.002905
51.192000,SAMPLE,1,2.632441,-4.016700,-0.186070,2.651521,-3.998390,-0.178906,2.632107,-3.988720,-0.195130,2.643624,-3.991322,-0.189678,0.026445,0.007164,0.027982,0.009060,0.027733,0.003608
51.275000,SAMPLE,1,2.644980,-4.018999,-0.176921,2.665776,-4.000894,-0.168977,2.650819,-3.992655,-0.185407,2.658214,-3.994039,-0.177848,0.027573,0.007944,0.026983,0.008486,0.028252,0.000927
51.361000,SAMPLE,1,2.662611,-4.022074,-0.168205,2.685134,-4.004101,-0.159503,2.669639,-3.995435,-0.172945,2.677572,-3.997374,-0.168521,0.028814,0.008702,0.027550,0.004739,0.028877,0.000316
51.451000,SAMPLE,1,2.680352,-4.025008,-0.159395,2.700586,-4.006528,-0.151924,2.689447,-3.998522,-0.163858,2.692965,-3.999859,-0.161133,0.027403,0.007471,0.028004,0.004463,0.028135,0.001738
51.538000,SAMPLE,1,2.694001,-4.027153,-0.152290,2.715359,-4.008733,-0.144345,2.709072,-4.001492,-0.154076,2.707704,-4.002212,-0.153554,0.028205,0.007944,0.029760,0.001786,0.028458,0.001265
51.626000,SAMPLE,1,2.711596,-4.029754,-0.141493,2.734730,-4.011428,-0.132722,2.709072,-4.001492,-0.154076,2.727229,-4.005033,-0.142176,0.029513,0.008771,0.028375,0.012583,0.029249,0.000683
51.711000,SAMPLE,1,2.728184,-4.032074,-0.137211,2.749864,-4.013415,-0.129024,2.726817,-4.004207,-0.142711,2.742188,-4.007058,-0.137959,0.028603,0.008187,0.027900,0.005499,0.028669,0.000748
51.810000,SAMPLE,1,2.746675,-4.034598,-0.134022,2.768292,-4.015777,-0.125867,2.746816,-4.007470,-0.138319,2.760189,-4.009527,-0.135118,0.028662,0.008155,0.027128,0.004297,0.028481,0.001097
51.906000,SAMPLE,1,2.766085,-4.037215,-0.135022,2.787842,-4.018248,-0.126688,2.763872,-4.009917,-0.135429,2.779826,-4.012185,-0.135295,0.028864,0.008334,0.027387,0.000407,0.028553,0.000273
51.990000,SAMPLE,1,2.779858,-4.039083,-0.135045,2.802972,-4.020173,-0.126914,2.781510,-4.013098,-0.137251,2.794598,-4.014296,-0.136073,0.029864,0.008131,0.026037,0.002206,0.028838,0.001028
52.082000,SAMPLE,1,2.796914,-4.041412,-0.136638,2.820857,-4.022467,-0.128651,2.800190,-4.014983,-0.137621,2.812201,-4.016724,-0.138772,0.030532,0.007987,0.026631,0.000984,0.029038,0.002135
52.177000,SAMPLE,1,2.815241,-4.043945,-0.138225,2.836599,-4.024509,-0.129756,2.818163,-4.017600,-0.137868,2.827332,-4.018832,-0.139736,0.028877,0.008469,0.026506,0.000357,0.027872,0.001512
52.272000,SAMPLE,1,2.834386,-4.046621,-0.139881,2.855594,-4.027002,-0.131367,2.837783,-4.019633,-0.138208,2.846186,-4.021390,-0.141106,0.028891,0.008514,0.027201,0.001673,0.027854,0.001225
52.371000,SAMPLE,1,2.852269,-4.049167,-0.143039,2.873498,-4.029396,-0.134524,2.856009,-4.021451,-0.139759,2.863920,-4.023737,-0.143649,0.029010,0.008514,0.027967,0.003280,0.027972,0.000611
52.455000,SAMPLE,1,2.869396,-4.051669,-0.147899,2.889058,-4.031526,-0.138501,2.873461,-4.025438,-0.144136,2.879586,-4.026018,-0.147176,0.028149,0.009398,0.026544,0.003763,0.027601,0.000723
52.544000,SAMPLE,1,2.883404,-4.053780,-0.151852,2.908015,-4.034223,-0.144559,2.873461,-4.025438,-0.144136,2.897776,-4.028758,-0.152981,0.031435,0.007294,0.030036,0.007716,0.028856,0.001129
52.630000,SAMPLE,1,2.900268,-4.056403,-0.157054,2.922708,-4.036389,-0.148885,2.892312,-4.028262,-0.151492,2.911705,-4.030941,-0.156221,0.030069,0.008169,0.029244,0.005562,0.027912,0.000833
52.717000,SAMPLE,1,2.918245,-4.059325,-0.164114,2.938252,-4.038778,-0.155343,2.911798,-4.031258,-0.158585,2.926929,-4.033428,-0.163678,0.028679,0.008771,0.028798,0.005530,0.027315,0.000436
52.814000,SAMPLE,1,2.937088,-4.062459,-0.165858,2.957187,-4.041762,-0.157198,2.930551,-4.034675,-0.166146,2.945340,-4.036578,-0.166231,0.028851,0.008660,0.028543,0.000288,0.027165,0.000373
52.911000,SAMPLE,1,2.954878,-4.065466,-0.169015,2.975044,-4.044621,-0.160356,2.950104,-4.037593,-0.167019,2.962857,-4.039560,-0.169299,0.029003,0.008659,0.028278,0.001997,0.027107,0.000283
53.003000,SAMPLE,1,2.970375,-4.068133,-0.171524,2.994470,-4.047795,-0.163514,2.967345,-4.039712,-0.169401,2.981981,-4.042766,-0.172233,0.031531,0.008010,0.028582,0.002123,0.027896,0.000710
53.092000,SAMPLE,1,2.987790,-4.071175,-0.174429,3.009496,-4.050293,-0.166040,2.987705,-4.044089,-0.172116,2.996707,-4.045365,-0.174498,0.030120,0.008389,0.027087,0.002313,0.027307,0.000070
53.182000,SAMPLE,1,3.004733,-4.074187,-0.177429,3.027295,-4.053305,-0.169198,3.005151,-4.046353,-0.175809,3.014580,-4.048481,-0.177663,0.030743,0.008231,0.027837,0.001620,0.027527,0.000234
53.274000,SAMPLE,1,3.021304,-4.077183,-0.180460,3.041134,-4.055687,-0.171724,3.023399,-4.050350,-0.178637,3.028545,-4.051032,-0.180137,0.029246,0.008736,0.026915,0.001823,0.027135,0.000324
53.363000,SAMPLE,1,3.035223,-4.079730,-0.181989,3.056876,-4.058429,-0.173588,3.039163,-4.053728,-0.181128,3.044375,-4.054018,-0.182101,0.030374,0.008402,0.026299,0.000861,0.027292,0.000112
53.458000,SAMPLE,1,3.047527,-4.082010,-0.184547,3.069014,-4.060573,-0.176114,3.055388,-4.055794,-0.184314,3.056624,-4.056257,-0.184687,0.030351,0.008433,0.027369,0.000233,0.027312,0.000140
53.554000,SAMPLE,1,3.064774,-4.085247,-0.185240,3.086229,-4.063648,-0.176777,3.071150,-4.058690,-0.186346,3.074170,-4.059521,-0.186024,0.030444,0.008463,0.027311,0.001106,0.027388,0.000784
53.645000,SAMPLE,1,3.081821,-4.088428,-0.183882,3.105023,-4.066989,-0.175419,3.090858,-4.062524,-0.184369,3.092917,-4.063037,-0.184761,0.031590,0.008463,0.027435,0.000487,0.027709,0.000878
53.741000,SAMPLE,1,3.099705,-4.091754,-0.183882,3.123214,-4.070213,-0.175419,3.108901,-4.065982,-0.184407,3.111372,-4.066460,-0.184634,0.031885,0.008463,0.027364,0.000525,0.027855,0.000751
53.823000,SAMPLE,1,3.115093,-4.094617,-0.184753,3.137019,-4.072662,-0.176303,3.125944,-4.068714,-0.184752,3.125072,-4.069019,-0.185265,0.031029,0.008450,0.028084,0.000002,0.027475,0.000512
53.915000,SAMPLE,1,3.129616,-4.097330,-0.185362,3.149528,-4.074888,-0.176480,3.125944,-4.068714,-0.184752,3.137593,-4.071297,-0.184692,0.030002,0.008882,0.028850,0.000610,0.027228,0.000669
54.001000,SAMPLE,1,3.141521,-4.099576,-0.186740,3.164747,-4.077623,-0.178088,3.141170,-4.071519,-0.185499,3.152753,-4.074094,-0.185882,0.031959,0.008652,0.028059,0.001241,0.027847,0.000858
54.084000,SAMPLE,1,3.153681,-4.101870,-0.186500,3.176350,-4.079711,-0.178014,3.155671,-4.074816,-0.186864,3.164340,-4.076304,-0.185771,0.031701,0.008486,0.027127,0.000364,0.027699,0.000730
54.177000,SAMPLE,1,3.166223,-4.104251,-0.189026,3.187195,-4.081674,-0.180319,3.174822,-4.077756,-0.187352,3.175097,-4.078337,-0.188297,0.030815,0.008707,0.027855,0.001674,0.027392,0.000729
54.263000,SAMPLE,1,3.178048,-4.106520,-0.190371,3.200324,-4.084077,-0.181993,3.188489,-4.080091,-0.189881,3.189016,-4.080847,-0.190204,0.031621,0.008378,0.028417,0.000490,0.027917,0.000167
54.352000,SAMPLE,1,3.186395,-4.108130,-0.193276,3.207606,-4.085426,-0.184519,3.199283,-4.082012,-0.191600,3.196559,-4.082205,-0.192648,0.031070,0.008757,0.029125,0.001676,0.027846,0.000629
54.442000,SAMPLE,1,3.194195,-4.109657,-0.193448,3.217751,-4.087321,-0.185377,3.207588,-4.083995,-0.192503,3.207186,-4.084237,-0.192055,0.032462,0.008071,0.028946,0.000946,0.028547,0.001394
54.525000,SAMPLE,1,3.204150,-4.111630,-0.200165,3.226212,-4.088933,-0.191995,3.207588,-4.083995,-0.192503,3.215491,-4.085865,-0.197857,0.031652,0.008170,0.027848,0.007663,0.028150,0.002308
54.624000,SAMPLE,1,3.213323,-4.113518,-0.206973,3.235371,-4.090741,-0.199019,3.226858,-4.088248,-0.206686,3.225038,-4.087861,-0.205904,0.031700,0.007954,0.028667,0.000286,0.028205,0.001069
54.715000,SAMPLE,1,3.222728,-4.115519,-0.210335,3.243451,-4.092388,-0.201740,3.226858,-4.088248,-0.206686,3.233278,-4.089598,-0.208693,0.031057,0.008595,0.027582,0.003649,0.027985,0.001642
54.813000,SAMPLE,1,3.232068,-4.117498,-0.208006,3.252931,-4.094313,-0.199390,3.236884,-4.090409,-0.211352,3.242916,-4.091653,-0.206199,0.031190,0.008616,0.027514,0.003346,0.028030,0.001807
54.908000,SAMPLE,1,3.239761,-4.119122,-0.208006,3.262217,-4.096190,-0.199390,3.246178,-4.092115,-0.209112,3.252564,-4.093666,-0.206735,0.032096,0.008616,0.027759,0.001106,0.028494,0.001271
54.998000,SAMPLE,1,3.246018,-4.120431,-0.203161,3.267417,-4.097233,-0.194951,3.255474,-4.094487,-0.209236,3.257668,-4.094774,-0.203163,0.031560,0.008211,0.027613,0.006075,0.028178,0.000001
55.086000,SAMPLE,1,3.247329,-4.120692,-0.194916,3.269125,-4.097566,-0.185477,3.261362,-4.095938,-0.202810,3.259611,-4.095236,-0.194341,0.031778,0.009439,0.028455,0.007894,0.028264,0.000576
55.180000,SAMPLE,1,3.247147,-4.120657,-0.185632,3.269125,-4.097566,-0.177898,3.262171,-4.095331,-0.193142,3.259914,-4.095256,-0.187255,0.031878,0.007734,0.029447,0.007510,0.028429,0.001623
55.264000,SAMPLE,1,3.246983,-4.120627,-0.177295,3.269125,-4.097566,-0.168424,3.262062,-4.095825,-0.183704,3.260169,-4.095329,-0.178188,0.031970,0.008871,0.029026,0.006408,0.028529,0.000892
55.359000,SAMPLE,1,3.246807,-4.120596,-0.168390,3.269125,-4.097566,-0.160845,3.260551,-4.095722,-0.173537,3.260169,-4.095329,-0.170609,0.032069,0.007545,0.028418,0.005147,0.028583,0.002219
55.450000,SAMPLE,1,3.246628,-4.120567,-0.159295,3.269125,-4.097566,-0.151372,3.261306,-4.096150,-0.164959,3.260214,-4.095381,-0.161709,0.032173,0.007924,0.028489,0.005664,0.028616,0.002414
55.547000,SAMPLE,1,3.246474,-4.120542,-0.151527,3.269125,-4.097566,-0.141898,3.260667,-4.095802,-0.154747,3.260383,-4.095516,-0.152863,0.032264,0.009629,0.028523,0.003220,0.028632,0.001336
55.609000,P1,1,3.246345,-4.120523,-0.144977,3.269125,-4.097566,-0.136514,3.260667,-4.095802,-0.154747,3.260383,-4.095516,-0.147179,0.032341,0.008463,0.028571,0.009770,0.028678,0.002202
55.633000,SAMPLE,2,3.246331,-4.120521,-0.144261,3.269125,-4.097566,-0.135619,3.261138,-4.095675,-0.145736,3.260383,-4.095516,-0.146284,0.032350,0.008642,0.028924,0.001474,0.028683,0.002023
55.720000,SAMPLE,2,3.247082,-4.120630,-0.142110,3.270066,-4.097693,-0.133003,3.261405,-4.095110,-0.143218,3.260967,-4.095607,-0.144286,0.032471,0.009107,0.029265,0.001108,0.028618,0.002176
55.809000,SAMPLE,2,3.252007,-4.121311,-0.131822,3.274603,-4.098279,-0.123853,3.261405,-4.095110,-0.143218,3.266258,-4.096288,-0.134273,0.032265,0.007968,0.027835,0.011396,0.028796,0.002452
55.897000,SAMPLE,2,3.261421,-4.122467,-0.112137,3.282997,-4.099252,-0.106953,3.267603,-4.096867,-0.133246,3.274772,-4.097448,-0.118631,0.031694,0.005183,0.026336,0.021109,0.028359,0.006494
55.984000,SAMPLE,2,3.273172,-4.123648,-0.087607,3.298332,-4.100660,-0.076153,3.277634,-4.098052,-0.111381,3.289875,-4.099109,-0.089333,0.034080,0.011454,0.025982,0.023774,0.029684,0.001726
56.082000,SAMPLE,2,3.290683,-4.124848,-0.047398,3.317133,-4.101713,-0.034403,3.294614,-4.099791,-0.078777,3.307967,-4.100561,-0.050746,0.035140,0.012995,0.025363,0.031379,0.029810,0.003348
56.171000,SAMPLE,2,3.307242,-4.125281,-0.004127,3.332288,-4.101949,0.003373,3.311665,-4.100082,-0.034890,3.322187,-4.101092,-0.015268,0.034230,0.007500,0.025584,0.030763,0.028434,0.011141
56.267000,SAMPLE,2,3.325848,-4.124963,0.038227,3.351744,-4.101463,0.045955,3.330259,-4.100812,0.011673,3.341229,-4.101002,0.027934,0.034969,0.007727,0.024551,0.026555,0.028473,0.010293
56.358000,SAMPLE,2,3.343632,-4.123952,0.074406,3.367607,-4.100473,0.077647,3.349295,-4.099721,0.053021,3.357225,-4.100164,0.061348,0.033557,0.003240,0.024885,0.021386,0.027399,0.013058
56.451000,SAMPLE,2,3.358661,-4.122633,0.100054,3.387516,-4.098577,0.110910,3.369266,-4.098116,0.089315,3.376703,-4.098550,0.095548,0.037567,0.010856,0.026712,0.010739,0.030092,0.004506
56.536000,SAMPLE,2,3.375840,-4.120687,0.125598,3.403396,-4.096623,0.133831,3.388251,-4.096353,0.118521,3.392616,-4.096885,0.118548,0.036585,0.008232,0.027317,0.007077,0.029120,0.007051
56.617000,SAMPLE,2,3.392473,-4.118407,0.146146,3.419230,-4.094326,0.153305,3.388251,-4.096353,0.118521,3.407971,-4.094806,0.138282,0.035998,0.007159,0.022455,0.027625,0.028235,0.007864
56.706000,SAMPLE,2,3.409960,-4.115655,0.165020,3.438452,-4.091142,0.173860,3.405558,-4.094225,0.143877,3.426116,-4.092037,0.158753,0.037585,0.008840,0.021878,0.021144,0.028615,0.006267
56.796000,SAMPLE,2,3.427606,-4.112586,0.179481,3.454192,-4.088273,0.186623,3.423904,-4.091148,0.164317,3.441172,-4.089374,0.172053,0.036027,0.007142,0.021755,0.015164,0.026885,0.007428
56.889000,SAMPLE,2,3.443112,-4.109677,0.190662,3.473816,-4.084413,0.200662,3.444101,-4.087359,0.180899,3.460265,-4.085720,0.187323,0.039762,0.010000,0.022340,0.009763,0.029464,0.003339
56.974000,SAMPLE,2,3.460598,-4.106221,0.199425,3.489482,-4.081162,0.208399,3.464025,-4.083698,0.193785,3.475487,-4.082603,0.195624,0.038239,0.008974,0.022782,0.005641,0.027919,0.003802
57.072000,SAMPLE,2,3.479804,-4.102247,0.208804,3.509030,-4.076932,0.217873,3.483660,-4.079822,0.203077,3.495122,-4.078457,0.205773,0.038665,0.009069,0.022754,0.005727,0.028294,0.003032
57.157000,SAMPLE,2,3.497323,-4.098489,0.212941,3.524643,-4.073435,0.221883,3.503177,-4.075539,0.211291,3.510335,-4.075082,0.210443,0.037069,0.008942,0.023685,0.001650,0.026781,0.002498
57.258000,SAMPLE,2,3.517256,-4.094174,0.213194,3.544150,-4.069022,0.222547,3.522760,-4.071612,0.213363,3.529967,-4.070757,0.211501,0.036823,0.009353,0.023224,0.000169,0.026645,0.001693
57.356000,SAMPLE,2,3.536021,-4.090112,0.213194,3.562846,-4.064792,0.222547,3.540239,-4.067193,0.213678,3.548125,-4.066671,0.211924,0.036887,0.009353,0.023303,0.000484,0.026382,0.001270
57.445000,SAMPLE,2,3.549870,-4.087114,0.213194,3.580494,-4.060798,0.222547,3.558878,-4.063272,0.213608,3.565810,-4.062720,0.212240,0.040378,0.009353,0.025487,0.000414,0.029141,0.000954
57.537000,SAMPLE,2,3.567590,-4.083295,0.210779,3.595918,-4.057324,0.220305,3.577823,-4.058950,0.211925,3.581483,-4.059201,0.210515,0.038432,0.009526,0.026409,0.001146,0.027813,0.000264
57.634000,SAMPLE,2,3.586274,-4.079369,0.201564,3.614637,-4.053198,0.211647,3.577823,-4.058950,0.211925,3.600229,-4.055247,0.201355,0.038593,0.010082,0.022099,0.010361,0.027868,0.000210
57.730000,SAMPLE,2,3.605118,-4.075666,0.186101,3.633088,-4.049380,0.196331,3.614504,-4.051944,0.190099,3.618292,-4.051554,0.186790,0.038384,0.010230,0.025512,0.003999,0.027477,0.000689
57.828000,SAMPLE,2,3.621999,-4.072604,0.172522,3.652341,-4.045706,0.180541,3.614504,-4.051944,0.190099,3.637090,-4.048039,0.171638,0.040548,0.008020,0.021977,0.017578,0.028830,0.000883
57.924000,SAMPLE,2,3.640309,-4.069556,0.157048,3.670591,-4.042522,0.164752,3.634490,-4.047933,0.173711,3.654577,-4.044984,0.156883,0.040594,0.007704,0.022392,0.016663,0.028414,0.000165
58.017000,SAMPLE,2,3.659404,-4.066681,0.141657,3.686245,-4.040021,0.152120,3.652903,-4.044818,0.157993,3.670191,-4.042525,0.144391,0.037831,0.010463,0.022810,0.016336,0.026455,0.002733
58.112000,SAMPLE,2,3.678566,-4.064095,0.126334,3.705714,-4.037192,0.136331,3.672457,-4.041981,0.141973,3.689380,-4.039823,0.128724,0.038220,0.009997,0.022942,0.015639,0.026572,0.002390
58.204000,SAMPLE,2,3.696232,-4.061986,0.111018,3.723628,-4.034877,0.120541,3.692354,-4.038372,0.125723,3.707183,-4.037503,0.112968,0.038541,0.009523,0.023931,0.014704,0.026820,0.001949
58.301000,SAMPLE,2,3.715396,-4.059987,0.097732,3.742883,-4.032688,0.107002,3.711316,-4.037110,0.108993,3.726565,-4.035442,0.099023,0.038739,0.009270,0.023238,0.011261,0.026967,0.001292
58.400000,SAMPLE,2,3.731593,-4.058465,0.089600,3.757960,-4.031128,0.099357,3.731622,-4.035044,0.094805,3.741352,-4.034033,0.091149,0.037982,0.009757,0.023421,0.005205,0.026310,0.001549
58.490000,SAMPLE,2,3.750122,-4.056887,0.080316,3.776655,-4.029355,0.089883,3.750875,-4.032909,0.085311,3.760898,-4.032338,0.080959,0.038237,0.009568,0.023990,0.004995,0.026810,0.000644
58.585000,SAMPLE,2,3.767233,-4.055578,0.072263,3.796583,-4.027654,0.080410,3.769160,-4.031519,0.075738,3.780874,-4.030792,0.071214,0.040512,0.008147,0.024137,0.003474,0.028293,0.001049
58.683000,SAMPLE,2,3.786091,-4.054303,0.062600,3.814594,-4.026288,0.070936,3.788809,-4.030141,0.066406,3.799240,-4.029575,0.061203,0.039966,0.008336,0.024315,0.003806,0.028006,0.001397
58.769000,SAMPLE,2,3.802903,-4.053321,0.054168,3.829676,-4.025275,0.063357,3.808564,-4.029570,0.057376,3.814632,-4.028744,0.053615,0.038773,0.009189,0.024416,0.003208,0.027232,0.000553
58.853000,SAMPLE,2,3.819943,-4.052435,0.051254,3.845299,-4.024316,0.060655,3.827626,-4.027909,0.049622,3.830336,-4.027918,0.049872,0.037863,0.009400,0.025701,0.001632,0.026628,0.001382
58.951000,SAMPLE,2,3.838866,-4.051464,0.051254,3.864212,-4.023167,0.060655,3.846989,-4.026407,0.049362,3.849441,-4.026889,0.049777,0.037989,0.009400,0.026341,0.001892,0.026754,0.001477
59.044000,SAMPLE,2,3.857409,-4.050512,0.051254,3.883103,-4.022020,0.060655,3.866125,-4.025629,0.049439,3.868537,-4.025890,0.049714,0.038367,0.009400,0.026365,0.001815,0.027020,0.001540
59.142000,SAMPLE,2,3.873871,-4.049668,0.051254,3.902615,-4.020835,0.060655,3.883438,-4.025737,0.049240,3.887933,-4.025000,0.049622,0.040713,0.009400,0.025772,0.002015,0.028394,0.001632
59.237000,SAMPLE,2,3.892059,-4.048735,0.051254,3.917440,-4.019935,0.060655,3.900988,-4.024763,0.048740,3.902672,-4.024268,0.049622,0.038388,0.009400,0.025581,0.002514,0.026670,0.001632
59.332000,SAMPLE,2,3.911138,-4.047756,0.051254,3.936657,-4.018768,0.060655,3.920133,-4.023232,0.049363,3.921607,-4.023389,0.049453,0.038621,0.009400,0.026122,0.001891,0.026521,0.001801
59.419000,SAMPLE,2,3.928736,-4.046853,0.051254,3.951787,-4.017849,0.060655,3.920133,-4.023232,0.049363,3.936571,-4.022622,0.049437,0.037049,0.009400,0.025139,0.001891,0.025466,0.001817
59.511000,SAMPLE,2,3.943746,-4.046083,0.051254,3.971004,-4.016682,0.060655,3.943631,-4.022388,0.050193,3.955833,-4.021673,0.049584,0.040093,0.009400,0.023695,0.001061,0.027238,0.001670
59.602000,SAMPLE,2,3.963088,-4.045085,0.052904,3.990967,-4.015461,0.062705,3.961887,-4.021011,0.049884,3.976051,-4.020619,0.051642,0.040680,0.009800,0.024104,0.003020,0.027688,0.001262
59.697000,SAMPLE,2,3.981309,-4.044044,0.063230,4.006648,-4.014415,0.071755,3.981257,-4.020208,0.051994,3.991814,-4.019757,0.060520,0.038986,0.008525,0.023836,0.011236,0.026461,0.002709
59.788000,SAMPLE,2,3.998584,-4.042856,0.073504,4.024709,-4.013011,0.082620,4.001321,-4.018897,0.063984,4.010544,-4.018497,0.071501,0.039664,0.009117,0.024115,0.009520,0.027137,0.002003
59.877000,SAMPLE,2,4.015981,-4.041500,0.081935,4.040419,-4.011649,0.090199,4.019876,-4.018147,0.073733,4.026625,-4.017357,0.078781,0.038579,0.008264,0.023676,0.008202,0.026386,0.003154
59.975000,SAMPLE,2,4.035774,-4.039730,0.098304,4.060325,-4.009717,0.105173,4.039357,-4.016289,0.083184,4.046170,-4.015784,0.091238,0.038775,0.006869,0.023713,0.015119,0.026105,0.007065
60.069000,SAMPLE,2,4.051557,-4.038038,0.114627,4.080191,-4.007412,0.125055,4.058854,-4.014294,0.101700,4.066615,-4.013682,0.112210,0.041927,0.010427,0.024840,0.012928,0.028634,0.002417
60.170000,SAMPLE,2,4.071127,-4.035646,0.128825,4.100017,-4.004781,0.139173,4.077454,-4.012596,0.117870,4.085868,-4.011489,0.125656,0.042276,0.010348,0.023902,0.010955,0.028299,0.003169
60.253000,SAMPLE,2,4.087756,-4.033375,0.142877,4.115150,-4.002564,0.151805,4.096822,-4.010684,0.132726,4.100917,-4.009614,0.137833,0.041228,0.008927,0.024435,0.010151,0.027162,0.005044
60.353000,SAMPLE,2,4.106790,-4.030488,0.156941,4.134211,-3.999498,0.165894,4.113756,-4.006540,0.148184,4.119805,-4.006742,0.151385,0.041380,0.008953,0.024941,0.008757,0.027079,0.005557
60.450000,SAMPLE,2,4.126729,-4.027232,0.166762,4.153919,-3.996098,0.175578,4.133799,-4.003888,0.158553,4.139350,-4.003607,0.160996,0.041335,0.008816,0.024391,0.008209,0.026784,0.005766
60.545000,SAMPLE,2,4.145230,-4.024024,0.177912,4.173593,-3.992503,0.187152,4.153776,-4.000157,0.169292,4.158917,-4.000225,0.172420,0.042404,0.009239,0.025351,0.008621,0.027454,0.005492
60.638000,SAMPLE,2,4.163923,-4.020568,0.187407,4.189301,-3.989459,0.195181,4.173167,-3.997055,0.182050,4.174670,-3.997424,0.180999,0.040147,0.007774,0.025266,0.005357,0.025518,0.006408
60.732000,SAMPLE,2,4.179782,-4.017467,0.199444,4.208896,-3.985456,0.208986,4.173167,-3.997055,0.182050,4.194146,-3.993679,0.193937,0.043270,0.009542,0.021457,0.017394,0.027789,0.005507
60.826000,SAMPLE,2,4.198009,-4.013637,0.215076,4.227564,-3.981344,0.224776,4.192669,-3.993387,0.194385,4.212201,-3.989978,0.209199,0.043776,0.009700,0.020943,0.020690,0.027589,0.005877
60.923000,SAMPLE,2,4.215652,-4.009649,0.228389,4.246422,-3.976882,0.238515,4.233389,-3.985410,0.223186,4.231042,-3.985896,0.222262,0.044950,0.010126,0.030035,0.005203,0.028303,0.006127
61.017000,SAMPLE,2,4.234768,-4.005054,0.245378,4.261946,-3.973005,0.252047,4.233389,-3.985410,0.223186,4.246907,-3.982234,0.236066,0.042021,0.006668,0.019692,0.022192,0.025848,0.009313
61.116000,SAMPLE,2,4.253300,-4.000210,0.265235,4.280955,-3.967897,0.272362,4.269209,-3.975135,0.258932,4.265492,-3.977502,0.255551,0.042532,0.007127,0.029696,0.006303,0.025775,0.009684
61.206000,SAMPLE,2,4.267657,-3.996213,0.277959,4.299162,-3.962652,0.288415,4.269209,-3.975135,0.258932,4.284210,-3.972278,0.272218,0.046031,0.010456,0.021134,0.019027,0.029102,0.005741
61.297000,SAMPLE,2,4.285612,-3.990936,0.294817,4.314400,-3.958022,0.302297,4.287719,-3.970399,0.275783,4.299102,-3.967969,0.285316,0.043727,0.007480,0.020645,0.019034,0.026635,0.009501
61.390000,SAMPLE,2,4.303298,-3.985346,0.317404,4.333421,-3.951843,0.325870,4.305525,-3.965329,0.293999,4.317645,-3.962323,0.307514,0.045054,0.008467,0.020140,0.023405,0.027128,0.009889
61.480000,SAMPLE,2,4.320992,-3.979369,0.333564,4.348541,-3.946609,0.339915,4.323103,-3.958983,0.316880,4.332156,-3.957451,0.320768,0.042803,0.006351,0.020494,0.016684,0.024597,0.012796
61.575000,SAMPLE,2,4.336024,-3.974053,0.346354,4.367343,-3.939793,0.355705,4.341790,-3.953148,0.333545,4.350881,-3.950932,0.337173,0.046419,0.009351,0.021686,0.012809,0.027483,0.009181
61.673000,SAMPLE,2,4.354026,-3.967395,0.362459,4.385229,-3.932988,0.371494,4.360981,-3.946586,0.349176,4.368780,-3.944410,0.353437,0.046449,0.009035,0.021941,0.013283,0.027314,0.009022
61.770000,SAMPLE,2,4.371548,-3.960558,0.383466,4.403616,-3.925614,0.393083,4.377878,-3.939378,0.366530,4.387093,-3.937281,0.374536,0.047428,0.009617,0.022105,0.016937,0.027990,0.008930
61.869000,SAMPLE,2,4.389087,-3.953172,0.415687,4.421487,-3.917881,0.425073,4.396123,-3.933377,0.392200,4.405291,-3.929766,0.406486,0.047908,0.009386,0.021008,0.023487,0.028467,0.009201
61.963000,SAMPLE,2,4.406318,-3.945162,0.455571,4.439539,-3.909274,0.465368,4.414696,-3.927211,0.428513,4.422942,-3.922157,0.444433,0.048904,0.009797,0.019810,0.027058,0.028383,0.011139
62.055000,SAMPLE,2,4.421819,-3.937215,0.491567,4.453422,-3.902024,0.496610,4.432680,-3.915493,0.469630,4.436820,-3.915105,0.476387,0.047299,0.005043,0.024287,0.021937,0.026719,0.015180
62.155000,SAMPLE,2,4.439044,-3.927639,0.522385,4.470673,-3.892307,0.527770,4.432680,-3.915493,0.469630,4.454301,-3.905786,0.508008,0.047421,0.005385,0.013712,0.052755,0.026652,0.014377
62.252000,SAMPLE,2,4.452377,-3.919753,0.546259,4.487077,-3.882432,0.556191,4.465471,-3.898659,0.532825,4.468854,-3.897244,0.533597,0.050960,0.009933,0.024828,0.013433,0.027895,0.012661
62.351000,SAMPLE,2,4.468902,-3.909334,0.579916,4.503747,-3.871692,0.589286,4.481698,-3.889520,0.563336,4.485733,-3.886792,0.568056,0.051295,0.009370,0.023587,0.016580,0.028133,0.011860
62.450000,SAMPLE,2,4.485081,-3.898366,0.612550,4.520195,-3.860314,0.621573,4.481698,-3.889520,0.563336,4.502451,-3.875816,0.600793,0.051777,0.009023,0.009471,0.049214,0.028465,0.011757
62.534000,SAMPLE,2,4.498592,-3.888532,0.646969,4.533057,-3.850799,0.653055,4.494442,-3.877723,0.594028,4.514631,-3.866932,0.630548,0.051104,0.006086,0.011578,0.052941,0.026904,0.016421
62.618000,SAMPLE,2,4.512137,-3.877956,0.677705,4.545616,-3.840887,0.681797,4.510219,-3.866271,0.631233,4.526929,-3.857274,0.659527,0.049950,0.004091,0.011842,0.046472,0.025428,0.018178
62.718000,SAMPLE,2,4.524876,-3.867448,0.701969,4.560958,-3.828057,0.710770,4.526339,-3.855208,0.668155,4.542129,-3.844853,0.688933,0.053418,0.008802,0.012327,0.033814,0.028429,0.013035
62.810000,SAMPLE,2,4.538994,-3.855130,0.735137,4.575903,-3.814767,0.744891,4.540585,-3.842640,0.697344,4.556839,-3.831955,0.722876,0.054694,0.009754,0.012591,0.037793,0.029249,0.012261
62.910000,SAMPLE,2,4.553118,-3.841915,0.768031,4.590094,-3.801234,0.777112,4.557255,-3.830164,0.733221,4.571015,-3.818874,0.755990,0.054974,0.009081,0.012458,0.034810,0.029175,0.012041
63.008000,SAMPLE,2,4.566117,-3.828999,0.797021,4.603140,-3.788037,0.805533,4.570813,-3.816568,0.764186,4.583688,-3.806397,0.783798,0.055214,0.008513,0.013288,0.032835,0.028628,0.013223
63.104000,SAMPLE,2,4.578501,-3.815943,0.827230,4.615929,-3.774315,0.836005,4.580683,-3.804254,0.793529,4.595588,-3.793727,0.812328,0.055980,0.008775,0.011892,0.033701,0.028027,0.014902
63.204000,SAMPLE,2,4.589249,-3.803919,0.855206,4.628791,-3.759597,0.868499,4.593582,-3.791002,0.823349,4.607954,-3.779782,0.843316,0.059397,0.013294,0.013625,0.031856,0.030536,0.011890
63.302000,SAMPLE,2,4.601525,-3.789362,0.886043,4.641099,-3.744602,0.899162,4.607775,-3.777437,0.857045,4.620056,-3.765490,0.875402,0.059746,0.013120,0.013464,0.028998,0.030220,0.010640
63.403000,SAMPLE,2,4.613630,-3.774013,0.919813,4.653000,-3.729110,0.931620,4.620079,-3.762980,0.887510,4.632001,-3.750377,0.908878,0.059719,0.011807,0.012779,0.032303,0.029935,0.010936
63.501000,SAMPLE,2,4.624427,-3.759413,0.948703,4.663810,-3.714130,0.960120,4.631697,-3.748333,0.919226,4.642577,-3.736201,0.937319,0.060013,0.011417,0.013253,0.029477,0.029465,0.011384
63.599000,SAMPLE,2,4.635487,-3.743430,0.984211,4.672760,-3.700970,0.987957,4.642055,-3.733448,0.947533,4.651776,-3.722825,0.965893,0.056500,0.003747,0.011949,0.036678,0.026265,0.018317
63.687000,SAMPLE,2,4.642971,-3.731850,1.009131,4.683033,-3.684775,1.021605,4.653118,-3.718689,0.983487,4.661857,-3.707597,1.000188,0.061815,0.012474,0.016618,0.025644,0.030739,0.008943
63.783000,SAMPLE,2,4.651925,-3.717171,1.037259,4.692214,-3.669281,1.050170,4.661339,-3.703257,1.015429,4.670625,-3.692993,1.028480,0.062583,0.012911,0.016799,0.021831,0.030565,0.008780
63.883000,SAMPLE,2,4.661690,-3.700007,1.069265,4.701812,-3.651903,1.081091,4.670830,-3.687667,1.044477,4.680248,-3.675896,1.058583,0.062639,0.011826,0.015356,0.024788,0.030425,0.010683
63.981000,SAMPLE,2,4.670541,-3.683303,1.098255,4.710520,-3.634993,1.109512,4.679643,-3.670522,1.074730,4.687182,-3.662318,1.083226,0.062707,0.011258,0.015691,0.023524,0.026782,0.015028
64.068000,SAMPLE,2,4.677535,-3.669201,1.123265,4.716935,-3.621715,1.132249,4.689054,-3.654264,1.103190,4.695247,-3.646077,1.112207,0.061703,0.008984,0.018863,0.020076,0.029128,0.011059
64.156000,SAMPLE,2,4.685053,-3.652995,1.149681,4.723466,-3.607363,1.154986,4.695638,-3.639138,1.130835,4.701600,-3.632151,1.135250,0.059648,0.005305,0.017438,0.018845,0.026614,0.014430
64.244000,SAMPLE,2,4.690830,-3.639725,1.171280,4.731134,-3.589314,1.183407,4.705126,-3.620930,1.159761,4.709287,-3.614673,1.164012,0.064542,0.012127,0.023614,0.011519,0.031117,0.007268
64.342000,SAMPLE,2,4.697858,-3.622450,1.197783,4.738043,-3.571740,1.209378,4.712427,-3.603623,1.185717,4.716372,-3.597116,1.191661,0.064702,0.011595,0.023806,0.012066,0.031378,0.006122
64.432000,SAMPLE,2,4.704223,-3.605538,1.224214,4.743530,-3.556710,1.232115,4.712427,-3.603623,1.185717,4.722167,-3.582203,1.214398,0.062683,0.007901,0.008424,0.038497,0.029436,0.009816
64.527000,SAMPLE,2,4.710208,-3.588343,1.247113,4.749656,-3.538614,1.255826,4.719299,-3.585473,1.214330,4.728307,-3.564677,1.237284,0.063475,0.008713,0.009534,0.032782,0.029793,0.009829
64.620000,SAMPLE,2,4.714448,-3.575340,1.264355,4.755044,-3.521440,1.277931,4.724584,-3.567683,1.239361,4.732435,-3.551467,1.255373,0.067478,0.013576,0.012703,0.024994,0.029891,0.008982
64.719000,SAMPLE,2,4.720118,-3.556695,1.286887,4.759509,-3.506142,1.295615,4.729183,-3.551364,1.261709,4.737797,-3.533183,1.277852,0.064088,0.008728,0.010516,0.025178,0.029417,0.009034
64.811000,SAMPLE,2,4.725207,-3.538514,1.309212,4.764518,-3.487629,1.317720,4.736941,-3.532293,1.283793,4.742911,-3.515137,1.300250,0.064301,0.008509,0.013281,0.025419,0.029324,0.008962
64.904000,SAMPLE,2,4.729525,-3.521693,1.329976,4.769055,-3.469233,1.339826,4.741587,-3.514125,1.305932,4.747518,-3.497133,1.322593,0.065686,0.009850,0.014239,0.024044,0.030446,0.007383
64.988000,SAMPLE,2,4.732820,-3.507801,1.346112,4.772580,-3.453626,1.357510,4.746489,-3.496642,1.327832,4.751164,-3.481521,1.341245,0.067200,0.011397,0.017646,0.018280,0.032049,0.004867
65.079000,SAMPLE,2,4.736518,-3.490848,1.365612,4.775642,-3.438878,1.374194,4.751290,-3.477459,1.349870,4.754287,-3.467323,1.358890,0.065051,0.008582,0.019937,0.015742,0.029482,0.006723
65.173000,SAMPLE,2,4.739729,-3.474822,1.380480,4.778994,-3.421300,1.390247,4.754105,-3.459803,1.368989,4.757645,-3.450160,1.375230,0.066381,0.009766,0.020791,0.011491,0.030484,0.005251
65.252000,SAMPLE,2,4.742718,-3.458736,1.393901,4.781708,-3.405874,1.402878,4.756952,-3.442461,1.385089,4.760631,-3.434698,1.387861,0.065686,0.008977,0.021622,0.008813,0.029979,0.006040
65.337000,SAMPLE,2,4.745514,-3.442453,1.407796,4.784175,-3.390748,1.415510,4.761521,-3.424890,1.400948,4.762929,-3.420608,1.399955,0.064561,0.007714,0.023763,0.006848,0.027937,0.007841
65.436000,SAMPLE,2,4.748296,-3.424654,1.423901,4.786835,-3.372839,1.431299,4.761521,-3.424890,1.400948,4.765716,-3.403253,1.415933,0.064576,0.007398,0.013227,0.022953,0.027595,0.007969
65.517000,SAMPLE,2,4.750196,-3.411332,1.434783,4.788905,-3.357377,1.443931,4.761616,-3.405374,1.416937,4.767551,-3.388056,1.428766,0.066403,0.009148,0.012880,0.017846,0.029034,0.006017
65.608000,SAMPLE,2,4.752492,-3.393574,1.450098,4.791140,-3.338700,1.459720,4.764906,-3.386834,1.432603,4.769699,-3.369815,1.444693,0.067118,0.009623,0.014126,0.017495,0.029336,0.005405
65.704000,SAMPLE,2,4.754488,-3.376002,1.465255,4.793073,-3.320000,1.475510,4.767203,-3.368620,1.448420,4.771592,-3.351365,1.460599,0.068008,0.010254,0.014703,0.016835,0.029993,0.004657
65.804000,SAMPLE,2,4.756437,-3.356078,1.481676,4.794781,-3.300527,1.491299,4.771482,-3.349962,1.464120,4.773548,-3.332259,1.476457,0.067499,0.009623,0.016241,0.017557,0.029328,0.005219
65.898000,SAMPLE,2,4.757941,-3.338156,1.491882,4.795914,-3.285412,1.499989,4.773454,-3.331510,1.479888,4.774864,-3.317071,1.486193,0.064992,0.008107,0.016877,0.011994,0.027037,0.005689
65.993000,SAMPLE,2,4.759140,-3.322219,1.499555,4.797219,-3.265687,1.509462,4.775149,-3.312433,1.490232,4.776414,-3.297718,1.495714,0.068160,0.009907,0.018763,0.009323,0.029978,0.003841
66.088000,SAMPLE,2,4.760435,-3.302809,1.509029,4.798329,-3.246108,1.518936,4.776253,-3.292317,1.500660,4.777693,-3.278988,1.505044,0.068198,0.009907,0.018982,0.008369,0.029415,0.003985
66.186000,SAMPLE,2,4.761515,-3.283902,1.518408,4.799240,-3.226771,1.528410,4.777678,-3.273667,1.509922,4.778818,-3.259921,1.514724,0.068462,0.010002,0.019131,0.008486,0.029571,0.003684
66.278000,SAMPLE,2,4.762391,-3.265697,1.527124,4.799857,-3.210783,1.535989,4.779043,-3.254349,1.519344,4.779634,-3.244230,1.522459,0.066477,0.008865,0.020151,0.007780,0.027535,0.004664
66.355000,SAMPLE,2,4.762960,-3.252047,1.529838,4.800346,-3.195665,1.539418,4.779406,-3.234573,1.527774,4.780227,-3.229388,1.527160,0.067651,0.009580,0.023996,0.002064,0.028488,0.002678
66.454000,SAMPLE,2,4.763762,-3.233508,1.523586,4.800945,-3.177780,1.533539,4.780103,-3.217286,1.525817,4.780923,-3.211771,1.521429,0.066994,0.009953,0.023026,0.002231,0.027695,0.002156
66.553000,SAMPLE,2,4.764784,-3.213129,1.518794,4.801735,-3.158154,1.528662,4.780372,-3.198234,1.518345,4.781932,-3.192091,1.517206,0.066239,0.009869,0.021560,0.000448,0.027141,0.001587
66.649000,SAMPLE,2,4.765781,-3.194511,1.515636,4.802553,-3.139446,1.525505,4.778948,-3.180689,1.514921,4.782322,-3.174553,1.514290,0.066215,0.009869,0.019090,0.000714,0.025922,0.001346
66.742000,SAMPLE,2,4.766611,-3.179791,1.513974,4.803428,-3.120687,1.523673,4.780433,-3.161663,1.512001,4.783120,-3.155522,1.512332,0.069633,0.009699,0.022797,0.001972,0.029352,0.001642
66.837000,SAMPLE,2,4.767770,-3.159774,1.511416,4.804200,-3.104706,1.521305,4.780433,-3.161663,1.512001,4.784062,-3.139549,1.510437,0.066027,0.009889,0.012803,0.000585,0.025970,0.000979
66.930000,SAMPLE,2,4.768866,-3.141779,1.508447,4.805178,-3.085562,1.518147,4.783596,-3.140473,1.510381,4.785187,-3.120538,1.507270,0.066924,0.009699,0.014788,0.001934,0.026787,0.001177
67.030000,SAMPLE,2,4.770101,-3.122410,1.507066,4.806191,-3.066790,1.516789,4.786372,-3.101226,1.505876,4.786175,-3.103143,1.506850,0.066303,0.009723,0.026712,0.001189,0.025092,0.000216
67.117000,SAMPLE,2,4.771172,-3.104839,1.513936,4.806984,-3.051505,1.522220,4.786372,-3.101226,1.505876,4.787153,-3.087706,1.512670,0.064242,0.008285,0.015623,0.008059,0.023429,0.001265
67.214000,SAMPLE,2,4.771953,-3.090110,1.521799,4.807779,-3.033407,1.531694,4.788368,-3.082431,1.511665,4.788290,-3.069455,1.521602,0.067073,0.009895,0.018123,0.010134,0.026335,0.000197
67.309000,SAMPLE,2,4.772789,-3.071282,1.530988,4.808453,-3.013755,1.541168,4.788231,-3.065039,1.520965,4.789186,-3.049219,1.530961,0.067685,0.010179,0.016656,0.010024,0.027489,0.000027
67.408000,SAMPLE,2,4.773466,-3.051982,1.540651,4.808928,-2.994677,1.550641,4.787498,-3.044944,1.528713,4.789707,-3.031109,1.538844,0.067390,0.009990,0.015698,0.011939,0.026448,0.001807
67.507000,SAMPLE,2,4.773961,-3.032446,1.550315,4.809226,-2.975321,1.560115,4.788540,-3.027933,1.538390,4.790135,-3.012278,1.547509,0.067133,0.009800,0.015262,0.011925,0.025853,0.002805
67.604000,SAMPLE,2,4.774268,-3.013080,1.559788,4.809343,-2.955764,1.569589,4.791500,-3.007370,1.549545,4.790698,-2.993607,1.556260,0.067197,0.009800,0.018153,0.010243,0.025478,0.003528
67.703000,SAMPLE,2,4.774387,-2.994135,1.569357,4.809276,-2.936817,1.579062,4.790715,-2.988423,1.558831,4.790889,-2.974498,1.565858,0.067102,0.009706,0.017299,0.010526,0.025650,0.003499
67.787000,SAMPLE,2,4.774361,-2.981158,1.576272,4.809103,-2.922439,1.586641,4.791050,-2.968906,1.568248,4.790910,-2.959542,1.573864,0.068227,0.010369,0.020703,0.008024,0.027223,0.002408
67.880000,SAMPLE,2,4.774209,-2.962991,1.581011,4.808823,-2.906936,1.590441,4.791010,-2.951781,1.577290,4.790838,-2.943923,1.578300,0.065880,0.009431,0.020198,0.003721,0.025300,0.002711
67.965000,SAMPLE,2,4.774016,-2.946353,1.583853,4.808429,-2.888361,1.593599,4.790517,-2.931905,1.581001,4.790640,-2.925321,1.581611,0.067433,0.009747,0.021932,0.002852,0.026809,0.002242
68.061000,SAMPLE,2,4.773752,-2.928270,1.586916,4.807970,-2.869588,1.596757,4.791107,-2.915563,1.584871,4.790481,-2.907112,1.584909,0.067930,0.009842,0.021510,0.002045,0.026973,0.002006
68.155000,SAMPLE,2,4.773438,-2.909078,1.587168,4.807553,-2.853593,1.596883,4.787992,-2.894926,1.586328,4.790248,-2.891114,1.585541,0.065133,0.009715,0.020300,0.000840,0.024603,0.001627
68.247000,SAMPLE,2,4.773190,-2.893984,1.587168,4.807064,-2.834853,1.596883,4.787407,-2.874522,1.586660,4.789404,-2.872246,1.585882,0.068146,0.009715,0.024101,0.000509,0.027119,0.001287
68.342000,SAMPLE,2,4.772896,-2.876030,1.587168,4.806575,-2.816143,1.596883,4.787915,-2.856942,1.586764,4.788962,-2.853444,1.586053,0.068707,0.009715,0.024288,0.000404,0.027717,0.001116
68.442000,SAMPLE,2,4.772577,-2.856548,1.587168,4.806080,-2.797150,1.596883,4.787915,-2.856942,1.586764,4.788673,-2.834499,1.586053,0.068196,0.009715,0.015343,0.000404,0.027299,0.001116
68.531000,SAMPLE,2,4.772303,-2.839771,1.587168,4.805705,-2.782786,1.596883,4.789543,-2.838537,1.586891,4.788558,-2.821124,1.586218,0.066053,0.009715,0.017285,0.000278,0.024737,0.000951
68.630000,SAMPLE,2,4.771975,-2.819796,1.587169,4.805192,-2.763109,1.596883,4.787682,-2.799863,1.586218,4.788130,-2.800863,1.586215,0.065702,0.009715,0.025377,0.000951,0.024888,0.000954
68.720000,SAMPLE,2,4.771732,-2.804935,1.587169,4.804694,-2.744020,1.596883,4.787462,-2.780133,1.586120,4.787895,-2.785623,1.586215,0.069260,0.009715,0.029370,0.001049,0.025183,0.000954
68.812000,SAMPLE,2,4.771438,-2.786990,1.587169,4.804304,-2.729099,1.596883,4.787462,-2.780133,1.586120,4.787556,-2.766170,1.586199,0.066570,0.009714,0.017430,0.001049,0.026330,0.000970
68.892000,SAMPLE,2,4.771153,-2.769819,1.588519,4.803885,-2.713105,1.597933,4.787288,-2.761215,1.586318,4.787280,-2.750058,1.588222,0.065482,0.009415,0.018286,0.002201,0.025506,0.000297
68.986000,SAMPLE,2,4.770730,-2.750852,1.599692,4.803265,-2.693483,1.608833,4.788376,-2.742239,1.588764,4.787052,-2.730505,1.598559,0.065953,0.009141,0.019637,0.010928,0.026085,0.001133
69.082000,SAMPLE,2,4.770190,-2.735429,1.610966,4.802584,-2.678077,1.620144,4.787274,-2.723184,1.601092,4.786644,-2.715069,1.609342,0.065869,0.009178,0.021020,0.009874,0.026179,0.001624
69.179000,SAMPLE,2,4.769317,-2.715953,1.619061,4.801518,-2.658401,1.628533,4.788154,-2.703482,1.612755,4.785808,-2.695465,1.618342,0.065949,0.009472,0.022592,0.006306,0.026301,0.000719
69.268000,SAMPLE,2,4.768422,-2.698702,1.626927,4.800353,-2.639489,1.636907,4.786407,-2.684135,1.619749,4.785298,-2.676984,1.624814,0.067274,0.009980,0.023144,0.007178,0.027504,0.002113
69.357000,SAMPLE,2,4.767368,-2.681304,1.635927,4.799314,-2.624631,1.644486,4.784732,-2.665786,1.629392,4.784474,-2.662171,1.632184,0.065057,0.008559,0.023288,0.006535,0.025665,0.003743
69.451000,SAMPLE,2,4.766073,-2.662751,1.644927,4.797781,-2.605154,1.653960,4.781006,-2.647969,1.639117,4.783198,-2.642634,1.641658,0.065748,0.009033,0.021012,0.005810,0.026419,0.003269
69.535000,SAMPLE,2,4.764985,-2.648459,1.648248,4.796414,-2.589213,1.657976,4.779988,-2.627543,1.646334,4.781812,-2.627319,1.644750,0.067067,0.009728,0.025741,0.001914,0.027019,0.003498
69.626000,SAMPLE,2,4.763603,-2.630975,1.651292,4.794795,-2.571011,1.661133,4.779988,-2.627543,1.646334,4.780205,-2.609167,1.648211,0.067592,0.009842,0.016741,0.004957,0.027408,0.003080
69.726000,SAMPLE,2,4.761976,-2.611212,1.654481,4.792976,-2.551284,1.664291,4.778500,-2.590210,1.651889,4.778588,-2.589295,1.651591,0.067471,0.009810,0.026723,0.002592,0.027501,0.002890
69.816000,SAMPLE,2,4.760439,-2.593201,1.657481,4.791533,-2.536100,1.666818,4.778500,-2.590210,1.651889,4.777350,-2.574187,1.654118,0.065018,0.009337,0.018307,0.005592,0.025446,0.003363
69.910000,SAMPLE,2,4.758833,-2.575059,1.660544,4.789704,-2.517421,1.669976,4.778448,-2.569234,1.656517,4.775994,-2.556062,1.657371,0.065385,0.009432,0.020462,0.004027,0.025601,0.003173
70.005000,SAMPLE,2,4.757132,-2.556471,1.663575,4.787736,-2.497952,1.673133,4.776189,-2.551162,1.659427,4.774275,-2.536018,1.660896,0.066039,0.009558,0.019782,0.004149,0.026687,0.002680
70.102000,SAMPLE,2,4.755704,-2.541309,1.665281,4.785875,-2.480059,1.674965,4.772797,-2.531591,1.662006,4.772546,-2.518524,1.662765,0.068278,0.009684,0.019662,0.003275,0.028334,0.002516
70.186000,SAMPLE,2,4.754171,-2.525173,1.666248,4.784304,-2.465067,1.676102,4.773844,-2.514480,1.664057,4.771375,-2.503802,1.663639,0.067236,0.009854,0.022391,0.002191,0.027435,0.002609
70.278000,SAMPLE,2,4.752416,-2.507106,1.669185,4.782633,-2.449451,1.678628,4.771228,-2.495618,1.665852,4.769972,-2.488225,1.666340,0.065094,0.009443,0.022043,0.003334,0.025783,0.002845
70.364000,SAMPLE,2,4.750812,-2.490920,1.669563,4.780630,-2.431044,1.679291,4.768211,-2.476393,1.667923,4.768108,-2.469743,1.667152,0.066889,0.009727,0.022666,0.001641,0.027342,0.002412
70.460000,SAMPLE,2,4.748883,-2.471468,1.669575,4.778482,-2.411329,1.679291,4.768211,-2.476393,1.667923,4.766183,-2.449836,1.667152,0.067029,0.009715,0.019946,0.001652,0.027700,0.002423
70.553000,SAMPLE,2,4.747286,-2.455644,1.674345,4.776717,-2.395427,1.684438,4.764722,-2.438939,1.671120,4.764640,-2.435016,1.671780,0.067024,0.010093,0.024146,0.003225,0.026957,0.002565
70.640000,SAMPLE,2,4.745427,-2.438463,1.682966,4.774460,-2.376445,1.693912,4.764722,-2.438939,1.671120,4.762646,-2.416047,1.681254,0.068477,0.010945,0.019300,0.011846,0.028266,0.001712
70.737000,SAMPLE,2,4.743138,-2.418966,1.692440,4.772440,-2.360615,1.701491,4.763257,-2.419423,1.679637,4.760932,-2.400552,1.688521,0.065295,0.009051,0.020125,0.012803,0.025607,0.003919
70.838000,SAMPLE,2,4.740594,-2.398956,1.702293,4.769783,-2.341111,1.710964,4.755603,-2.380463,1.698707,4.758455,-2.381546,1.697741,0.064792,0.008672,0.023818,0.003585,0.024942,0.004552
70.931000,SAMPLE,2,4.738171,-2.381223,1.709608,4.767079,-2.322560,1.718938,4.755603,-2.380463,1.698707,4.755636,-2.362636,1.706402,0.065399,0.009330,0.017449,0.010901,0.025505,0.003206
71.024000,SAMPLE,2,4.735460,-2.362391,1.718303,4.764047,-2.302791,1.727662,4.756396,-2.360690,1.708690,4.753008,-2.343072,1.715948,0.066101,0.009359,0.021004,0.009613,0.026098,0.002355
71.114000,SAMPLE,2,4.733309,-2.348255,1.725503,4.761611,-2.287756,1.735241,4.751448,-2.340848,1.715954,4.750590,-2.327820,1.723532,0.066792,0.009738,0.019593,0.009549,0.026762,0.001971
71.210000,SAMPLE,2,4.730447,-2.330437,1.734787,4.758484,-2.269442,1.744714,4.750740,-2.323372,1.725461,4.747788,-2.309437,1.733009,0.067130,0.009927,0.021487,0.009326,0.027234,0.001778
71.307000,SAMPLE,2,4.727210,-2.311448,1.744220,4.754977,-2.250030,1.754188,4.747174,-2.305547,1.734681,4.744412,-2.289392,1.742831,0.067403,0.009968,0.020817,0.009539,0.027971,0.001389
71.404000,SAMPLE,2,4.723770,-2.292333,1.753694,4.751319,-2.230806,1.763662,4.744270,-2.286466,1.744153,4.741064,-2.270254,1.752195,0.067413,0.009968,0.021322,0.009541,0.028045,0.001499
71.499000,SAMPLE,2,4.720491,-2.275033,1.762788,4.748411,-2.216209,1.771241,4.741093,-2.267204,1.753495,4.738441,-2.255763,1.759659,0.065114,0.008452,0.022040,0.009294,0.026335,0.003130
71.597000,SAMPLE,2,4.716621,-2.255587,1.770257,4.744433,-2.197082,1.779264,4.738214,-2.248824,1.763086,4.734838,-2.236606,1.768060,0.064780,0.009007,0.022628,0.007171,0.026309,0.002197
71.691000,SAMPLE,2,4.713442,-2.239973,1.773002,4.740435,-2.178346,1.782685,4.731926,-2.229055,1.769717,4.730890,-2.217836,1.771511,0.067279,0.009684,0.021468,0.003284,0.028187,0.001491
71.781000,SAMPLE,2,4.710068,-2.223631,1.774929,4.736419,-2.159796,1.784454,4.727242,-2.210316,1.772773,4.726822,-2.199162,1.772781,0.069060,0.009525,0.021730,0.002156,0.029654,0.002147
71.882000,SAMPLE,2,4.705877,-2.203575,1.780563,4.732127,-2.140262,1.791122,4.722087,-2.192998,1.774888,4.722393,-2.179777,1.779613,0.068539,0.010559,0.019356,0.005675,0.028968,0.000950
71.966000,SAMPLE,2,4.702338,-2.187279,1.788900,4.728747,-2.125432,1.798701,4.722860,-2.173918,1.783845,4.719570,-2.165591,1.786901,0.067249,0.009801,0.024488,0.005055,0.027700,0.001998
72.057000,SAMPLE,2,4.698225,-2.168925,1.791921,4.725122,-2.109946,1.801480,4.716725,-2.154818,1.791329,4.716069,-2.150083,1.789809,0.064823,0.009559,0.023265,0.000592,0.025950,0.002112
72.156000,SAMPLE,2,4.693979,-2.149913,1.788937,4.720759,-2.091280,1.798875,4.713617,-2.136338,1.790749,4.711996,-2.131535,1.788156,0.064459,0.009938,0.023874,0.001812,0.025737,0.000781
72.246000,SAMPLE,2,4.690970,-2.136267,1.786568,4.716593,-2.073207,1.795717,4.708807,-2.117796,1.787629,4.708005,-2.113546,1.785376,0.068067,0.009149,0.025677,0.001061,0.028398,0.001192
72.344000,SAMPLE,2,4.686670,-2.116508,1.783317,4.712206,-2.053888,1.792559,4.704374,-2.099389,1.784494,4.703634,-2.093719,1.782393,0.067627,0.009242,0.024627,0.001177,0.028410,0.000923
72.430000,SAMPLE,2,4.683049,-2.099615,1.780538,4.708789,-2.038645,1.790033,4.699895,-2.079699,1.781276,4.700220,-2.078196,1.780013,0.066181,0.009495,0.026085,0.000738,0.027453,0.000524
72.520000,SAMPLE,2,4.679463,-2.082647,1.777601,4.705554,-2.024041,1.787506,4.699895,-2.079699,1.781276,4.697130,-2.063572,1.777487,0.064151,0.009906,0.020644,0.003675,0.026000,0.000114
72.612000,SAMPLE,2,4.675626,-2.064273,1.776457,4.701389,-2.004997,1.785798,4.694544,-2.058033,1.777399,4.692995,-2.044637,1.775557,0.064633,0.009341,0.019920,0.000942,0.026215,0.000900
72.710000,SAMPLE,2,4.671702,-2.045593,1.779460,4.697179,-1.985844,1.788759,4.691324,-2.041274,1.775996,4.688995,-2.026012,1.778558,0.064954,0.009299,0.020092,0.003464,0.026124,0.000902
72.801000,SAMPLE,2,4.668441,-2.030291,1.781263,4.693081,-1.967463,1.790717,4.688708,-2.024719,1.779173,4.685249,-2.008316,1.780327,0.067486,0.009454,0.021019,0.002090,0.027666,0.000936
72.893000,SAMPLE,2,4.664709,-2.012822,1.781263,4.689662,-1.952167,1.790717,4.682573,-2.001455,1.780363,4.681886,-1.993194,1.780339,0.065587,0.009454,0.021174,0.000900,0.026082,0.000925
72.982000,SAMPLE,2,4.661186,-1.996331,1.781263,4.685529,-1.933676,1.790717,4.678627,-1.983889,1.780226,4.677748,-1.974439,1.780322,0.067217,0.009454,0.021424,0.001037,0.027451,0.000941
73.081000,SAMPLE,2,4.657228,-1.977801,1.781263,4.681496,-1.915637,1.790717,4.677543,-1.968094,1.780891,4.674067,-1.956527,1.780424,0.066733,0.009454,0.022515,0.000372,0.027132,0.000839
73.174000,SAMPLE,2,4.653225,-1.959101,1.782511,4.678017,-1.900085,1.791664,4.672323,-1.946127,1.780572,4.670831,-1.941038,1.781597,0.064012,0.009153,0.023088,0.001939,0.025224,0.000915
73.272000,SAMPLE,2,4.649141,-1.940242,1.785638,4.673684,-1.880926,1.794822,4.667012,-1.929519,1.782822,4.666565,-1.921921,1.784634,0.064192,0.009184,0.020840,0.002816,0.025283,0.001003
73.366000,SAMPLE,2,4.645018,-1.921368,1.785871,4.669267,-1.861582,1.795296,4.663234,-1.909650,1.786525,4.662327,-1.902876,1.785002,0.064516,0.009424,0.021659,0.000653,0.025328,0.000869
73.462000,SAMPLE,2,4.641335,-1.904678,1.791308,4.664769,-1.842095,1.801585,4.659279,-1.889917,1.787975,4.657871,-1.882753,1.791073,0.066827,0.010277,0.023235,0.003333,0.027462,0.000235
73.556000,SAMPLE,2,4.637303,-1.887046,1.800119,4.661119,-1.826819,1.809164,4.657654,-1.872389,1.796283,4.654415,-1.867519,1.798652,0.064764,0.009046,0.025079,0.003836,0.025964,0.001467
73.645000,SAMPLE,2,4.633185,-1.869730,1.807392,4.656476,-1.808081,1.816938,4.652534,-1.853846,1.805800,4.650535,-1.849332,1.806659,0.065902,0.009546,0.025033,0.001592,0.026778,0.000733
73.741000,SAMPLE,2,4.628485,-1.850381,1.810758,4.652611,-1.792783,1.819570,4.647701,-1.835035,1.809911,4.646836,-1.834004,1.809186,0.062447,0.008812,0.024591,0.000847,0.024596,0.001572
73.835000,SAMPLE,2,4.624304,-1.833380,1.812380,4.647998,-1.774731,1.821780,4.647701,-1.835035,1.809911,4.642534,-1.816130,1.811215,0.063254,0.009400,0.023455,0.002469,0.025098,0.001165
73.931000,SAMPLE,2,4.620794,-1.819133,1.812380,4.643554,-1.757397,1.821780,4.641918,-1.812233,1.812051,4.638397,-1.799129,1.811381,0.065797,0.009400,0.022223,0.000329,0.026646,0.000999
74.030000,SAMPLE,2,4.616099,-1.800231,1.817846,4.638624,-1.738340,1.827685,4.634473,-1.778501,1.816279,4.633762,-1.780136,1.817294,0.065862,0.009839,0.028457,0.001567,0.026754,0.000552
74.126000,SAMPLE,2,4.611380,-1.781880,1.827320,4.633686,-1.719895,1.837159,4.634473,-1.778501,1.816279,4.629145,-1.761503,1.826577,0.065876,0.009839,0.023338,0.011041,0.027033,0.000743
74.226000,SAMPLE,2,4.606229,-1.762628,1.837173,4.628498,-1.701234,1.846633,4.628264,-1.758923,1.825629,4.624218,-1.742905,1.835505,0.065308,0.009460,0.022345,0.011543,0.026695,0.001667
74.316000,SAMPLE,2,4.601258,-1.744585,1.841404,4.624106,-1.685849,1.850422,4.624740,-1.740319,1.834212,4.620226,-1.727614,1.839207,0.063024,0.009018,0.023867,0.007192,0.025453,0.002197
74.415000,SAMPLE,2,4.596947,-1.729114,1.843109,4.618699,-1.667119,1.852570,4.617448,-1.720710,1.840633,4.614923,-1.708815,1.841768,0.065701,0.009460,0.022157,0.002476,0.027114,0.001342
74.511000,SAMPLE,2,4.591571,-1.709882,1.844659,4.613132,-1.647909,1.854270,4.611769,-1.704151,1.842790,4.609313,-1.689454,1.842962,0.065616,0.009610,0.020995,0.001869,0.027057,0.001697
74.597000,SAMPLE,2,4.586795,-1.693100,1.852236,4.608608,-1.632563,1.861222,4.606458,-1.684407,1.844670,4.604620,-1.673482,1.850854,0.064348,0.008986,0.021499,0.007566,0.026507,0.001382
74.691000,SAMPLE,2,4.581541,-1.675228,1.861331,4.602901,-1.613790,1.870696,4.601682,-1.666777,1.853690,4.599219,-1.655258,1.859775,0.065045,0.009365,0.021842,0.007640,0.026670,0.001555
74.775000,SAMPLE,2,4.576576,-1.658866,1.869573,4.598160,-1.598663,1.878275,4.596265,-1.646716,1.862890,4.594566,-1.639901,1.867229,0.063956,0.008702,0.023136,0.006682,0.026141,0.002343
74.872000,SAMPLE,2,4.570772,-1.640300,1.876957,4.592022,-1.579628,1.886148,4.589814,-1.628222,1.872371,4.588516,-1.620768,1.874605,0.064286,0.009192,0.022550,0.004586,0.026389,0.002352
74.968000,SAMPLE,2,4.564808,-1.621544,1.880252,4.585904,-1.560985,1.889491,4.584730,-1.609095,1.878709,4.582588,-1.602074,1.878394,0.064128,0.009239,0.023491,0.001543,0.026367,0.001858
75.062000,SAMPLE,2,4.560087,-1.606830,1.881799,4.579798,-1.542560,1.891259,4.579199,-1.591773,1.881580,4.576673,-1.583618,1.880533,0.067225,0.009460,0.024331,0.000219,0.028529,0.001266
75.155000,SAMPLE,2,4.554382,-1.589082,1.881799,4.574864,-1.527694,1.891259,4.573044,-1.571978,1.882128,4.571904,-1.568737,1.880834,0.064715,0.009460,0.025315,0.000330,0.026851,0.000964
75.255000,SAMPLE,2,4.548247,-1.570132,1.887980,4.568695,-1.509224,1.896959,4.566874,-1.553786,1.884510,4.565926,-1.550251,1.887584,0.064249,0.008979,0.024782,0.003471,0.026605,0.000396
75.355000,SAMPLE,2,4.541831,-1.550908,1.897807,4.562256,-1.490489,1.906527,4.562689,-1.534255,1.893319,4.559675,-1.531430,1.897163,0.063778,0.008721,0.026691,0.004487,0.026416,0.000643
75.440000,SAMPLE,2,4.536163,-1.534422,1.906144,4.555578,-1.471637,1.916001,4.556167,-1.515514,1.902636,4.554918,-1.516615,1.903984,0.065718,0.009857,0.027526,0.003507,0.025862,0.002160
75.538000,SAMPLE,2,4.530728,-1.519015,1.912854,4.550289,-1.457095,1.922280,4.549533,-1.496404,1.911773,4.548577,-1.497454,1.911463,0.064936,0.009426,0.029408,0.001081,0.027990,0.001391
75.636000,SAMPLE,2,4.524005,-1.500230,1.915278,4.543372,-1.438329,1.924748,4.542460,-1.477432,1.915189,4.541770,-1.478041,1.914637,0.064860,0.009471,0.029332,0.000089,0.028425,0.000641
75.725000,SAMPLE,2,4.517670,-1.482574,1.915278,4.536735,-1.420369,1.924748,4.535385,-1.461515,1.915519,4.535319,-1.460024,1.914637,0.065061,0.009471,0.027520,0.000242,0.028636,0.000641
75.824000,SAMPLE,2,4.511087,-1.464356,1.921369,4.529790,-1.401715,1.931133,4.528762,-1.443672,1.919823,4.528401,-1.441218,1.920807,0.065374,0.009764,0.027207,0.001546,0.028899,0.000561
75.924000,SAMPLE,2,4.504056,-1.445412,1.931032,4.522649,-1.383033,1.940606,4.528762,-1.443672,1.919823,4.521472,-1.422457,1.930281,0.065091,0.009574,0.024767,0.011209,0.028814,0.000751
76.020000,SAMPLE,2,4.496986,-1.426906,1.940506,4.516810,-1.368136,1.948185,4.514079,-1.404956,1.938860,4.515804,-1.407808,1.937667,0.062023,0.007680,0.027820,0.001646,0.026811,0.002839
76.114000,SAMPLE,2,4.491236,-1.412225,1.946781,4.509544,-1.350046,1.956209,4.514079,-1.404956,1.938860,4.508506,-1.389249,1.945364,0.064818,0.009428,0.023972,0.007921,0.028742,0.001416
76.204000,SAMPLE,2,4.484400,-1.394942,1.947496,4.502012,-1.331519,1.956970,4.506693,-1.386448,1.946752,4.501127,-1.370754,1.946357,0.065823,0.009473,0.023856,0.000744,0.029408,0.001140
76.292000,SAMPLE,2,4.478041,-1.378851,1.947511,4.496224,-1.317282,1.956970,4.499940,-1.367254,1.947357,4.495769,-1.357138,1.946553,0.064198,0.009459,0.024780,0.000154,0.028030,0.000957
76.379000,SAMPLE,2,4.471938,-1.363420,1.946311,4.490612,-1.303474,1.956085,4.493031,-1.350729,1.947103,4.490067,-1.342759,1.945392,0.062788,0.009775,0.024616,0.000792,0.027487,0.000919
76.461000,SAMPLE,2,4.466217,-1.348854,1.943848,4.483125,-1.284928,1.952927,4.486475,-1.332652,1.945123,4.482850,-1.324271,1.942543,0.066125,0.009080,0.025941,0.001276,0.029682,0.001304
76.558000,SAMPLE,2,4.459449,-1.331501,1.942511,4.477174,-1.270076,1.951851,4.478844,-1.313949,1.942944,4.477076,-1.309467,1.942264,0.063931,0.009340,0.026158,0.000433,0.028217,0.000247
76.650000,SAMPLE,2,4.452545,-1.313858,1.945274,4.469711,-1.251520,1.954733,4.471785,-1.297196,1.944702,4.469858,-1.291153,1.945194,0.064658,0.009459,0.025452,0.000572,0.028552,0.000080
76.734000,SAMPLE,2,4.445955,-1.297080,1.943945,4.463720,-1.236684,1.953593,4.471785,-1.297196,1.944702,4.464015,-1.276259,1.943457,0.062954,0.009648,0.025831,0.000757,0.027562,0.000488
76.823000,SAMPLE,2,4.439426,-1.280387,1.943619,4.456582,-1.218929,1.953025,4.462481,-1.276080,1.944382,4.457032,-1.258886,1.943136,0.063808,0.009406,0.023454,0.000763,0.027790,0.000483
76.923000,SAMPLE,2,4.433439,-1.265014,1.939611,4.449379,-1.200915,1.947938,4.448275,-1.241115,1.939857,4.449565,-1.240816,1.937323,0.066051,0.008326,0.028130,0.000245,0.029079,0.002288
77.019000,SAMPLE,2,4.426317,-1.246344,1.930483,4.443542,-1.186018,1.940438,4.448275,-1.241115,1.939857,4.443870,-1.225863,1.930008,0.062737,0.009955,0.022572,0.009374,0.026973,0.000475
77.111000,SAMPLE,2,4.419907,-1.229148,1.925630,4.436765,-1.168358,1.935120,4.442388,-1.222366,1.930758,4.437413,-1.208724,1.924684,0.063084,0.009490,0.023482,0.005128,0.026900,0.000945
77.200000,SAMPLE,2,4.414003,-1.213144,1.922762,4.431524,-1.154562,1.932593,4.435936,-1.206294,1.925480,4.432403,-1.195381,1.922558,0.061146,0.009831,0.022978,0.002718,0.025575,0.000204
77.296000,SAMPLE,2,4.407405,-1.195094,1.919659,4.424585,-1.136141,1.929435,4.429821,-1.187970,1.922070,4.425850,-1.177462,1.919660,0.061405,0.009776,0.023521,0.002411,0.025517,0.000001
77.388000,SAMPLE,2,4.402324,-1.181072,1.917133,4.418095,-1.118744,1.926277,4.421930,-1.169259,1.919171,4.419374,-1.159920,1.916649,0.064292,0.009144,0.022890,0.002038,0.027168,0.000484
77.481000,SAMPLE,2,4.396264,-1.164215,1.914110,4.411566,-1.101070,1.923120,4.417296,-1.151563,1.916551,4.413150,-1.142327,1.913826,0.064973,0.009010,0.024544,0.002441,0.027644,0.000284
77.575000,SAMPLE,2,4.389938,-1.146446,1.912202,4.406176,-1.086363,1.921604,4.410649,-1.133334,1.913267,4.407939,-1.127482,1.912058,0.062239,0.009402,0.024513,0.001066,0.026147,0.000143
77.672000,SAMPLE,2,4.383593,-1.128571,1.910320,4.399785,-1.068884,1.920004,4.403739,-1.115697,1.912325,4.401544,-1.109491,1.911107,0.061844,0.009683,0.023908,0.002005,0.026197,0.000786
77.762000,SAMPLE,2,4.377844,-1.112106,1.903956,4.393420,-1.051195,1.913306,4.397189,-1.097792,1.907661,4.395202,-1.091523,1.904059,0.062871,0.009350,0.024065,0.003704,0.026925,0.000102
77.855000,SAMPLE,2,4.371902,-1.094825,1.898883,4.388175,-1.036413,1.909201,4.389729,-1.079094,1.903192,4.389910,-1.076650,1.899708,0.060637,0.010318,0.023775,0.004309,0.025586,0.000825
77.952000,SAMPLE,2,4.366884,-1.079900,1.891031,4.382089,-1.018871,1.899977,4.384170,-1.061615,1.894947,4.383849,-1.059001,1.890985,0.062895,0.008947,0.025162,0.003916,0.026918,0.000046
78.050000,SAMPLE,2,4.360635,-1.060750,1.881337,4.375815,-1.000213,1.890504,4.378347,-1.043907,1.885414,4.377481,-1.039742,1.881494,0.062411,0.009167,0.024442,0.004077,0.026928,0.000157
78.135000,SAMPLE,2,4.355383,-1.044143,1.872918,4.370981,-0.985425,1.882925,4.371703,-1.025529,1.875747,4.372522,-1.024606,1.873904,0.060754,0.010007,0.024756,0.002830,0.025989,0.000987
78.234000,SAMPLE,2,4.349800,-1.025925,1.863349,4.365371,-0.967747,1.873451,4.367001,-1.007250,1.866425,4.366862,-1.006318,1.864449,0.060225,0.010102,0.025389,0.003075,0.025991,0.001100
78.324000,SAMPLE,2,4.344576,-1.008310,1.854728,4.359500,-0.948628,1.863977,4.360496,-0.987606,1.856663,4.361146,-0.987153,1.854976,0.061520,0.009249,0.026117,0.001935,0.026874,0.000247
78.417000,SAMPLE,2,4.339494,-0.990596,1.845444,4.355225,-0.934272,1.856398,4.360496,-0.987606,1.856663,4.356919,-0.972935,1.847727,0.058480,0.010954,0.021214,0.011219,0.024810,0.002283
78.511000,SAMPLE,2,4.335335,-0.975597,1.835937,4.350096,-0.916470,1.845425,4.355900,-0.968682,1.847295,4.351848,-0.954800,1.836102,0.060942,0.009488,0.021696,0.011358,0.026556,0.000165
78.603000,SAMPLE,2,4.330552,-0.957450,1.821713,4.344913,-0.897546,1.831646,4.352527,-0.950291,1.835630,4.347096,-0.936288,1.822805,0.061601,0.009933,0.023112,0.013916,0.026861,0.001092
78.696000,SAMPLE,2,4.326251,-0.940345,1.812532,4.341124,-0.883131,1.823962,4.345743,-0.932322,1.822198,4.343457,-0.922304,1.815537,0.059116,0.011430,0.021078,0.009666,0.024930,0.003005
78.785000,SAMPLE,2,4.322190,-0.923528,1.802020,4.336527,-0.864966,1.812488,4.341282,-0.914059,1.812544,4.338930,-0.903956,1.804212,0.060291,0.010468,0.021311,0.010524,0.025755,0.002192
78.882000,SAMPLE,2,4.317779,-0.904167,1.788328,4.331982,-0.845933,1.798854,4.337839,-0.895943,1.798928,4.334599,-0.884877,1.790406,0.059941,0.010526,0.021680,0.010600,0.025593,0.002078
78.960000,SAMPLE,2,4.315116,-0.891935,1.781901,4.328712,-0.831596,1.791209,4.333599,-0.876182,1.786459,4.331519,-0.870386,1.782794,0.061851,0.009308,0.024285,0.004557,0.027081,0.000893
79.046000,SAMPLE,2,4.311824,-0.876277,1.773843,4.325455,-0.816792,1.783630,4.329828,-0.857834,1.777139,4.328371,-0.854909,1.774856,0.061026,0.009787,0.025773,0.003295,0.027025,0.001013
79.131000,SAMPLE,2,4.308422,-0.859399,1.765391,4.322290,-0.801872,1.776051,4.324174,-0.838233,1.767377,4.325341,-0.840057,1.767261,0.059175,0.010660,0.026384,0.001986,0.025698,0.001870
79.226000,SAMPLE,2,4.304880,-0.840983,1.756107,4.318516,-0.783304,1.766577,4.320532,-0.820062,1.757996,4.321385,-0.820669,1.757498,0.059268,0.010471,0.026127,0.001889,0.026173,0.001391
79.315000,SAMPLE,2,4.301523,-0.822628,1.747296,4.315481,-0.767691,1.758998,4.316894,-0.800086,1.748610,4.318460,-0.804938,1.749919,0.056682,0.011702,0.027284,0.001314,0.024490,0.002623
79.403000,SAMPLE,2,4.298555,-0.805576,1.738770,4.311987,-0.748865,1.749525,4.316894,-0.800086,1.748610,4.314954,-0.785524,1.740203,0.058279,0.010755,0.019143,0.009840,0.025904,0.001433
79.498000,SAMPLE,2,4.296100,-0.790762,1.731191,4.309398,-0.734219,1.741946,4.313980,-0.781209,1.738958,4.312451,-0.770861,1.732751,0.058086,0.010755,0.020272,0.007767,0.025757,0.001560
79.594000,SAMPLE,2,4.293201,-0.772298,1.721708,4.306335,-0.715969,1.732472,4.310966,-0.762649,1.729641,4.309461,-0.752264,1.723376,0.057840,0.010765,0.020216,0.007933,0.025802,0.001668
79.689000,SAMPLE,2,4.290372,-0.753105,1.712391,4.303268,-0.696600,1.722998,4.308099,-0.744887,1.720017,4.306534,-0.732966,1.713961,0.057959,0.010607,0.019540,0.007626,0.025822,0.001570
79.787000,SAMPLE,2,4.287859,-0.734864,1.702823,4.300618,-0.678764,1.713525,4.304607,-0.725329,1.710157,4.303931,-0.715124,1.704487,0.057533,0.010702,0.019272,0.007334,0.025455,0.001665
79.876000,SAMPLE,2,4.285521,-0.716663,1.694107,4.298432,-0.663127,1.705946,4.302254,-0.706760,1.700775,4.301768,-0.699209,1.696925,0.055072,0.011839,0.019444,0.006669,0.023846,0.002818
79.974000,SAMPLE,2,4.283186,-0.697075,1.684633,4.295874,-0.643631,1.696472,4.299531,-0.687459,1.691057,4.299290,-0.679795,1.687419,0.054930,0.011839,0.018964,0.006423,0.023621,0.002786
80.059000,SAMPLE,2,4.281631,-0.683056,1.677812,4.293998,-0.628303,1.688893,4.298904,-0.667159,1.681628,4.297529,-0.664380,1.679840,0.056132,0.011081,0.023475,0.003816,0.024527,0.002028
80.147000,SAMPLE,2,4.279707,-0.664379,1.669002,4.291735,-0.608431,1.679420,4.296385,-0.647128,1.672105,4.295624,-0.644631,1.670616,0.057226,0.010418,0.023995,0.003103,0.025364,0.001615
80.245000,SAMPLE,2,4.277974,-0.645936,1.659717,4.289801,-0.589901,1.669946,4.294392,-0.626442,1.662812,4.293875,-0.625798,1.661098,0.057270,0.010228,0.025487,0.003094,0.025659,0.001380
80.344000,SAMPLE,2,4.276357,-0.626749,1.650054,4.288034,-0.571205,1.660472,4.292202,-0.608722,1.653447,4.292207,-0.606773,1.651611,0.056757,0.010418,0.024000,0.003393,0.025500,0.001557
80.443000,SAMPLE,2,4.274839,-0.606414,1.640486,4.286337,-0.551277,1.650998,4.291112,-0.588967,1.644105,4.290670,-0.586152,1.641802,0.056323,0.010513,0.023858,0.003619,0.025713,0.001316
80.523000,SAMPLE,2,4.273908,-0.592390,1.633570,4.285175,-0.536101,1.643420,4.289955,-0.569767,1.634553,4.289638,-0.571029,1.634223,0.057406,0.009850,0.027736,0.000983,0.026527,0.000653
80.622000,SAMPLE,2,4.272840,-0.574048,1.624381,4.283895,-0.517249,1.633946,4.288319,-0.550510,1.625058,4.288511,-0.551366,1.624506,0.057864,0.009565,0.028172,0.000678,0.027569,0.000126
80.722000,SAMPLE,2,4.271852,-0.553847,1.614717,4.282754,-0.497757,1.624472,4.288319,-0.550510,1.625058,4.287538,-0.531917,1.615033,0.057140,0.009755,0.016802,0.010341,0.026963,0.000315
80.817000,SAMPLE,2,4.271115,-0.535093,1.605244,4.282010,-0.482880,1.616893,4.286482,-0.530052,1.615082,4.286789,-0.517323,1.607843,0.053337,0.011650,0.016173,0.009839,0.023695,0.002599
80.912000,SAMPLE,2,4.270557,-0.516595,1.597877,4.281240,-0.464328,1.609020,4.286559,-0.511822,1.605573,4.286171,-0.497955,1.598952,0.053348,0.011143,0.016699,0.007696,0.024315,0.001075
81.007000,SAMPLE,2,4.270063,-0.497189,1.594645,4.280524,-0.444720,1.605651,4.286648,-0.492353,1.597878,4.285721,-0.478192,1.595494,0.053501,0.011006,0.017275,0.003232,0.024618,0.000849
81.100000,SAMPLE,2,4.269738,-0.482859,1.592214,4.280024,-0.429834,1.603125,4.286472,-0.472433,1.595099,4.285467,-0.463119,1.593010,0.054013,0.010911,0.019716,0.002885,0.025239,0.000796
81.197000,SAMPLE,2,4.269358,-0.463727,1.589088,4.279433,-0.410611,1.599967,4.284893,-0.455403,1.591949,4.285013,-0.443886,1.589892,0.054063,0.010879,0.017625,0.002862,0.025274,0.000804
81.291000,SAMPLE,2,4.269046,-0.445108,1.585930,4.278920,-0.392029,1.596809,4.283946,-0.434534,1.588777,4.284568,-0.425608,1.586890,0.053990,0.010879,0.018270,0.002847,0.024924,0.000960
81.386000,SAMPLE,2,4.268800,-0.426966,1.582867,4.278465,-0.373403,1.593651,4.283693,-0.416029,1.585544,4.284202,-0.406586,1.583719,0.054428,0.010784,0.018478,0.002677,0.025545,0.000852
81.483000,SAMPLE,2,4.268597,-0.407747,1.579772,4.278049,-0.353870,1.590493,4.284264,-0.397621,1.581561,4.284003,-0.387449,1.580510,0.054699,0.010721,0.018655,0.001789,0.025482,0.000737
81.567000,SAMPLE,2,4.268473,-0.391459,1.576993,4.277776,-0.339094,1.587967,4.284279,-0.377907,1.578417,4.283923,-0.372481,1.577827,0.053185,0.010974,0.020821,0.001423,0.024472,0.000834
81.666000,SAMPLE,2,4.268396,-0.375533,1.574309,4.277485,-0.320338,1.584809,4.283676,-0.361171,1.575934,4.283790,-0.354121,1.574792,0.055938,0.010500,0.020971,0.001625,0.026372,0.000483
81.758000,SAMPLE,2,4.268358,-0.357464,1.571341,4.277290,-0.305076,1.582283,4.282289,-0.342002,1.571737,4.283744,-0.338963,1.572266,0.053143,0.010942,0.020811,0.000396,0.024062,0.000925
81.850000,SAMPLE,2,4.268375,-0.339594,1.568373,4.277102,-0.286130,1.579125,4.282282,-0.323150,1.568562,4.283441,-0.319829,1.568708,0.054171,0.010752,0.021535,0.000189,0.024853,0.000336
81.950000,SAMPLE,2,4.268453,-0.320341,1.565152,4.276976,-0.267320,1.575967,4.284121,-0.304461,1.566128,4.283581,-0.300961,1.565538,0.053702,0.010815,0.022309,0.000976,0.024585,0.000386
82.043000,SAMPLE,2,4.268584,-0.301965,1.562120,4.276907,-0.248236,1.572809,4.283466,-0.285169,1.563292,4.283677,-0.281884,1.562434,0.054370,0.010689,0.022441,0.001172,0.025121,0.000313
82.139000,SAMPLE,2,4.268767,-0.284092,1.558994,4.276896,-0.233857,1.570283,4.283466,-0.285169,1.563292,4.283810,-0.267568,1.559908,0.050889,0.011289,0.014739,0.004298,0.022346,0.000913
82.226000,SAMPLE,2,4.268955,-0.269585,1.556689,4.276938,-0.214320,1.567125,4.283966,-0.265420,1.559904,4.284067,-0.247736,1.556748,0.055839,0.010436,0.015579,0.003215,0.026566,0.000059
82.325000,SAMPLE,2,4.269267,-0.249650,1.553500,4.277040,-0.194752,1.563967,4.285493,-0.244672,1.556079,4.284533,-0.228294,1.553578,0.055445,0.010467,0.016972,0.002580,0.026251,0.000078
82.420000,SAMPLE,2,4.269614,-0.231254,1.550405,4.277161,-0.179900,1.561441,4.283184,-0.228287,1.552865,4.284632,-0.213948,1.551041,0.051906,0.011035,0.013891,0.002460,0.022914,0.000636
82.520000,SAMPLE,2,4.270055,-0.211184,1.547184,4.277425,-0.156396,1.557651,4.284714,-0.189469,1.546636,4.285015,-0.189953,1.546902,0.055282,0.010467,0.026200,0.000548,0.025973,0.000282
82.619000,SAMPLE,2,4.270533,-0.192209,1.543963,4.277639,-0.141524,1.555125,4.284714,-0.189469,1.546636,4.285382,-0.175157,1.544376,0.051181,0.011162,0.014443,0.002673,0.022611,0.000413
82.712000,SAMPLE,2,4.271027,-0.174797,1.540900,4.277947,-0.123632,1.551967,4.286012,-0.169100,1.543274,4.285947,-0.156975,1.541127,0.051631,0.011067,0.016031,0.002374,0.023243,0.000227
82.809000,SAMPLE,2,4.271639,-0.155325,1.537805,4.278349,-0.103994,1.548809,4.285535,-0.151766,1.540887,4.286466,-0.137581,1.538172,0.051768,0.011004,0.014344,0.003082,0.023123,0.000366
82.906000,SAMPLE,2,4.272152,-0.139955,1.536583,4.278759,-0.085830,1.547167,4.286069,-0.131623,1.537866,4.286998,-0.119304,1.536853,0.054527,0.010584,0.016221,0.001283,0.025434,0.000270
83.002000,SAMPLE,2,4.272802,-0.121709,1.534483,4.279228,-0.067036,1.545367,4.287234,-0.113214,1.536238,4.287674,-0.100155,1.534961,0.055049,0.010884,0.016746,0.001755,0.026186,0.000478
83.095000,SAMPLE,2,4.273486,-0.102900,1.534483,4.279627,-0.051357,1.545367,4.288204,-0.095245,1.534453,4.288284,-0.084478,1.534864,0.051908,0.010884,0.016590,0.000030,0.023629,0.000381
83.182000,SAMPLE,2,4.274076,-0.086647,1.534483,4.280097,-0.032889,1.545367,4.291366,-0.072965,1.534653,4.289273,-0.066038,1.534813,0.054094,0.010884,0.022048,0.000170,0.025606,0.000330
83.280000,SAMPLE,2,4.274755,-0.067955,1.534483,4.280474,-0.018052,1.545367,4.292434,-0.054895,1.534630,4.290156,-0.050630,1.534769,0.050230,0.010884,0.021979,0.000147,0.023181,0.000286
83.377000,SAMPLE,2,4.275454,-0.048736,1.534483,4.280962,0.001131,1.545367,4.292255,-0.036636,1.534439,4.291061,-0.030767,1.534704,0.050171,0.010884,0.020705,0.000044,0.023801,0.000221
83.460000,SAMPLE,2,4.275917,-0.035975,1.534483,4.281332,0.015664,1.545367,4.292460,-0.017931,1.534571,4.291706,-0.016025,1.534675,0.051922,0.010884,0.024480,0.000088,0.025442,0.000192
83.555000,SAMPLE,2,4.276616,-0.016758,1.534483,4.281828,0.035173,1.545367,4.292975,0.000677,1.534469,4.292499,0.003676,1.534634,0.052192,0.010884,0.023908,0.000014,0.025881,0.000151
83.639000,SAMPLE,2,4.277213,-0.000316,1.534483,4.282218,0.050526,1.545367,4.292975,0.000677,1.534469,4.293054,0.019013,1.534634,0.051088,0.010884,0.015793,0.000014,0.024991,0.000151
83.732000,SAMPLE,2,4.277848,0.017158,1.534483,4.282679,0.068646,1.545367,4.292333,0.021028,1.534449,4.293607,0.036892,1.534600,0.051715,0.010884,0.014993,0.000034,0.025254,0.000118
83.814000,SAMPLE,2,4.278379,0.031768,1.534483,4.283078,0.084326,1.545367,4.293117,0.039230,1.535086,4.294096,0.052496,1.534696,0.052767,0.010884,0.016519,0.000603,0.026013,0.000214
83.910000,SAMPLE,2,4.279071,0.050809,1.534483,4.283577,0.103951,1.545367,4.294029,0.057499,1.535038,4.294774,0.072181,1.534761,0.053333,0.010884,0.016386,0.000555,0.026521,0.000278
84.003000,SAMPLE,2,4.279717,0.068598,1.534483,4.284047,0.122440,1.545367,4.295459,0.076308,1.533896,4.295499,0.090216,1.534592,0.054015,0.010884,0.017528,0.000587,0.026766,0.000109
84.100000,SAMPLE,2,4.280434,0.088321,1.534483,4.284553,0.142307,1.545367,4.295733,0.094405,1.533771,4.296244,0.110225,1.534439,0.054143,0.010884,0.016464,0.000712,0.027014,0.000044
84.198000,SAMPLE,2,4.281110,0.106941,1.534483,4.284932,0.157228,1.545367,4.295982,0.115366,1.533600,4.296745,0.125196,1.534283,0.050433,0.010884,0.017092,0.000882,0.024035,0.000200
84.291000,SAMPLE,2,4.281656,0.121940,1.534483,4.285403,0.175749,1.545367,4.296297,0.133413,1.533517,4.297354,0.144046,1.534142,0.053939,0.010885,0.018601,0.000965,0.027113,0.000341
84.385000,SAMPLE,2,4.282355,0.141180,1.534483,4.285901,0.195321,1.545367,4.296206,0.152128,1.533544,4.297929,0.164084,1.534037,0.054257,0.010885,0.017656,0.000938,0.027697,0.000445
84.463000,SAMPLE,2,4.282911,0.156497,1.534483,4.286275,0.210032,1.545367,4.297250,0.171943,1.533623,4.298360,0.178807,1.533962,0.053641,0.010885,0.021075,0.000859,0.027136,0.000521
84.560000,SAMPLE,2,4.283600,0.175431,1.534482,4.286653,0.224870,1.545367,4.299730,0.189954,1.534043,4.298910,0.193745,1.533962,0.049533,0.010885,0.021705,0.000440,0.023870,0.000521
84.656000,SAMPLE,2,4.284184,0.191526,1.534482,4.287154,0.244558,1.545367,4.300584,0.210110,1.534003,4.299862,0.213431,1.533976,0.053116,0.010885,0.024786,0.000480,0.026938,0.000506
84.750000,SAMPLE,2,4.284865,0.210271,1.534482,4.287635,0.263499,1.545367,4.300595,0.228870,1.533958,4.300596,0.232840,1.533972,0.053300,0.010885,0.024358,0.000524,0.027511,0.000510
84.834000,SAMPLE,2,4.285513,0.228090,1.534482,4.288038,0.279347,1.545367,4.301006,0.246628,1.534008,4.301182,0.248745,1.533972,0.051319,0.010885,0.024160,0.000474,0.025926,0.000510
84.931000,SAMPLE,2,4.286204,0.247130,1.534482,4.288525,0.298477,1.545367,4.300515,0.266439,1.533699,4.301725,0.267902,1.533932,0.051400,0.010885,0.024034,0.000783,0.025931,0.000550
85.018000,SAMPLE,2,4.286800,0.263530,1.534482,4.288903,0.313357,1.545367,4.300515,0.266439,1.533699,4.302272,0.282713,1.533932,0.049871,0.010885,0.014020,0.000783,0.024645,0.000550
85.115000,SAMPLE,2,4.287365,0.279128,1.535344,4.289371,0.331835,1.546251,4.301058,0.284729,1.533650,4.302799,0.301166,1.535145,0.052746,0.010907,0.014795,0.001694,0.026906,0.000199
85.209000,SAMPLE,2,4.288014,0.298150,1.537434,4.289826,0.351482,1.548367,4.302501,0.302646,1.534332,4.303441,0.320432,1.536764,0.053363,0.010933,0.015169,0.003102,0.027102,0.000669
85.303000,SAMPLE,2,4.288586,0.315288,1.537434,4.290230,0.369499,1.548367,4.303756,0.322309,1.536456,4.304078,0.338151,1.536705,0.054235,0.010933,0.016716,0.000977,0.027617,0.000729
85.403000,SAMPLE,2,4.289237,0.335532,1.540222,4.290648,0.389368,1.551336,4.304692,0.340559,1.536517,4.304804,0.357950,1.539193,0.053855,0.011114,0.016252,0.003705,0.027293,0.001028
85.494000,SAMPLE,2,4.289785,0.353634,1.540575,4.290936,0.404355,1.551557,4.304473,0.359766,1.539364,4.305219,0.372592,1.539739,0.050734,0.010982,0.015917,0.001211,0.024446,0.000836
85.587000,SAMPLE,2,4.290253,0.369100,1.540575,4.291294,0.422962,1.551557,4.304700,0.378890,1.539777,4.305712,0.391218,1.539748,0.053872,0.010982,0.017452,0.000798,0.026985,0.000826
85.681000,SAMPLE,2,4.290810,0.387533,1.540575,4.291597,0.438706,1.551557,4.305761,0.397815,1.539655,4.306177,0.406749,1.539731,0.051179,0.010982,0.018145,0.000919,0.024604,0.000843
85.778000,SAMPLE,2,4.291377,0.406283,1.540575,4.291962,0.457650,1.551557,4.307192,0.418395,1.540118,4.306840,0.425721,1.539802,0.051371,0.010982,0.019920,0.000457,0.024839,0.000772
85.876000,SAMPLE,2,4.291946,0.425255,1.541751,4.292319,0.476373,1.552472,4.307701,0.437466,1.540256,4.307483,0.444713,1.540518,0.051120,0.010721,0.019933,0.001495,0.024900,0.001233
85.970000,SAMPLE,2,4.292478,0.444401,1.543620,4.292652,0.496044,1.554651,4.308225,0.455567,1.542023,4.308107,0.464616,1.543088,0.051643,0.011031,0.019304,0.001597,0.025552,0.000533
86.063000,SAMPLE,2,4.292954,0.461911,1.543620,4.292951,0.514536,1.554651,4.307506,0.475190,1.542428,4.308502,0.482547,1.542961,0.052625,0.011031,0.019700,0.001193,0.025838,0.000660
86.156000,SAMPLE,2,4.293381,0.477609,1.543620,4.293207,0.530387,1.554651,4.308091,0.493482,1.542223,4.308867,0.498415,1.542824,0.052778,0.011031,0.021641,0.001397,0.025936,0.000796
86.252000,SAMPLE,2,4.293883,0.496805,1.546178,4.293504,0.550037,1.557209,4.309089,0.515495,1.545762,4.309390,0.517987,1.545982,0.053233,0.011031,0.024095,0.000416,0.026252,0.000197
86.349000,SAMPLE,2,4.294323,0.515025,1.546668,4.293741,0.568088,1.557683,4.309403,0.532559,1.547136,4.309752,0.535734,1.546678,0.053066,0.011015,0.023126,0.000468,0.025824,0.000010
86.446000,SAMPLE,2,4.294795,0.534555,1.546668,4.294000,0.587813,1.557683,4.310406,0.551030,1.546419,4.310266,0.555534,1.546628,0.053264,0.011015,0.022697,0.000249,0.026067,0.000039
86.546000,SAMPLE,2,4.295263,0.553971,1.546668,4.294250,0.606853,1.557683,4.310898,0.570002,1.546185,4.310770,0.574835,1.546546,0.052893,0.011015,0.022393,0.000483,0.025996,0.000121
86.638000,SAMPLE,2,4.295611,0.568357,1.546668,4.294439,0.621263,1.557683,4.309347,0.589677,1.545682,4.311118,0.589147,1.546546,0.052919,0.011015,0.025362,0.000986,0.025936,0.000121
86.728000,SAMPLE,2,4.296032,0.586353,1.547912,4.294675,0.640419,1.558978,4.310960,0.609239,1.546759,4.311342,0.608905,1.546973,0.054083,0.011065,0.027324,0.001154,0.027257,0.000940
86.816000,SAMPLE,2,4.296418,0.603212,1.547912,4.294854,0.655576,1.558978,4.310960,0.609239,1.546759,4.311703,0.624059,1.546973,0.052387,0.011065,0.015741,0.001154,0.025850,0.000940
86.909000,SAMPLE,2,4.296815,0.620544,1.547912,4.295068,0.673680,1.558978,4.312380,0.625069,1.546764,4.312207,0.641827,1.546930,0.053164,0.011065,0.016209,0.001148,0.026265,0.000982
87.005000,SAMPLE,2,4.297230,0.639423,1.549315,4.295278,0.692974,1.560430,4.312228,0.644154,1.546073,4.312657,0.660578,1.548009,0.053587,0.011115,0.015726,0.003242,0.026182,0.001306
87.098000,SAMPLE,2,4.297570,0.655241,1.549315,4.295433,0.707889,1.560430,4.311454,0.663336,1.547358,4.312850,0.675336,1.547891,0.052691,0.011115,0.016071,0.001957,0.025244,0.001424
87.189000,SAMPLE,2,4.297943,0.672737,1.550333,4.295622,0.726540,1.561567,4.312020,0.681550,1.547989,4.313160,0.693956,1.548544,0.053854,0.011234,0.016608,0.002344,0.026112,0.001789
87.285000,SAMPLE,2,4.298325,0.691766,1.550775,4.295796,0.746129,1.561946,4.313984,0.702138,1.549971,4.313655,0.713552,1.548812,0.054422,0.011171,0.018782,0.000804,0.026640,0.001963
87.384000,SAMPLE,2,4.298696,0.710332,1.550775,4.295955,0.764107,1.561946,4.314994,0.721136,1.550145,4.314174,0.731494,1.549061,0.053845,0.011171,0.019553,0.000630,0.026218,0.001715
87.482000,SAMPLE,2,4.299064,0.728693,1.550775,4.296122,0.782927,1.561946,4.314787,0.739441,1.550774,4.314610,0.750037,1.549393,0.054314,0.011171,0.019045,0.000002,0.026405,0.001382
87.573000,SAMPLE,2,4.299440,0.747447,1.550775,4.296261,0.798611,1.561946,4.314694,0.759053,1.550352,4.314923,0.765733,1.549574,0.051262,0.011171,0.019167,0.000423,0.023960,0.001202
87.660000,SAMPLE,2,4.299703,0.760593,1.550775,4.296392,0.813495,1.561946,4.315284,0.777900,1.550243,4.315245,0.780660,1.549699,0.053005,0.011171,0.023287,0.000532,0.025382,0.001076
87.757000,SAMPLE,2,4.300079,0.779480,1.551730,4.296553,0.831957,1.562799,4.315458,0.795451,1.550313,4.315627,0.799737,1.551075,0.052596,0.011069,0.022172,0.001417,0.025536,0.000655
87.850000,SAMPLE,2,4.300409,0.798111,1.553758,4.296683,0.851630,1.564978,4.315373,0.815796,1.553198,4.315923,0.819345,1.553015,0.053649,0.011220,0.023166,0.000560,0.026297,0.000742
87.949000,SAMPLE,2,4.300728,0.816836,1.553758,4.296791,0.870177,1.564978,4.315681,0.835122,1.553345,4.316188,0.837967,1.553080,0.053487,0.011220,0.023622,0.000412,0.026183,0.000678
88.046000,SAMPLE,2,4.301067,0.836716,1.553757,4.296903,0.889493,1.564978,4.316201,0.853007,1.553251,4.316499,0.857343,1.553114,0.052941,0.011220,0.022236,0.000506,0.025761,0.000644
88.144000,SAMPLE,2,4.301384,0.855282,1.553757,4.297014,0.908440,1.564978,4.317126,0.872553,1.553064,4.316878,0.876294,1.553103,0.053338,0.011220,0.023369,0.000693,0.026107,0.000655
88.239000,SAMPLE,2,4.301645,0.870583,1.553757,4.297100,0.923334,1.564978,4.317523,0.890372,1.553398,4.317141,0.891197,1.553103,0.052947,0.011220,0.025372,0.000359,0.025789,0.000654
88.337000,SAMPLE,2,4.301989,0.890812,1.553757,4.297215,0.943039,1.564978,4.318117,0.910500,1.553448,4.317603,0.911133,1.553209,0.052445,0.011220,0.025451,0.000310,0.025627,0.000548
88.431000,SAMPLE,2,4.302293,0.908620,1.553757,4.297325,0.961986,1.564978,4.318117,0.910500,1.553448,4.317937,0.930077,1.553209,0.053597,0.011220,0.015936,0.000310,0.026554,0.000548
88.524000,SAMPLE,2,4.302614,0.927469,1.553757,4.297441,0.981828,1.564978,4.318035,0.930743,1.552957,4.318294,0.949575,1.553159,0.054605,0.011220,0.015765,0.000800,0.027103,0.000598
88.614000,SAMPLE,2,4.302932,0.946119,1.553757,4.297532,0.997596,1.564978,4.317727,0.948875,1.553007,4.318506,0.965237,1.553132,0.051760,0.011220,0.015050,0.000751,0.024659,0.000625
88.698000,SAMPLE,2,4.303200,0.961886,1.553757,4.297620,1.012586,1.564978,4.318537,0.968636,1.553089,4.318766,0.980136,1.553124,0.051006,0.011220,0.016756,0.000668,0.023987,0.000633
88.792000,SAMPLE,2,4.303461,0.977292,1.554585,4.297725,1.031091,1.565893,4.319184,0.987320,1.553033,4.319132,0.998831,1.553737,0.054103,0.011308,0.018648,0.001552,0.026637,0.000848
88.887000,SAMPLE,2,4.303738,0.995925,1.556613,4.297794,1.050701,1.567883,4.319466,1.006561,1.554849,4.319468,1.018375,1.556234,0.055098,0.011270,0.018986,0.001764,0.027412,0.000379
88.986000,SAMPLE,2,4.304007,1.014871,1.556613,4.297848,1.069227,1.567883,4.320466,1.026270,1.556297,4.319842,1.036937,1.556243,0.054704,0.011270,0.020021,0.000316,0.027160,0.000370
89.079000,SAMPLE,2,4.304278,1.033963,1.556613,4.297894,1.085017,1.567883,4.320011,1.044703,1.556195,4.320082,1.052908,1.556234,0.051452,0.011270,0.019049,0.000418,0.024672,0.000379
89.175000,SAMPLE,2,4.304550,1.053120,1.556613,4.297951,1.104690,1.567883,4.319891,1.065099,1.556350,4.320322,1.072508,1.556257,0.051991,0.011270,0.019464,0.000263,0.024993,0.000356
89.272000,SAMPLE,2,4.304802,1.070908,1.556613,4.298004,1.122774,1.567883,4.320596,1.083616,1.556394,4.320597,1.090593,1.556283,0.052310,0.011270,0.020271,0.000219,0.025238,0.000330
89.365000,SAMPLE,2,4.305028,1.086832,1.556612,4.298060,1.142016,1.567883,4.320947,1.102120,1.556370,4.320898,1.109891,1.556298,0.055623,0.011271,0.022072,0.000242,0.027993,0.000314
89.465000,SAMPLE,2,4.305302,1.106156,1.556612,4.298115,1.160964,1.567883,4.321493,1.121359,1.556359,4.321223,1.128849,1.556308,0.055277,0.011271,0.022210,0.000254,0.027721,0.000304
89.561000,SAMPLE,2,4.305564,1.124616,1.556612,4.298171,1.179900,1.567883,4.321972,1.139973,1.556271,4.321573,1.148255,1.556300,0.055777,0.011271,0.022473,0.000341,0.028550,0.000313
89.656000,SAMPLE,2,4.305842,1.144214,1.556612,4.298217,1.195900,1.567883,4.322096,1.159856,1.556329,4.321847,1.164206,1.556304,0.052246,0.011271,0.022558,0.000283,0.025609,0.000308
89.747000,SAMPLE,2,4.306081,1.161078,1.556612,4.298271,1.214216,1.567883,4.322427,1.178797,1.556581,4.322112,1.182520,1.556304,0.053709,0.011271,0.024107,0.000031,0.026772,0.000308
89.834000,SAMPLE,2,4.306292,1.175918,1.556612,4.298317,1.230005,1.567883,4.322960,1.198187,1.556520,4.322379,1.198065,1.556357,0.054672,0.011271,0.027816,0.000092,0.027373,0.000255
89.931000,SAMPLE,2,4.306558,1.194695,1.556612,4.298372,1.249142,1.567883,4.322926,1.217668,1.556498,4.322751,1.217689,1.556406,0.055059,0.011271,0.028208,0.000114,0.028123,0.000206
90.025000,SAMPLE,2,4.306805,1.212062,1.556612,4.298425,1.267184,1.567883,4.322926,1.217668,1.556498,4.323009,1.235666,1.556406,0.055755,0.011271,0.017068,0.000114,0.028630,0.000206
90.125000,SAMPLE,2,4.307126,1.232550,1.554197,4.298516,1.287016,1.565383,4.323106,1.234886,1.556779,4.323324,1.255570,1.554477,0.055142,0.011186,0.016150,0.002582,0.028148,0.000279
90.211000,SAMPLE,2,4.307454,1.250222,1.548612,4.298627,1.302257,1.560531,4.323445,1.254169,1.553992,4.323596,1.270095,1.550486,0.052779,0.011918,0.016471,0.005380,0.025603,0.001874
90.310000,SAMPLE,2,4.307942,1.268384,1.539139,4.298897,1.320318,1.551057,4.323643,1.273535,1.549072,4.324020,1.288080,1.541103,0.052717,0.011918,0.016524,0.009934,0.025425,0.001965
90.405000,SAMPLE,2,4.308500,1.284002,1.531275,4.299357,1.339028,1.541583,4.324255,1.292178,1.540134,4.324617,1.306437,1.532178,0.055781,0.010308,0.017751,0.008859,0.027624,0.000902
90.490000,SAMPLE,2,4.309268,1.301606,1.522844,4.299873,1.354672,1.534004,4.325411,1.311566,1.530673,4.325372,1.322594,1.524324,0.053892,0.011160,0.018967,0.007829,0.026454,0.001480
90.573000,SAMPLE,2,4.310053,1.317194,1.518865,4.300452,1.369472,1.530159,4.326300,1.330451,1.521293,4.326157,1.337348,1.521034,0.053152,0.011294,0.020970,0.002428,0.025798,0.002168
90.666000,SAMPLE,2,4.311026,1.335354,1.515802,4.301240,1.388108,1.527002,4.327583,1.348680,1.517893,4.327233,1.356132,1.517636,0.053654,0.011199,0.021253,0.002091,0.026351,0.001834
90.765000,SAMPLE,2,4.312135,1.355084,1.514570,4.302104,1.407288,1.525744,4.329582,1.369606,1.514732,4.328488,1.375438,1.515281,0.053159,0.011173,0.022700,0.000161,0.026110,0.000711
90.859000,SAMPLE,2,4.313169,1.373043,1.511820,4.302786,1.422136,1.523667,4.331414,1.387489,1.513783,4.329605,1.390532,1.512822,0.050178,0.011847,0.023271,0.001963,0.024000,0.001002
90.957000,SAMPLE,2,4.314176,1.389730,1.509136,4.303745,1.441818,1.520509,4.332248,1.406402,1.510365,4.330970,1.410127,1.509671,0.053122,0.011373,0.024588,0.001229,0.026420,0.000535
91.055000,SAMPLE,2,4.315390,1.408892,1.505947,4.304727,1.460739,1.517352,4.333532,1.424717,1.507206,4.332344,1.428973,1.506519,0.052932,0.011405,0.024074,0.001259,0.026281,0.000572
91.145000,SAMPLE,2,4.316594,1.427321,1.505521,4.305796,1.480521,1.516783,4.333532,1.424717,1.507206,4.333617,1.448764,1.506519,0.054285,0.011262,0.017137,0.001685,0.027379,0.000998
91.239000,SAMPLE,2,4.317852,1.446209,1.502746,4.306634,1.495751,1.514541,4.336146,1.463511,1.502548,4.334718,1.463371,1.504154,0.050795,0.011795,0.025180,0.000198,0.024062,0.001408
91.333000,SAMPLE,2,4.319074,1.463764,1.499746,4.307710,1.514330,1.511383,4.337691,1.481664,1.499394,4.336165,1.481870,1.500690,0.051828,0.011637,0.025827,0.000352,0.024899,0.000944
91.425000,SAMPLE,2,4.320196,1.479255,1.497283,4.308907,1.533936,1.508225,4.338485,1.500651,1.496200,4.337903,1.501863,1.496967,0.055833,0.010942,0.028147,0.001083,0.028716,0.000316
91.513000,SAMPLE,2,4.321534,1.497074,1.494346,4.309880,1.549147,1.505699,4.338485,1.500651,1.496200,4.339036,1.516978,1.494440,0.053361,0.011353,0.017324,0.001854,0.026504,0.000094
91.610000,SAMPLE,2,4.322984,1.515628,1.491188,4.311117,1.567684,1.502541,4.341166,1.520847,1.493783,4.340653,1.535001,1.491395,0.053392,0.011353,0.018915,0.002595,0.026220,0.000207
91.700000,SAMPLE,2,4.324382,1.532818,1.488283,4.312141,1.582386,1.500015,4.342452,1.539226,1.490503,4.342056,1.550179,1.488701,0.051057,0.011732,0.019173,0.002220,0.024775,0.000418
91.793000,SAMPLE,2,4.325944,1.551370,1.485283,4.313562,1.601997,1.496857,4.344040,1.555524,1.487535,4.343798,1.568887,1.485680,0.052119,0.011574,0.018566,0.002252,0.025013,0.000398
91.892000,SAMPLE,2,4.327527,1.569503,1.482093,4.314925,1.620009,1.493699,4.344516,1.578129,1.483993,4.345325,1.586650,1.482563,0.052055,0.011606,0.019054,0.001900,0.024714,0.000470
91.984000,SAMPLE,2,4.328927,1.585005,1.479618,4.316474,1.639653,1.490541,4.347659,1.596343,1.481000,4.347249,1.606151,1.479464,0.056049,0.010923,0.021896,0.001382,0.027979,0.000154
92.082000,SAMPLE,2,4.330771,1.604837,1.476428,4.318072,1.659135,1.487383,4.350154,1.616276,1.477695,4.349359,1.626288,1.476095,0.055764,0.010955,0.022507,0.001267,0.028385,0.000333
92.178000,SAMPLE,2,4.332472,1.622523,1.473334,4.319288,1.673463,1.484857,4.352279,1.634008,1.474777,4.350993,1.640609,1.473551,0.052618,0.011523,0.022896,0.001444,0.025887,0.000217
92.276000,SAMPLE,2,4.334481,1.642641,1.468063,4.321002,1.692945,1.480149,4.353903,1.653089,1.470909,4.353081,1.659728,1.468559,0.052078,0.012086,0.022054,0.002846,0.025257,0.000496
92.358000,SAMPLE,2,4.335990,1.656815,1.461171,4.322447,1.708235,1.472820,4.355498,1.672299,1.463822,4.354824,1.675118,1.461154,0.053174,0.011649,0.024905,0.002651,0.026263,0.000017
92.446000,SAMPLE,2,4.337902,1.673769,1.457615,4.324311,1.726646,1.468946,4.357334,1.690872,1.456259,4.357005,1.693659,1.456618,0.054595,0.011332,0.025887,0.001356,0.027578,0.000996
92.538000,SAMPLE,2,4.340037,1.692379,1.455042,4.325918,1.742216,1.466715,4.359215,1.710574,1.454651,4.358807,1.709239,1.454092,0.051798,0.011673,0.026436,0.000391,0.025230,0.000950
92.634000,SAMPLE,2,4.342169,1.710475,1.451947,4.327883,1.760754,1.463557,4.362054,1.730501,1.451212,4.361030,1.727816,1.451039,0.052270,0.011609,0.028222,0.000735,0.025622,0.000909
92.733000,SAMPLE,2,4.344020,1.725807,1.449232,4.329827,1.778543,1.460399,4.363953,1.748444,1.448190,4.363310,1.745898,1.447911,0.054613,0.011167,0.030163,0.001042,0.027852,0.001321
92.821000,SAMPLE,2,4.346319,1.744166,1.442235,4.332062,1.798079,1.452515,4.363953,1.748444,1.448190,4.365340,1.761825,1.442173,0.055767,0.010279,0.018146,0.005954,0.025955,0.000062
92.916000,SAMPLE,2,4.348816,1.762841,1.433010,4.333934,1.813354,1.444936,4.368975,1.786001,1.432020,4.367953,1.781039,1.432911,0.052659,0.011926,0.030705,0.000990,0.026408,0.000098
93.006000,SAMPLE,2,4.351302,1.780245,1.426060,4.336366,1.831911,1.437412,4.368975,1.786001,1.432020,4.370731,1.800162,1.424249,0.053781,0.011352,0.018586,0.005960,0.027824,0.001811
93.101000,SAMPLE,2,4.354050,1.798887,1.422884,4.338997,1.851270,1.434109,4.371045,1.803610,1.425568,4.373384,1.818415,1.421744,0.054503,0.011226,0.017639,0.002684,0.027479,0.001139
93.198000,SAMPLE,2,4.356816,1.817260,1.419726,4.341045,1.866023,1.431583,4.376702,1.823939,1.421530,4.375923,1.833300,1.419287,0.051250,0.011858,0.020977,0.001804,0.024947,0.000439
93.286000,SAMPLE,2,4.358982,1.831339,1.415994,4.343670,1.884490,1.426625,4.378175,1.843591,1.417660,4.378847,1.851780,1.415179,0.055312,0.010631,0.022770,0.001666,0.028504,0.000816
93.380000,SAMPLE,2,4.361967,1.849960,1.407257,4.345990,1.900076,1.419204,4.380924,1.862503,1.411634,4.381423,1.867642,1.407644,0.052601,0.011947,0.022731,0.004377,0.026290,0.000387
93.478000,SAMPLE,2,4.365077,1.868287,1.397878,4.348893,1.918502,1.409731,4.386203,1.880831,1.402850,4.384842,1.886187,1.398328,0.052759,0.011852,0.024569,0.004972,0.026666,0.000450
93.578000,SAMPLE,2,4.368463,1.887156,1.389999,4.351945,1.936753,1.401707,4.389912,1.899734,1.392115,4.388411,1.904482,1.390110,0.052275,0.011708,0.024865,0.002116,0.026422,0.000111
93.669000,SAMPLE,2,4.371958,1.905835,1.379843,4.355392,1.956454,1.391483,4.390795,1.917414,1.384939,4.391986,1.923812,1.381715,0.053261,0.011640,0.022111,0.005096,0.026912,0.001872
93.762000,SAMPLE,2,4.375484,1.923608,1.370374,4.358896,1.975214,1.381359,4.396825,1.937643,1.372482,4.395883,1.942333,1.371108,0.054207,0.010986,0.025543,0.002109,0.027690,0.000735
93.857000,SAMPLE,2,4.379432,1.942794,1.366092,4.361929,1.990870,1.377912,4.405700,1.955411,1.364759,4.399990,1.958157,1.366490,0.051163,0.011820,0.029142,0.001333,0.025664,0.000398
93.948000,SAMPLE,2,4.382515,1.957557,1.363597,4.365631,2.009667,1.374754,4.405700,1.955411,1.364759,4.403900,1.976912,1.363332,0.054777,0.011157,0.023284,0.001162,0.028842,0.000265
94.037000,SAMPLE,2,4.385939,1.973731,1.360723,4.368460,2.023818,1.372228,4.407423,1.978270,1.361019,4.407320,1.991095,1.360349,0.053050,0.011504,0.021959,0.000296,0.027544,0.000375
94.133000,SAMPLE,2,4.390084,1.992855,1.353104,4.372381,2.042979,1.364699,4.408988,1.996122,1.358088,4.411589,2.010410,1.352614,0.053159,0.011595,0.019184,0.004984,0.027761,0.000490
94.230000,SAMPLE,2,4.394281,2.011582,1.348430,4.376349,2.061689,1.359849,4.417564,2.033468,1.345624,4.416067,2.029095,1.347751,0.053219,0.011419,0.031955,0.002806,0.027953,0.000679
94.319000,SAMPLE,2,4.398066,2.028215,1.345525,4.379484,2.076240,1.357323,4.422494,2.051452,1.342485,4.419560,2.044051,1.344830,0.051494,0.011798,0.033715,0.003040,0.026697,0.000694
94.419000,SAMPLE,2,4.402501,2.047624,1.347615,4.383561,2.095045,1.358433,4.422494,2.051452,1.342485,4.424239,2.063603,1.344772,0.051063,0.010818,0.020356,0.005130,0.026979,0.002844
94.514000,SAMPLE,2,4.405868,2.062546,1.350173,4.387525,2.113573,1.361591,4.427349,2.069014,1.342917,4.428760,2.082270,1.347452,0.054224,0.011418,0.022434,0.007256,0.030218,0.002721
94.602000,SAMPLE,2,4.409773,2.080062,1.352261,4.391408,2.131989,1.363612,4.432503,2.087094,1.345793,4.433292,2.100806,1.348904,0.055079,0.011351,0.023793,0.006468,0.031360,0.003357
94.689000,SAMPLE,2,4.413437,2.096543,1.351250,4.394635,2.147327,1.362633,4.438700,2.106456,1.347660,4.437275,2.116206,1.347390,0.054152,0.011383,0.027139,0.003591,0.030901,0.003860
94.786000,SAMPLE,2,4.417504,2.114659,1.349343,4.398490,2.165458,1.360707,4.441961,2.125484,1.346862,4.441646,2.134052,1.345753,0.054241,0.011363,0.026745,0.002482,0.030966,0.003590
94.876000,SAMPLE,2,4.421332,2.131627,1.347989,4.401615,2.180097,1.359728,4.444234,2.141658,1.346144,4.445037,2.148435,1.345194,0.052327,0.011739,0.025002,0.001845,0.029058,0.002794
94.964000,SAMPLE,2,4.424719,2.146494,1.345589,4.405836,2.199647,1.356570,4.449402,2.160802,1.343537,4.449619,2.167537,1.342198,0.056407,0.010981,0.028530,0.002052,0.032601,0.003391
95.064000,SAMPLE,2,4.429178,2.165792,1.340587,4.409917,2.218225,1.351262,4.454043,2.181814,1.339932,4.454040,2.185931,1.336469,0.055859,0.010675,0.029580,0.000655,0.031995,0.004118
95.148000,SAMPLE,2,4.432898,2.181516,1.337014,4.413073,2.232264,1.348386,4.459579,2.199613,1.333745,4.457741,2.200230,1.332967,0.054482,0.011372,0.032239,0.003268,0.031103,0.004047
95.236000,SAMPLE,2,4.437056,2.198852,1.334157,4.416571,2.247639,1.345859,4.464737,2.217876,1.330545,4.461516,2.215735,1.330440,0.052913,0.011703,0.033588,0.003612,0.029721,0.003717
95.323000,SAMPLE,2,4.441155,2.215746,1.331283,4.420871,2.266298,1.342702,4.464737,2.217876,1.330545,4.466473,2.234567,1.327293,0.054470,0.011418,0.023678,0.000739,0.031547,0.003990
95.421000,SAMPLE,2,4.445009,2.231420,1.328553,4.425171,2.284686,1.339544,4.471917,2.236043,1.327108,4.471602,2.252670,1.324204,0.056840,0.010991,0.027302,0.001445,0.034040,0.004349
95.518000,SAMPLE,2,4.449853,2.250890,1.325395,4.428858,2.300255,1.337017,4.474222,2.255088,1.325337,4.475576,2.267535,1.322144,0.053644,0.011622,0.024728,0.000058,0.030639,0.003251
95.609000,SAMPLE,2,4.454266,2.268404,1.322364,4.433261,2.318619,1.333859,4.478140,2.274316,1.321222,4.480287,2.285620,1.319048,0.054431,0.011496,0.024595,0.001141,0.031201,0.003315
95.700000,SAMPLE,2,4.458515,2.285033,1.319476,4.436763,2.333042,1.331333,4.484747,2.293248,1.317894,4.484343,2.300176,1.316534,0.052706,0.011857,0.027489,0.001582,0.029939,0.002942
95.791000,SAMPLE,2,4.463232,2.303293,1.316508,4.441537,2.352464,1.328175,4.490052,2.309494,1.316202,4.489578,2.318784,1.313793,0.053743,0.011668,0.027528,0.000306,0.030563,0.002715
95.890000,SAMPLE,2,4.467335,2.318875,1.309531,4.446190,2.370983,1.320231,4.497242,2.329796,1.310890,4.495016,2.337172,1.305729,0.056235,0.010700,0.031839,0.001359,0.033182,0.003801
95.989000,SAMPLE,2,4.472628,2.338439,1.305379,4.451164,2.390213,1.316762,4.501816,2.347923,1.302159,4.500845,2.356755,1.300995,0.056047,0.011383,0.030690,0.003220,0.033640,0.004384
96.079000,SAMPLE,2,4.477498,2.356288,1.302948,4.455135,2.405452,1.314615,4.505922,2.367718,1.300988,4.505252,2.371832,1.298822,0.054011,0.011667,0.030636,0.001959,0.031810,0.004126
96.173000,SAMPLE,2,4.482248,2.373495,1.299916,4.459876,2.423437,1.311457,4.511007,2.388143,1.297879,4.510440,2.389903,1.295961,0.054724,0.011541,0.032274,0.002037,0.032619,0.003955
96.267000,SAMPLE,2,4.487037,2.390659,1.298772,4.464698,2.441521,1.310249,4.516674,2.404997,1.294498,4.515931,2.408486,1.293876,0.055552,0.011477,0.032923,0.004274,0.033950,0.004896
96.355000,SAMPLE,2,4.491977,2.408270,1.294249,4.468837,2.456976,1.306623,4.521280,2.423074,1.293678,4.520544,2.424233,1.290662,0.053924,0.012374,0.032830,0.000571,0.032724,0.003587
96.455000,SAMPLE,2,4.497471,2.427285,1.284596,4.473919,2.475437,1.297399,4.528103,2.441148,1.285582,4.526263,2.442866,1.281861,0.053603,0.012803,0.033623,0.000986,0.032738,0.002735
96.542000,SAMPLE,2,4.501679,2.441493,1.281497,4.479324,2.494496,1.292604,4.533830,2.461135,1.278083,4.532314,2.462227,1.277221,0.057525,0.011107,0.037676,0.003414,0.036993,0.004276
96.641000,SAMPLE,2,4.507477,2.460764,1.275917,4.484741,2.513234,1.287096,4.541210,2.480043,1.272793,4.538498,2.481149,1.272070,0.057185,0.011179,0.038854,0.003124,0.037120,0.003847
96.722000,SAMPLE,2,4.512353,2.476652,1.269138,4.489029,2.527772,1.280349,4.541210,2.480043,1.272793,4.542983,2.495628,1.266280,0.056190,0.011211,0.029055,0.003655,0.036032,0.002858
96.807000,SAMPLE,2,4.517131,2.491894,1.266280,4.493341,2.542106,1.277867,4.549115,2.499097,1.264345,4.548160,2.510044,1.263375,0.055563,0.011588,0.032784,0.001935,0.035947,0.002904
96.898000,SAMPLE,2,4.521929,2.507112,1.264795,4.497905,2.557189,1.276383,4.555672,2.516996,1.259508,4.553714,2.525386,1.261370,0.055542,0.011588,0.035161,0.005288,0.036664,0.003425
96.993000,SAMPLE,2,4.527322,2.524174,1.263859,4.503311,2.575008,1.275404,4.560450,2.533798,1.258504,4.559913,2.543162,1.259555,0.056219,0.011545,0.034497,0.005355,0.037719,0.004304
97.089000,SAMPLE,2,4.533107,2.542329,1.261746,4.508766,2.592845,1.273383,4.566685,2.553080,1.256884,4.566104,2.560952,1.256865,0.056075,0.011638,0.035257,0.004862,0.037890,0.004881
97.176000,SAMPLE,2,4.538593,2.559496,1.260609,4.513456,2.608142,1.272594,4.573689,2.569858,1.256160,4.571520,2.575866,1.256081,0.054756,0.011985,0.036594,0.004449,0.036772,0.004528
97.269000,SAMPLE,2,4.544553,2.577863,1.252499,4.519287,2.626899,1.264988,4.579657,2.589559,1.253221,4.578134,2.594740,1.248840,0.055162,0.012490,0.037002,0.000722,0.037583,0.003659
97.362000,SAMPLE,2,4.549365,2.592302,1.246650,4.525211,2.645383,1.257715,4.586409,2.608068,1.244164,4.584892,2.613464,1.241542,0.058318,0.011065,0.040259,0.002486,0.041352,0.005108
97.447000,SAMPLE,2,4.554931,2.608823,1.245011,4.530145,2.660603,1.256467,4.594327,2.628009,1.240586,4.590732,2.628977,1.239989,0.057407,0.011457,0.043820,0.004425,0.041083,0.005021
97.545000,SAMPLE,2,4.561159,2.627163,1.241821,4.536064,2.678713,1.253309,4.598497,2.646524,1.236097,4.597257,2.647264,1.236568,0.057334,0.011488,0.042059,0.005724,0.041317,0.005253
97.641000,SAMPLE,2,4.567493,2.645741,1.243485,4.542269,2.697638,1.255331,4.598497,2.646524,1.236097,4.603816,2.666158,1.238199,0.057702,0.011845,0.031014,0.007388,0.041668,0.005286
97.737000,SAMPLE,2,4.573898,2.664550,1.240012,4.547246,2.712844,1.252557,4.612822,2.682943,1.235304,4.609451,2.680903,1.234217,0.055161,0.012545,0.043051,0.004708,0.039134,0.005795
97.832000,SAMPLE,2,4.580269,2.682800,1.229822,4.553482,2.731470,1.242520,4.612822,2.682943,1.235304,4.616362,2.699606,1.225043,0.055555,0.012698,0.032553,0.005481,0.039814,0.004780
97.922000,SAMPLE,2,4.585656,2.697891,1.226429,4.559932,2.750234,1.237809,4.620232,2.701799,1.226156,4.623596,2.718569,1.220031,0.058323,0.011380,0.034795,0.000273,0.043209,0.006398
97.993000,SAMPLE,2,4.590957,2.712615,1.223966,4.563865,2.761571,1.235915,4.630522,2.720270,1.220133,4.628547,2.730037,1.218134,0.055953,0.011949,0.040298,0.003833,0.041430,0.005832
98.082000,SAMPLE,2,4.596708,2.728435,1.219137,4.570181,2.779602,1.230557,4.634965,2.739251,1.216578,4.635603,2.748143,1.212910,0.057635,0.011420,0.039755,0.002559,0.043602,0.006227
98.176000,SAMPLE,2,4.602772,2.744866,1.215667,4.574997,2.793140,1.227781,4.642124,2.756304,1.212350,4.640640,2.761543,1.209384,0.055695,0.012114,0.040980,0.003317,0.041378,0.006283
98.272000,SAMPLE,2,4.608480,2.760203,1.214492,4.581493,2.811253,1.226223,4.648625,2.773929,1.209093,4.648009,2.779083,1.207988,0.057744,0.011731,0.042426,0.005399,0.043806,0.006503
98.351000,SAMPLE,2,4.614077,2.775274,1.215171,4.586723,2.825860,1.226865,4.656397,2.791102,1.209980,4.654029,2.793793,1.209306,0.057508,0.011694,0.045183,0.005192,0.044035,0.005865
98.440000,SAMPLE,2,4.620284,2.791853,1.208650,4.591915,2.840258,1.221538,4.662492,2.809938,1.206189,4.659449,2.808039,1.203306,0.056106,0.012888,0.045919,0.002462,0.042377,0.005344
98.538000,SAMPLE,2,4.627464,2.810564,1.201327,4.598760,2.858792,1.213565,4.670519,2.828232,1.197133,4.666952,2.826717,1.195366,0.056124,0.012238,0.046539,0.004194,0.042664,0.005961
98.635000,SAMPLE,2,4.634578,2.828729,1.194391,4.605713,2.877219,1.206591,4.678830,2.846696,1.190054,4.674582,2.845122,1.189215,0.056431,0.012200,0.047760,0.004338,0.043232,0.005176
98.723000,SAMPLE,2,4.639506,2.841152,1.191962,4.612188,2.894115,1.203183,4.678830,2.846696,1.190054,4.681834,2.862086,1.185921,0.059593,0.011222,0.039713,0.001908,0.047221,0.006040
98.821000,SAMPLE,2,4.646751,2.859314,1.191240,4.619327,2.912640,1.202962,4.693769,2.881523,1.184946,4.688392,2.877183,1.185889,0.059965,0.011722,0.051999,0.006294,0.045313,0.005351
98.914000,SAMPLE,2,4.653635,2.876570,1.191240,4.624797,2.926833,1.202962,4.701797,2.899088,1.184824,4.696221,2.895437,1.185705,0.057948,0.011722,0.053166,0.006416,0.046579,0.005535
99.008000,SAMPLE,2,4.660187,2.892996,1.191240,4.631296,2.943698,1.202962,4.701797,2.899088,1.184824,4.703661,2.912579,1.185528,0.058355,0.011722,0.042053,0.006416,0.047681,0.005712
99.100000,SAMPLE,2,4.666767,2.909437,1.189565,4.636585,2.957385,1.201352,4.708603,2.916353,1.184812,4.709645,2.926284,1.184116,0.056657,0.011787,0.042403,0.004753,0.046069,0.005449
99.191000,SAMPLE,2,4.672552,2.923868,1.189565,4.643696,2.975751,1.201352,4.716538,2.933298,1.182667,4.717517,2.944382,1.183825,0.059367,0.011787,0.044986,0.006898,0.049424,0.005741
99.291000,SAMPLE,2,4.679860,2.942109,1.190597,4.650671,2.993775,1.202488,4.724378,2.949729,1.183413,4.725145,2.961686,1.184359,0.059341,0.011891,0.045166,0.007184,0.049335,0.006239
99.390000,SAMPLE,2,4.687377,2.961005,1.193818,4.657842,3.012445,1.205646,4.730991,2.968150,1.185234,4.733162,2.980541,1.187551,0.059316,0.011828,0.044195,0.008584,0.049779,0.006267
99.483000,SAMPLE,2,4.694148,2.978184,1.196881,4.664629,3.030281,1.208804,4.738057,2.987339,1.188366,4.740497,2.998144,1.190616,0.059879,0.011923,0.044854,0.008515,0.050464,0.006265
99.575000,SAMPLE,2,4.701097,2.996054,1.202336,4.670228,3.045191,1.213731,4.747125,3.004687,1.191805,4.746862,3.012900,1.194734,0.058029,0.011394,0.046830,0.010531,0.048767,0.007602
99.668000,SAMPLE,2,4.706602,3.010306,1.202693,4.677070,3.063547,1.214788,4.752567,3.023777,1.195186,4.754040,3.030648,1.195068,0.060883,0.012096,0.047899,0.007507,0.051616,0.007624
99.757000,SAMPLE,2,4.713020,3.026945,1.201514,4.682357,3.077753,1.213483,4.759683,3.041062,1.196456,4.759600,3.044750,1.194331,0.059344,0.011970,0.048751,0.005058,0.049866,0.007182
99.843000,SAMPLE,2,4.718932,3.042157,1.198672,4.688716,3.094705,1.210325,4.766086,3.058611,1.193514,4.766383,3.061242,1.191820,0.060616,0.011654,0.049942,0.005158,0.051146,0.006852
99.931000,SAMPLE,2,4.725592,3.059238,1.200309,4.694314,3.109581,1.211957,4.766086,3.058611,1.193514,4.772306,3.076106,1.192557,0.059269,0.011648,0.040498,0.006795,0.049665,0.007752
100.025000,SAMPLE,2,4.730986,3.073245,1.206902,4.700823,3.127117,1.219865,4.774471,3.076426,1.193541,4.779389,3.093479,1.200156,0.061741,0.012963,0.043601,0.013361,0.052462,0.006746
100.112000,SAMPLE,2,4.737063,3.089408,1.214411,4.705882,3.141093,1.226144,4.780362,3.094418,1.199952,4.784895,3.107576,1.206694,0.060363,0.011732,0.043588,0.014460,0.051166,0.007717
100.204000,SAMPLE,2,4.743710,3.107352,1.217601,4.712606,3.159929,1.229499,4.786712,3.111362,1.208142,4.792030,3.126284,1.210218,0.061088,0.011898,0.043189,0.009458,0.051896,0.007383
100.295000,SAMPLE,2,4.749790,3.123919,1.220538,4.717686,3.174288,1.232025,4.796502,3.129886,1.211516,4.797583,3.140050,1.212740,0.059731,0.011488,0.047091,0.009022,0.050442,0.007797
100.388000,SAMPLE,2,4.755382,3.139360,1.225600,4.724210,3.192982,1.237633,4.801519,3.148531,1.213994,4.804630,3.158755,1.219375,0.062024,0.012033,0.047040,0.011606,0.052929,0.006225
100.481000,SAMPLE,2,4.761535,3.156549,1.228537,4.730588,3.211505,1.240791,4.811683,3.165572,1.219594,4.811868,3.177059,1.222321,0.063070,0.012254,0.050953,0.008943,0.054351,0.006215
100.579000,SAMPLE,2,4.767731,3.174013,1.230568,4.735389,3.225571,1.242433,4.817696,3.183907,1.222888,4.817428,3.191334,1.224194,0.060863,0.011865,0.050935,0.007680,0.052630,0.006374
100.669000,SAMPLE,2,4.773582,3.190546,1.231645,4.741387,3.243188,1.243507,4.823324,3.200750,1.223891,4.824062,3.208875,1.225391,0.061707,0.011862,0.050778,0.007754,0.053705,0.006254
100.753000,SAMPLE,2,4.779330,3.206911,1.234392,4.746511,3.258346,1.246033,4.830541,3.219308,1.227211,4.829465,3.223935,1.227917,0.061013,0.011641,0.052690,0.007181,0.052947,0.006475
100.837000,SAMPLE,2,4.783916,3.220035,1.234623,4.751395,3.272873,1.246538,4.830541,3.219308,1.227211,4.834738,3.237766,1.228400,0.062044,0.011915,0.046630,0.007413,0.053826,0.006223
100.932000,SAMPLE,2,4.790313,3.238452,1.240175,4.757665,3.291643,1.252015,4.842168,3.256438,1.232228,4.841583,3.256399,1.232615,0.062411,0.011840,0.054886,0.007947,0.054321,0.007559
101.025000,SAMPLE,2,4.796481,3.256567,1.243320,4.763885,3.310651,1.255238,4.842168,3.256438,1.232228,4.848185,3.275278,1.236089,0.063147,0.011919,0.045687,0.011092,0.054985,0.007231
101.123000,SAMPLE,2,4.802741,3.274890,1.238346,4.769828,3.328742,1.250117,4.855049,3.291424,1.234081,4.854658,3.293246,1.231449,0.063113,0.011771,0.054859,0.004265,0.055067,0.006897
101.220000,SAMPLE,2,4.809342,3.293917,1.236938,4.776138,3.347654,1.248909,4.860949,3.310628,1.231054,4.859998,3.308329,1.229923,0.063167,0.011972,0.054245,0.005883,0.052666,0.007015
101.299000,SAMPLE,2,4.813822,3.306799,1.235040,4.779943,3.359035,1.247215,4.860949,3.310628,1.231054,4.865440,3.323683,1.229606,0.062261,0.012174,0.047283,0.003986,0.054310,0.005434
101.394000,SAMPLE,2,4.819837,3.324010,1.234503,4.785966,3.376955,1.246457,4.867488,3.330026,1.229676,4.871656,3.341260,1.228601,0.062853,0.011953,0.048029,0.004828,0.054615,0.005902
101.460000,SAMPLE,2,4.823586,3.334723,1.233868,4.789496,3.387451,1.245952,4.874976,3.348317,1.229657,4.875499,3.351813,1.228801,0.062788,0.012083,0.053158,0.004211,0.054654,0.005067
101.562000,SAMPLE,2,4.830329,3.353863,1.229179,4.797208,3.410178,1.239962,4.882104,3.367393,1.228814,4.883524,3.374030,1.223025,0.065333,0.010783,0.053514,0.000365,0.056889,0.006154
101.640000,SAMPLE,2,4.835999,3.369627,1.221579,4.801137,3.421516,1.234357,4.888711,3.385992,1.221064,4.887635,3.385304,1.217341,0.062513,0.012778,0.055194,0.000515,0.053963,0.004238
101.732000,SAMPLE,2,4.842697,3.387780,1.214084,4.807826,3.440365,1.226233,4.888711,3.385992,1.221064,4.894708,3.404140,1.209567,0.063096,0.012149,0.046049,0.006980,0.054523,0.004518
101.831000,SAMPLE,2,4.849846,3.406924,1.212298,4.814597,3.459184,1.224444,4.903359,3.423344,1.209118,4.901722,3.421943,1.209210,0.063036,0.012146,0.055975,0.003179,0.054005,0.003088
101.924000,SAMPLE,2,4.856632,3.424840,1.204395,4.821452,3.477972,1.216509,4.910520,3.442984,1.202670,4.909037,3.440796,1.201768,0.063723,0.012114,0.056860,0.001725,0.054780,0.002627
102.016000,SAMPLE,2,4.862499,3.439963,1.198023,4.826880,3.492485,1.210181,4.910520,3.442984,1.202670,4.914820,3.455475,1.196355,0.063461,0.012157,0.048116,0.004647,0.054573,0.001668
102.114000,SAMPLE,2,4.869636,3.458108,1.193076,4.833976,3.511184,1.205173,4.917327,3.460839,1.194408,4.922303,3.474266,1.190735,0.063943,0.012097,0.047769,0.001332,0.055089,0.002341
102.207000,SAMPLE,2,4.877165,3.476837,1.183813,4.841211,3.529829,1.195936,4.924190,3.480015,1.188914,4.929637,3.492617,1.181645,0.064038,0.012123,0.047133,0.005101,0.054794,0.002168
102.297000,SAMPLE,2,4.883492,3.492261,1.179798,4.846742,3.543795,1.192086,4.930521,3.498584,1.179755,4.935245,3.506662,1.177336,0.063295,0.012288,0.047452,0.000043,0.053719,0.002462
102.392000,SAMPLE,2,4.890958,3.510269,1.174738,4.854014,3.561973,1.187428,4.937710,3.515560,1.175546,4.942728,3.524957,1.173083,0.063546,0.012690,0.047051,0.000809,0.053813,0.001655
102.491000,SAMPLE,2,4.899028,3.529253,1.163338,4.861599,3.580479,1.176336,4.945248,3.534419,1.169931,4.950471,3.543615,1.162613,0.063444,0.012998,0.046508,0.006592,0.053410,0.000725
102.579000,SAMPLE,2,4.905237,3.543490,1.155665,4.867534,3.594587,1.168757,4.953065,3.552899,1.159175,4.956299,3.557450,1.155476,0.063501,0.013092,0.048744,0.003510,0.052936,0.000188
102.672000,SAMPLE,2,4.912160,3.559024,1.147422,4.875177,3.612326,1.159283,4.959884,3.570007,1.149790,4.964261,3.575782,1.145665,0.064876,0.011861,0.048971,0.002368,0.054730,0.001758
102.768000,SAMPLE,2,4.920128,3.576555,1.140443,4.882876,3.629811,1.152309,4.969928,3.587997,1.141163,4.972282,3.593325,1.139035,0.064992,0.011866,0.051098,0.000720,0.054784,0.001408
102.865000,SAMPLE,2,4.927834,3.593160,1.133103,4.890468,3.646688,1.144936,4.978373,3.605062,1.132983,4.980238,3.610256,1.131489,0.065280,0.011832,0.051921,0.000121,0.055122,0.001614
102.953000,SAMPLE,2,4.935860,3.610110,1.122654,4.897062,3.661080,1.136157,4.986054,3.623290,1.125766,4.987084,3.624718,1.122911,0.064057,0.013503,0.051895,0.003112,0.053266,0.000257
103.051000,SAMPLE,2,4.943380,3.625574,1.112852,4.905588,3.679172,1.124183,4.993956,3.640972,1.114137,4.995675,3.642786,1.112670,0.065582,0.011331,0.052868,0.001285,0.055055,0.000182
103.137000,SAMPLE,2,4.951073,3.641004,1.105192,4.912435,3.693318,1.117254,5.004962,3.658278,1.102080,5.002639,3.656792,1.106091,0.065036,0.012062,0.056590,0.003112,0.053929,0.000899
103.232000,SAMPLE,2,4.960045,3.658676,1.095082,4.921178,3.711071,1.107281,5.004962,3.658278,1.102080,5.011876,3.674613,1.096857,0.065236,0.012199,0.044919,0.006998,0.054226,0.001775
103.329000,SAMPLE,2,4.969297,3.676308,1.079477,4.930084,3.728554,1.091702,5.023634,3.694954,1.078972,5.021033,3.691697,1.081397,0.065325,0.012225,0.057447,0.000504,0.053976,0.001920
103.428000,SAMPLE,2,4.979164,3.694398,1.063371,4.939380,3.746108,1.075912,5.033063,3.712295,1.063227,5.030853,3.709602,1.065151,0.065243,0.012541,0.056792,0.000145,0.053879,0.001779
103.526000,SAMPLE,2,4.988984,3.711833,1.052869,4.948981,3.763652,1.065062,5.043272,3.729715,1.051223,5.040914,3.727356,1.053523,0.065464,0.012193,0.057157,0.001645,0.054200,0.000654
103.618000,SAMPLE,2,4.997177,3.726038,1.042945,4.956804,3.777609,1.055233,5.043272,3.729715,1.051223,5.049192,3.741492,1.042507,0.065495,0.012288,0.046241,0.008278,0.054262,0.000438
103.713000,SAMPLE,2,5.007345,3.743283,1.031966,4.966751,3.794961,1.044309,5.053132,3.746233,1.039316,5.059585,3.758869,1.030785,0.065715,0.012343,0.045882,0.007350,0.054516,0.001182
103.801000,SAMPLE,2,5.016917,3.759056,1.019456,4.976927,3.812178,1.030717,5.064154,3.763460,1.028254,5.068168,3.772694,1.018266,0.066492,0.011262,0.047442,0.008798,0.053034,0.001190
103.900000,SAMPLE,2,5.027605,3.776234,1.007850,4.985209,3.825867,1.021786,5.075841,3.781858,1.014888,5.078870,3.789566,1.008024,0.065275,0.013935,0.048563,0.007037,0.052970,0.000173
103.994000,SAMPLE,2,5.037787,3.792192,0.998252,4.995501,3.842473,1.011112,5.084533,3.798279,1.002803,5.089311,3.805958,0.997026,0.065699,0.012860,0.047140,0.004551,0.053330,0.001226
104.088000,SAMPLE,2,5.046990,3.806295,0.986270,5.006229,3.859352,0.997078,5.094932,3.815407,0.993212,5.100390,3.823028,0.983471,0.066907,0.010808,0.048801,0.006942,0.055960,0.002799
104.170000,SAMPLE,2,5.056705,3.820776,0.974341,5.014993,3.872739,0.986146,5.106529,3.832314,0.978240,5.109505,3.836624,0.973043,0.066634,0.011805,0.051142,0.003899,0.055127,0.001298
104.267000,SAMPLE,2,5.067987,3.837234,0.966678,5.026106,3.889367,0.978502,5.119142,3.849428,0.966541,5.121167,3.853452,0.965198,0.066872,0.011823,0.052589,0.000137,0.055598,0.001480
104.365000,SAMPLE,2,5.079896,3.854317,0.955470,5.037349,3.905908,0.967528,5.129705,3.865960,0.959413,5.132815,3.870165,0.954706,0.066872,0.012058,0.051152,0.003943,0.055241,0.000764
104.451000,SAMPLE,2,5.088642,3.866542,0.943878,5.046508,3.919027,0.955002,5.141817,3.882709,0.945602,5.142360,3.883510,0.942357,0.067305,0.011123,0.055578,0.001724,0.056334,0.001521
104.543000,SAMPLE,2,5.100178,3.882227,0.930320,5.058181,3.935266,0.941262,5.153336,3.898911,0.929880,5.154402,3.899907,0.928408,0.067653,0.010942,0.055714,0.000440,0.057034,0.001912
104.622000,SAMPLE,2,5.110075,3.895426,0.925481,5.067633,3.948176,0.937173,5.153336,3.898911,0.929880,5.164010,3.912701,0.924303,0.067705,0.011692,0.043401,0.004399,0.056635,0.001178
104.719000,SAMPLE,2,5.122278,3.911508,0.916073,5.077147,3.961040,0.929696,5.165938,3.916008,0.922529,5.173624,3.925461,0.917556,0.067009,0.013623,0.043891,0.006456,0.053208,0.001483
104.815000,SAMPLE,2,5.134608,3.927320,0.900362,5.089034,3.976729,0.914486,5.178087,3.931579,0.914473,5.185853,3.941287,0.902735,0.067218,0.014123,0.043687,0.014111,0.053114,0.002372
104.911000,SAMPLE,2,5.144799,3.940007,0.888752,5.100925,3.991924,0.900346,5.190972,3.947309,0.899084,5.197968,3.956447,0.889461,0.067973,0.011594,0.046747,0.010331,0.055653,0.000709
104.999000,SAMPLE,2,5.156155,3.953904,0.884217,5.110738,4.004227,0.896215,5.203178,3.962623,0.885093,5.208214,3.968950,0.884416,0.067788,0.011997,0.047825,0.000876,0.054190,0.000198
105.089000,SAMPLE,2,5.167227,3.967390,0.883401,5.122360,4.018736,0.895302,5.214744,3.977789,0.881262,5.219900,3.983266,0.883780,0.068187,0.011900,0.048642,0.002140,0.055014,0.000379
105.177000,SAMPLE,2,5.178669,3.981303,0.881075,5.132215,4.031018,0.893375,5.226461,3.992226,0.880519,5.230204,3.995882,0.881698,0.068041,0.012300,0.049025,0.000556,0.053558,0.000622
105.272000,SAMPLE,2,5.190797,3.995971,0.879433,5.144772,4.046585,0.891323,5.239267,4.007245,0.877238,5.243131,4.011532,0.878691,0.068411,0.011890,0.049764,0.002195,0.054599,0.000742
105.360000,SAMPLE,2,5.202099,4.009627,0.879433,5.157036,4.061766,0.891323,5.252166,4.022910,0.876410,5.253318,4.023840,0.878263,0.068914,0.011890,0.051799,0.003023,0.053155,0.001170
105.451000,SAMPLE,2,5.212140,4.021755,0.878486,5.166562,4.073556,0.890438,5.264752,4.037010,0.876382,5.265915,4.038921,0.877286,0.068997,0.011953,0.054779,0.002104,0.056448,0.001200
105.547000,SAMPLE,2,5.223797,4.035800,0.876984,5.178412,4.088179,0.888828,5.276718,4.051124,0.875019,5.278419,4.053829,0.875601,0.069307,0.011844,0.055095,0.001965,0.057521,0.001383
105.644000,SAMPLE,2,5.236265,4.050743,0.873921,5.191043,4.103685,0.885670,5.291315,4.066638,0.871961,5.291574,4.069226,0.872223,0.069628,0.011749,0.057299,0.001960,0.058316,0.001698
105.742000,SAMPLE,2,5.249328,4.066287,0.868682,5.203730,4.119146,0.880312,5.291315,4.066638,0.871961,5.304459,4.084523,0.867065,0.069808,0.011630,0.041989,0.003279,0.058069,0.001617
105.839000,SAMPLE,2,5.262436,4.081640,0.859313,5.213966,4.131443,0.872799,5.303954,4.082855,0.866847,5.314445,4.096121,0.859824,0.069496,0.013486,0.041535,0.007534,0.053987,0.000510
105.934000,SAMPLE,2,5.272301,4.092984,0.850840,5.225843,4.145469,0.863325,5.317138,4.097061,0.858830,5.326144,4.109388,0.850287,0.070092,0.012485,0.045022,0.007990,0.056287,0.000553
106.034000,SAMPLE,2,5.284690,4.106926,0.838348,5.237971,4.159474,0.851402,5.328833,4.113429,0.848604,5.338618,4.123565,0.837527,0.070313,0.013053,0.044619,0.010256,0.056436,0.000821
106.134000,SAMPLE,2,5.297954,4.121593,0.834485,5.250614,4.173826,0.847554,5.341989,4.125532,0.836637,5.351826,4.137951,0.833780,0.070494,0.013069,0.044210,0.002152,0.056301,0.000704
106.230000,SAMPLE,2,5.310757,4.135710,0.832582,5.263067,4.187923,0.845804,5.354234,4.140467,0.831289,5.364531,4.151884,0.832303,0.070714,0.013222,0.043737,0.001293,0.056154,0.000279
106.324000,SAMPLE,2,5.323142,4.149199,0.821737,5.275790,4.202148,0.834604,5.366658,4.153347,0.829802,5.377657,4.166041,0.820838,0.071034,0.012868,0.043712,0.008065,0.057057,0.000899
106.424000,SAMPLE,2,5.336315,4.163146,0.805695,5.288314,4.215757,0.818870,5.380761,4.169333,0.821371,5.390353,4.179566,0.805759,0.071218,0.013175,0.044875,0.015677,0.056477,0.000064
106.516000,SAMPLE,2,5.346395,4.173550,0.797131,5.298140,4.226168,0.810244,5.393515,4.182688,0.805478,5.400674,4.190224,0.797337,0.071395,0.013112,0.047997,0.008347,0.056781,0.000206
106.614000,SAMPLE,2,5.358270,4.185589,0.786023,5.309714,4.238213,0.799170,5.418092,4.207692,0.782703,5.412668,4.202468,0.786544,0.071603,0.013147,0.063775,0.003320,0.056957,0.000520
106.714000,SAMPLE,2,5.369814,4.197020,0.775321,5.320550,4.249230,0.788796,5.418092,4.207692,0.782703,5.424229,4.213870,0.775370,0.071784,0.013476,0.049444,0.007383,0.056965,0.000049
106.812000,SAMPLE,2,5.380220,4.207125,0.765847,5.330722,4.259377,0.779323,5.428870,4.217954,0.772837,5.434532,4.223858,0.766142,0.071975,0.013476,0.049840,0.006990,0.056831,0.000295
106.904000,SAMPLE,2,5.389861,4.216313,0.756752,5.340503,4.268948,0.769849,5.439905,4.228406,0.763126,5.444838,4.233613,0.756455,0.072158,0.013097,0.051484,0.006374,0.057635,0.000297
106.998000,SAMPLE,2,5.397673,4.223633,0.748889,5.347838,4.276006,0.762270,5.447136,4.237659,0.753288,5.452036,4.240602,0.749002,0.072294,0.013381,0.051414,0.004399,0.056951,0.000112
107.091000,SAMPLE,2,5.406631,4.231885,0.739889,5.357015,4.284685,0.752796,5.458156,4.247746,0.743893,5.461612,4.249596,0.739284,0.072454,0.012907,0.053911,0.004004,0.057764,0.000605
107.174000,SAMPLE,2,5.414337,4.238864,0.731647,5.363907,4.291093,0.745217,5.468148,4.255486,0.734179,5.468904,4.256187,0.731457,0.072603,0.013570,0.056320,0.002533,0.057251,0.000190
107.273000,SAMPLE,2,5.422654,4.246264,0.722363,5.372189,4.298664,0.735744,5.475964,4.262666,0.725247,5.477265,4.263672,0.722250,0.072750,0.013381,0.055776,0.002884,0.057318,0.000113
107.359000,SAMPLE,2,5.429916,4.252610,0.713836,5.378453,4.304292,0.728165,5.483623,4.270534,0.716003,5.483792,4.269535,0.714568,0.072935,0.014328,0.056619,0.002167,0.056471,0.000731
107.448000,SAMPLE,2,5.436725,4.258457,0.705121,5.385727,4.310717,0.718691,5.491240,4.277361,0.706633,5.491314,4.276175,0.705029,0.073020,0.013570,0.057699,0.001512,0.057393,0.000091
107.545000,SAMPLE,2,5.442828,4.263613,0.698757,5.392884,4.316924,0.711267,5.500263,4.283039,0.696304,5.498934,4.282512,0.697150,0.073051,0.012510,0.060631,0.002454,0.059203,0.001608
107.642000,SAMPLE,2,5.449716,4.269355,0.690060,5.399351,4.322448,0.702194,5.500263,4.283039,0.696304,5.505406,4.287899,0.688676,0.073181,0.012134,0.052367,0.006244,0.058697,0.001384
107.741000,SAMPLE,2,5.456449,4.274859,0.680492,5.405806,4.327857,0.692720,5.506649,4.289069,0.689530,5.512074,4.293372,0.679369,0.073304,0.012228,0.052172,0.009038,0.058625,0.001123
107.837000,SAMPLE,2,5.461003,4.278500,0.664910,5.409166,4.330617,0.679891,5.518294,4.298879,0.666185,5.515729,4.296429,0.666739,0.073507,0.014981,0.060807,0.001275,0.057588,0.001829
107.931000,SAMPLE,2,5.463845,4.280683,0.640329,5.411858,4.332751,0.654867,5.518294,4.298879,0.666185,5.518265,4.298398,0.643266,0.073578,0.014538,0.057409,0.025856,0.057230,0.002936
108.028000,SAMPLE,2,5.464515,4.281168,0.606173,5.412049,4.332896,0.620994,5.523018,4.302848,0.611221,5.518892,4.298999,0.610156,0.073679,0.014821,0.062391,0.005049,0.057226,0.003983
108.111000,SAMPLE,2,5.464942,4.281455,0.580467,5.412049,4.332896,0.593204,5.523018,4.302848,0.611221,5.519377,4.299454,0.582567,0.073782,0.012737,0.061892,0.030754,0.057334,0.002099
108.206000,SAMPLE,2,5.465487,4.281801,0.548162,5.412049,4.332896,0.558467,5.523365,4.303112,0.576370,5.519846,4.299887,0.547971,0.073935,0.010305,0.061677,0.028207,0.057289,0.000191
108.302000,SAMPLE,2,5.466054,4.282134,0.515275,5.412049,4.332896,0.525931,5.524270,4.302711,0.541830,5.520374,4.300236,0.517742,0.074117,0.010655,0.061745,0.026555,0.057256,0.002467
108.401000,SAMPLE,2,5.466571,4.282417,0.485844,5.412049,4.332896,0.497444,5.525577,4.303729,0.509458,5.520988,4.300645,0.488621,0.074302,0.011600,0.062737,0.023614,0.057389,0.002777
108.500000,SAMPLE,2,5.467082,4.282678,0.457138,5.412049,4.332896,0.474707,5.524896,4.303659,0.481069,5.521450,4.301000,0.465533,0.074502,0.017568,0.061503,0.023930,0.057372,0.008394
108.598000,SAMPLE,2,5.467513,4.282883,0.433265,5.412049,4.332896,0.446286,5.526787,4.305428,0.451784,5.522093,4.301535,0.437754,0.074683,0.013021,0.063417,0.018519,0.057679,0.004489
108.690000,SAMPLE,2,5.467972,4.283089,0.408099,5.412049,4.332896,0.419665,5.528514,4.304420,0.423288,5.522849,4.301874,0.410754,0.074888,0.011566,0.064189,0.015189,0.058003,0.002655
108.786000,SAMPLE,2,5.468389,4.283264,0.385523,5.412049,4.332896,0.397375,5.529325,4.306103,0.397272,5.523614,4.302372,0.387563,0.075084,0.011853,0.065076,0.011750,0.058437,0.002040
108.882000,SAMPLE,2,5.468792,4.283422,0.363860,5.412049,4.332896,0.375270,5.527251,4.304978,0.375559,5.524052,4.302687,0.365702,0.075283,0.011410,0.062307,0.011699,0.058522,0.001843
108.978000,SAMPLE,2,5.469219,4.283579,0.341091,5.412049,4.332896,0.353165,5.528051,4.304806,0.353433,5.524513,4.302930,0.342176,0.075502,0.012074,0.062544,0.012342,0.058583,0.001085
109.064000,SAMPLE,2,5.469570,4.283700,0.322523,5.412049,4.332896,0.335481,5.528051,4.304806,0.353433,5.524513,4.302930,0.324492,0.075690,0.012958,0.062172,0.030911,0.058211,0.001969
109.162000,SAMPLE,2,5.469911,4.283811,0.304617,5.412049,4.332896,0.317796,5.530159,4.305919,0.310042,5.525059,4.303210,0.308448,0.075878,0.013179,0.064176,0.005425,0.058461,0.003830
109.253000,SAMPLE,2,5.470257,4.283916,0.286531,5.412049,4.332896,0.299899,5.530264,4.305352,0.288945,5.525671,4.303535,0.289911,0.076074,0.013368,0.063721,0.002415,0.058784,0.003380
109.357000,SAMPLE,2,5.470570,4.284006,0.270267,5.412049,4.332896,0.284109,5.530796,4.306073,0.272813,5.526220,4.303752,0.273937,0.076256,0.013842,0.064142,0.002546,0.059050,0.003670
109.452000,SAMPLE,2,5.470875,4.284088,0.254478,5.412049,4.332896,0.268320,5.530306,4.305315,0.257051,5.527171,4.304176,0.256649,0.076438,0.013842,0.063109,0.002573,0.059774,0.002171
109.523000,SAMPLE,2,5.471104,4.284146,0.242636,5.412049,4.332896,0.255688,5.530306,4.305315,0.257051,5.527171,4.304176,0.244018,0.076578,0.013053,0.062873,0.014415,0.059538,0.001382
109.624000,SAMPLE,2,5.471365,4.284209,0.229215,5.412049,4.332896,0.239899,5.530004,4.304998,0.241642,5.527505,4.304273,0.227781,0.076739,0.010684,0.062215,0.012427,0.059618,0.001434
109.721000,SAMPLE,2,5.471679,4.284279,0.213110,5.412049,4.332896,0.224109,5.529856,4.304579,0.225905,5.527782,4.304309,0.214795,0.076938,0.011000,0.061617,0.012796,0.059571,0.001686
109.819000,SAMPLE,2,5.471951,4.284336,0.199228,5.412049,4.332896,0.212828,5.530574,4.304947,0.210146,5.528112,4.304384,0.200724,0.077113,0.013600,0.062140,0.010918,0.059632,0.001496
109.911000,SAMPLE,2,5.472139,4.284373,0.189652,5.412049,4.332896,0.203052,5.531457,4.306429,0.195767,5.528508,4.304626,0.190457,0.077236,0.013400,0.063286,0.006115,0.059897,0.000806
110.000000,SAMPLE,2,5.472308,4.284405,0.181031,5.412049,4.332896,0.195473,5.531129,4.306018,0.186303,5.528818,4.304791,0.182450,0.077348,0.014442,0.062666,0.005272,0.060074,0.001420
110.096000,SAMPLE,2,5.472460,4.284432,0.173357,5.412049,4.332896,0.185999,5.532268,4.307011,0.176606,5.529227,4.305054,0.172587,0.077448,0.012642,0.063929,0.003250,0.060397,0.000770
110.187000,SAMPLE,2,5.472643,4.284463,0.164073,5.412049,4.332896,0.176525,5.532335,4.306125,0.167138,5.529595,4.305181,0.162799,0.077572,0.012453,0.063501,0.003065,0.060604,0.001274
110.285000,SAMPLE,2,5.472830,4.284493,0.154599,5.412049,4.332896,0.167052,5.532442,4.306183,0.157622,5.529933,4.305300,0.153062,0.077699,0.012453,0.063435,0.003023,0.060776,0.001537
110.329000,P2,2,5.472921,4.284507,0.149957,5.412049,4.332896,0.163262,5.532442,4.306183,0.157622,5.529933,4.305300,0.149272,0.077762,0.013305,0.063344,0.007665,0.060685,0.000685
110.384000,SAMPLE,3,5.472980,4.284516,0.146981,5.412049,4.332896,0.159628,5.533452,4.306044,0.146896,5.530359,4.305390,0.145494,0.077803,0.012647,0.064189,0.000085,0.061058,0.001487
110.468000,SAMPLE,3,5.476144,4.284970,0.137121,5.414766,4.333320,0.150549,5.536022,4.306488,0.139607,5.533773,4.305914,0.137682,0.078135,0.013428,0.063627,0.002485,0.061316,0.000561
110.562000,SAMPLE,3,5.482972,4.285857,0.120507,5.422985,4.334476,0.129475,5.541642,4.306228,0.125455,5.542459,4.306964,0.117045,0.077215,0.008969,0.062106,0.004949,0.063121,0.003462
110.656000,SAMPLE,3,5.495933,4.287238,0.091293,5.433413,4.335703,0.104896,5.552049,4.307311,0.100207,5.553411,4.308072,0.093437,0.079105,0.013603,0.059597,0.008914,0.061137,0.002143
110.756000,SAMPLE,3,5.515214,4.288605,0.049765,5.451098,4.337206,0.064923,5.569379,4.308523,0.064061,5.571593,4.309388,0.054187,0.080454,0.015157,0.057712,0.014295,0.060088,0.004421
110.835000,SAMPLE,3,5.532131,4.289138,0.013422,5.467079,4.337953,0.028857,5.569379,4.308523,0.064061,5.587579,4.310034,0.017871,0.081330,0.015435,0.041991,0.050639,0.059255,0.004449
110.934000,SAMPLE,3,5.553161,4.288986,-0.028173,5.487077,4.338115,-0.012433,5.588314,4.309618,0.021032,5.606677,4.310186,-0.019276,0.082345,0.015740,0.040761,0.049205,0.057562,0.008896
111.023000,SAMPLE,3,5.572456,4.288107,-0.064002,5.507066,4.337484,-0.051135,5.609627,4.309528,-0.021328,5.626537,4.309492,-0.056159,0.081938,0.012867,0.042902,0.042674,0.058156,0.007844
111.118000,SAMPLE,3,5.588373,4.286858,-0.092076,5.522264,4.336485,-0.079077,5.629519,4.308859,-0.060120,5.642008,4.308350,-0.085732,0.082663,0.012999,0.046659,0.031957,0.057781,0.006344
111.209000,SAMPLE,3,5.607623,4.284796,-0.122213,5.541127,4.334707,-0.109477,5.647598,4.308346,-0.095285,5.660631,4.306611,-0.115228,0.083142,0.012736,0.046396,0.026928,0.057322,0.006985
111.304000,SAMPLE,3,5.627457,4.281992,-0.159909,5.560826,4.332163,-0.148275,5.666331,4.306351,-0.126007,5.680604,4.304001,-0.154748,0.083408,0.011634,0.045875,0.033901,0.057523,0.005161
111.393000,SAMPLE,3,5.645859,4.278688,-0.194756,5.576610,4.329546,-0.179467,5.686146,4.303817,-0.164813,5.696566,4.301374,-0.185935,0.085918,0.015289,0.047482,0.029943,0.055551,0.008821
111.490000,SAMPLE,3,5.662705,4.275135,-0.220748,5.595867,4.325734,-0.210398,5.708263,4.300168,-0.203124,5.716205,4.297499,-0.217640,0.083831,0.010349,0.051983,0.017624,0.057986,0.003108
111.578000,SAMPLE,3,5.680129,4.270990,-0.246327,5.610950,4.322331,-0.233135,5.729413,4.296964,-0.233314,5.731601,4.294268,-0.240101,0.086149,0.013192,0.055709,0.013013,0.056491,0.006226
111.671000,SAMPLE,3,5.699333,4.265917,-0.269472,5.630349,4.317466,-0.257196,5.748267,4.290121,-0.260773,5.751557,4.289108,-0.265310,0.086117,0.012276,0.054593,0.008699,0.057142,0.004162
111.769000,SAMPLE,3,5.719208,4.260182,-0.293798,5.649632,4.312158,-0.281201,5.766840,4.286952,-0.282322,5.770797,4.283967,-0.289083,0.086847,0.012597,0.054639,0.011476,0.056808,0.004714
111.869000,SAMPLE,3,5.738962,4.253898,-0.322940,5.668384,4.306458,-0.309464,5.789435,4.279787,-0.309499,5.789931,4.278256,-0.316841,0.088000,0.013476,0.056725,0.013441,0.056490,0.006099
111.958000,SAMPLE,3,5.753846,4.248737,-0.344824,5.683437,4.301454,-0.332201,5.807996,4.273030,-0.338420,5.805031,4.273161,-0.339578,0.087958,0.012623,0.059350,0.006404,0.056714,0.005246
112.051000,SAMPLE,3,5.772459,4.241798,-0.368045,5.702259,4.294695,-0.356212,5.827901,4.265207,-0.365165,5.825035,4.265953,-0.364636,0.087898,0.011834,0.060182,0.002880,0.057860,0.003409
112.134000,SAMPLE,3,5.788394,4.235490,-0.384964,5.717206,4.288987,-0.372396,5.827901,4.265207,-0.365165,5.839946,4.260153,-0.380320,0.089048,0.012568,0.049436,0.019799,0.057148,0.004643
112.234000,SAMPLE,3,5.807287,4.227691,-0.396966,5.735786,4.281585,-0.384533,5.863927,4.250814,-0.399290,5.858622,4.252566,-0.392428,0.089538,0.012434,0.061178,0.002323,0.057044,0.004538
112.330000,SAMPLE,3,5.824851,4.220232,-0.406345,5.753482,4.274327,-0.394006,5.881924,4.243437,-0.408390,5.876827,4.244906,-0.403175,0.089554,0.012339,0.061610,0.002045,0.057535,0.003170
112.430000,SAMPLE,3,5.843918,4.211860,-0.422897,5.771769,4.266573,-0.409680,5.900435,4.235872,-0.422125,5.896641,4.236396,-0.419966,0.090549,0.013217,0.061406,0.000772,0.058152,0.002931
112.515000,SAMPLE,3,5.856853,4.205944,-0.435718,5.786005,4.260273,-0.424091,5.900435,4.235872,-0.422125,5.910816,4.229985,-0.433598,0.089281,0.011627,0.052869,0.013592,0.059076,0.002120
112.611000,SAMPLE,3,5.874828,4.197376,-0.454479,5.803376,4.252243,-0.442430,5.918973,4.227835,-0.440496,5.928635,4.221743,-0.451095,0.090088,0.012049,0.053633,0.013982,0.059066,0.003383
112.709000,SAMPLE,3,5.890983,4.189310,-0.472507,5.819620,4.244369,-0.460869,5.936113,4.218152,-0.458935,5.945251,4.213500,-0.470586,0.090134,0.011638,0.053559,0.013573,0.059415,0.001922
112.804000,SAMPLE,3,5.908182,4.180334,-0.488942,5.836828,4.235642,-0.477309,5.952137,4.209901,-0.477307,5.963278,4.204084,-0.487614,0.090279,0.011633,0.052974,0.011634,0.059997,0.001327
112.899000,SAMPLE,3,5.924606,4.171434,-0.504573,5.850053,4.228697,-0.489941,5.969666,4.201328,-0.493695,5.976779,4.196881,-0.500805,0.094007,0.014633,0.054075,0.010878,0.058047,0.003768
112.991000,SAMPLE,3,5.936179,4.164952,-0.516731,5.865045,4.220551,-0.505730,5.985842,4.192617,-0.508148,5.991352,4.188948,-0.515520,0.090284,0.011001,0.056849,0.008583,0.060165,0.001211
113.088000,SAMPLE,3,5.951670,4.155989,-0.531028,5.880564,4.211799,-0.519569,6.001785,4.183988,-0.524896,6.006626,4.180326,-0.529661,0.090392,0.011458,0.057406,0.006132,0.060104,0.001366
113.178000,SAMPLE,3,5.967609,4.146523,-0.541900,5.894108,4.203978,-0.528680,6.018404,4.174361,-0.537616,6.020632,4.172130,-0.540217,0.093293,0.013220,0.057923,0.004284,0.058883,0.001683
113.262000,SAMPLE,3,5.982070,4.137684,-0.555624,5.910395,4.194296,-0.544206,6.036859,4.162582,-0.550653,6.037222,4.162101,-0.555373,0.091336,0.011417,0.060180,0.004971,0.060315,0.000251
113.334000,SAMPLE,3,5.994925,4.129598,-0.566547,5.920093,4.188365,-0.552830,6.052151,4.153221,-0.566266,6.047815,4.155480,-0.565666,0.095149,0.013717,0.061910,0.000281,0.058883,0.000881
113.432000,SAMPLE,3,6.007345,4.121596,-0.577721,5.935428,4.178761,-0.566069,6.052151,4.153221,-0.566266,6.063026,4.145699,-0.579802,0.091868,0.011651,0.054843,0.011454,0.060674,0.002082
113.529000,SAMPLE,3,6.023549,4.110923,-0.586040,5.951674,4.168331,-0.574054,6.067988,4.144276,-0.580331,6.079383,4.135141,-0.588215,0.091988,0.011987,0.055563,0.005710,0.060860,0.002174
113.627000,SAMPLE,3,6.040352,4.099664,-0.596491,5.968312,4.157463,-0.584877,6.083585,4.135416,-0.589099,6.096063,4.124315,-0.597677,0.092360,0.011614,0.056101,0.007392,0.060921,0.001186
113.725000,SAMPLE,3,6.057119,4.088053,-0.616264,5.984882,4.146263,-0.604956,6.116655,4.112777,-0.616539,6.113787,4.112638,-0.618742,0.092772,0.011308,0.064466,0.000275,0.061771,0.002478
113.814000,SAMPLE,3,6.071518,4.077639,-0.636380,5.997342,4.137485,-0.622641,6.116655,4.112777,-0.616539,6.126076,4.103764,-0.636426,0.095308,0.013739,0.057202,0.019841,0.060491,0.000046
113.913000,SAMPLE,3,6.086375,4.066406,-0.658706,6.011907,4.126784,-0.644746,6.132551,4.100388,-0.638680,6.140612,4.093101,-0.657237,0.095869,0.013960,0.057333,0.020026,0.060451,0.001469
114.008000,SAMPLE,3,6.099485,4.056099,-0.673091,6.027495,4.114833,-0.662241,6.147325,4.088624,-0.659822,6.156577,4.080700,-0.674733,0.092910,0.010850,0.057849,0.013269,0.062167,0.001642
114.104000,SAMPLE,3,6.114662,4.043806,-0.689648,6.043164,4.102405,-0.680080,6.162767,4.078058,-0.677422,6.172135,4.068428,-0.691811,0.092443,0.009568,0.059053,0.012226,0.062525,0.002163
114.200000,SAMPLE,3,6.129725,4.031156,-0.707879,6.055152,4.092571,-0.694362,6.178748,4.064821,-0.695458,6.184747,4.058027,-0.707099,0.096606,0.013518,0.059469,0.012422,0.061233,0.000781
114.297000,SAMPLE,3,6.145260,4.017565,-0.729995,6.070382,4.079608,-0.716177,6.193671,4.051828,-0.714050,6.200190,4.044802,-0.728415,0.097243,0.013818,0.059308,0.015945,0.061312,0.001580
114.391000,SAMPLE,3,6.159385,4.004651,-0.751658,6.084694,4.066874,-0.738283,6.208864,4.038988,-0.736009,6.215009,4.031529,-0.751100,0.097213,0.013376,0.060226,0.015649,0.061778,0.000558
114.483000,SAMPLE,3,6.171978,3.992633,-0.773100,6.097575,4.054896,-0.760388,6.225025,4.022332,-0.758169,6.227743,4.019638,-0.771048,0.097018,0.012713,0.060795,0.014932,0.061960,0.002052
114.578000,SAMPLE,3,6.183223,3.981508,-0.786678,6.108739,4.044123,-0.773991,6.237624,4.011336,-0.779699,6.239154,4.008622,-0.783943,0.097306,0.012687,0.062042,0.006979,0.062157,0.002735
114.667000,SAMPLE,3,6.196751,3.967743,-0.801678,6.122931,4.030031,-0.789780,6.252688,3.996898,-0.795839,6.253504,3.994373,-0.799587,0.096588,0.011898,0.063080,0.005839,0.062691,0.002091
114.759000,SAMPLE,3,6.209482,3.954388,-0.818096,6.133788,4.018933,-0.803662,6.266601,3.984452,-0.811728,6.264233,3.983223,-0.814218,0.099476,0.014434,0.064548,0.006368,0.061880,0.003878
114.854000,SAMPLE,3,6.223292,3.939321,-0.840043,6.147513,4.004386,-0.825477,6.279550,3.967656,-0.832528,6.278614,3.968252,-0.835615,0.099879,0.014566,0.062991,0.007515,0.062431,0.004428
114.949000,SAMPLE,3,6.235871,3.924981,-0.861706,6.160330,3.990189,-0.847583,6.279550,3.967656,-0.832528,6.291296,3.953978,-0.857720,0.099792,0.014124,0.061066,0.029178,0.062553,0.003986
115.048000,SAMPLE,3,6.246824,3.911965,-0.880717,6.172971,3.975543,-0.869688,6.305670,3.938327,-0.876662,6.304481,3.939084,-0.878802,0.097450,0.011029,0.064481,0.004054,0.063716,0.001915
115.140000,SAMPLE,3,6.259141,3.896731,-0.900238,6.185709,3.960125,-0.889593,6.318056,3.923606,-0.898440,6.314611,3.926700,-0.894486,0.097010,0.010645,0.064755,0.001798,0.063048,0.005752
115.237000,SAMPLE,3,6.271516,3.880872,-0.916054,6.195706,3.947632,-0.902277,6.330698,3.908018,-0.914911,6.328002,3.909917,-0.912499,0.101016,0.013776,0.065111,0.001142,0.063516,0.003554
115.335000,SAMPLE,3,6.283197,3.865410,-0.931843,6.207462,3.932506,-0.918067,6.330698,3.908018,-0.914911,6.339627,3.894690,-0.928289,0.101182,0.013776,0.063811,0.016932,0.063574,0.003554
115.432000,SAMPLE,3,6.295128,3.849084,-0.947632,6.219368,3.916673,-0.933856,6.355401,3.877063,-0.946348,6.352197,3.878265,-0.944904,0.101527,0.013776,0.066450,0.001284,0.064097,0.002728
115.528000,SAMPLE,3,6.306364,3.833199,-0.963106,6.230914,3.900809,-0.949646,6.355401,3.877063,-0.946348,6.363568,3.862326,-0.960694,0.101310,0.013460,0.065793,0.016758,0.064193,0.002412
115.625000,SAMPLE,3,6.315317,3.820133,-0.977779,6.241785,3.885342,-0.967535,6.363671,3.860385,-0.961827,6.373827,3.847324,-0.978064,0.098280,0.010243,0.062915,0.015952,0.064520,0.000286
115.720000,SAMPLE,3,6.326314,3.803450,-0.997539,6.250750,3.872089,-0.983788,6.373312,3.844464,-0.979366,6.382381,3.834074,-0.992988,0.102085,0.013751,0.062377,0.018173,0.063886,0.004550
115.812000,SAMPLE,3,6.336780,3.787010,-1.009289,6.261556,3.855599,-0.996333,6.386574,3.827182,-0.999493,6.393221,3.817123,-1.006140,0.101799,0.012956,0.063979,0.009796,0.063972,0.003149
115.910000,SAMPLE,3,6.346566,3.771294,-1.018668,6.271573,3.839964,-1.005806,6.398299,3.809222,-1.012118,6.403177,3.801241,-1.016035,0.101684,0.012862,0.064147,0.006550,0.064045,0.002633
116.005000,SAMPLE,3,6.355302,3.756998,-1.026616,6.282043,3.823271,-1.015280,6.408678,3.795403,-1.021492,6.413930,3.784017,-1.026172,0.098787,0.011336,0.065757,0.005124,0.064555,0.000443
116.099000,SAMPLE,3,6.365288,3.740276,-1.038167,6.290263,3.809876,-1.025109,6.419027,3.778819,-1.030821,6.422319,3.770385,-1.035261,0.102337,0.013058,0.066133,0.007346,0.064491,0.002906
116.195000,SAMPLE,3,6.375029,3.723559,-1.049292,6.300172,3.793370,-1.036033,6.428715,3.759808,-1.042404,6.432183,3.753602,-1.047017,0.102357,0.013259,0.064778,0.006888,0.064569,0.002275
116.284000,SAMPLE,3,6.384311,3.707150,-1.061905,6.310239,3.776088,-1.049622,6.438678,3.743918,-1.054453,6.442162,3.736321,-1.061199,0.101188,0.012283,0.065633,0.007452,0.064789,0.000706
116.379000,SAMPLE,3,6.393566,3.690447,-1.066749,6.318170,3.762192,-1.053917,6.448799,3.726254,-1.066633,6.450235,3.721963,-1.066168,0.104077,0.012833,0.065824,0.000117,0.064843,0.000581
116.473000,SAMPLE,3,6.402671,3.673879,-1.069876,6.327622,3.745504,-1.057075,6.459543,3.708080,-1.070720,6.459888,3.704726,-1.069818,0.103743,0.012801,0.066364,0.000844,0.065002,0.000058
116.565000,SAMPLE,3,6.409967,3.660462,-1.076190,6.337298,3.728217,-1.064846,6.469288,3.691113,-1.075901,6.469585,3.687341,-1.077552,0.099356,0.011344,0.066772,0.000289,0.065397,0.001363
116.657000,SAMPLE,3,6.418948,3.643631,-1.085284,6.344879,3.714414,-1.072425,6.478151,3.673528,-1.085034,6.477498,3.672690,-1.085795,0.102453,0.012860,0.066324,0.000250,0.065365,0.000511
116.755000,SAMPLE,3,6.427224,3.627770,-1.094568,6.353463,3.698462,-1.081898,6.487871,3.656824,-1.094619,6.486298,3.656281,-1.095499,0.102167,0.012670,0.067247,0.000051,0.065594,0.000930
116.855000,SAMPLE,3,6.436409,3.609748,-1.104274,6.362585,3.681114,-1.091372,6.496934,3.641401,-1.104330,6.495616,3.638679,-1.105234,0.102679,0.012901,0.068302,0.000057,0.065898,0.000961
116.947000,SAMPLE,3,6.445039,3.592499,-1.108695,6.371758,3.663342,-1.096233,6.506080,3.623277,-1.111168,6.504548,3.620785,-1.110454,0.101925,0.012463,0.068361,0.002473,0.065890,0.001758
117.036000,SAMPLE,3,6.452778,3.576942,-1.110031,6.378732,3.649753,-1.097212,6.514628,3.604767,-1.112850,6.511463,3.607480,-1.111847,0.103848,0.012819,0.067821,0.002819,0.066155,0.001816
117.135000,SAMPLE,3,6.460397,3.561543,-1.112747,6.387734,3.632118,-1.100369,6.524340,3.586709,-1.116765,6.520578,3.589383,-1.115187,0.101295,0.012377,0.068718,0.004018,0.066309,0.002441
117.221000,SAMPLE,3,6.468266,3.545525,-1.115589,6.396619,3.614577,-1.103527,6.524340,3.586709,-1.116765,6.529598,3.571465,-1.118635,0.099506,0.012061,0.069573,0.001176,0.066592,0.003046
117.307000,SAMPLE,3,6.475638,3.530412,-1.118431,6.403288,3.601317,-1.106054,6.533815,3.569640,-1.119093,6.536519,3.557985,-1.121237,0.101301,0.012377,0.070167,0.000662,0.066834,0.002806
117.399000,SAMPLE,3,6.483917,3.513232,-1.126091,6.410324,3.587182,-1.112383,6.541026,3.552093,-1.121730,6.543777,3.543293,-1.127016,0.104329,0.013709,0.069077,0.004361,0.066985,0.000925
117.485000,SAMPLE,3,6.491377,3.497403,-1.134712,6.418731,3.569944,-1.121856,6.548345,3.533151,-1.130341,6.552088,3.525595,-1.136405,0.102663,0.012856,0.067255,0.004371,0.066937,0.001693
117.567000,SAMPLE,3,6.496625,3.486047,-1.141249,6.424931,3.556947,-1.129435,6.556994,3.515568,-1.138998,6.558313,3.512179,-1.143757,0.100830,0.011814,0.067200,0.002251,0.066995,0.002508
117.659000,SAMPLE,3,6.504392,3.468890,-1.150249,6.431621,3.542645,-1.137014,6.563342,3.501260,-1.149306,6.564899,3.497597,-1.151336,0.103612,0.013235,0.067253,0.000943,0.066972,0.001087
117.750000,SAMPLE,3,6.512220,3.451260,-1.154731,6.439970,3.524471,-1.142191,6.571199,3.482972,-1.156920,6.572817,3.479705,-1.156199,0.102859,0.012540,0.066964,0.002189,0.066941,0.001468
117.847000,SAMPLE,3,6.519838,3.433947,-1.157857,6.447878,3.507091,-1.145348,6.579414,3.464280,-1.160327,6.580502,3.462096,-1.159659,0.102608,0.012508,0.066854,0.002471,0.066876,0.001802
117.943000,SAMPLE,3,6.527280,3.416889,-1.160947,6.455662,3.489839,-1.148506,6.588122,3.447282,-1.164748,6.588209,3.444609,-1.163306,0.102229,0.012441,0.068011,0.003801,0.066938,0.002358
118.038000,SAMPLE,3,6.533682,3.402102,-1.163543,6.462081,3.475506,-1.151033,6.596081,3.429321,-1.167647,6.594734,3.429739,-1.166282,0.102542,0.012511,0.068076,0.004104,0.067015,0.002738
118.117000,SAMPLE,3,6.539934,3.387556,-1.166227,6.468147,3.461868,-1.153559,6.596081,3.429321,-1.167647,6.600587,3.416031,-1.168808,0.103323,0.012669,0.069976,0.001420,0.067004,0.002580
118.212000,SAMPLE,3,6.547695,3.369257,-1.174232,6.476014,3.443962,-1.161048,6.603963,3.411219,-1.170532,6.608424,3.397808,-1.176467,0.103532,0.013183,0.070192,0.003700,0.067106,0.002235
118.306000,SAMPLE,3,6.553868,3.354439,-1.176858,6.483934,3.425597,-1.164527,6.611777,3.392795,-1.178030,6.616284,3.379168,-1.180169,0.099770,0.012331,0.069460,0.001172,0.067136,0.003311
118.402000,SAMPLE,3,6.561338,3.336467,-1.176858,6.491655,3.407650,-1.164527,6.618183,3.374409,-1.181519,6.623735,3.361009,-1.180427,0.099613,0.012331,0.068344,0.004661,0.067050,0.003568
118.493000,SAMPLE,3,6.568410,3.319408,-1.179248,6.497941,3.392994,-1.166896,6.625478,3.355986,-1.182006,6.629648,3.346494,-1.182508,0.101886,0.012353,0.067784,0.002758,0.066961,0.003260
118.589000,SAMPLE,3,6.575813,3.301397,-1.182375,6.505620,3.374949,-1.170054,6.633296,3.335061,-1.184226,6.636932,3.328325,-1.185635,0.101672,0.012321,0.066615,0.001851,0.066788,0.003261
118.676000,SAMPLE,3,6.582041,3.286119,-1.185185,6.511389,3.361286,-1.172580,6.638974,3.319329,-1.188778,6.642185,3.314819,-1.188407,0.103159,0.012605,0.065911,0.003593,0.066641,0.003222
118.767000,SAMPLE,3,6.589022,3.268850,-1.188155,6.518960,3.343207,-1.175738,6.645526,3.300933,-1.191199,6.649183,3.296678,-1.191637,0.102165,0.012417,0.064977,0.003044,0.066285,0.003482
118.853000,SAMPLE,3,6.594620,3.254900,-1.189703,6.525101,3.328433,-1.177380,6.653433,3.284846,-1.193980,6.655093,3.281809,-1.192902,0.101192,0.012323,0.065998,0.004277,0.066190,0.003199
118.949000,SAMPLE,3,6.601859,3.236833,-1.189703,6.532627,3.310301,-1.177380,6.661041,3.266221,-1.194533,6.662130,3.263815,-1.193372,0.100948,0.012323,0.066077,0.004830,0.066035,0.003669
119.046000,SAMPLE,3,6.608867,3.219386,-1.188825,6.539873,3.292885,-1.176601,6.661041,3.266221,-1.194533,6.669073,3.246367,-1.191214,0.100809,0.012224,0.070111,0.005708,0.065975,0.002389
119.131000,SAMPLE,3,6.615461,3.202961,-1.189046,6.545927,3.278325,-1.176767,6.677107,3.230291,-1.195510,6.674752,3.232492,-1.192184,0.102542,0.012279,0.067432,0.006464,0.066238,0.003138
119.228000,SAMPLE,3,6.622379,3.185729,-1.189046,6.553201,3.260829,-1.176767,6.677107,3.230291,-1.195510,6.681990,3.214614,-1.192789,0.102106,0.012279,0.070576,0.006464,0.066241,0.003743
119.325000,SAMPLE,3,6.628211,3.171198,-1.189849,6.560418,3.243459,-1.177967,6.684516,3.213715,-1.195749,6.689021,3.197459,-1.193984,0.099083,0.011882,0.070554,0.005900,0.066238,0.004135
119.424000,SAMPLE,3,6.635590,3.152690,-1.193045,6.567877,3.225379,-1.181125,6.688987,3.196325,-1.196377,6.696154,3.179140,-1.197591,0.099342,0.011921,0.068959,0.003332,0.066088,0.004545
119.521000,SAMPLE,3,6.642443,3.135341,-1.196203,6.574872,3.208269,-1.184283,6.697925,3.177355,-1.199062,6.702894,3.162164,-1.200907,0.099420,0.011921,0.069594,0.002858,0.066134,0.004703
119.620000,SAMPLE,3,6.649778,3.116611,-1.198224,6.580847,3.193540,-1.185988,6.704690,3.160016,-1.202107,6.708861,3.146984,-1.203021,0.103294,0.012236,0.069995,0.003883,0.066432,0.004797
119.715000,SAMPLE,3,6.656988,3.098230,-1.195477,6.588371,3.175010,-1.183588,6.711354,3.141215,-1.204333,6.716167,3.128079,-1.201371,0.102973,0.011889,0.069307,0.008856,0.066281,0.005894
119.805000,SAMPLE,3,6.663480,3.081821,-1.192540,6.595629,3.157291,-1.180430,6.718862,3.122654,-1.201846,6.723404,3.109614,-1.198298,0.101487,0.012110,0.068808,0.009306,0.066056,0.005758
119.899000,SAMPLE,3,6.669379,3.066975,-1.193393,6.601687,3.142574,-1.181030,6.725214,3.104754,-1.198694,6.729262,3.094574,-1.199125,0.101476,0.012363,0.067416,0.005302,0.065938,0.005733
119.995000,SAMPLE,3,6.676554,3.048792,-1.196519,6.609150,3.124325,-1.184188,6.732109,3.086582,-1.199741,6.736373,3.076204,-1.202161,0.101235,0.012331,0.067189,0.003222,0.065801,0.005642
120.092000,SAMPLE,3,6.683213,3.031765,-1.199614,6.616140,3.107077,-1.187346,6.737201,3.069335,-1.201500,6.742661,3.059377,-1.204825,0.100849,0.012268,0.065774,0.001887,0.065548,0.005211
120.189000,SAMPLE,3,6.690412,3.013185,-1.202804,6.623467,3.088830,-1.190504,6.745008,3.050480,-1.204593,6.749670,3.040739,-1.207720,0.101014,0.012301,0.066119,0.001788,0.065352,0.004916
120.285000,SAMPLE,3,6.697314,2.995304,-1.201123,6.630898,3.070262,-1.188822,6.752606,3.032273,-1.207519,6.756792,3.021929,-1.206003,0.100148,0.012301,0.066512,0.006396,0.065165,0.004880
120.379000,SAMPLE,3,6.704095,2.977880,-1.198091,6.636771,3.055696,-1.186296,6.759958,3.012592,-1.205963,6.762230,3.007540,-1.203840,0.102897,0.011796,0.065769,0.007872,0.065264,0.005748
120.468000,SAMPLE,3,6.709604,2.963800,-1.197860,6.644201,3.037365,-1.185633,6.766893,2.995072,-1.203142,6.769219,2.989345,-1.203196,0.098435,0.012228,0.065269,0.005282,0.064857,0.005336
120.566000,SAMPLE,3,6.716910,2.945125,-1.197860,6.651553,3.019231,-1.185633,6.774634,2.976269,-1.203247,6.776377,2.970871,-1.203204,0.098809,0.012228,0.065589,0.005387,0.064801,0.005344
120.662000,SAMPLE,3,6.723876,2.927313,-1.198902,6.658832,3.001260,-1.186959,6.781894,2.960878,-1.202491,6.783365,2.953290,-1.204711,0.098482,0.011943,0.067028,0.003588,0.064914,0.005809
120.754000,SAMPLE,3,6.731065,2.908797,-1.202029,6.664805,2.986416,-1.189485,6.789575,2.941471,-1.205216,6.789318,2.938279,-1.206973,0.102054,0.012543,0.067015,0.003187,0.065289,0.004945
120.842000,SAMPLE,3,6.737400,2.892449,-1.198658,6.672259,2.967857,-1.186293,6.797362,2.922109,-1.205631,6.796445,2.919592,-1.203131,0.099648,0.012364,0.066896,0.006974,0.064985,0.004474
120.939000,SAMPLE,3,6.744681,2.873895,-1.195242,6.678282,2.953034,-1.183583,6.797362,2.922109,-1.205631,6.802298,2.904960,-1.200344,0.103304,0.011659,0.071413,0.010390,0.065458,0.005102
121.036000,SAMPLE,3,6.750766,2.858475,-1.194105,6.685849,2.934521,-1.181909,6.810941,2.884527,-1.200341,6.809426,2.887046,-1.198394,0.099986,0.012196,0.065572,0.006236,0.065247,0.004289
121.123000,SAMPLE,3,6.757251,2.842114,-1.192463,6.693271,2.916449,-1.179951,6.810941,2.884527,-1.200341,6.816678,2.868587,-1.196854,0.098076,0.012512,0.068421,0.007878,0.065057,0.004391
121.220000,SAMPLE,3,6.763984,2.825204,-1.190947,6.698958,2.902660,-1.179004,6.816116,2.866327,-1.196741,6.821885,2.854884,-1.195063,0.101132,0.011943,0.066398,0.005794,0.065064,0.004116
121.318000,SAMPLE,3,6.771437,2.806525,-1.192559,6.706411,2.884623,-1.180064,6.832943,2.829644,-1.197567,6.828836,2.837494,-1.196411,0.101626,0.012495,0.065708,0.005008,0.065221,0.003852
121.412000,SAMPLE,3,6.778198,2.789437,-1.195591,6.713692,2.866868,-1.183222,6.832943,2.829644,-1.197567,6.836271,2.818762,-1.199768,0.100780,0.012369,0.067924,0.001976,0.065058,0.004177
121.511000,SAMPLE,3,6.785172,2.771648,-1.198780,6.720761,2.849471,-1.186380,6.839534,2.812218,-1.200597,6.843296,2.800846,-1.202960,0.101020,0.012400,0.067832,0.001817,0.065046,0.004180
121.606000,SAMPLE,3,6.791275,2.756030,-1.197188,6.728267,2.830933,-1.184788,6.846375,2.794467,-1.203906,6.850676,2.781872,-1.201912,0.097879,0.012400,0.067182,0.006718,0.064779,0.004724
121.697000,SAMPLE,3,6.798141,2.738592,-1.194220,6.734310,2.816118,-1.182262,6.852640,2.776510,-1.202260,6.856510,2.766758,-1.199570,0.100422,0.011958,0.066392,0.008041,0.064809,0.005350
121.787000,SAMPLE,3,6.804534,2.722481,-1.192483,6.741747,2.798018,-1.180335,6.860326,2.757062,-1.198330,6.863394,2.749107,-1.197301,0.098224,0.012147,0.065640,0.005847,0.064602,0.004818
121.876000,SAMPLE,3,6.811183,2.705754,-1.192483,6.747837,2.783222,-1.180335,6.867813,2.740232,-1.197678,6.869232,2.734210,-1.197301,0.100070,0.012147,0.066300,0.005196,0.064649,0.004818
121.968000,SAMPLE,3,6.818220,2.688048,-1.192483,6.755325,2.765029,-1.180335,6.875350,2.721604,-1.197613,6.876419,2.716461,-1.197412,0.099407,0.012147,0.066256,0.005130,0.064764,0.004929
122.063000,SAMPLE,3,6.824959,2.671085,-1.193635,6.762489,2.747613,-1.181567,6.883203,2.703500,-1.197569,6.883592,2.698650,-1.198707,0.098788,0.012068,0.066657,0.003935,0.064789,0.005072
122.157000,SAMPLE,3,6.832025,2.653168,-1.196671,6.768541,2.732802,-1.184093,6.883203,2.703500,-1.197569,6.889394,2.683740,-1.201238,0.101842,0.012578,0.071781,0.000898,0.065007,0.004567
122.252000,SAMPLE,3,6.837869,2.638307,-1.195118,6.776086,2.714280,-1.182856,6.889058,2.684305,-1.200695,6.896415,2.665620,-1.199900,0.097924,0.012262,0.068820,0.005576,0.064604,0.004782
122.351000,SAMPLE,3,6.845100,2.620048,-1.192929,6.783481,2.696254,-1.180835,6.903049,2.646773,-1.198118,6.903740,2.646545,-1.198214,0.098001,0.012094,0.063815,0.005189,0.064348,0.005284
122.441000,SAMPLE,3,6.852033,2.602545,-1.194255,6.791068,2.677749,-1.182162,6.911525,2.629943,-1.199215,6.911243,2.627715,-1.199423,0.096811,0.012094,0.065498,0.004959,0.064338,0.005168
122.541000,SAMPLE,3,6.859340,2.584117,-1.192687,6.798283,2.660183,-1.180583,6.919042,2.611766,-1.197979,6.918404,2.609850,-1.197608,0.097540,0.012104,0.065794,0.005292,0.064426,0.004921
122.637000,SAMPLE,3,6.866754,2.565381,-1.195550,6.804337,2.645418,-1.182983,6.919042,2.611766,-1.197979,6.924223,2.594946,-1.200134,0.101498,0.012568,0.069897,0.002429,0.064627,0.004584
122.736000,SAMPLE,3,6.872872,2.549790,-1.198234,6.811756,2.627174,-1.186141,6.934209,2.574340,-1.203038,6.931223,2.577349,-1.202772,0.098608,0.012094,0.066068,0.004804,0.064532,0.004537
122.833000,SAMPLE,3,6.879574,2.532564,-1.201361,6.818709,2.609922,-1.189298,6.934209,2.574340,-1.203038,6.938214,2.559702,-1.205973,0.098432,0.012062,0.068777,0.001678,0.064615,0.004612
122.927000,SAMPLE,3,6.886060,2.515752,-1.202931,6.825623,2.592621,-1.190706,6.939420,2.554223,-1.205414,6.944882,2.541939,-1.207902,0.097783,0.012224,0.065782,0.002483,0.064388,0.004971
123.022000,SAMPLE,3,6.893262,2.497129,-1.201181,6.833065,2.574057,-1.189038,6.945102,2.538692,-1.207659,6.951849,2.523304,-1.206925,0.097681,0.012143,0.066444,0.006478,0.064168,0.005744
123.121000,SAMPLE,3,6.900282,2.479010,-1.201181,6.840147,2.556415,-1.189038,6.952343,2.521734,-1.206569,6.958328,2.506271,-1.206856,0.098019,0.012143,0.067348,0.005388,0.064129,0.005674
123.220000,SAMPLE,3,6.907475,2.460367,-1.204108,6.846072,2.541610,-1.191406,6.958558,2.504019,-1.206563,6.964039,2.491053,-1.209331,0.101837,0.012702,0.067194,0.002455,0.064351,0.005223
123.313000,SAMPLE,3,6.912929,2.446114,-1.206634,6.853151,2.523774,-1.194564,6.965649,2.483620,-1.208915,6.970826,2.472698,-1.212299,0.098003,0.012070,0.064700,0.002281,0.063709,0.005665
123.410000,SAMPLE,3,6.919614,2.428481,-1.211422,6.860028,2.506265,-1.199522,6.975277,2.468434,-1.211836,6.977522,2.455776,-1.215989,0.097984,0.011900,0.068517,0.000414,0.064018,0.004567
123.507000,SAMPLE,3,6.926558,2.409742,-1.220810,6.867053,2.487979,-1.208825,6.980682,2.449358,-1.215768,6.984348,2.437538,-1.224718,0.098294,0.011985,0.067073,0.005042,0.064127,0.003908
123.604000,SAMPLE,3,6.932897,2.392122,-1.230284,6.873532,2.470622,-1.218298,6.987747,2.430946,-1.226134,6.990694,2.420161,-1.233738,0.098421,0.011985,0.067200,0.004150,0.064239,0.003455
123.700000,SAMPLE,3,6.938643,2.375666,-1.239663,6.879463,2.454265,-1.227772,6.995370,2.413491,-1.235837,6.996657,2.403806,-1.242884,0.098387,0.011891,0.068181,0.003825,0.064479,0.003221
123.795000,SAMPLE,3,6.943799,2.360582,-1.242238,6.884682,2.439574,-1.230051,7.000802,2.396281,-1.245448,7.002135,2.388043,-1.246924,0.098665,0.012187,0.067259,0.003211,0.064476,0.004686
123.893000,SAMPLE,3,6.950270,2.341671,-1.239490,6.891274,2.421049,-1.227367,7.007337,2.378340,-1.247614,7.008678,2.369233,-1.244554,0.098901,0.012123,0.067832,0.008124,0.064584,0.005063
123.987000,SAMPLE,3,6.956323,2.324148,-1.237616,6.897816,2.402831,-1.225441,7.013646,2.359310,-1.244860,7.015188,2.350564,-1.242949,0.098051,0.012176,0.067248,0.007244,0.064520,0.005333
124.077000,SAMPLE,3,6.962259,2.306950,-1.238880,6.903115,2.388068,-1.226704,7.019691,2.341288,-1.243322,7.020197,2.335813,-1.244213,0.100391,0.012176,0.066914,0.004443,0.064729,0.005333
124.166000,SAMPLE,3,6.967938,2.290412,-1.241564,6.909379,2.370533,-1.229230,7.025846,2.323077,-1.244927,7.026323,2.318631,-1.246484,0.099239,0.012334,0.066486,0.003364,0.064847,0.004920
124.263000,SAMPLE,3,6.973135,2.275050,-1.248315,6.915943,2.351841,-1.237517,7.032735,2.305100,-1.249559,7.032959,2.299407,-1.254868,0.095748,0.010798,0.066747,0.001244,0.064592,0.006554
124.354000,SAMPLE,3,6.978981,2.257306,-1.255941,6.921036,2.336962,-1.243796,7.032735,2.305100,-1.249559,7.037784,2.284505,-1.261447,0.098503,0.012145,0.071929,0.006382,0.064788,0.005506
124.449000,SAMPLE,3,6.984754,2.239335,-1.265711,6.927151,2.318674,-1.254019,7.044175,2.267260,-1.264754,7.043670,2.266576,-1.269190,0.098044,0.011692,0.065656,0.000958,0.064909,0.003479
124.546000,SAMPLE,3,6.990652,2.219997,-1.285527,6.933085,2.299994,-1.273843,7.050701,2.247926,-1.281309,7.049740,2.247016,-1.289264,0.098556,0.011684,0.066226,0.004218,0.064972,0.003737
124.638000,SAMPLE,3,6.995601,2.202456,-1.306306,6.937392,2.285461,-1.291527,7.052784,2.229415,-1.302889,7.053854,2.232427,-1.306948,0.101380,0.014778,0.063220,0.003417,0.065511,0.000642
124.736000,SAMPLE,3,7.000441,2.183769,-1.328464,6.942363,2.267363,-1.313633,7.052784,2.229415,-1.302889,7.058555,2.213752,-1.328332,0.101789,0.014831,0.069451,0.025575,0.065393,0.000132
124.836000,SAMPLE,3,7.004428,2.166969,-1.347514,6.947159,2.248283,-1.335738,7.063436,2.213152,-1.326714,7.063538,2.196147,-1.347403,0.099457,0.011776,0.074932,0.020800,0.065919,0.000111
124.932000,SAMPLE,3,7.008411,2.148514,-1.369398,6.951293,2.230149,-1.357843,7.064752,2.193265,-1.348182,7.067575,2.178155,-1.368819,0.099633,0.011555,0.071951,0.021216,0.066173,0.000579
125.028000,SAMPLE,3,7.012183,2.129125,-1.386862,6.955274,2.210872,-1.375212,7.068896,2.172478,-1.369469,7.071512,2.158516,-1.385137,0.099605,0.011651,0.071386,0.017393,0.066210,0.001725
125.120000,SAMPLE,3,7.015392,2.111143,-1.401704,6.958149,2.195871,-1.387843,7.073288,2.153173,-1.388674,7.074366,2.143394,-1.397838,0.102253,0.013861,0.071543,0.013030,0.067216,0.003866
125.217000,SAMPLE,3,7.018369,2.092843,-1.417652,6.961311,2.178002,-1.403633,7.077267,2.134151,-1.404506,7.077591,2.124890,-1.414268,0.102506,0.014019,0.071939,0.013146,0.067337,0.003383
125.316000,SAMPLE,3,7.021303,2.072788,-1.433680,6.964410,2.158691,-1.419422,7.080485,2.115691,-1.420273,7.080757,2.104863,-1.430654,0.103034,0.014258,0.073097,0.013407,0.067555,0.003026
125.407000,SAMPLE,3,7.023634,2.054941,-1.448367,6.967150,2.139730,-1.435212,7.083371,2.096490,-1.436958,7.083500,2.085798,-1.446449,0.101880,0.013155,0.072766,0.011409,0.067350,0.001918
125.500000,SAMPLE,3,7.025353,2.040227,-1.460683,6.969073,2.124928,-1.447843,7.085418,2.077194,-1.452678,7.085414,2.070402,-1.459649,0.101694,0.012840,0.070530,0.008005,0.067215,0.001034
125.600000,SAMPLE,3,7.027434,2.019976,-1.475208,6.971748,2.101576,-1.464441,7.087943,2.057962,-1.468581,7.088005,2.046565,-1.476083,0.098791,0.010767,0.071444,0.006627,0.066150,0.000875
125.695000,SAMPLE,3,7.029137,2.000790,-1.490413,6.973235,2.086788,-1.476922,7.088791,2.036463,-1.482228,7.089345,2.031539,-1.487876,0.102570,0.013491,0.069506,0.008185,0.067605,0.002537
125.791000,SAMPLE,3,7.030548,1.981957,-1.499880,6.974864,2.068291,-1.487012,7.091500,2.018948,-1.497800,7.090933,2.012212,-1.498709,0.102734,0.012868,0.071298,0.002080,0.067540,0.001171
125.889000,SAMPLE,3,7.031901,1.962586,-1.503188,6.976477,2.048747,-1.490401,7.093248,1.999551,-1.504830,7.092440,1.992593,-1.503392,0.102448,0.012787,0.071623,0.001643,0.067568,0.000204
125.981000,SAMPLE,3,7.032842,1.947957,-1.510319,6.977886,2.030285,-1.499396,7.094305,1.980586,-1.508775,7.093761,1.973602,-1.512560,0.098985,0.010923,0.069587,0.001544,0.066097,0.002241
126.075000,SAMPLE,3,7.033900,1.929059,-1.519414,6.978960,2.014426,-1.506975,7.095138,1.960318,-1.517511,7.094740,1.957471,-1.519995,0.101519,0.012439,0.068755,0.001903,0.067147,0.000581
126.159000,SAMPLE,3,7.034705,1.912048,-1.527751,6.979881,1.999107,-1.514554,7.095890,1.941480,-1.526749,7.095533,1.941637,-1.527772,0.102883,0.013197,0.067896,0.001002,0.067642,0.000021
126.245000,SAMPLE,3,7.035350,1.895445,-1.536372,6.980816,1.980994,-1.524027,7.096001,1.923054,-1.536339,7.096220,1.923066,-1.537432,0.101452,0.012344,0.066640,0.000033,0.066844,0.001061
126.344000,SAMPLE,3,7.035985,1.875622,-1.539594,6.981696,1.961203,-1.527073,7.097240,1.904794,-1.543356,7.096874,1.902806,-1.540810,0.101348,0.012521,0.067847,0.003762,0.066682,0.001216
126.428000,SAMPLE,3,7.036515,1.858640,-1.539594,6.982381,1.945565,-1.527073,7.097240,1.904794,-1.543356,7.097341,1.887234,-1.540810,0.102404,0.012521,0.076274,0.003762,0.067212,0.001216
126.527000,SAMPLE,3,7.037007,1.842857,-1.539594,6.983191,1.927046,-1.527073,7.097710,1.865334,-1.543195,7.097883,1.867719,-1.541630,0.099920,0.012521,0.064730,0.003601,0.065757,0.002036
126.612000,SAMPLE,3,7.037556,1.825277,-1.539594,6.983881,1.911272,-1.527073,7.097710,1.865334,-1.543195,7.098350,1.851725,-1.541630,0.101371,0.012521,0.072270,0.003601,0.066298,0.002036
126.709000,SAMPLE,3,7.038146,1.806381,-1.539594,6.984716,1.892185,-1.527073,7.097778,1.848605,-1.541653,7.098808,1.833234,-1.541637,0.101079,0.012521,0.073067,0.002059,0.066340,0.002043
126.804000,SAMPLE,3,7.038732,1.787767,-1.538416,6.985546,1.873340,-1.525810,7.098517,1.828747,-1.541746,7.099321,1.813944,-1.541027,0.100755,0.012606,0.072482,0.003329,0.066002,0.002611
126.902000,SAMPLE,3,7.039376,1.767306,-1.541945,6.986426,1.853359,-1.529302,7.098493,1.809254,-1.541277,7.099774,1.794354,-1.544777,0.101038,0.012643,0.072488,0.000668,0.066178,0.002832
126.995000,SAMPLE,3,7.039746,1.752852,-1.547759,6.986995,1.838475,-1.535250,7.099593,1.789853,-1.544607,7.100108,1.779537,-1.550968,0.100569,0.012509,0.070361,0.003151,0.065997,0.003209
127.093000,SAMPLE,3,7.040114,1.733804,-1.554900,6.987585,1.819916,-1.542223,7.099376,1.771785,-1.551590,7.100343,1.760733,-1.558035,0.100869,0.012677,0.070389,0.003310,0.065976,0.003135
127.183000,SAMPLE,3,7.040388,1.715989,-1.554540,6.988135,1.800398,-1.541563,7.101285,1.750078,-1.560298,7.100652,1.741881,-1.557349,0.099274,0.012978,0.069789,0.005757,0.065591,0.002809
127.281000,SAMPLE,3,7.040719,1.696150,-1.554059,6.988708,1.780933,-1.541373,7.101528,1.731287,-1.558575,7.100997,1.721630,-1.557049,0.099465,0.012686,0.070230,0.004516,0.065442,0.002989
127.376000,SAMPLE,3,7.041049,1.676469,-1.554059,6.989178,1.764982,-1.541373,7.101796,1.711367,-1.558691,7.101280,1.705363,-1.557356,0.102592,0.012686,0.070058,0.004631,0.066803,0.003297
127.473000,SAMPLE,3,7.041367,1.657440,-1.554059,6.989741,1.745832,-1.541373,7.101337,1.690927,-1.558082,7.101517,1.685869,-1.557494,0.102364,0.012686,0.068686,0.004023,0.066530,0.003434
127.563000,SAMPLE,3,7.041593,1.643978,-1.554059,6.990273,1.727777,-1.541373,7.101702,1.672661,-1.557953,7.101757,1.667571,-1.557581,0.098265,0.012686,0.066602,0.003893,0.064625,0.003521
127.654000,SAMPLE,3,7.041901,1.625592,-1.554059,6.990740,1.711910,-1.541373,7.102153,1.654091,-1.557842,7.101999,1.650937,-1.557628,0.100341,0.012686,0.066653,0.003783,0.065224,0.003569
127.752000,SAMPLE,3,7.042227,1.606089,-1.554059,6.991303,1.692781,-1.541373,7.101828,1.635055,-1.557138,7.102212,1.631756,-1.557535,0.100542,0.012686,0.066267,0.003078,0.065245,0.003476
127.840000,SAMPLE,3,7.042510,1.589187,-1.554059,6.991740,1.677904,-1.541373,7.102570,1.615932,-1.557242,7.102409,1.616895,-1.557535,0.102216,0.012686,0.065746,0.003183,0.065997,0.003477
127.937000,SAMPLE,3,7.042845,1.569190,-1.554059,6.992329,1.657912,-1.541373,7.103964,1.594592,-1.557127,7.102697,1.596782,-1.557479,0.102096,0.012686,0.066188,0.003068,0.065906,0.003420
128.033000,SAMPLE,3,7.043153,1.550812,-1.554059,6.992883,1.639089,-1.541373,7.103964,1.594592,-1.557127,7.103103,1.577786,-1.557407,0.101587,0.012686,0.074932,0.003068,0.065739,0.003349
128.118000,SAMPLE,3,7.043388,1.536741,-1.554058,6.993313,1.624463,-1.541373,7.103990,1.577388,-1.557243,7.103404,1.563437,-1.557372,0.101009,0.012685,0.072971,0.003185,0.065686,0.003313
128.214000,SAMPLE,3,7.043704,1.517912,-1.554058,6.993892,1.604798,-1.541373,7.104891,1.558745,-1.557515,7.103836,1.543778,-1.557394,0.100152,0.012685,0.073561,0.003456,0.065459,0.003335
128.309000,SAMPLE,3,7.044008,1.499724,-1.554058,6.994439,1.586217,-1.541373,7.106378,1.539600,-1.557860,7.104374,1.525664,-1.557475,0.099690,0.012685,0.074027,0.003802,0.065703,0.003417
128.407000,SAMPLE,3,7.044331,1.480423,-1.554058,6.994988,1.567551,-1.541373,7.106541,1.521420,-1.558157,7.104866,1.507280,-1.557599,0.100130,0.012685,0.074504,0.004099,0.066225,0.003541
128.498000,SAMPLE,3,7.044577,1.465720,-1.554058,6.995450,1.551853,-1.541373,7.107244,1.502641,-1.557649,7.105345,1.491585,-1.557600,0.099158,0.012685,0.072734,0.003591,0.066044,0.003542
128.585000,SAMPLE,3,7.044868,1.448384,-1.554058,6.995997,1.533271,-1.541373,7.107979,1.483867,-1.556910,7.105898,1.473044,-1.557462,0.097949,0.012685,0.072402,0.002852,0.065824,0.003404
128.678000,SAMPLE,3,7.045170,1.430325,-1.554058,6.996433,1.518457,-1.541373,7.106641,1.466059,-1.556735,7.106181,1.458160,-1.557323,0.100710,0.012685,0.071102,0.002677,0.067061,0.003265
128.773000,SAMPLE,3,7.045494,1.410949,-1.554058,6.997012,1.498792,-1.541373,7.107763,1.447050,-1.557285,7.106611,1.439148,-1.557311,0.100334,0.012685,0.071977,0.003227,0.067308,0.003253
128.862000,SAMPLE,3,7.045768,1.394582,-1.554058,6.997544,1.480726,-1.541373,7.107763,1.447050,-1.557285,7.106854,1.421107,-1.557311,0.098724,0.012685,0.081217,0.003227,0.066596,0.003253
128.956000,SAMPLE,3,7.046041,1.378301,-1.554058,6.998011,1.464838,-1.541373,7.109234,1.409272,-1.558302,7.107542,1.405985,-1.557608,0.098972,0.012685,0.070375,0.004244,0.067445,0.003550
129.046000,SAMPLE,3,7.046333,1.360883,-1.554058,6.998575,1.445699,-1.541373,7.109422,1.389479,-1.558213,7.107987,1.386282,-1.557711,0.097338,0.012685,0.069268,0.004155,0.066682,0.003653
129.139000,SAMPLE,3,7.046623,1.343537,-1.554058,6.998999,1.431294,-1.541373,7.109422,1.389479,-1.558213,7.108175,1.371967,-1.557711,0.099847,0.012685,0.077810,0.004155,0.067800,0.003653
129.237000,SAMPLE,3,7.046950,1.324025,-1.554058,6.999573,1.411766,-1.541373,7.109499,1.371588,-1.558277,7.108580,1.352345,-1.557813,0.099715,0.012684,0.078579,0.004220,0.067826,0.003756
129.336000,SAMPLE,3,7.047279,1.304386,-1.554058,7.000137,1.392616,-1.541373,7.111028,1.331910,-1.559236,7.109111,1.333499,-1.558153,0.100035,0.012684,0.069438,0.005179,0.068343,0.004095
129.425000,SAMPLE,3,7.047568,1.286877,-1.555169,7.000686,1.373835,-1.542415,7.111028,1.331910,-1.559236,7.109560,1.314386,-1.559612,0.098791,0.012754,0.077815,0.004067,0.067821,0.004443
129.521000,SAMPLE,3,7.047804,1.270646,-1.556811,7.001228,1.353842,-1.544184,7.111195,1.312489,-1.559537,7.109960,1.294164,-1.560856,0.095347,0.012628,0.075956,0.002726,0.066457,0.004044
129.615000,SAMPLE,3,7.048062,1.252172,-1.556811,7.001626,1.338911,-1.544184,7.111263,1.293034,-1.562313,7.110243,1.279664,-1.561134,0.098387,0.012628,0.075259,0.005502,0.067987,0.004323
129.710000,SAMPLE,3,7.048318,1.233718,-1.557860,7.002117,1.320328,-1.545226,7.111125,1.273136,-1.562046,7.110511,1.261004,-1.561939,0.098162,0.012634,0.074153,0.004187,0.067915,0.004079
129.807000,SAMPLE,3,7.048542,1.214479,-1.559762,7.002592,1.300734,-1.547184,7.110950,1.253970,-1.562954,7.110702,1.241069,-1.564535,0.097730,0.012579,0.073854,0.003192,0.067609,0.004773
129.905000,SAMPLE,3,7.048750,1.195595,-1.559762,7.003029,1.282212,-1.547184,7.111081,1.238016,-1.563787,7.110868,1.223087,-1.564389,0.097943,0.012579,0.075396,0.004025,0.067929,0.004627
130.002000,SAMPLE,3,7.048913,1.179315,-1.562073,7.003471,1.262407,-1.550057,7.111933,1.217708,-1.564599,7.111106,1.203402,-1.567341,0.094706,0.012016,0.073794,0.002525,0.066694,0.005268
130.095000,SAMPLE,3,7.049068,1.160321,-1.562744,7.003784,1.247200,-1.550215,7.112110,1.197864,-1.567489,7.111273,1.188039,-1.567880,0.097972,0.012529,0.073375,0.004744,0.068102,0.005135
130.190000,SAMPLE,3,7.049209,1.142805,-1.562744,7.004156,1.229119,-1.550215,7.111918,1.178302,-1.567827,7.111400,1.169693,-1.567868,0.097364,0.012529,0.072059,0.005083,0.067755,0.005123
130.290000,SAMPLE,3,7.049366,1.122667,-1.563976,7.004558,1.209397,-1.551384,7.112407,1.161630,-1.567748,7.111573,1.149797,-1.569105,0.097621,0.012592,0.074110,0.003772,0.067866,0.005129
130.379000,SAMPLE,3,7.049468,1.104708,-1.565618,7.004838,1.194105,-1.553089,7.113188,1.140336,-1.569852,7.111780,1.134361,-1.570897,0.099918,0.012529,0.073004,0.004234,0.069009,0.005279
130.468000,SAMPLE,3,7.049550,1.088718,-1.565618,7.005159,1.175981,-1.553089,7.113286,1.122233,-1.570759,7.111959,1.116116,-1.570866,0.097906,0.012529,0.072010,0.005142,0.068158,0.005248
130.561000,SAMPLE,3,7.049632,1.072877,-1.565617,7.005508,1.156237,-1.553089,7.113360,1.104245,-1.570632,7.112126,1.096206,-1.570817,0.094318,0.012529,0.071029,0.005014,0.066706,0.005199
130.662000,SAMPLE,3,7.049714,1.053477,-1.568168,7.005818,1.137240,-1.556089,7.112663,1.084414,-1.571694,7.112180,1.077209,-1.573268,0.094567,0.012079,0.070141,0.003526,0.066822,0.005100
130.748000,SAMPLE,3,7.049750,1.036073,-1.568784,7.006038,1.122094,-1.556247,7.112369,1.065976,-1.573798,7.112163,1.062042,-1.573368,0.096490,0.012538,0.069392,0.005013,0.067600,0.004583
130.842000,SAMPLE,3,7.049788,1.017273,-1.568784,7.006322,1.102559,-1.556247,7.112768,1.045727,-1.574597,7.112176,1.042475,-1.573598,0.095723,0.012538,0.069110,0.005813,0.067286,0.004814
130.941000,SAMPLE,3,7.049826,0.998377,-1.568784,7.006591,1.084087,-1.556247,7.112446,1.027131,-1.573973,7.112158,1.023994,-1.573668,0.095997,0.012538,0.068907,0.005189,0.067391,0.004884
131.034000,SAMPLE,3,7.049845,0.980018,-1.570161,7.006796,1.069057,-1.557573,7.112397,1.008597,-1.575311,7.112135,1.008344,-1.575000,0.098900,0.012588,0.068771,0.005150,0.068428,0.004839
131.127000,SAMPLE,3,7.049855,0.964534,-1.570161,7.007055,1.049459,-1.557573,7.111859,0.989572,-1.575157,7.112052,0.988766,-1.575000,0.095100,0.012588,0.066869,0.004996,0.066751,0.004839
131.227000,SAMPLE,3,7.049864,0.945361,-1.571250,7.007295,1.030934,-1.558836,7.111992,0.970567,-1.575897,7.111948,0.969945,-1.576337,0.095576,0.012414,0.067047,0.004647,0.066774,0.005087
131.325000,SAMPLE,3,7.049851,0.925521,-1.569931,7.007535,1.011146,-1.557102,7.111972,0.951065,-1.576017,7.111841,0.949946,-1.574340,0.095511,0.012829,0.067167,0.006086,0.066628,0.004409
131.417000,SAMPLE,3,7.049936,0.907757,-1.561541,7.007796,0.995917,-1.549836,7.111972,0.951065,-1.576017,7.111814,0.934922,-1.567978,0.097713,0.011705,0.075657,0.014476,0.067578,0.006437
131.517000,SAMPLE,3,7.050194,0.889406,-1.551783,7.008261,0.977807,-1.540363,7.112595,0.911700,-1.559845,7.111893,0.918016,-1.560342,0.097842,0.011421,0.066263,0.008061,0.068009,0.008559
131.617000,SAMPLE,3,7.050678,0.869166,-1.542026,7.008951,0.958240,-1.530889,7.112595,0.911700,-1.559845,7.112260,0.897713,-1.550778,0.098363,0.011137,0.075118,0.017819,0.067877,0.008752
131.713000,SAMPLE,3,7.051171,0.853910,-1.535752,7.009800,0.939101,-1.522965,7.113186,0.893163,-1.550512,7.112795,0.878495,-1.542607,0.094705,0.012787,0.073394,0.014760,0.066347,0.006855
131.807000,SAMPLE,3,7.051840,0.835160,-1.535976,7.010707,0.920323,-1.523486,7.112928,0.874963,-1.542729,7.113327,0.859622,-1.543983,0.094576,0.012489,0.072911,0.006753,0.066174,0.008008
131.900000,SAMPLE,3,7.052463,0.816489,-1.538976,7.011600,0.900807,-1.526644,7.113731,0.856065,-1.543231,7.113878,0.840187,-1.546878,0.093697,0.012332,0.072938,0.004255,0.065828,0.007903
131.996000,SAMPLE,3,7.053004,0.798647,-1.542007,7.012237,0.885978,-1.529170,7.113295,0.835327,-1.544641,7.114217,0.825454,-1.549405,0.096378,0.012837,0.070572,0.002634,0.066825,0.007398
132.090000,SAMPLE,3,7.053522,0.779892,-1.543307,7.013025,0.866415,-1.530778,7.115008,0.818739,-1.548572,7.114665,0.807079,-1.549376,0.095531,0.012529,0.072730,0.005265,0.066915,0.006069
132.189000,SAMPLE,3,7.054142,0.759706,-1.535574,7.013867,0.846812,-1.523639,7.115852,0.799013,-1.548991,7.115206,0.787976,-1.542189,0.095966,0.011935,0.073165,0.013417,0.067290,0.006615
132.267000,SAMPLE,3,7.054588,0.748024,-1.529510,7.014618,0.832084,-1.516060,7.116405,0.779825,-1.540537,7.115760,0.773179,-1.535002,0.093079,0.013451,0.069517,0.011026,0.066141,0.005491
132.348000,SAMPLE,3,7.055285,0.732617,-1.522772,7.015490,0.817141,-1.510031,7.116560,0.761691,-1.531723,7.116367,0.757992,-1.528870,0.093424,0.012741,0.067822,0.008951,0.066142,0.006098
132.442000,SAMPLE,3,7.056230,0.713643,-1.519499,7.016712,0.797600,-1.506728,7.116560,0.761691,-1.531723,7.117216,0.738431,-1.525449,0.092793,0.012770,0.077126,0.012224,0.065831,0.005950
132.542000,SAMPLE,3,7.057226,0.694806,-1.516277,7.017924,0.779156,-1.503570,7.118082,0.742341,-1.525885,7.118146,0.720953,-1.522500,0.093056,0.012707,0.077220,0.009608,0.066293,0.006222
132.640000,SAMPLE,3,7.058348,0.675008,-1.510988,7.019014,0.763320,-1.499694,7.118761,0.724497,-1.523776,7.118990,0.705394,-1.519213,0.096675,0.011294,0.078096,0.012788,0.067830,0.008225
132.739000,SAMPLE,3,7.059561,0.655381,-1.507399,7.020465,0.743668,-1.495386,7.118801,0.702797,-1.519623,7.119932,0.686456,-1.514776,0.096556,0.012012,0.075879,0.012225,0.067899,0.007377
132.829000,SAMPLE,3,7.060651,0.638991,-1.502117,7.021882,0.725597,-1.489828,7.120954,0.683462,-1.513009,7.121101,0.668476,-1.508402,0.094888,0.012289,0.074928,0.010892,0.067257,0.006284
132.929000,SAMPLE,3,7.061831,0.622235,-1.497933,7.023516,0.705939,-1.484820,7.121645,0.664786,-1.507806,7.122440,0.648215,-1.503134,0.092056,0.013113,0.073405,0.009873,0.065943,0.005201
133.015000,SAMPLE,3,7.063258,0.603991,-1.485920,7.024947,0.690193,-1.474470,7.123470,0.647291,-1.504396,7.123674,0.632357,-1.492838,0.094332,0.011449,0.074164,0.018477,0.066743,0.006918
133.107000,SAMPLE,3,7.064723,0.587756,-1.476228,7.026841,0.671753,-1.463294,7.124158,0.627702,-1.492113,7.125199,0.613790,-1.482578,0.092144,0.012934,0.071611,0.015886,0.065841,0.006351
133.192000,SAMPLE,3,7.066455,0.570318,-1.467637,7.028595,0.656062,-1.455715,7.126302,0.608305,-1.481579,7.126669,0.598152,-1.475495,0.093730,0.011922,0.070885,0.013942,0.066336,0.007858
133.282000,SAMPLE,3,7.068336,0.552888,-1.458818,7.030877,0.637104,-1.446241,7.128355,0.588363,-1.472248,7.128656,0.578960,-1.466106,0.092171,0.012577,0.069720,0.013430,0.065714,0.007288
133.374000,SAMPLE,3,7.069988,0.538657,-1.451429,7.032773,0.622405,-1.438663,7.129016,0.570734,-1.463831,7.130101,0.564649,-1.459188,0.091644,0.012766,0.067181,0.012403,0.065492,0.007760
133.469000,SAMPLE,3,7.072343,0.519582,-1.444282,7.035427,0.602943,-1.431489,7.131724,0.551952,-1.455503,7.132382,0.544947,-1.452714,0.091168,0.012794,0.067631,0.011221,0.065178,0.008431
133.554000,SAMPLE,3,7.074512,0.503055,-1.436135,7.037659,0.587450,-1.423910,7.133415,0.531832,-1.447208,7.134214,0.529316,-1.445170,0.092091,0.012225,0.065557,0.011073,0.065223,0.009035
133.651000,SAMPLE,3,7.077054,0.484663,-1.432526,7.040466,0.568829,-1.420197,7.137608,0.513715,-1.439301,7.136630,0.510587,-1.440591,0.091775,0.012330,0.067163,0.006774,0.064972,0.008065
133.744000,SAMPLE,3,7.079600,0.466365,-1.432526,7.043410,0.549430,-1.420197,7.137608,0.513715,-1.439301,7.139308,0.491552,-1.440336,0.090606,0.012330,0.074880,0.006774,0.064803,0.007810
133.826000,SAMPLE,3,7.081771,0.450767,-1.432526,7.045630,0.534797,-1.420197,7.139584,0.493438,-1.438712,7.141280,0.477170,-1.440022,0.091472,0.012330,0.071855,0.006186,0.065103,0.007495
133.916000,SAMPLE,3,7.084220,0.433179,-1.432514,7.047848,0.520186,-1.420197,7.142012,0.475962,-1.438990,7.143257,0.462757,-1.439822,0.094303,0.012317,0.071904,0.006475,0.066031,0.007308
134.015000,SAMPLE,3,7.086505,0.416643,-1.434070,7.050781,0.500743,-1.421744,7.146625,0.437467,-1.440777,7.145827,0.443094,-1.441630,0.091372,0.012326,0.063625,0.006707,0.064953,0.007560
134.114000,SAMPLE,3,7.089078,0.397815,-1.435663,7.053528,0.482336,-1.423323,7.146625,0.437467,-1.440777,7.148293,0.424074,-1.444002,0.091693,0.012340,0.069886,0.005114,0.064777,0.008339
134.214000,SAMPLE,3,7.091693,0.378595,-1.435663,7.056257,0.463969,-1.423323,7.151485,0.401547,-1.441579,7.150731,0.405850,-1.443550,0.092437,0.012340,0.064046,0.005916,0.065026,0.007887
134.308000,SAMPLE,3,7.094304,0.359391,-1.435663,7.059141,0.444551,-1.423323,7.151485,0.401547,-1.441579,7.153327,0.385937,-1.443191,0.092133,0.012340,0.071040,0.005916,0.064718,0.007528
134.410000,SAMPLE,3,7.096846,0.340689,-1.435663,7.061870,0.426184,-1.423323,7.153905,0.382968,-1.440781,7.155727,0.367659,-1.442732,0.092373,0.012340,0.071016,0.005118,0.064763,0.007069
134.509000,SAMPLE,3,7.099531,0.320751,-1.438620,7.064745,0.406668,-1.426070,7.157819,0.363169,-1.440818,7.158464,0.347872,-1.444889,0.092692,0.012549,0.072088,0.002198,0.064875,0.006270
134.594000,SAMPLE,3,7.101325,0.307139,-1.440893,7.066930,0.391541,-1.428597,7.159741,0.343961,-1.443486,7.160524,0.332339,-1.447155,0.091141,0.012297,0.069052,0.002593,0.064340,0.006261
134.682000,SAMPLE,3,7.103466,0.290566,-1.443799,7.069465,0.373635,-1.431755,7.161029,0.325154,-1.446656,7.162656,0.314857,-1.449841,0.089759,0.012044,0.067156,0.002857,0.063981,0.006043
134.777000,SAMPLE,3,7.105937,0.270977,-1.446963,7.071645,0.357912,-1.434281,7.162808,0.307176,-1.451345,7.164572,0.298972,-1.452381,0.093454,0.012682,0.067414,0.004382,0.064974,0.005418
134.876000,SAMPLE,3,7.108313,0.251638,-1.450185,7.074224,0.338918,-1.437439,7.166142,0.284979,-1.454337,7.166609,0.280991,-1.455266,0.093701,0.012746,0.066752,0.004152,0.065269,0.005082
134.957000,SAMPLE,3,7.109852,0.238834,-1.452332,7.076215,0.323934,-1.439965,7.168938,0.267459,-1.456242,7.168356,0.265807,-1.457793,0.091506,0.012367,0.065654,0.003910,0.064422,0.005460
135.053000,SAMPLE,3,7.112215,0.218709,-1.455522,7.078792,0.304101,-1.443123,7.170405,0.246501,-1.459120,7.170706,0.245711,-1.460487,0.091700,0.012399,0.064486,0.003598,0.064423,0.004965
135.150000,SAMPLE,3,7.114344,0.200070,-1.458680,7.081152,0.285492,-1.446281,7.172673,0.227608,-1.462194,7.172785,0.226786,-1.463493,0.091644,0.012399,0.064503,0.003514,0.064258,0.004813
135.247000,SAMPLE,3,7.116417,0.181408,-1.461836,7.083441,0.266959,-1.449439,7.172673,0.227608,-1.462194,7.174767,0.208154,-1.466656,0.091686,0.012397,0.072796,0.000358,0.064188,0.004820
135.342000,SAMPLE,3,7.118555,0.161964,-1.459912,7.085872,0.247107,-1.447644,7.176722,0.189338,-1.465819,7.176800,0.187992,-1.465043,0.091201,0.012268,0.064286,0.005907,0.063796,0.005131
135.427000,SAMPLE,3,7.120073,0.148627,-1.455543,7.087782,0.232006,-1.442968,7.176722,0.189338,-1.465819,7.178422,0.172921,-1.461517,0.089414,0.012576,0.069761,0.010276,0.063205,0.005974
135.522000,SAMPLE,3,7.122202,0.130696,-1.449986,7.090247,0.213305,-1.437360,7.178099,0.172707,-1.461067,7.180426,0.154660,-1.456395,0.088574,0.012626,0.069924,0.011081,0.062963,0.006409
135.621000,SAMPLE,3,7.124590,0.111274,-1.446828,7.092874,0.193967,-1.434202,7.180852,0.153175,-1.456139,7.182662,0.135635,-1.453309,0.088566,0.012626,0.070150,0.009311,0.062975,0.006480
135.720000,SAMPLE,3,7.126975,0.092383,-1.443576,7.094917,0.179234,-1.431676,7.182952,0.132608,-1.452800,7.184451,0.120585,-1.450688,0.092578,0.011900,0.068931,0.009224,0.064022,0.007113
135.819000,SAMPLE,3,7.129592,0.072033,-1.441826,7.097639,0.159909,-1.430097,7.187263,0.094060,-1.448404,7.186716,0.101219,-1.449429,0.093505,0.011729,0.061734,0.006578,0.064149,0.007603
135.913000,SAMPLE,3,7.132019,0.053535,-1.438794,7.100423,0.140465,-1.426939,7.187263,0.094060,-1.448404,7.189186,0.080968,-1.446088,0.092494,0.011856,0.068514,0.009609,0.063409,0.007293
136.011000,SAMPLE,3,7.134061,0.038302,-1.436173,7.103117,0.122072,-1.423781,7.188361,0.077009,-1.445593,7.191358,0.062564,-1.442960,0.089302,0.012392,0.066684,0.009419,0.062222,0.006787
136.104000,SAMPLE,3,7.136590,0.019752,-1.434098,7.106016,0.102603,-1.421457,7.191426,0.058465,-1.442533,7.193839,0.042897,-1.441369,0.088312,0.012641,0.067125,0.008435,0.061751,0.007271
136.197000,SAMPLE,3,7.139233,0.001063,-1.425669,7.108409,0.087059,-1.414236,7.193820,0.039717,-1.440719,7.195826,0.027462,-1.434027,0.091353,0.011433,0.066887,0.015050,0.062447,0.008358
136.291000,SAMPLE,3,7.141868,-0.016405,-1.416290,7.111317,0.069179,-1.404763,7.197471,0.017688,-1.430766,7.198349,0.009661,-1.425026,0.090873,0.011528,0.065223,0.014475,0.062206,0.008735
136.380000,SAMPLE,3,7.144664,-0.033852,-1.407709,7.113972,0.053699,-1.397184,7.199012,-0.000812,-1.421712,7.200631,-0.006318,-1.417505,0.092775,0.010526,0.063603,0.014003,0.062373,0.009795
136.475000,SAMPLE,3,7.147265,-0.049462,-1.404162,7.117432,0.034332,-1.391968,7.201922,-0.021213,-1.413255,7.203609,-0.026018,-1.412452,0.088946,0.012194,0.061526,0.009093,0.061027,0.008291
136.567000,SAMPLE,3,7.150296,-0.067508,-1.406513,7.120782,0.015748,-1.394810,7.205191,-0.039459,-1.410868,7.206586,-0.045002,-1.415789,0.088332,0.011703,0.061646,0.004355,0.060623,0.009276
136.666000,SAMPLE,3,7.153485,-0.086901,-1.407377,7.124191,-0.003532,-1.395152,7.207490,-0.057309,-1.416092,7.209420,-0.063948,-1.417212,0.088366,0.012225,0.061582,0.008715,0.060462,0.009834
136.759000,SAMPLE,3,7.156365,-0.104214,-1.404377,7.126808,-0.018174,-1.392626,7.211525,-0.077441,-1.413109,7.211698,-0.078572,-1.414685,0.090976,0.011752,0.061314,0.008732,0.060986,0.010308
136.840000,SAMPLE,3,7.159023,-0.119925,-1.402796,7.129445,-0.032716,-1.390794,7.214029,-0.095677,-1.409940,7.214015,-0.093072,-1.412414,0.092089,0.012002,0.060113,0.007144,0.061198,0.009618
136.939000,SAMPLE,3,7.162357,-0.139582,-1.402796,7.132974,-0.052113,-1.390794,7.217113,-0.115182,-1.409924,7.217232,-0.113476,-1.411588,0.092273,0.012002,0.059946,0.007128,0.060768,0.008792
137.031000,SAMPLE,3,7.165224,-0.156489,-1.402796,7.136300,-0.070392,-1.390794,7.219843,-0.134103,-1.410045,7.220212,-0.132446,-1.411306,0.090826,0.012002,0.059028,0.007249,0.060014,0.008510
137.126000,SAMPLE,3,7.167741,-0.171310,-1.401981,7.139644,-0.088742,-1.389657,7.219843,-0.134103,-1.410045,7.223187,-0.150945,-1.410674,0.087217,0.012324,0.064023,0.008064,0.059068,0.008693
137.222000,SAMPLE,3,7.171064,-0.190626,-1.398823,7.143199,-0.107985,-1.386499,7.222299,-0.153181,-1.410095,7.226143,-0.170041,-1.407531,0.087212,0.012324,0.063460,0.011272,0.058800,0.008708
137.312000,SAMPLE,3,7.174045,-0.207724,-1.397118,7.145915,-0.122523,-1.385236,7.225367,-0.172831,-1.406916,7.228460,-0.184910,-1.406156,0.089724,0.011882,0.062060,0.009798,0.059004,0.009038
137.409000,SAMPLE,3,7.177352,-0.226555,-1.398028,7.149354,-0.140813,-1.385805,7.227555,-0.191915,-1.405137,7.231445,-0.204204,-1.406608,0.090198,0.012224,0.060994,0.007109,0.058529,0.008580
137.507000,SAMPLE,3,7.180658,-0.245671,-1.401154,7.152929,-0.160084,-1.388963,7.231128,-0.209313,-1.405141,7.234532,-0.223658,-1.409368,0.089967,0.012192,0.062202,0.003987,0.058198,0.008214
137.599000,SAMPLE,3,7.182955,-0.259178,-1.403554,7.155521,-0.174281,-1.391489,7.234376,-0.229757,-1.408531,7.236814,-0.238520,-1.411744,0.089220,0.012066,0.059243,0.004977,0.057685,0.008189
137.692000,SAMPLE,3,7.186093,-0.277906,-1.405163,7.158979,-0.193510,-1.393147,7.237384,-0.247008,-1.411802,7.239901,-0.258434,-1.412798,0.088645,0.012016,0.059878,0.006639,0.057223,0.007635
137.787000,SAMPLE,3,7.189291,-0.296723,-1.398321,7.162496,-0.212781,-1.386028,7.239946,-0.267167,-1.411949,7.242766,-0.277386,-1.406357,0.088115,0.012293,0.058647,0.013628,0.056864,0.008036
137.877000,SAMPLE,3,7.192318,-0.313701,-1.391444,7.165273,-0.227361,-1.379949,7.244255,-0.285592,-1.403416,7.245145,-0.291582,-1.400315,0.090477,0.011495,0.059056,0.011972,0.057271,0.008870
137.960000,SAMPLE,3,7.195367,-0.330366,-1.388603,7.168252,-0.242652,-1.377160,7.246394,-0.303491,-1.396934,7.247808,-0.306931,-1.397262,0.091809,0.011443,0.057672,0.008331,0.057439,0.008659
138.057000,SAMPLE,3,7.198274,-0.346042,-1.386835,7.171971,-0.261478,-1.374855,7.250055,-0.323923,-1.394670,7.250970,-0.325381,-1.395307,0.088560,0.011980,0.056308,0.007836,0.056602,0.008472
138.143000,SAMPLE,3,7.201329,-0.362398,-1.385603,7.175509,-0.279234,-1.373623,7.253649,-0.342069,-1.392946,7.254152,-0.343728,-1.394267,0.087079,0.011980,0.056131,0.007343,0.056026,0.008664
138.235000,SAMPLE,3,7.204813,-0.380950,-1.383753,7.178623,-0.294799,-1.372223,7.256339,-0.361225,-1.392682,7.256987,-0.360135,-1.392980,0.090044,0.011530,0.055172,0.008929,0.056172,0.009227
138.331000,SAMPLE,3,7.208493,-0.399954,-1.374727,7.182571,-0.314030,-1.363599,7.259603,-0.379832,-1.384770,7.260508,-0.379395,-1.384401,0.089749,0.011127,0.054929,0.010044,0.055931,0.009674
138.429000,SAMPLE,3,7.211726,-0.415916,-1.368160,7.186631,-0.332925,-1.355926,7.259603,-0.379832,-1.384770,7.264053,-0.398467,-1.377001,0.086703,0.012234,0.059953,0.016611,0.055160,0.008842
138.518000,SAMPLE,3,7.215602,-0.434721,-1.368162,7.190050,-0.348555,-1.355881,7.263858,-0.398789,-1.376428,7.267024,-0.413729,-1.376171,0.089875,0.012281,0.060165,0.008266,0.055542,0.008009
138.611000,SAMPLE,3,7.219160,-0.452168,-1.371099,7.194111,-0.367299,-1.359039,7.268054,-0.417756,-1.375843,7.270668,-0.432089,-1.379019,0.088488,0.012060,0.059789,0.004744,0.055283,0.007920
138.710000,SAMPLE,3,7.222930,-0.470843,-1.372699,7.198052,-0.385692,-1.360649,7.270466,-0.435954,-1.378436,7.274071,-0.450192,-1.380693,0.088711,0.012050,0.058966,0.005737,0.055154,0.007994
138.809000,SAMPLE,3,7.226949,-0.490802,-1.370690,7.202232,-0.405250,-1.358957,7.273813,-0.456056,-1.379510,7.277655,-0.469590,-1.379318,0.089051,0.011733,0.058340,0.008821,0.054964,0.008629
138.906000,SAMPLE,3,7.230611,-0.508718,-1.367563,7.206183,-0.423480,-1.355799,7.277781,-0.475072,-1.378235,7.281050,-0.487576,-1.376198,0.088670,0.011764,0.057940,0.010671,0.054691,0.008635
139.006000,SAMPLE,3,7.233978,-0.525090,-1.368297,7.210402,-0.442836,-1.356436,7.281466,-0.493320,-1.375059,7.284884,-0.507409,-1.376212,0.085566,0.011861,0.057136,0.006762,0.053889,0.007915
139.096000,SAMPLE,3,7.237698,-0.543208,-1.368297,7.213748,-0.458202,-1.356436,7.285401,-0.513213,-1.375889,7.287886,-0.522997,-1.376154,0.088315,0.011861,0.056349,0.007592,0.054105,0.007857
139.192000,SAMPLE,3,7.241358,-0.561037,-1.368297,7.217702,-0.476366,-1.356436,7.289673,-0.532415,-1.376499,7.291503,-0.541408,-1.376219,0.087913,0.011861,0.056157,0.008203,0.053850,0.007922
139.277000,SAMPLE,3,7.244878,-0.578164,-1.368284,7.221039,-0.491691,-1.356436,7.292665,-0.551316,-1.376550,7.294511,-0.557167,-1.376284,0.089698,0.011847,0.054813,0.008266,0.053892,0.008000
139.373000,SAMPLE,3,7.248834,-0.597283,-1.365863,7.225249,-0.510909,-1.354036,7.296328,-0.569972,-1.375747,7.298238,-0.576498,-1.375374,0.089536,0.011826,0.054786,0.009884,0.053598,0.009511
139.461000,SAMPLE,3,7.251762,-0.611380,-1.366747,7.229129,-0.528551,-1.355236,7.300317,-0.589723,-1.374335,7.301745,-0.594478,-1.375811,0.085866,0.011511,0.053166,0.007588,0.052764,0.009064
139.547000,SAMPLE,3,7.255224,-0.628110,-1.366496,7.232540,-0.544097,-1.354607,7.304187,-0.607300,-1.374593,7.304841,-0.610175,-1.376074,0.087022,0.011889,0.053202,0.008097,0.052758,0.009578
139.640000,SAMPLE,3,7.259133,-0.646793,-1.360880,7.235997,-0.559719,-1.350223,7.308530,-0.625984,-1.371843,7.307889,-0.625519,-1.371891,0.090096,0.010657,0.053601,0.010963,0.053195,0.011011
139.733000,SAMPLE,3,7.262905,-0.664126,-1.351975,7.240283,-0.578423,-1.340749,7.308530,-0.625984,-1.371843,7.311821,-0.644340,-1.362406,0.088638,0.011225,0.059468,0.019868,0.052766,0.010431
139.826000,SAMPLE,3,7.267124,-0.682874,-1.347685,7.244861,-0.597719,-1.335936,7.310789,-0.645808,-1.363568,7.315846,-0.663949,-1.357419,0.088016,0.011749,0.057276,0.015883,0.052268,0.009734
139.926000,SAMPLE,3,7.270912,-0.699466,-1.344938,7.249447,-0.616754,-1.332778,7.313363,-0.663492,-1.356685,7.319493,-0.682061,-1.354377,0.085452,0.012159,0.055643,0.011748,0.051604,0.009439
140.020000,SAMPLE,3,7.274931,-0.716841,-1.341906,7.252987,-0.631265,-1.330252,7.317737,-0.683208,-1.353162,7.322520,-0.696768,-1.351633,0.088345,0.011654,0.054438,0.011256,0.051649,0.009727
140.116000,SAMPLE,3,7.279372,-0.735616,-1.334231,7.257697,-0.650204,-1.322863,7.321358,-0.702466,-1.349748,7.326599,-0.716126,-1.344986,0.088120,0.011368,0.053495,0.015517,0.051090,0.010755
140.210000,SAMPLE,3,7.283961,-0.754276,-1.325041,7.262696,-0.669569,-1.313389,7.325147,-0.720808,-1.342973,7.330875,-0.735694,-1.335499,0.087336,0.011652,0.053070,0.017932,0.050460,0.010458
140.303000,SAMPLE,3,7.288312,-0.771308,-1.316041,7.267545,-0.687646,-1.303915,7.328971,-0.740712,-1.333631,7.335088,-0.754370,-1.325694,0.086201,0.012126,0.050884,0.017589,0.049748,0.009653
140.402000,SAMPLE,3,7.293346,-0.790259,-1.306519,7.272872,-0.706770,-1.294441,7.334314,-0.758950,-1.324163,7.339944,-0.774282,-1.315901,0.085962,0.012077,0.051562,0.017644,0.049261,0.009383
140.492000,SAMPLE,3,7.298152,-0.807862,-1.302552,7.277171,-0.721821,-1.291047,7.337836,-0.778247,-1.314939,7.343519,-0.789364,-1.311776,0.088563,0.011506,0.049516,0.012386,0.048993,0.009224
140.578000,SAMPLE,3,7.301728,-0.820816,-1.300247,7.281293,-0.736101,-1.288520,7.344212,-0.796618,-1.311051,7.347162,-0.803639,-1.309357,0.087145,0.011727,0.048892,0.010803,0.048572,0.009110
140.669000,SAMPLE,3,7.306720,-0.838775,-1.299710,7.286752,-0.754881,-1.287857,7.347728,-0.814695,-1.308241,7.351815,-0.822064,-1.308640,0.086237,0.011852,0.047555,0.008532,0.048091,0.008930
140.746000,SAMPLE,3,7.311059,-0.854283,-1.294873,7.291245,-0.770238,-1.283115,7.353041,-0.832889,-1.306467,7.355985,-0.837511,-1.303745,0.086349,0.011758,0.047119,0.011594,0.047954,0.008872
140.838000,SAMPLE,3,7.316013,-0.871488,-1.285873,7.295628,-0.784847,-1.275536,7.357155,-0.850590,-1.297446,7.359634,-0.851571,-1.296701,0.089007,0.010337,0.046145,0.011573,0.047953,0.010828
140.929000,SAMPLE,3,7.320559,-0.886894,-1.282307,7.301440,-0.803742,-1.270370,7.357155,-0.850590,-1.297446,7.364749,-0.870491,-1.290637,0.085323,0.011937,0.051548,0.015139,0.047136,0.008330
141.024000,SAMPLE,3,7.326096,-0.905329,-1.274710,7.307428,-0.822824,-1.262299,7.362974,-0.868627,-1.291349,7.370122,-0.889476,-1.282354,0.084590,0.012411,0.052029,0.016640,0.046793,0.007644
141.124000,SAMPLE,3,7.331806,-0.923734,-1.265047,7.313289,-0.840920,-1.252826,7.366823,-0.886935,-1.284091,7.375004,-0.906888,-1.273596,0.084859,0.012221,0.050797,0.019045,0.046366,0.008549
141.223000,SAMPLE,3,7.337875,-0.942795,-1.261664,7.319557,-0.859823,-1.249831,7.373155,-0.905009,-1.273395,7.380519,-0.925318,-1.271050,0.084970,0.011833,0.051696,0.011731,0.046085,0.009387
141.317000,SAMPLE,3,7.343502,-0.960413,-1.261664,7.324366,-0.874287,-1.249831,7.380492,-0.925096,-1.268910,7.384883,-0.939332,-1.270640,0.088226,0.011833,0.051142,0.007246,0.046441,0.008977
141.414000,SAMPLE,3,7.348152,-0.974973,-1.261664,7.330081,-0.891478,-1.249831,7.385943,-0.944405,-1.269445,7.390243,-0.956794,-1.270421,0.085428,0.011833,0.048606,0.007781,0.045849,0.008757
141.511000,SAMPLE,3,7.354050,-0.993326,-1.256351,7.336307,-0.910084,-1.244299,7.390618,-0.961894,-1.269934,7.395850,-0.975305,-1.266010,0.085111,0.012051,0.048219,0.013583,0.045519,0.009660
141.604000,SAMPLE,3,7.360077,-1.011573,-1.247157,7.342812,-0.928997,-1.234826,7.394988,-0.977994,-1.264314,7.401507,-0.993777,-1.256938,0.084362,0.012331,0.048439,0.017157,0.045090,0.009781
141.699000,SAMPLE,3,7.365921,-1.028740,-1.238062,7.347887,-0.943358,-1.227247,7.401201,-0.997149,-1.253938,7.405901,-1.007725,-1.249515,0.087266,0.010815,0.047357,0.015876,0.045167,0.011453
141.798000,SAMPLE,3,7.372633,-1.047991,-1.233424,7.354605,-0.961950,-1.222028,7.388084,-1.012664,-1.243154,7.409430,-1.025260,-1.244027,0.087909,0.011396,0.038558,0.009730,0.043252,0.010603
141.895000,SAMPLE,3,7.378803,-1.065473,-1.228279,7.361188,-0.979953,-1.217420,7.393850,-1.030698,-1.239736,7.413335,-1.042733,-1.238478,0.087316,0.010859,0.037891,0.011457,0.041346,0.010199
141.984000,SAMPLE,3,7.383956,-1.079723,-1.219686,7.368141,-0.998492,-1.206797,7.400358,-1.048754,-1.233587,7.417854,-1.060830,-1.228968,0.082756,0.012889,0.035044,0.013902,0.038808,0.009282
142.073000,SAMPLE,3,7.390297,-1.096740,-1.208780,7.373762,-1.013021,-1.197218,7.406819,-1.067337,-1.221797,7.421347,-1.074971,-1.219532,0.085336,0.011563,0.033727,0.013017,0.037921,0.010751
142.169000,SAMPLE,3,7.397328,-1.115049,-1.199402,7.381149,-1.031607,-1.187744,7.413724,-1.086474,-1.209727,7.426755,-1.093301,-1.209678,0.084996,0.011657,0.032944,0.010325,0.036591,0.010276
142.266000,SAMPLE,3,7.404364,-1.132977,-1.194988,7.388508,-1.049728,-1.183173,7.419975,-1.105379,-1.202625,7.433701,-1.111561,-1.204994,0.084746,0.011815,0.031708,0.007637,0.036323,0.010005
142.360000,SAMPLE,3,7.410431,-1.148344,-1.194767,7.396040,-1.068164,-1.182920,7.426492,-1.122040,-1.199048,7.437939,-1.129021,-1.203058,0.081462,0.011847,0.030820,0.004281,0.033617,0.008291
142.461000,SAMPLE,3,7.417745,-1.166869,-1.194767,7.403223,-1.085743,-1.182920,7.435240,-1.136769,-1.198821,7.443828,-1.145930,-1.202280,0.082415,0.011847,0.034815,0.004054,0.033448,0.007513
142.550000,SAMPLE,3,7.424505,-1.183897,-1.189360,7.409290,-1.100502,-1.177599,7.435240,-1.136769,-1.198821,7.449614,-1.160847,-1.197386,0.084772,0.011761,0.048336,0.009461,0.034085,0.008026
142.645000,SAMPLE,3,7.431410,-1.200895,-1.180360,7.416857,-1.118503,-1.168126,7.441875,-1.157020,-1.195902,7.455887,-1.178492,-1.187653,0.083667,0.012234,0.045106,0.015542,0.033181,0.007293
142.744000,SAMPLE,3,7.438950,-1.218973,-1.170791,7.424601,-1.136450,-1.158652,7.456416,-1.192262,-1.178997,7.461899,-1.196032,-1.178038,0.083761,0.012140,0.031915,0.008206,0.032449,0.007246
142.839000,SAMPLE,3,7.446269,-1.236045,-1.159610,7.430840,-1.150565,-1.149773,7.456416,-1.192262,-1.178997,7.467870,-1.210329,-1.169459,0.086861,0.009837,0.044943,0.019387,0.033584,0.009849
142.937000,SAMPLE,3,7.454017,-1.253456,-1.144084,7.439029,-1.168488,-1.134273,7.464091,-1.208832,-1.167943,7.474986,-1.227736,-1.154471,0.086280,0.009811,0.045747,0.023859,0.033184,0.010387
143.030000,SAMPLE,3,7.460596,-1.267744,-1.133796,7.447518,-1.186375,-1.120834,7.471999,-1.228349,-1.153490,7.482525,-1.245482,-1.141994,0.082413,0.012963,0.041012,0.019693,0.031249,0.008197
143.126000,SAMPLE,3,7.468493,-1.284385,-1.122468,7.455738,-1.203142,-1.109870,7.480504,-1.246152,-1.139702,7.490139,-1.262435,-1.130052,0.082238,0.012597,0.040075,0.017234,0.030828,0.007584
143.218000,SAMPLE,3,7.475873,-1.299554,-1.113278,7.462059,-1.215752,-1.102291,7.487445,-1.262276,-1.126353,7.495707,-1.274761,-1.122136,0.084933,0.010987,0.039033,0.013075,0.031750,0.008857
143.315000,SAMPLE,3,7.483074,-1.314013,-1.104089,7.469735,-1.230743,-1.092818,7.495243,-1.277879,-1.117451,7.502674,-1.289553,-1.112498,0.084331,0.011271,0.038128,0.013362,0.031344,0.008409
143.413000,SAMPLE,3,7.491826,-1.331088,-1.089571,7.478638,-1.247651,-1.078810,7.510527,-1.310197,-1.095301,7.510782,-1.306445,-1.099532,0.084473,0.010761,0.028039,0.005730,0.031091,0.009961
143.505000,SAMPLE,3,7.498856,-1.344351,-1.076940,7.487804,-1.264438,-1.063020,7.510527,-1.310197,-1.095301,7.519574,-1.323809,-1.082993,0.080674,0.013919,0.036093,0.018361,0.029175,0.006053
143.602000,SAMPLE,3,7.507598,-1.360296,-1.062484,7.496662,-1.280083,-1.049431,7.518939,-1.327574,-1.080089,7.527776,-1.339641,-1.070259,0.080955,0.013054,0.034631,0.017605,0.028875,0.007775
143.690000,SAMPLE,3,7.515277,-1.373934,-1.053463,7.503444,-1.291786,-1.041786,7.527891,-1.342977,-1.066410,7.534117,-1.351479,-1.062317,0.082995,0.011677,0.033428,0.012947,0.029312,0.008853
143.790000,SAMPLE,3,7.523275,-1.387836,-1.043800,7.511552,-1.305507,-1.032313,7.536264,-1.356306,-1.055356,7.541390,-1.364548,-1.052969,0.083159,0.011488,0.034100,0.011555,0.029504,0.009169
143.890000,SAMPLE,3,7.530927,-1.400841,-1.034042,7.519245,-1.318249,-1.022839,7.543875,-1.370500,-1.046476,7.548549,-1.377180,-1.043344,0.083414,0.011204,0.032988,0.012434,0.029502,0.009302
143.974000,SAMPLE,3,7.537192,-1.411276,-1.025800,7.525247,-1.328002,-1.015260,7.551283,-1.382544,-1.036997,7.554291,-1.387008,-1.035294,0.084126,0.010540,0.032001,0.011197,0.029687,0.009494
144.072000,SAMPLE,3,7.542865,-1.420553,-1.017937,7.532328,-1.339292,-1.005786,7.559101,-1.395384,-1.026179,7.561029,-1.398282,-1.025526,0.081942,0.012151,0.029952,0.008242,0.028740,0.007589
144.156000,SAMPLE,3,7.548653,-1.429848,-1.009600,7.537771,-1.347806,-0.998207,7.565270,-1.406696,-1.017382,7.566346,-1.407124,-1.017492,0.082760,0.011393,0.028497,0.007782,0.028799,0.007892
144.248000,SAMPLE,3,7.554721,-1.439403,-1.000316,7.544205,-1.357685,-0.988734,7.571185,-1.416809,-1.007933,7.572727,-1.417531,-1.007319,0.082392,0.011582,0.027957,0.007617,0.028330,0.007003
144.348000,SAMPLE,3,7.560863,-1.448911,-0.993062,7.550379,-1.367004,-0.981760,7.577910,-1.426456,-1.000944,7.578898,-1.427292,-0.999351,0.082575,0.011302,0.028193,0.007882,0.028155,0.006289
144.438000,SAMPLE,3,7.566053,-1.456807,-0.986591,7.555083,-1.373989,-0.975481,7.583329,-1.434783,-0.991902,7.583473,-1.434362,-0.992772,0.083542,0.011110,0.027992,0.005311,0.028412,0.006181
144.531000,SAMPLE,3,7.570560,-1.463601,-0.982584,7.560825,-1.382432,-0.970547,7.583329,-1.434783,-0.991902,7.588995,-1.442864,-0.988185,0.081751,0.012037,0.031521,0.009317,0.027747,0.005601
144.616000,SAMPLE,3,7.575274,-1.470638,-0.979808,7.565118,-1.388678,-0.967934,7.588551,-1.443408,-0.988062,7.593119,-1.449253,-0.986268,0.082587,0.011874,0.030295,0.008254,0.027853,0.006460
144.710000,SAMPLE,3,7.580205,-1.477964,-0.975359,7.570325,-1.396224,-0.963957,7.594714,-1.452954,-0.984419,7.598080,-1.456877,-0.983012,0.082335,0.011401,0.028914,0.009060,0.027644,0.007653
144.808000,SAMPLE,3,7.584278,-1.483949,-0.969721,7.574600,-1.402351,-0.958249,7.598628,-1.458372,-0.980151,7.602167,-1.463051,-0.977623,0.082170,0.011472,0.029327,0.010430,0.027509,0.007902
144.903000,SAMPLE,3,7.586559,-1.487239,-0.957952,7.577692,-1.406691,-0.943441,7.603194,-1.464453,-0.974501,7.605265,-1.467553,-0.961894,0.081034,0.014511,0.028212,0.016549,0.027156,0.003942
144.994000,SAMPLE,3,7.587740,-1.488905,-0.935189,7.578704,-1.408070,-0.923915,7.606848,-1.469274,-0.959011,7.606221,-1.468862,-0.941702,0.081338,0.011274,0.027395,0.023822,0.027263,0.006513
145.087000,SAMPLE,3,7.587361,-1.488409,-0.902109,7.578731,-1.408106,-0.889607,7.605552,-1.469517,-0.934395,7.606129,-1.468987,-0.910821,0.080766,0.012501,0.026226,0.032286,0.027008,0.008712
145.181000,SAMPLE,3,7.586799,-1.487729,-0.857985,7.578731,-1.408106,-0.844899,7.606272,-1.469510,-0.897716,7.606138,-1.469054,-0.865514,0.080031,0.013086,0.026666,0.039731,0.026884,0.007529
145.276000,SAMPLE,3,7.586114,-1.486976,-0.807019,7.578731,-1.408106,-0.802410,7.606167,-1.467423,-0.850821,7.606134,-1.468866,-0.824934,0.079215,0.004609,0.028008,0.043801,0.026996,0.017914
145.371000,SAMPLE,3,7.585552,-1.486412,-0.767243,7.578731,-1.408106,-0.753223,7.605244,-1.466795,-0.798380,7.606026,-1.468622,-0.777278,0.078603,0.014020,0.027796,0.031137,0.027123,0.010035
145.462000,SAMPLE,3,7.584898,-1.485808,-0.722717,7.578731,-1.408106,-0.705855,7.604566,-1.466492,-0.750628,7.605862,-1.468371,-0.728496,0.077947,0.016862,0.027567,0.027911,0.027268,0.005780
145.551000,SAMPLE,3,7.584294,-1.485296,-0.683101,7.578731,-1.408106,-0.672207,7.603560,-1.465996,-0.704920,7.605587,-1.468089,-0.695431,0.077390,0.010894,0.027270,0.021819,0.027377,0.012330
145.649000,SAMPLE,3,7.583633,-1.484781,-0.641227,7.578731,-1.408106,-0.631155,7.604065,-1.465990,-0.664007,7.605405,-1.467839,-0.654649,0.076832,0.010073,0.027759,0.022779,0.027587,0.013422
145.744000,SAMPLE,3,7.583111,-1.484404,-0.609014,7.578731,-1.408106,-0.592202,7.602083,-1.465041,-0.622769,7.605010,-1.467506,-0.616399,0.076424,0.016812,0.027108,0.013755,0.027660,0.007385
145.836000,SAMPLE,3,7.582565,-1.484036,-0.576085,7.578731,-1.408106,-0.564307,7.602083,-1.465041,-0.622769,7.605010,-1.467506,-0.588346,0.076027,0.011778,0.027235,0.046684,0.027875,0.012261
145.930000,SAMPLE,3,7.582000,-1.483682,-0.542738,7.578731,-1.408106,-0.529570,7.601349,-1.465050,-0.552365,7.604625,-1.467199,-0.554739,0.075647,0.013167,0.026862,0.009627,0.027993,0.012001
146.020000,SAMPLE,3,7.581417,-1.483344,-0.509043,7.578731,-1.408106,-0.501781,7.601349,-1.465050,-0.552365,7.604238,-1.466945,-0.526503,0.075286,0.007262,0.027055,0.043322,0.028102,0.017460
146.115000,SAMPLE,3,7.580910,-1.483070,-0.480212,7.578731,-1.408106,-0.471213,7.599888,-1.464593,-0.517485,7.603723,-1.466666,-0.495639,0.074996,0.008999,0.026488,0.037274,0.028099,0.015427
146.215000,SAMPLE,3,7.580473,-1.482849,-0.455769,7.578731,-1.408106,-0.442791,7.599720,-1.463437,-0.487823,7.603228,-1.466268,-0.469070,0.074764,0.012978,0.027336,0.032054,0.028155,0.013301
146.308000,SAMPLE,3,7.579970,-1.482611,-0.427917,7.578731,-1.408106,-0.414370,7.599170,-1.462110,-0.458789,7.602742,-1.465769,-0.440857,0.074516,0.013546,0.028088,0.030872,0.028323,0.012940
146.399000,SAMPLE,3,7.579513,-1.482409,-0.402935,7.578731,-1.408106,-0.392684,7.598869,-1.461711,-0.430038,7.602278,-1.465284,-0.420225,0.074308,0.010252,0.028338,0.027103,0.028488,0.017290
146.488000,SAMPLE,3,7.579125,-1.482249,-0.381972,7.578731,-1.408106,-0.370289,7.599177,-1.462105,-0.403824,7.601916,-1.464912,-0.396296,0.074144,0.011683,0.028422,0.021852,0.028635,0.014324
146.580000,SAMPLE,3,7.578738,-1.482098,-0.361193,7.578731,-1.408106,-0.352605,7.598273,-1.462378,-0.381716,7.601488,-1.464615,-0.377543,0.073992,0.008588,0.027758,0.020523,0.028692,0.016350
146.672000,SAMPLE,3,7.578344,-1.481954,-0.340193,7.578731,-1.408106,-0.330499,7.597206,-1.463014,-0.359522,7.600985,-1.464426,-0.354546,0.073849,0.009694,0.026731,0.019329,0.028632,0.014353
146.770000,SAMPLE,3,7.577993,-1.481833,-0.321625,7.578731,-1.408106,-0.308394,7.597909,-1.461531,-0.337603,7.600622,-1.464085,-0.331748,0.073731,0.013231,0.028440,0.015978,0.028759,0.010124
146.869000,SAMPLE,3,7.577589,-1.481703,-0.300435,7.578731,-1.408106,-0.288139,7.597789,-1.462173,-0.315672,7.600295,-1.463864,-0.309320,0.073606,0.012296,0.028098,0.015237,0.028875,0.008885
146.943000,SAMPLE,3,7.577350,-1.481631,-0.287962,7.578731,-1.408106,-0.275363,7.596963,-1.462709,-0.297870,7.599899,-1.463727,-0.296098,0.073538,0.012599,0.027252,0.009909,0.028792,0.008136
147.035000,SAMPLE,3,7.577056,-1.481546,-0.272646,7.578731,-1.408106,-0.262731,7.596327,-1.462752,-0.282012,7.599483,-1.463613,-0.282614,0.073460,0.009915,0.026918,0.009367,0.028715,0.009969
147.129000,SAMPLE,3,7.576815,-1.481480,-0.260172,7.578731,-1.408106,-0.246941,7.595766,-1.461646,-0.266101,7.599049,-1.463383,-0.266101,0.073400,0.013231,0.027432,0.005929,0.028668,0.005929
147.229000,SAMPLE,3,7.576500,-1.481399,-0.243909,7.578731,-1.408106,-0.231152,7.595766,-1.461646,-0.266101,7.599049,-1.463383,-0.250312,0.073328,0.012757,0.027592,0.022193,0.028862,0.006403
147.327000,SAMPLE,3,7.576187,-1.481324,-0.227804,7.578731,-1.408106,-0.215363,7.596110,-1.463140,-0.234510,7.598367,-1.463295,-0.233942,0.073263,0.012441,0.026973,0.006707,0.028583,0.006139
147.414000,SAMPLE,3,7.575910,-1.481262,-0.213593,7.578731,-1.408106,-0.202731,7.596110,-1.463140,-0.234510,7.598367,-1.463295,-0.221311,0.073210,0.010862,0.027137,0.020917,0.028760,0.007718
147.509000,SAMPLE,3,7.575604,-1.481198,-0.197962,7.578731,-1.408106,-0.186941,7.594839,-1.462244,-0.218578,7.597944,-1.463169,-0.205603,0.073159,0.011020,0.027004,0.020616,0.028707,0.007642
147.603000,SAMPLE,3,7.575407,-1.481159,-0.187933,7.578731,-1.408106,-0.176091,7.594047,-1.461654,-0.202445,7.597478,-1.462988,-0.195148,0.073129,0.011841,0.026980,0.014513,0.028589,0.007215
147.692000,SAMPLE,3,7.575271,-1.481134,-0.181017,7.578731,-1.408106,-0.168513,7.594081,-1.462703,-0.193237,7.597056,-1.462953,-0.188334,0.073110,0.012504,0.026334,0.012221,0.028375,0.007317
147.791000,SAMPLE,3,7.575081,-1.481100,-0.171354,7.578731,-1.408106,-0.159039,7.594098,-1.461415,-0.183281,7.596699,-1.462767,-0.178982,0.073086,0.012315,0.027371,0.011928,0.028345,0.007628
147.872000,SAMPLE,3,7.574922,-1.481073,-0.163301,7.578731,-1.408106,-0.151460,7.593645,-1.462049,-0.173816,7.596339,-1.462683,-0.171147,0.073067,0.011841,0.026692,0.010515,0.028230,0.007846
147.963000,SAMPLE,3,7.574741,-1.481044,-0.154111,7.578731,-1.408106,-0.141986,7.593436,-1.461957,-0.164345,7.595997,-1.462597,-0.161465,0.073048,0.012125,0.026718,0.010234,0.028145,0.007353
148.056000,SAMPLE,3,7.575669,-1.481184,-0.147232,7.579450,-1.408204,-0.135857,7.594272,-1.462706,-0.155245,7.596679,-1.462750,-0.155597,0.073078,0.011374,0.026221,0.008014,0.027950,0.008365
148.141000,SAMPLE,3,7.578384,-1.481586,-0.146143,7.582918,-1.408675,-0.133384,7.597169,-1.462399,-0.151859,7.599845,-1.463191,-0.152595,0.073052,0.012759,0.026851,0.005717,0.028265,0.006453
148.194000,P3,3,7.578779,-1.481643,-0.140795,7.583017,-1.408688,-0.129794,7.597169,-1.462399,-0.151859,7.599845,-1.463191,-0.148782,0.073077,0.011001,0.026618,0.011064,0.028005,0.007986
