sim_time,event,waypoint,gt_x,gt_y,gt_yaw,odom_x,odom_y,odom_yaw,icp_x,icp_y,icp_yaw,ekf_x,ekf_y,ekf_yaw,odom_position_error,odom_yaw_error,icp_position_error,icp_yaw_error,ekf_position_error,ekf_yaw_error
13.880000,START,0,0.000000,-0.000000,0.000000,-0.000000,0.000000,0.000000,0.015548,0.022790,-0.000007,0.015548,0.022790,-0.000007,0.000000,0.000000,0.027588,0.000007,0.027588,0.000007
13.881000,SAMPLE,1,0.000000,-0.000000,0.000000,-0.000000,0.000000,0.000000,0.015548,0.022790,-0.000007,0.015548,0.022790,-0.000007,0.000000,0.000000,0.027588,0.000007,0.027588,0.000007
13.972000,SAMPLE,1,0.000247,-0.000000,-0.001074,0.000253,-0.000000,-0.001200,0.015548,0.022790,-0.000007,0.015843,0.022789,-0.002007,0.000005,0.000126,0.027450,0.001067,0.027615,0.000933
14.070000,SAMPLE,1,0.000702,-0.000002,-0.011450,0.000474,-0.000001,-0.011650,0.016941,0.024592,-0.003240,0.016159,0.023005,-0.010476,0.000229,0.000200,0.029471,0.008210,0.027717,0.000974
14.168000,SAMPLE,1,0.001107,-0.000011,-0.031700,0.000474,-0.000001,-0.032250,0.016158,0.024381,-0.017684,0.016159,0.023169,-0.029751,0.000634,0.000550,0.028661,0.014015,0.027638,0.001949
14.263000,SAMPLE,1,0.002423,-0.000080,-0.062675,0.001209,-0.000043,-0.063150,0.015806,0.022592,-0.042651,0.016958,0.023059,-0.059778,0.001214,0.000475,0.026327,0.020024,0.027325,0.002897
14.354000,SAMPLE,1,0.004229,-0.000216,-0.094349,0.002343,-0.000126,-0.095900,0.017768,0.024277,-0.078009,0.017943,0.023147,-0.090870,0.001888,0.001551,0.027985,0.016340,0.027090,0.003479
14.448000,SAMPLE,1,0.005190,-0.000330,-0.142749,0.002343,-0.000126,-0.146250,0.021986,0.025627,-0.124044,0.017943,0.023147,-0.140870,0.002854,0.003501,0.030917,0.018705,0.026717,0.001879
14.547000,SAMPLE,1,0.006373,-0.000536,-0.202799,0.002343,-0.000126,-0.205400,0.020420,0.025271,-0.180666,0.018670,0.023668,-0.195838,0.004051,0.002601,0.029382,0.022133,0.027148,0.006961
14.638000,SAMPLE,1,0.007755,-0.000866,-0.258599,0.002547,-0.000178,-0.253400,0.020420,0.025271,-0.180666,0.018875,0.023620,-0.243838,0.005253,0.005199,0.029044,0.077933,0.026892,0.014761
14.732000,SAMPLE,1,0.009872,-0.001492,-0.317399,0.003558,-0.000472,-0.313400,0.022056,0.023783,-0.240373,0.020251,0.023372,-0.300831,0.006396,0.003999,0.028059,0.077026,0.026944,0.016567
14.822000,SAMPLE,1,0.011570,-0.002095,-0.365399,0.004549,-0.000826,-0.373400,0.023701,0.020070,-0.300041,0.021641,0.022651,-0.358366,0.007135,0.008001,0.025268,0.065358,0.026717,0.007033
14.918000,SAMPLE,1,0.013566,-0.002925,-0.422999,0.005325,-0.001152,-0.421400,0.026483,0.019679,-0.359845,0.022983,0.021999,-0.404348,0.008430,0.001599,0.026034,0.063153,0.026643,0.018650
15.017000,SAMPLE,1,0.014865,-0.003551,-0.482999,0.005574,-0.001266,-0.481400,0.027824,0.019881,-0.419950,0.023721,0.021676,-0.465016,0.009568,0.001599,0.026776,0.063048,0.026736,0.017983
15.110000,SAMPLE,1,0.016406,-0.004440,-0.541814,0.006090,-0.001571,-0.541400,0.029533,0.020406,-0.480447,0.025016,0.021184,-0.525656,0.010707,0.000414,0.028101,0.061368,0.027032,0.016158
15.211000,SAMPLE,1,0.020715,-0.007226,-0.602429,0.009339,-0.003670,-0.601400,0.031029,0.020104,-0.540658,0.028966,0.019056,-0.586220,0.011918,0.001029,0.029212,0.061771,0.027547,0.016209
15.295000,SAMPLE,1,0.024442,-0.009932,-0.656429,0.011961,-0.005560,-0.649400,0.035024,0.018556,-0.600890,0.032197,0.017258,-0.634722,0.013225,0.007029,0.030390,0.055539,0.028275,0.021707
15.388000,SAMPLE,1,0.029748,-0.014291,-0.712238,0.016421,-0.009199,-0.709400,0.039847,0.014907,-0.660883,0.037704,0.013371,-0.695129,0.014266,0.002838,0.030894,0.051355,0.028783,0.017109
15.468000,SAMPLE,1,0.035789,-0.019738,-0.753053,0.022824,-0.014991,-0.757400,0.045035,0.010360,-0.721019,0.044895,0.007510,-0.743485,0.013807,0.004347,0.031486,0.032035,0.028730,0.009568
15.568000,SAMPLE,1,0.047701,-0.031656,-0.814878,0.033728,-0.025977,-0.817400,0.056062,0.001567,-0.780992,0.056766,-0.003435,-0.803757,0.015083,0.002522,0.034259,0.033886,0.029641,0.011121
15.662000,SAMPLE,1,0.058839,-0.044171,-0.874861,0.043943,-0.037524,-0.877400,0.067982,-0.012644,-0.841686,0.067695,-0.014997,-0.864120,0.016312,0.002539,0.032826,0.033175,0.030489,0.010742
15.760000,SAMPLE,1,0.069555,-0.057796,-0.933661,0.052142,-0.047894,-0.925400,0.079555,-0.023386,-0.901873,0.076840,-0.025424,-0.912445,0.020032,0.008261,0.035833,0.031788,0.033182,0.021216
15.852000,SAMPLE,1,0.079252,-0.071698,-0.991261,0.061716,-0.061426,-0.985400,0.089135,-0.036510,-0.962137,0.087140,-0.038781,-0.972759,0.020323,0.005861,0.036550,0.029125,0.033849,0.018503
15.950000,SAMPLE,1,0.087240,-0.084642,-1.045282,0.071188,-0.076721,-1.045400,0.098565,-0.054192,-1.022173,0.097351,-0.054361,-1.036131,0.017899,0.000118,0.032488,0.023108,0.031924,0.009150
16.029000,SAMPLE,1,0.094545,-0.098040,-1.098415,0.078433,-0.089950,-1.093400,0.098565,-0.054192,-1.022173,0.104841,-0.067610,-1.088624,0.018029,0.005015,0.044032,0.076241,0.032124,0.009791
16.112000,SAMPLE,1,0.102768,-0.115253,-1.152417,0.085441,-0.104332,-1.141400,0.106843,-0.071487,-1.087465,0.112252,-0.082369,-1.136406,0.020483,0.011017,0.043956,0.064952,0.034224,0.016011
16.203000,SAMPLE,1,0.109827,-0.132271,-1.202956,0.092923,-0.121966,-1.197005,0.118201,-0.090601,-1.147987,0.120360,-0.099995,-1.190710,0.019797,0.005951,0.042504,0.054969,0.033952,0.012246
16.284000,SAMPLE,1,0.115655,-0.148454,-1.247665,0.098045,-0.135850,-1.237403,0.124881,-0.109097,-1.204319,0.125974,-0.114496,-1.231196,0.021655,0.010263,0.040424,0.043347,0.035492,0.016469
16.381000,SAMPLE,1,0.121444,-0.167428,-1.302880,0.104045,-0.154926,-1.295737,0.130874,-0.126946,-1.255778,0.132472,-0.134569,-1.292205,0.021425,0.007143,0.041566,0.047102,0.034660,0.010675
16.478000,SAMPLE,1,0.125726,-0.184688,-1.352130,0.108022,-0.170422,-1.342637,0.137098,-0.146612,-1.315889,0.136891,-0.150542,-1.339143,0.022737,0.009493,0.039737,0.036241,0.035925,0.012987
16.572000,SAMPLE,1,0.129657,-0.205034,-1.408380,0.111985,-0.190023,-1.399987,0.142597,-0.166715,-1.374334,0.141399,-0.170637,-1.396175,0.023187,0.008393,0.040445,0.034046,0.036346,0.012205
16.664000,SAMPLE,1,0.132390,-0.224871,-1.459696,0.114849,-0.209814,-1.453974,0.146610,-0.185928,-1.430796,0.144809,-0.190818,-1.450523,0.023117,0.005722,0.041458,0.028900,0.036247,0.009173
16.760000,SAMPLE,1,0.134175,-0.245397,-1.507604,0.116659,-0.229307,-1.501258,0.147767,-0.208089,-1.482996,0.146466,-0.206519,-1.489470,0.023784,0.006346,0.039707,0.024608,0.040774,0.018134
16.840000,SAMPLE,1,0.134967,-0.262319,-1.539393,0.117336,-0.241046,-1.524318,0.147767,-0.208089,-1.482996,0.147775,-0.222234,-1.521147,0.027630,0.015075,0.055720,0.056397,0.042082,0.018246
16.934000,SAMPLE,1,0.135275,-0.278052,-1.562241,0.117919,-0.259720,-1.553203,0.150357,-0.248406,-1.557423,0.148751,-0.241226,-1.549467,0.025245,0.009038,0.033262,0.004818,0.039214,0.012774
17.022000,SAMPLE,1,0.135254,-0.295649,-1.579989,0.118052,-0.278182,-1.571687,0.150357,-0.248406,-1.557423,0.149068,-0.260693,-1.569632,0.024515,0.008303,0.049598,0.022566,0.037587,0.010357
17.122000,SAMPLE,1,0.134971,-0.315680,-1.588187,0.117944,-0.297793,-1.579221,0.150214,-0.286353,-1.587574,0.149009,-0.280942,-1.577875,0.024696,0.008966,0.033051,0.000613,0.037468,0.010312
17.220000,SAMPLE,1,0.134605,-0.334881,-1.591529,0.117798,-0.312760,-1.581811,0.150214,-0.286353,-1.587574,0.148910,-0.296535,-1.582330,0.027781,0.009719,0.050976,0.003955,0.040927,0.009199
17.316000,SAMPLE,1,0.134268,-0.350216,-1.593510,0.117568,-0.331096,-1.584305,0.149533,-0.305899,-1.590771,0.148656,-0.315580,-1.586788,0.025386,0.009205,0.046873,0.002739,0.037506,0.006722
17.416000,SAMPLE,1,0.133807,-0.370516,-1.593510,0.117302,-0.350841,-1.584305,0.148189,-0.343715,-1.593187,0.148240,-0.335761,-1.588001,0.025681,0.009205,0.030416,0.000323,0.037632,0.005509
17.513000,SAMPLE,1,0.133395,-0.388628,-1.593510,0.117056,-0.368997,-1.584305,0.148189,-0.343715,-1.593187,0.147857,-0.354787,-1.588953,0.025540,0.009205,0.047286,0.000323,0.036801,0.004557
17.607000,SAMPLE,1,0.132959,-0.407832,-1.593510,0.116792,-0.388533,-1.584305,0.148285,-0.362544,-1.592832,0.147501,-0.375267,-1.589671,0.025176,0.009205,0.047812,0.000679,0.035664,0.003839
17.706000,SAMPLE,1,0.132512,-0.427490,-1.593510,0.116534,-0.407647,-1.584305,0.147941,-0.382295,-1.593111,0.147158,-0.394710,-1.590332,0.025477,0.009205,0.047757,0.000400,0.035904,0.003178
17.801000,SAMPLE,1,0.132157,-0.443128,-1.593510,0.116280,-0.426445,-1.584305,0.148625,-0.402982,-1.593811,0.146929,-0.414114,-1.590994,0.023030,0.009205,0.043392,0.000300,0.032558,0.002517
17.895000,SAMPLE,1,0.131732,-0.461828,-1.593510,0.116067,-0.442191,-1.584305,0.148479,-0.419440,-1.594099,0.146769,-0.429974,-1.591581,0.025120,0.009205,0.045577,0.000589,0.035225,0.001930
17.988000,SAMPLE,1,0.131329,-0.479540,-1.593510,0.115815,-0.460842,-1.584305,0.146587,-0.439257,-1.594061,0.146360,-0.448285,-1.592068,0.024297,0.009205,0.043077,0.000551,0.034682,0.001443
18.085000,SAMPLE,1,0.130907,-0.498113,-1.593511,0.115564,-0.479451,-1.584305,0.146134,-0.457918,-1.593695,0.145934,-0.467310,-1.592374,0.024160,0.009205,0.042983,0.000185,0.034273,0.001137
18.170000,SAMPLE,1,0.130509,-0.515656,-1.593511,0.115350,-0.495281,-1.584305,0.145526,-0.476472,-1.593583,0.145542,-0.483695,-1.592596,0.025396,0.009205,0.041963,0.000073,0.035320,0.000915
18.268000,SAMPLE,1,0.130087,-0.534210,-1.593511,0.115098,-0.513921,-1.584305,0.145406,-0.497642,-1.593291,0.145143,-0.502545,-1.592728,0.025225,0.009205,0.039647,0.000219,0.035062,0.000783
18.365000,SAMPLE,1,0.129719,-0.550384,-1.593511,0.114833,-0.533540,-1.584305,0.144599,-0.515835,-1.593083,0.144673,-0.522398,-1.592800,0.022479,0.009206,0.037617,0.000428,0.031731,0.000711
18.450000,SAMPLE,1,0.129318,-0.568063,-1.593511,0.114627,-0.548844,-1.584305,0.144949,-0.536112,-1.592898,0.144400,-0.537905,-1.592817,0.024191,0.009206,0.035570,0.000613,0.033719,0.000694
18.536000,SAMPLE,1,0.128945,-0.584491,-1.593511,0.114424,-0.563864,-1.584305,0.144791,-0.555207,-1.592905,0.144071,-0.552849,-1.592817,0.025225,0.009206,0.033296,0.000606,0.035071,0.000694
18.630000,SAMPLE,1,0.128511,-0.603558,-1.593511,0.114161,-0.583336,-1.584305,0.144458,-0.574060,-1.592666,0.143724,-0.572704,-1.592831,0.024797,0.009206,0.033533,0.000845,0.034401,0.000680
18.720000,SAMPLE,1,0.128112,-0.621112,-1.593511,0.113953,-0.598692,-1.584305,0.144458,-0.574060,-1.592666,0.143476,-0.588209,-1.592797,0.026516,0.009206,0.049810,0.000845,0.036313,0.000714
18.818000,SAMPLE,1,0.127756,-0.636782,-1.593511,0.113707,-0.616891,-1.584305,0.143379,-0.594011,-1.592852,0.143075,-0.606549,-1.592807,0.024353,0.009206,0.045535,0.000659,0.033893,0.000704
18.917000,SAMPLE,1,0.127312,-0.656323,-1.593511,0.113445,-0.636320,-1.584305,0.142702,-0.611904,-1.592970,0.142607,-0.626334,-1.592839,0.024340,0.009206,0.047010,0.000542,0.033664,0.000672
19.016000,SAMPLE,1,0.126873,-0.675676,-1.593511,0.113185,-0.655550,-1.584305,0.142793,-0.632095,-1.592661,0.142220,-0.645697,-1.592804,0.024339,0.009206,0.046398,0.000850,0.033679,0.000707
19.106000,SAMPLE,1,0.126473,-0.693250,-1.593512,0.112932,-0.674264,-1.584305,0.141639,-0.650920,-1.593082,0.141744,-0.664642,-1.592858,0.023320,0.009206,0.044965,0.000430,0.032429,0.000653
19.203000,SAMPLE,1,0.126032,-0.712656,-1.593512,0.112667,-0.693873,-1.584305,0.141746,-0.666839,-1.593774,0.141322,-0.683512,-1.593037,0.023052,0.009206,0.048436,0.000263,0.032911,0.000474
19.302000,SAMPLE,1,0.125672,-0.728516,-1.593512,0.112417,-0.712419,-1.584305,0.142656,-0.687711,-1.593262,0.141075,-0.702082,-1.593074,0.020852,0.009206,0.044198,0.000249,0.030594,0.000437
19.393000,SAMPLE,1,0.125271,-0.746141,-1.593512,0.112217,-0.727175,-1.584305,0.141040,-0.705519,-1.593338,0.140739,-0.717256,-1.593122,0.023024,0.009207,0.043575,0.000174,0.032766,0.000389
19.476000,SAMPLE,1,0.124871,-0.763747,-1.593512,0.112002,-0.743090,-1.584305,0.141110,-0.725032,-1.593274,0.140449,-0.733057,-1.593149,0.024338,0.009207,0.041983,0.000238,0.034418,0.000362
19.563000,SAMPLE,1,0.124508,-0.779734,-1.593512,0.111751,-0.761688,-1.584305,0.140205,-0.745172,-1.593466,0.140033,-0.751668,-1.593209,0.022099,0.009207,0.037959,0.000046,0.032074,0.000302
19.662000,SAMPLE,1,0.124085,-0.798327,-1.593512,0.111499,-0.780381,-1.584305,0.138327,-0.761861,-1.593618,0.139434,-0.770335,-1.593292,0.021920,0.009207,0.039149,0.000106,0.031924,0.000220
19.757000,SAMPLE,1,0.123648,-0.817565,-1.593512,0.111285,-0.796169,-1.584305,0.138945,-0.783239,-1.593447,0.139051,-0.786229,-1.593322,0.024711,0.009207,0.037580,0.000065,0.034917,0.000190
19.848000,SAMPLE,1,0.123323,-0.831899,-1.593512,0.111034,-0.814767,-1.584305,0.138213,-0.802020,-1.593323,0.138574,-0.804851,-1.593324,0.021083,0.009207,0.033384,0.000189,0.031051,0.000188
19.948000,SAMPLE,1,0.122872,-0.851734,-1.593512,0.110769,-0.834408,-1.584305,0.138623,-0.819027,-1.593528,0.138176,-0.824370,-1.593362,0.021135,0.009207,0.036302,0.000016,0.031353,0.000151
20.044000,SAMPLE,1,0.122440,-0.870740,-1.593512,0.110510,-0.853532,-1.584305,0.137394,-0.840674,-1.593519,0.137691,-0.843579,-1.593393,0.020938,0.009207,0.033580,0.000007,0.031150,0.000119
20.142000,SAMPLE,1,0.122020,-0.889210,-1.593512,0.110267,-0.871562,-1.584305,0.136709,-0.858848,-1.593559,0.137205,-0.861638,-1.593427,0.021203,0.009207,0.033728,0.000047,0.031477,0.000086
20.224000,SAMPLE,1,0.121634,-0.906215,-1.593512,0.110054,-0.887308,-1.584305,0.136886,-0.878393,-1.593693,0.136845,-0.877550,-1.593427,0.022171,0.009207,0.031729,0.000180,0.032451,0.000086
20.322000,SAMPLE,1,0.121269,-0.922253,-1.593512,0.109796,-0.906391,-1.584305,0.136886,-0.878393,-1.593693,0.136502,-0.892867,-1.593477,0.019576,0.009207,0.046557,0.000180,0.033099,0.000036
20.419000,SAMPLE,1,0.120845,-0.940932,-1.593513,0.109596,-0.921242,-1.584305,0.136192,-0.897996,-1.593520,0.136054,-0.911569,-1.593486,0.022677,0.009207,0.045596,0.000007,0.033068,0.000027
20.516000,SAMPLE,1,0.120393,-0.960811,-1.593513,0.109329,-0.940987,-1.584305,0.136275,-0.916213,-1.593510,0.135644,-0.931346,-1.593489,0.022702,0.009207,0.047341,0.000003,0.033178,0.000024
20.602000,SAMPLE,1,0.119994,-0.978354,-1.593513,0.109076,-0.959670,-1.584305,0.136104,-0.935890,-1.593536,0.135275,-0.950501,-1.593496,0.021641,0.009207,0.045418,0.000023,0.031770,0.000017
20.699000,SAMPLE,1,0.119585,-0.996098,-1.595179,0.108875,-0.974405,-1.585305,0.135828,-0.953801,-1.593550,0.135015,-0.965201,-1.594504,0.024193,0.009874,0.045309,0.001629,0.034536,0.000675
20.797000,SAMPLE,1,0.119022,-1.015888,-1.604027,0.108517,-0.994181,-1.593482,0.134829,-0.972103,-1.595574,0.134486,-0.985301,-1.602201,0.024115,0.010545,0.046551,0.008452,0.034274,0.001825
20.893000,SAMPLE,1,0.118464,-1.031623,-1.607328,0.108033,-1.012869,-1.598182,0.134026,-0.991946,-1.604478,0.133808,-1.004278,-1.606852,0.021459,0.009146,0.042620,0.002850,0.031356,0.000475
20.984000,SAMPLE,1,0.117793,-1.049166,-1.612298,0.107484,-1.031556,-1.603882,0.133005,-1.009944,-1.607317,0.133045,-1.022823,-1.611734,0.020406,0.008416,0.042069,0.004981,0.030440,0.000564
21.082000,SAMPLE,1,0.116877,-1.068998,-1.621772,0.106744,-1.051132,-1.613355,0.132911,-1.030701,-1.614744,0.132250,-1.041881,-1.620677,0.020540,0.008416,0.041518,0.007028,0.031171,0.001094
21.175000,SAMPLE,1,0.115866,-1.087217,-1.630961,0.106052,-1.066063,-1.620934,0.131657,-1.050006,-1.624146,0.131442,-1.056874,-1.628196,0.023320,0.010027,0.040424,0.006815,0.034108,0.002765
21.276000,SAMPLE,1,0.114567,-1.107760,-1.635879,0.105011,-1.085530,-1.626279,0.130160,-1.068293,-1.633081,0.130144,-1.076865,-1.634610,0.024197,0.009600,0.042435,0.002798,0.034600,0.001269
21.373000,SAMPLE,1,0.113513,-1.123621,-1.638500,0.103916,-1.104709,-1.629437,0.130099,-1.088385,-1.636811,0.128979,-1.095978,-1.637824,0.021207,0.009063,0.038944,0.001689,0.031675,0.000676
21.469000,SAMPLE,1,0.112214,-1.142333,-1.641658,0.102788,-1.123412,-1.632595,0.129070,-1.107700,-1.639836,0.127787,-1.114934,-1.641001,0.021139,0.009063,0.038517,0.001822,0.031515,0.000657
21.553000,SAMPLE,1,0.110849,-1.160819,-1.648455,0.101760,-1.139379,-1.638445,0.127119,-1.126151,-1.644180,0.126667,-1.130804,-1.646654,0.023287,0.010011,0.038296,0.004275,0.033928,0.001801
21.646000,SAMPLE,1,0.109398,-1.178481,-1.657171,0.100375,-1.158486,-1.647918,0.125609,-1.144996,-1.653354,0.125114,-1.150209,-1.656315,0.021936,0.009253,0.037203,0.003817,0.032346,0.000856
21.721000,SAMPLE,1,0.108214,-1.191505,-1.666863,0.099128,-1.173593,-1.659847,0.124343,-1.163510,-1.665188,0.123779,-1.165537,-1.668114,0.020085,0.007016,0.032309,0.001675,0.030276,0.001251
21.808000,SAMPLE,1,0.106385,-1.209079,-1.681549,0.097608,-1.189415,-1.672847,0.124343,-1.163510,-1.665188,0.122141,-1.181453,-1.681482,0.021534,0.008701,0.048980,0.016360,0.031803,0.000066
21.900000,SAMPLE,1,0.104079,-1.228469,-1.697906,0.095409,-1.209293,-1.690187,0.122202,-1.183031,-1.682047,0.120391,-1.197062,-1.693612,0.021045,0.007720,0.048919,0.015860,0.035391,0.004295
21.998000,SAMPLE,1,0.101393,-1.247837,-1.719801,0.093461,-1.224421,-1.707753,0.118718,-1.202929,-1.699660,0.117829,-1.215835,-1.714971,0.024724,0.012049,0.048134,0.020141,0.035976,0.004830
22.098000,SAMPLE,1,0.098096,-1.268428,-1.740035,0.090575,-1.243924,-1.727308,0.116404,-1.222171,-1.721583,0.114815,-1.235234,-1.733843,0.025633,0.012727,0.049748,0.018452,0.037167,0.006192
22.197000,SAMPLE,1,0.094938,-1.285774,-1.761596,0.087216,-1.263639,-1.751963,0.112879,-1.245281,-1.740230,0.111491,-1.254733,-1.755402,0.023443,0.009633,0.044289,0.021365,0.035179,0.006194
22.284000,SAMPLE,1,0.091366,-1.303356,-1.781270,0.083464,-1.282930,-1.774068,0.110132,-1.264895,-1.764815,0.107738,-1.274219,-1.777613,0.021902,0.007201,0.042795,0.016455,0.033422,0.003656
22.381000,SAMPLE,1,0.086870,-1.323425,-1.801329,0.079268,-1.302345,-1.793674,0.105468,-1.284228,-1.786878,0.103265,-1.294403,-1.797606,0.022409,0.007656,0.043386,0.014451,0.033333,0.003723
22.473000,SAMPLE,1,0.082463,-1.341524,-1.816708,0.075672,-1.317708,-1.806758,0.100510,-1.304292,-1.806693,0.099503,-1.309994,-1.811944,0.024765,0.009950,0.041375,0.010015,0.035840,0.004764
22.559000,SAMPLE,1,0.077969,-1.358906,-1.832419,0.071891,-1.333027,-1.819892,0.095500,-1.322872,-1.821744,0.095372,-1.325921,-1.825363,0.026583,0.012527,0.040072,0.010676,0.037294,0.007057
22.655000,SAMPLE,1,0.072787,-1.377491,-1.851972,0.066877,-1.351877,-1.840697,0.090551,-1.341732,-1.842398,0.090197,-1.344844,-1.845538,0.026287,0.011275,0.039928,0.009574,0.036999,0.006434
22.750000,SAMPLE,1,0.067114,-1.396441,-1.871014,0.061356,-1.371099,-1.860253,0.084915,-1.360932,-1.862180,0.084337,-1.364570,-1.865644,0.025987,0.010761,0.039720,0.008834,0.036226,0.005370
22.850000,SAMPLE,1,0.061885,-1.412927,-1.885830,0.055487,-1.390218,-1.877855,0.079592,-1.380467,-1.879438,0.078208,-1.384175,-1.884455,0.023593,0.007975,0.036976,0.006392,0.033063,0.001375
22.947000,SAMPLE,1,0.055199,-1.432698,-1.909398,0.049231,-1.409215,-1.901261,0.073823,-1.399575,-1.900417,0.071967,-1.403174,-1.907224,0.024230,0.008138,0.038001,0.008981,0.033954,0.002174
23.040000,SAMPLE,1,0.048534,-1.450961,-1.931448,0.043895,-1.424298,-1.919795,0.066214,-1.418083,-1.924963,0.066574,-1.418238,-1.925909,0.027063,0.011654,0.037330,0.006485,0.037366,0.005540
23.134000,SAMPLE,1,0.041552,-1.468992,-1.948256,0.036873,-1.443024,-1.938087,0.066214,-1.418083,-1.924963,0.059447,-1.436921,-1.943834,0.026386,0.010169,0.056569,0.023293,0.036725,0.004423
23.224000,SAMPLE,1,0.034165,-1.487136,-1.967775,0.029516,-1.461622,-1.958111,0.051062,-1.456994,-1.963578,0.051922,-1.455710,-1.963080,0.025935,0.009664,0.034555,0.004196,0.036096,0.004694
23.320000,SAMPLE,1,0.027589,-1.502427,-1.986343,0.021960,-1.479570,-1.980216,0.051062,-1.456994,-1.963578,0.044223,-1.473748,-1.985282,0.023540,0.006127,0.051139,0.022765,0.033153,0.001061
23.412000,SAMPLE,1,0.019751,-1.519719,-2.005651,0.015465,-1.494192,-1.996600,0.043578,-1.475396,-1.985683,0.037601,-1.488545,-2.002043,0.025885,0.009051,0.050322,0.019967,0.035923,0.003608
23.509000,SAMPLE,1,0.010953,-1.538263,-2.021901,0.007056,-1.512338,-2.012679,0.035030,-1.493728,-2.006393,0.029004,-1.506839,-2.018273,0.026216,0.009222,0.050626,0.015508,0.036240,0.003628
23.606000,SAMPLE,1,0.002182,-1.556082,-2.034975,-0.001615,-1.530360,-2.026068,0.026697,-1.511905,-2.022202,0.019940,-1.525394,-2.031787,0.026000,0.008906,0.050524,0.012773,0.035456,0.003188
23.691000,SAMPLE,1,-0.005002,-1.570249,-2.044444,-0.007785,-1.542816,-2.034500,0.018209,-1.530565,-2.035482,0.013764,-1.537900,-2.041551,0.027574,0.009944,0.045973,0.008961,0.037398,0.002892
23.780000,SAMPLE,1,-0.009496,-1.579007,-2.044808,-0.012380,-1.551978,-2.035632,0.009766,-1.545949,-2.045012,0.009026,-1.547176,-2.044403,0.027183,0.009177,0.038261,0.000203,0.036827,0.000405
23.877000,SAMPLE,1,-0.013574,-1.587019,-2.038463,-0.016673,-1.560606,-2.029071,0.004582,-1.556652,-2.042493,0.004359,-1.556420,-2.037336,0.026594,0.009392,0.035381,0.004031,0.035467,0.001127
23.976000,SAMPLE,1,-0.017845,-1.595485,-2.038889,-0.020859,-1.569104,-2.029203,0.000958,-1.565486,-2.037251,-0.000002,-1.565359,-2.037681,0.026552,0.009687,0.035405,0.001638,0.035013,0.001208
24.060000,SAMPLE,1,-0.021084,-1.601889,-2.038016,-0.023715,-1.574888,-2.028755,-0.003578,-1.573272,-2.038755,-0.003049,-1.571489,-2.038238,0.027129,0.009261,0.033547,0.000739,0.035347,0.000221
24.148000,SAMPLE,1,-0.024474,-1.608604,-2.039390,-0.027437,-1.582442,-2.029655,-0.007332,-1.579638,-2.037582,-0.006985,-1.579265,-2.039128,0.026330,0.009735,0.033658,0.001808,0.034156,0.000262
24.248000,SAMPLE,1,-0.028472,-1.616470,-2.042674,-0.031179,-1.589986,-2.032813,-0.011182,-1.586680,-2.040601,-0.011017,-1.587115,-2.042209,0.026622,0.009861,0.034444,0.002074,0.034153,0.000465
24.335000,SAMPLE,1,-0.031047,-1.621512,-2.043567,-0.033889,-1.595421,-2.033855,-0.011182,-1.586680,-2.040601,-0.013764,-1.592497,-2.043472,0.026245,0.009712,0.040099,0.002967,0.033773,0.000095
24.421000,SAMPLE,1,-0.034135,-1.627529,-2.046441,-0.037191,-1.602009,-2.037013,-0.014567,-1.595885,-2.042895,-0.017136,-1.599310,-2.046389,0.025703,0.009428,0.037206,0.003546,0.032944,0.000052
24.517000,SAMPLE,1,-0.037315,-1.633683,-2.047991,-0.039747,-1.607074,-2.038489,-0.017394,-1.601963,-2.045867,-0.019761,-1.604659,-2.047815,0.026720,0.009501,0.037457,0.002124,0.033920,0.000176
24.614000,SAMPLE,1,-0.040213,-1.639276,-2.050317,-0.042597,-1.612710,-2.040347,-0.020973,-1.609001,-2.047865,-0.022801,-1.610775,-2.048981,0.026673,0.009970,0.035871,0.002453,0.033399,0.001336
24.709000,SAMPLE,1,-0.043165,-1.644931,-2.053475,-0.045463,-1.618338,-2.043505,-0.023861,-1.614624,-2.049390,-0.025771,-1.616705,-2.052095,0.026692,0.009970,0.035933,0.004085,0.033155,0.001380
24.804000,SAMPLE,1,-0.045417,-1.649218,-2.054869,-0.048183,-1.623639,-2.044963,-0.026636,-1.621114,-2.052471,-0.028608,-1.622441,-2.054321,0.025728,0.009906,0.033801,0.002397,0.031615,0.000548
24.903000,SAMPLE,1,-0.047961,-1.654051,-2.056921,-0.050590,-1.628319,-2.047471,-0.030643,-1.627261,-2.054019,-0.031242,-1.627564,-2.057298,0.025865,0.009450,0.031900,0.002903,0.031322,0.000377
24.997000,SAMPLE,1,-0.050357,-1.658568,-2.059953,-0.052527,-1.632058,-2.049997,-0.032063,-1.631393,-2.056859,-0.033250,-1.631633,-2.059618,0.026599,0.009956,0.032759,0.003094,0.031909,0.000335
25.092000,SAMPLE,1,-0.052680,-1.662918,-2.061597,-0.054848,-1.636510,-2.052005,-0.035234,-1.636181,-2.060183,-0.035714,-1.636358,-2.060642,0.026497,0.009591,0.031925,0.001414,0.031517,0.000954
25.192000,SAMPLE,1,-0.054635,-1.666598,-2.057336,-0.056789,-1.640247,-2.047763,-0.036651,-1.638243,-2.061205,-0.037712,-1.640121,-2.058048,0.026439,0.009573,0.033578,0.003869,0.031424,0.000712
25.284000,SAMPLE,1,-0.056551,-1.670212,-2.059718,-0.058724,-1.643986,-2.049871,-0.038552,-1.641895,-2.057262,-0.039689,-1.643876,-2.059196,0.026315,0.009847,0.033553,0.002456,0.031272,0.000521
25.378000,SAMPLE,1,-0.058160,-1.673228,-2.062244,-0.060281,-1.646973,-2.052397,-0.040957,-1.645459,-2.060578,-0.041329,-1.646860,-2.061746,0.026340,0.009847,0.032667,0.001666,0.031282,0.000499
25.477000,SAMPLE,1,-0.060203,-1.677030,-2.065434,-0.062237,-1.650702,-2.055555,-0.043544,-1.648627,-2.063792,-0.043441,-1.650516,-2.064933,0.026407,0.009878,0.032928,0.001641,0.031369,0.000500
25.565000,SAMPLE,1,-0.063205,-1.682538,-2.071994,-0.065456,-1.656760,-2.062834,-0.045370,-1.652796,-2.067485,-0.046906,-1.656758,-2.072363,0.025875,0.009160,0.034679,0.004509,0.030500,0.000369
25.659000,SAMPLE,1,-0.068221,-1.691556,-2.085589,-0.069379,-1.663988,-2.073926,-0.048903,-1.660533,-2.077855,-0.050924,-1.664034,-2.083071,0.027592,0.011662,0.036546,0.007734,0.032506,0.002518
25.740000,SAMPLE,1,-0.072685,-1.699334,-2.097622,-0.074358,-1.672878,-2.088116,-0.054159,-1.670310,-2.093154,-0.055823,-1.672714,-2.097371,0.026509,0.009506,0.034432,0.004467,0.031511,0.000251
25.841000,SAMPLE,1,-0.077711,-1.707832,-2.112869,-0.079103,-1.681077,-2.103255,-0.058739,-1.678704,-2.106943,-0.060639,-1.681002,-2.112363,0.026791,0.009614,0.034762,0.005926,0.031801,0.000506
25.930000,SAMPLE,1,-0.081180,-1.713535,-2.121323,-0.082604,-1.686956,-2.112084,-0.058739,-1.678704,-2.106943,-0.064135,-1.686761,-2.121469,0.026617,0.009239,0.041434,0.014380,0.031740,0.000145
26.029000,SAMPLE,1,-0.085781,-1.720948,-2.132292,-0.086979,-1.694151,-2.123108,-0.067703,-1.692906,-2.130495,-0.068431,-1.693805,-2.131708,0.026823,0.009184,0.033364,0.001797,0.032214,0.000584
26.122000,SAMPLE,1,-0.090112,-1.727731,-2.145714,-0.090458,-1.699723,-2.134689,-0.067703,-1.692906,-2.130495,-0.071835,-1.699212,-2.144107,0.028010,0.011024,0.041412,0.015219,0.033873,0.001607
26.215000,SAMPLE,1,-0.094147,-1.733906,-2.153490,-0.094423,-1.705933,-2.142826,-0.076781,-1.707452,-2.153187,-0.075820,-1.705404,-2.153118,0.027974,0.010664,0.031645,0.000303,0.033886,0.000372
26.297000,SAMPLE,1,-0.097141,-1.738407,-2.162216,-0.097637,-1.710875,-2.152405,-0.076781,-1.707452,-2.153187,-0.079192,-1.710554,-2.162710,0.027537,0.009811,0.037051,0.009029,0.033136,0.000493
26.392000,SAMPLE,1,-0.100797,-1.743815,-2.167349,-0.101263,-1.716352,-2.157711,-0.081616,-1.712238,-2.164376,-0.082948,-1.715894,-2.168514,0.027467,0.009638,0.036946,0.002972,0.033138,0.001165
26.490000,SAMPLE,1,-0.104913,-1.749823,-2.174886,-0.105196,-1.722222,-2.165163,-0.085116,-1.718360,-2.168503,-0.087162,-1.721981,-2.174692,0.027603,0.009723,0.037173,0.006383,0.033019,0.000194
26.587000,SAMPLE,1,-0.111704,-1.759585,-2.179968,-0.111746,-1.731845,-2.170166,-0.089635,-1.725754,-2.176592,-0.093943,-1.731781,-2.180219,0.027740,0.009802,0.040393,0.003376,0.032992,0.000251
26.663000,SAMPLE,1,-0.118207,-1.768871,-2.182194,-0.119108,-1.742590,-2.172692,-0.097056,-1.737110,-2.180350,-0.101435,-1.742608,-2.182527,0.026297,0.009502,0.038159,0.001845,0.031161,0.000333
26.738000,SAMPLE,1,-0.126054,-1.780037,-2.184594,-0.125195,-1.751434,-2.174587,-0.106593,-1.751725,-2.183239,-0.107726,-1.751776,-2.184318,0.028616,0.010008,0.034356,0.001356,0.033684,0.000276
26.820000,SAMPLE,1,-0.135489,-1.793356,-2.189623,-0.133618,-1.763591,-2.179363,-0.117100,-1.766622,-2.188651,-0.116249,-1.763850,-2.187845,0.029824,0.010260,0.032448,0.000972,0.035225,0.001778
26.918000,SAMPLE,1,-0.145280,-1.807109,-2.188454,-0.144708,-1.779496,-2.178682,-0.117100,-1.766622,-2.188651,-0.127695,-1.780130,-2.187887,0.027619,0.009772,0.049328,0.000197,0.032203,0.000566
27.013000,SAMPLE,1,-0.156883,-1.823444,-2.190295,-0.156128,-1.795915,-2.180324,-0.128192,-1.780960,-2.187876,-0.139046,-1.796153,-2.188849,0.027540,0.009972,0.051265,0.002419,0.032603,0.001446
27.114000,SAMPLE,1,-0.168489,-1.839576,-2.199216,-0.167482,-1.812033,-2.189192,-0.150886,-1.813972,-2.198134,-0.150581,-1.812324,-2.197407,0.027561,0.010024,0.031071,0.001083,0.032610,0.001809
27.206000,SAMPLE,1,-0.178953,-1.853849,-2.208500,-0.178132,-1.826856,-2.198666,-0.150886,-1.813972,-2.198134,-0.161294,-1.827139,-2.207135,0.027005,0.009834,0.048764,0.010366,0.032020,0.001364
27.301000,SAMPLE,1,-0.190279,-1.869037,-2.212364,-0.189443,-1.842353,-2.202089,-0.161537,-1.829580,-2.207582,-0.172564,-1.842597,-2.210518,0.026697,0.010275,0.048816,0.004782,0.031826,0.001847
27.400000,SAMPLE,1,-0.202303,-1.885193,-2.209333,-0.198866,-1.855284,-2.199168,-0.173298,-1.845398,-2.211308,-0.182198,-1.855765,-2.208241,0.030106,0.010164,0.049244,0.001975,0.035640,0.001092
27.497000,SAMPLE,1,-0.212180,-1.898505,-2.208130,-0.210619,-1.871466,-2.197921,-0.185643,-1.862163,-2.208268,-0.194224,-1.872213,-2.207051,0.027084,0.010209,0.044999,0.000138,0.031838,0.001079
27.595000,SAMPLE,1,-0.223737,-1.914246,-2.198046,-0.222136,-1.887494,-2.187921,-0.197401,-1.877597,-2.206581,-0.205703,-1.887939,-2.196540,0.026800,0.010125,0.045130,0.008535,0.031894,0.001506
27.691000,SAMPLE,1,-0.234868,-1.929849,-2.183769,-0.233152,-1.903271,-2.173713,-0.207767,-1.892858,-2.194199,-0.216678,-1.903499,-2.182767,0.026633,0.010056,0.045856,0.010430,0.032018,0.001002
27.788000,SAMPLE,1,-0.245817,-1.945637,-2.170572,-0.244205,-1.919559,-2.160424,-0.220175,-1.908844,-2.181018,-0.227983,-1.919825,-2.169052,0.026128,0.010148,0.044846,0.010446,0.031373,0.001519
27.881000,SAMPLE,1,-0.255713,-1.960209,-2.165882,-0.254205,-1.934614,-2.155634,-0.229606,-1.925094,-2.167297,-0.235815,-1.931694,-2.164523,0.025640,0.010248,0.043756,0.001415,0.034771,0.001359
27.970000,SAMPLE,1,-0.264012,-1.972493,-2.164552,-0.262503,-1.947172,-2.154345,-0.239126,-1.939879,-2.163972,-0.245940,-1.947101,-2.161999,0.025366,0.010207,0.041025,0.000580,0.031167,0.002552
28.066000,SAMPLE,1,-0.274339,-1.987756,-2.165938,-0.273442,-1.963701,-2.155529,-0.248231,-1.956462,-2.163769,-0.256506,-1.963515,-2.163909,0.024071,0.010410,0.040754,0.002170,0.030093,0.002030
28.156000,SAMPLE,1,-0.284997,-2.003578,-2.159807,-0.282245,-1.977062,-2.150226,-0.261142,-1.973198,-2.162231,-0.265198,-1.976753,-2.159175,0.026658,0.009581,0.038627,0.002424,0.033340,0.000632
28.253000,SAMPLE,1,-0.295816,-2.019989,-2.147757,-0.292822,-1.993438,-2.138353,-0.272496,-1.989516,-2.151612,-0.275813,-1.992987,-2.148081,0.026720,0.009404,0.038373,0.003856,0.033604,0.000325
28.346000,SAMPLE,1,-0.305431,-2.034841,-2.144417,-0.303084,-2.009640,-2.134166,-0.284073,-2.004977,-2.143891,-0.286214,-2.008960,-2.143493,0.025309,0.010251,0.036716,0.000525,0.032235,0.000924
28.445000,SAMPLE,1,-0.315877,-2.051063,-2.139657,-0.313095,-2.025541,-2.129732,-0.292736,-2.019378,-2.142147,-0.296242,-2.024551,-2.139260,0.025673,0.009926,0.039236,0.002490,0.032991,0.000397
28.543000,SAMPLE,1,-0.324744,-2.064992,-2.135236,-0.323656,-2.042525,-2.123924,-0.303130,-2.035982,-2.136449,-0.306778,-2.041178,-2.134237,0.022493,0.011313,0.036176,0.001213,0.029831,0.000999
28.627000,SAMPLE,1,-0.333763,-2.079385,-2.124516,-0.331995,-2.056180,-2.113234,-0.313838,-2.053364,-2.126127,-0.315280,-2.054732,-2.124184,0.023272,0.011282,0.032774,0.001611,0.030812,0.000331
28.718000,SAMPLE,1,-0.343696,-2.095721,-2.110450,-0.340169,-2.069935,-2.101303,-0.313838,-2.053364,-2.126127,-0.323475,-2.068207,-2.111920,0.026026,0.009147,0.051823,0.015677,0.034145,0.001470
28.812000,SAMPLE,1,-0.353015,-2.111455,-2.099609,-0.349950,-2.086810,-2.090137,-0.323911,-2.068524,-2.110749,-0.333272,-2.084602,-2.100108,0.024835,0.009472,0.051867,0.011140,0.033330,0.000499
28.898000,SAMPLE,1,-0.361893,-2.126937,-2.081925,-0.357795,-2.100754,-2.075342,-0.334237,-2.084679,-2.100140,-0.341193,-2.098028,-2.087088,0.026501,0.006583,0.050503,0.018215,0.035555,0.005163
28.993000,SAMPLE,1,-0.369073,-2.140003,-2.064241,-0.366907,-2.117690,-2.053237,-0.344258,-2.103426,-2.081196,-0.350445,-2.114588,-2.065542,0.022418,0.011004,0.044200,0.016955,0.031511,0.001302
29.088000,SAMPLE,1,-0.377154,-2.155414,-2.043777,-0.375149,-2.133846,-2.032582,-0.353637,-2.120464,-2.059055,-0.358895,-2.130507,-2.045884,0.021661,0.011196,0.042126,0.015278,0.030883,0.002107
29.179000,SAMPLE,1,-0.385257,-2.171629,-2.023930,-0.382002,-2.147906,-2.015747,-0.361199,-2.136367,-2.039350,-0.365864,-2.144390,-2.029446,0.023945,0.008183,0.042687,0.015420,0.033437,0.005516
29.272000,SAMPLE,1,-0.392935,-2.187824,-2.002709,-0.390081,-2.165335,-1.993642,-0.369682,-2.153676,-2.017054,-0.374204,-2.161927,-2.006686,0.022669,0.009067,0.041313,0.014345,0.031961,0.003977
29.371000,SAMPLE,1,-0.400635,-2.205057,-1.978127,-0.397569,-2.182499,-1.970087,-0.377857,-2.168441,-1.994994,-0.381937,-2.178718,-1.983884,0.022766,0.008041,0.043123,0.016867,0.032301,0.005757
29.465000,SAMPLE,1,-0.406623,-2.219290,-1.960214,-0.405125,-2.201016,-1.947082,-0.385593,-2.186225,-1.970614,-0.389670,-2.196688,-1.961780,0.018335,0.013133,0.039186,0.010400,0.028253,0.001566
29.563000,SAMPLE,1,-0.413573,-2.236702,-1.940340,-0.411835,-2.218476,-1.927426,-0.392853,-2.204803,-1.949882,-0.396491,-2.213654,-1.942363,0.018308,0.012913,0.038037,0.009542,0.028688,0.002024
29.662000,SAMPLE,1,-0.420082,-2.253996,-1.922075,-0.418199,-2.236054,-1.910171,-0.399664,-2.221284,-1.930031,-0.403066,-2.230885,-1.925129,0.018040,0.011904,0.038562,0.007956,0.028700,0.003054
29.760000,SAMPLE,1,-0.426790,-2.272760,-1.905812,-0.424576,-2.254576,-1.894382,-0.405311,-2.241838,-1.914190,-0.409378,-2.248811,-1.909666,0.018319,0.011431,0.037650,0.008377,0.029610,0.003853
29.846000,SAMPLE,1,-0.432019,-2.288119,-1.891760,-0.429204,-2.268667,-1.881750,-0.412103,-2.256939,-1.898194,-0.414080,-2.262455,-1.896659,0.019655,0.010010,0.036998,0.006434,0.031312,0.004899
29.936000,SAMPLE,1,-0.436578,-2.302181,-1.875310,-0.433879,-2.283616,-1.864768,-0.418370,-2.275623,-1.879897,-0.419034,-2.277403,-1.879027,0.018759,0.010541,0.032200,0.004587,0.030360,0.003718
30.037000,SAMPLE,1,-0.442238,-2.321096,-1.846720,-0.439345,-2.302591,-1.837032,-0.422180,-2.294057,-1.852188,-0.424741,-2.296027,-1.851297,0.018729,0.009689,0.033666,0.005468,0.030571,0.004577
30.126000,SAMPLE,1,-0.446679,-2.337601,-1.820289,-0.444070,-2.320940,-1.808611,-0.427915,-2.312489,-1.824041,-0.429486,-2.314055,-1.823038,0.016864,0.011678,0.031348,0.003753,0.029155,0.002749
30.226000,SAMPLE,1,-0.451278,-2.356839,-1.789315,-0.448462,-2.340289,-1.778439,-0.433080,-2.332372,-1.794927,-0.433995,-2.333560,-1.792780,0.016788,0.010875,0.030492,0.005613,0.028993,0.003465
30.322000,SAMPLE,1,-0.455073,-2.375396,-1.754789,-0.452180,-2.359553,-1.743900,-0.437251,-2.351065,-1.760780,-0.437995,-2.352968,-1.757260,0.016104,0.010889,0.030159,0.005991,0.028190,0.002471
30.414000,SAMPLE,1,-0.458005,-2.392694,-1.723820,-0.454618,-2.374737,-1.717161,-0.437251,-2.351065,-1.760780,-0.440691,-2.368119,-1.731241,0.018273,0.006659,0.046515,0.036960,0.030062,0.007421
30.510000,SAMPLE,1,-0.460225,-2.408273,-1.700693,-0.457248,-2.394563,-1.688463,-0.440862,-2.368982,-1.727260,-0.443627,-2.387522,-1.702937,0.014030,0.012230,0.043804,0.026566,0.026573,0.002243
30.609000,SAMPLE,1,-0.462420,-2.427155,-1.671704,-0.459228,-2.413607,-1.660042,-0.442847,-2.388471,-1.698454,-0.445784,-2.406641,-1.673679,0.013919,0.011662,0.043354,0.026750,0.026411,0.001975
30.710000,SAMPLE,1,-0.464023,-2.445619,-1.644088,-0.460634,-2.432301,-1.633171,-0.446369,-2.406228,-1.669865,-0.447557,-2.424985,-1.646622,0.013742,0.010917,0.043166,0.025777,0.026398,0.002534
30.808000,SAMPLE,1,-0.465259,-2.465687,-1.619444,-0.461651,-2.452275,-1.609266,-0.447282,-2.423032,-1.643263,-0.448862,-2.443718,-1.624392,0.013890,0.010178,0.046289,0.023819,0.027414,0.004948
30.900000,SAMPLE,1,-0.465881,-2.483680,-1.589673,-0.462073,-2.468269,-1.584087,-0.447072,-2.442856,-1.619490,-0.449345,-2.459124,-1.599801,0.015875,0.005586,0.044949,0.029818,0.029606,0.010128
30.997000,SAMPLE,1,-0.465882,-2.503130,-1.552188,-0.461969,-2.488267,-1.546950,-0.448043,-2.461033,-1.587727,-0.449478,-2.478394,-1.562595,0.015369,0.005238,0.045720,0.035539,0.029680,0.010406
31.082000,SAMPLE,1,-0.465443,-2.517651,-1.528586,-0.461169,-2.508250,-1.514663,-0.448885,-2.480811,-1.550749,-0.449010,-2.497725,-1.530056,0.010326,0.013923,0.040390,0.022163,0.025828,0.001470
31.181000,SAMPLE,1,-0.464268,-2.537306,-1.493154,-0.459700,-2.528195,-1.479926,-0.449260,-2.499860,-1.518311,-0.448017,-2.516998,-1.495730,0.010191,0.013228,0.040341,0.025157,0.026009,0.002575
31.277000,SAMPLE,1,-0.462524,-2.555725,-1.458257,-0.458025,-2.544107,-1.450987,-0.448065,-2.517661,-1.483339,-0.446749,-2.532071,-1.467228,0.012459,0.007270,0.040717,0.025083,0.028432,0.008971
31.371000,SAMPLE,1,-0.460119,-2.574158,-1.424948,-0.455314,-2.563634,-1.416300,-0.445642,-2.537893,-1.446132,-0.444472,-2.550849,-1.431822,0.011568,0.008648,0.039047,0.021184,0.028073,0.006874
31.471000,SAMPLE,1,-0.456951,-2.593443,-1.390283,-0.451947,-2.583124,-1.382613,-0.442988,-2.555649,-1.413757,-0.441519,-2.569596,-1.399232,0.011469,0.007669,0.040291,0.023475,0.028405,0.008950
31.564000,SAMPLE,1,-0.453308,-2.611487,-1.350735,-0.447827,-2.602693,-1.342076,-0.439703,-2.576577,-1.377613,-0.438053,-2.588198,-1.360484,0.010362,0.008659,0.037468,0.026878,0.027841,0.009748
31.658000,SAMPLE,1,-0.449700,-2.626292,-1.312696,-0.443902,-2.618203,-1.304037,-0.434722,-2.595719,-1.332799,-0.434412,-2.603301,-1.323719,0.009952,0.008659,0.034045,0.020104,0.027610,0.011024
31.750000,SAMPLE,1,-0.444642,-2.644025,-1.274748,-0.438229,-2.637380,-1.264300,-0.429675,-2.614086,-1.289258,-0.429198,-2.622608,-1.283982,0.009234,0.010448,0.033471,0.014509,0.026404,0.009234
31.830000,SAMPLE,1,-0.439622,-2.659602,-1.243072,-0.433174,-2.652560,-1.234361,-0.429675,-2.614086,-1.289258,-0.424629,-2.636888,-1.254213,0.009548,0.008712,0.046590,0.046185,0.027216,0.011141
31.926000,SAMPLE,1,-0.433422,-2.676807,-1.204894,-0.426332,-2.671005,-1.195266,-0.417771,-2.649294,-1.214538,-0.418450,-2.654279,-1.217177,0.009161,0.009629,0.031653,0.009644,0.027050,0.012282
32.015000,SAMPLE,1,-0.427727,-2.690950,-1.171460,-0.420544,-2.685013,-1.163174,-0.417771,-2.649294,-1.214538,-0.412913,-2.667838,-1.183838,0.009319,0.008286,0.042829,0.043078,0.027451,0.012378
32.098000,SAMPLE,1,-0.421366,-2.705358,-1.137054,-0.414062,-2.699398,-1.130732,-0.411873,-2.664319,-1.174239,-0.407078,-2.681120,-1.153922,0.009428,0.006323,0.042123,0.037184,0.028136,0.016867
32.182000,SAMPLE,1,-0.414248,-2.720038,-1.102860,-0.405159,-2.717306,-1.090229,-0.403628,-2.681951,-1.132542,-0.398305,-2.698884,-1.109670,0.009491,0.012631,0.039540,0.029683,0.026490,0.006811
32.275000,SAMPLE,1,-0.405813,-2.736064,-1.068383,-0.397562,-2.731387,-1.061095,-0.395323,-2.699567,-1.094044,-0.390802,-2.712765,-1.079283,0.009484,0.007289,0.037974,0.025661,0.027715,0.010900
32.373000,SAMPLE,1,-0.396733,-2.751927,-1.034777,-0.387882,-2.747991,-1.026408,-0.386975,-2.716237,-1.056523,-0.381710,-2.728720,-1.044367,0.009687,0.008369,0.037000,0.021746,0.027645,0.009590
32.467000,SAMPLE,1,-0.387054,-2.767624,-1.001138,-0.377645,-2.764283,-0.992771,-0.376350,-2.734454,-1.024481,-0.371526,-2.745169,-1.009332,0.009984,0.008366,0.034854,0.023344,0.027301,0.008194
32.561000,SAMPLE,1,-0.378639,-2.780361,-0.972306,-0.366921,-2.780119,-0.958034,-0.368480,-2.750001,-0.988997,-0.361520,-2.760611,-0.974695,0.011721,0.014272,0.032015,0.016691,0.026137,0.002389
32.658000,SAMPLE,1,-0.368679,-2.794451,-0.937607,-0.358194,-2.792163,-0.929145,-0.357093,-2.762758,-0.954918,-0.353068,-2.772785,-0.946361,0.010732,0.008462,0.033744,0.017311,0.026704,0.008754
32.757000,SAMPLE,1,-0.356877,-2.809870,-0.897871,-0.345905,-2.807941,-0.889647,-0.346609,-2.777766,-0.915521,-0.341712,-2.787663,-0.908421,0.011140,0.008223,0.033706,0.017650,0.026891,0.010551
32.855000,SAMPLE,1,-0.344994,-2.824253,-0.861829,-0.333709,-2.822467,-0.854568,-0.335659,-2.792039,-0.879063,-0.330892,-2.800457,-0.874293,0.011426,0.007260,0.033540,0.017234,0.027661,0.012464
32.947000,SAMPLE,1,-0.332910,-2.837833,-0.826032,-0.320619,-2.836940,-0.817332,-0.321822,-2.805216,-0.843295,-0.318114,-2.815290,-0.838556,0.012324,0.008700,0.034450,0.017263,0.026965,0.012524
33.037000,SAMPLE,1,-0.322680,-2.848642,-0.800184,-0.309512,-2.848456,-0.790342,-0.321822,-2.805216,-0.843295,-0.307791,-2.825899,-0.811674,0.013169,0.009842,0.043434,0.043111,0.027183,0.011490
33.133000,SAMPLE,1,-0.309398,-2.861977,-0.775503,-0.295456,-2.862281,-0.765066,-0.295632,-2.834123,-0.780392,-0.294724,-2.838901,-0.787312,0.013945,0.010437,0.031070,0.004890,0.027346,0.011809
33.229000,SAMPLE,1,-0.295826,-2.874986,-0.751852,-0.281402,-2.875469,-0.741411,-0.295632,-2.834123,-0.780392,-0.280969,-2.851878,-0.762915,0.014432,0.010442,0.040863,0.028540,0.027472,0.011063
33.329000,SAMPLE,1,-0.281853,-2.887654,-0.719139,-0.267094,-2.888176,-0.709389,-0.269784,-2.859231,-0.727565,-0.267138,-2.863933,-0.728567,0.014768,0.009750,0.030879,0.008426,0.027914,0.009427
33.423000,SAMPLE,1,-0.268836,-2.898678,-0.686797,-0.253175,-2.899721,-0.676353,-0.269784,-2.859231,-0.727565,-0.253499,-2.875775,-0.695830,0.015695,0.010445,0.039459,0.040768,0.027564,0.009033
33.518000,SAMPLE,1,-0.256639,-2.908403,-0.658914,-0.240746,-2.909423,-0.649113,-0.256449,-2.870515,-0.692976,-0.241470,-2.885225,-0.667491,0.015926,0.009801,0.037889,0.034062,0.027701,0.008577
33.601000,SAMPLE,1,-0.243437,-2.918312,-0.627998,-0.225229,-2.920783,-0.614376,-0.241555,-2.883000,-0.659939,-0.226207,-2.896544,-0.631357,0.018375,0.013622,0.035361,0.031941,0.027761,0.003359
33.691000,SAMPLE,1,-0.230147,-2.927646,-0.596893,-0.213316,-2.928946,-0.587587,-0.225446,-2.894665,-0.625064,-0.214391,-2.904620,-0.602390,0.016881,0.009306,0.033314,0.028171,0.027901,0.005497
33.783000,SAMPLE,1,-0.215235,-2.937448,-0.566592,-0.196844,-2.939529,-0.555450,-0.211598,-2.904120,-0.592508,-0.198550,-2.914957,-0.572037,0.018508,0.011142,0.033525,0.025917,0.028004,0.005445
33.874000,SAMPLE,1,-0.201529,-2.945941,-0.542805,-0.183154,-2.947809,-0.532542,-0.198431,-2.914753,-0.560375,-0.186282,-2.922743,-0.550369,0.018470,0.010263,0.031341,0.017570,0.027760,0.007564
33.966000,SAMPLE,1,-0.186442,-2.954784,-0.517226,-0.165781,-2.957717,-0.504121,-0.180365,-2.925023,-0.531952,-0.169625,-2.932528,-0.521687,0.020868,0.013105,0.030375,0.014726,0.027895,0.004462
34.060000,SAMPLE,1,-0.170276,-2.963696,-0.490226,-0.151685,-2.965286,-0.481384,-0.162438,-2.934323,-0.503883,-0.156068,-2.939885,-0.498802,0.018659,0.008842,0.030401,0.013657,0.027728,0.008577
34.153000,SAMPLE,1,-0.154069,-2.972106,-0.468419,-0.134107,-2.974190,-0.458063,-0.144651,-2.944231,-0.476215,-0.139027,-2.948695,-0.474837,0.020070,0.010356,0.029423,0.007796,0.027827,0.006418
34.241000,SAMPLE,1,-0.139771,-2.979181,-0.450636,-0.121027,-2.980509,-0.441966,-0.128271,-2.953135,-0.455913,-0.126068,-2.955259,-0.457890,0.018791,0.008670,0.028472,0.005277,0.027569,0.007254
34.339000,SAMPLE,1,-0.122080,-2.987515,-0.429091,-0.103438,-2.988617,-0.421361,-0.111651,-2.960590,-0.436241,-0.108689,-2.963504,-0.437407,0.018675,0.007731,0.028874,0.007150,0.027492,0.008316
34.435000,SAMPLE,1,-0.105167,-2.995039,-0.408857,-0.085795,-2.996296,-0.400305,-0.095167,-2.968537,-0.414543,-0.091596,-2.970943,-0.415164,0.019413,0.008552,0.028326,0.005687,0.027655,0.006307
34.526000,SAMPLE,1,-0.092061,-3.000619,-0.395408,-0.068410,-3.003478,-0.382637,-0.095167,-2.968537,-0.414543,-0.074206,-2.978463,-0.396848,0.023823,0.012771,0.032232,0.019136,0.028456,0.001441
34.617000,SAMPLE,1,-0.074655,-3.007676,-0.374516,-0.053516,-3.009323,-0.365150,-0.078861,-2.975776,-0.398042,-0.059971,-2.984242,-0.379392,0.021203,0.009366,0.032176,0.023526,0.027655,0.004876
34.707000,SAMPLE,1,-0.058255,-3.013953,-0.355817,-0.035753,-3.015917,-0.345345,-0.060885,-2.982895,-0.376295,-0.043011,-2.990743,-0.359537,0.022587,0.010472,0.031170,0.020478,0.027769,0.003720
34.790000,SAMPLE,1,-0.043800,-3.019193,-0.339483,-0.021888,-3.020785,-0.330061,-0.043241,-2.988142,-0.356842,-0.029620,-2.995403,-0.344175,0.021970,0.009423,0.031056,0.017359,0.027695,0.004691
34.884000,SAMPLE,1,-0.025929,-3.025338,-0.324412,-0.002910,-3.027096,-0.313905,-0.025427,-2.994417,-0.337125,-0.011145,-3.001586,-0.329022,0.023085,0.010507,0.030925,0.012712,0.027977,0.004610
34.976000,SAMPLE,1,-0.011757,-3.030045,-0.317891,0.011635,-3.031756,-0.307187,-0.007099,-3.001500,-0.322979,0.002867,-3.006128,-0.322585,0.023455,0.010705,0.028922,0.005087,0.028034,0.004693
35.073000,SAMPLE,1,0.005199,-3.035561,-0.310921,0.028962,-3.037187,-0.300163,0.010040,-3.007341,-0.316243,0.020091,-3.011648,-0.315270,0.023818,0.010758,0.028632,0.005322,0.028171,0.004349
35.165000,SAMPLE,1,0.022704,-3.041119,-0.303078,0.047647,-3.042891,-0.291789,0.026904,-3.013448,-0.308967,0.038692,-3.017559,-0.306141,0.025006,0.011289,0.027988,0.005889,0.028472,0.003063
35.264000,SAMPLE,1,0.041193,-3.046804,-0.293415,0.065970,-3.048301,-0.282316,0.044952,-3.017957,-0.299468,0.056322,-3.022858,-0.296472,0.024823,0.011099,0.029091,0.006053,0.028326,0.003057
35.351000,SAMPLE,1,0.057612,-3.051712,-0.287023,0.080306,-3.052420,-0.276987,0.063007,-3.023434,-0.291545,0.070124,-3.026856,-0.290770,0.022705,0.010036,0.028787,0.004522,0.027827,0.003748
35.434000,SAMPLE,1,0.071183,-3.055689,-0.284112,0.095708,-3.056756,-0.273224,0.081494,-3.028483,-0.285110,0.085461,-3.031411,-0.286191,0.024548,0.010888,0.029095,0.000998,0.028165,0.002079
35.518000,SAMPLE,1,0.087768,-3.060520,-0.282565,0.110549,-3.060906,-0.271676,0.081494,-3.028483,-0.285110,0.099736,-3.035384,-0.284716,0.022784,0.010889,0.032646,0.002545,0.027840,0.002151
35.605000,SAMPLE,1,0.102478,-3.064778,-0.281250,0.128014,-3.065757,-0.270350,0.100069,-3.034204,-0.283635,0.117158,-3.040311,-0.283249,0.025555,0.010900,0.030668,0.002385,0.028533,0.001999
35.700000,SAMPLE,1,0.121041,-3.070123,-0.278788,0.143132,-3.069933,-0.268297,0.117359,-3.039382,-0.282454,0.132349,-3.044591,-0.280571,0.022092,0.010491,0.030960,0.003666,0.027924,0.001783
35.795000,SAMPLE,1,0.138639,-3.075132,-0.275757,0.161714,-3.075010,-0.265139,0.137061,-3.045409,-0.279668,0.150430,-3.049716,-0.277481,0.023075,0.010617,0.029765,0.003911,0.028017,0.001725
35.886000,SAMPLE,1,0.152800,-3.079120,-0.272524,0.179764,-3.079877,-0.260682,0.154644,-3.050189,-0.276473,0.168152,-3.054655,-0.273370,0.026975,0.011843,0.028989,0.003949,0.028882,0.000846
35.966000,SAMPLE,1,0.169510,-3.083749,-0.269527,0.195231,-3.083975,-0.258555,0.172848,-3.056044,-0.271248,0.183205,-3.058859,-0.269871,0.025721,0.010972,0.027906,0.001721,0.028409,0.000344
36.061000,SAMPLE,1,0.187387,-3.088729,-0.273569,0.214147,-3.089025,-0.262697,0.192027,-3.060690,-0.272816,0.201738,-3.063951,-0.275490,0.026762,0.010871,0.028420,0.000753,0.028634,0.001921
36.148000,SAMPLE,1,0.203622,-3.093272,-0.270256,0.228667,-3.092912,-0.259221,0.209996,-3.065792,-0.273938,0.215996,-3.067912,-0.272837,0.025048,0.011035,0.028209,0.003682,0.028218,0.002581
36.240000,SAMPLE,1,0.222062,-3.098335,-0.266374,0.244141,-3.096982,-0.255795,0.229513,-3.071420,-0.268141,0.231409,-3.072209,-0.270311,0.022121,0.010580,0.027928,0.001767,0.027748,0.003936
36.338000,SAMPLE,1,0.239820,-3.103145,-0.261318,0.262561,-3.101766,-0.251487,0.248546,-3.076682,-0.264654,0.249416,-3.077112,-0.265739,0.022783,0.009832,0.027864,0.003336,0.027745,0.004421
36.430000,SAMPLE,1,0.254414,-3.107017,-0.256988,0.280457,-3.106307,-0.245629,0.248546,-3.076682,-0.264654,0.267287,-3.081885,-0.259375,0.026053,0.011359,0.030897,0.007666,0.028237,0.002387
36.527000,SAMPLE,1,0.273134,-3.111891,-0.254225,0.299868,-3.111128,-0.243121,0.264729,-3.081773,-0.258477,0.285848,-3.086835,-0.255363,0.026744,0.011104,0.031269,0.004252,0.028097,0.001138
36.625000,SAMPLE,1,0.291920,-3.116799,-0.257138,0.318415,-3.115755,-0.246068,0.284260,-3.086718,-0.253757,0.304116,-3.091638,-0.257957,0.026516,0.011070,0.031041,0.003381,0.027961,0.000819
36.715000,SAMPLE,1,0.309302,-3.121395,-0.258864,0.332775,-3.119380,-0.247795,0.305689,-3.091879,-0.256701,0.318654,-3.095451,-0.259246,0.023560,0.011070,0.029736,0.002164,0.027578,0.000382
36.799000,SAMPLE,1,0.325884,-3.125765,-0.256280,0.348290,-3.123288,-0.245558,0.322492,-3.096284,-0.259273,0.334117,-3.099525,-0.257320,0.022543,0.010722,0.029675,0.002993,0.027501,0.001040
36.885000,SAMPLE,1,0.339468,-3.129307,-0.253944,0.366922,-3.127927,-0.242400,0.341239,-3.100296,-0.257550,0.352151,-3.104139,-0.254573,0.027489,0.011544,0.029065,0.003607,0.028184,0.000629
36.982000,SAMPLE,1,0.356928,-3.133814,-0.250880,0.385169,-3.132408,-0.239242,0.359306,-3.105639,-0.253436,0.370406,-3.108823,-0.251437,0.028276,0.011638,0.028275,0.002556,0.028393,0.000557
37.080000,SAMPLE,1,0.376342,-3.138791,-0.252972,0.400712,-3.136204,-0.241066,0.377374,-3.110916,-0.250820,0.386261,-3.112928,-0.253732,0.024507,0.011906,0.027894,0.002152,0.027700,0.000760
37.172000,SAMPLE,1,0.395172,-3.143740,-0.261703,0.419890,-3.141000,-0.249750,0.397014,-3.115676,-0.256085,0.405713,-3.118024,-0.262511,0.024869,0.011953,0.028125,0.005619,0.027793,0.000808
37.269000,SAMPLE,1,0.412815,-3.148521,-0.266357,0.438020,-3.145686,-0.254892,0.415315,-3.120513,-0.264952,0.424250,-3.123039,-0.268207,0.025365,0.011465,0.028119,0.001405,0.027930,0.001850
37.367000,SAMPLE,1,0.431948,-3.153769,-0.268346,0.457031,-3.150667,-0.257008,0.433239,-3.125382,-0.268537,0.442819,-3.128130,-0.269798,0.025274,0.011338,0.028416,0.000191,0.027848,0.001452
37.466000,SAMPLE,1,0.447273,-3.157997,-0.269937,0.475016,-3.155412,-0.258587,0.454418,-3.130157,-0.270072,0.460751,-3.132951,-0.272009,0.027863,0.011350,0.028743,0.000135,0.028443,0.002072
37.567000,SAMPLE,1,0.466184,-3.163217,-0.268851,0.494029,-3.160424,-0.257634,0.471012,-3.136610,-0.269196,0.479654,-3.138289,-0.271189,0.027985,0.011217,0.027041,0.000344,0.028334,0.002338
37.661000,SAMPLE,1,0.485769,-3.168664,-0.275301,0.513355,-3.165575,-0.264676,0.491209,-3.141702,-0.271464,0.498920,-3.143676,-0.277545,0.027758,0.010624,0.027506,0.003837,0.028237,0.002244
37.746000,SAMPLE,1,0.501953,-3.173311,-0.285093,0.528039,-3.169620,-0.273855,0.510335,-3.147181,-0.280204,0.513553,-3.147884,-0.285549,0.026346,0.011238,0.027442,0.004889,0.027949,0.000456
37.825000,SAMPLE,1,0.517053,-3.177813,-0.292953,0.542300,-3.173694,-0.281334,0.510335,-3.147181,-0.280204,0.527778,-3.152116,-0.294128,0.025581,0.011619,0.031360,0.012749,0.027845,0.001175
37.914000,SAMPLE,1,0.531088,-3.182068,-0.296253,0.557664,-3.178160,-0.285095,0.528239,-3.150856,-0.292198,0.543147,-3.156601,-0.298542,0.026862,0.011158,0.031342,0.004055,0.028177,0.002289
38.007000,SAMPLE,1,0.548642,-3.187474,-0.299686,0.575289,-3.183371,-0.288053,0.545948,-3.158336,-0.297301,0.560528,-3.162062,-0.301157,0.026961,0.011633,0.029263,0.002385,0.028055,0.001471
38.093000,SAMPLE,1,0.565753,-3.192722,-0.295283,0.590356,-3.187802,-0.283905,0.562962,-3.163474,-0.300027,0.575038,-3.166636,-0.296737,0.025090,0.011377,0.029381,0.004744,0.027690,0.001454
38.185000,SAMPLE,1,0.581937,-3.197597,-0.290282,0.608762,-3.193116,-0.278547,0.583871,-3.168225,-0.295387,0.593532,-3.172125,-0.292559,0.027197,0.011734,0.029436,0.005105,0.027987,0.002277
38.285000,SAMPLE,1,0.599517,-3.202792,-0.284621,0.626124,-3.198024,-0.272939,0.601896,-3.173440,-0.290239,0.610928,-3.177179,-0.287386,0.027031,0.011681,0.029448,0.005619,0.028040,0.002766
38.378000,SAMPLE,1,0.617601,-3.208074,-0.284084,0.641250,-3.202251,-0.272497,0.619208,-3.180907,-0.284020,0.626113,-3.181659,-0.286755,0.024356,0.011586,0.027214,0.000064,0.027753,0.002671
38.462000,SAMPLE,1,0.631608,-3.212165,-0.284747,0.660176,-3.207543,-0.273539,0.638068,-3.186091,-0.283882,0.644210,-3.187178,-0.286415,0.028940,0.011207,0.026863,0.000864,0.027985,0.001668
38.563000,SAMPLE,1,0.649370,-3.217378,-0.285568,0.678032,-3.212561,-0.273982,0.656379,-3.189815,-0.285898,0.662131,-3.192340,-0.286829,0.029064,0.011586,0.028440,0.000330,0.028102,0.001261
38.658000,SAMPLE,1,0.667690,-3.222762,-0.286467,0.693212,-3.216829,-0.274708,0.674568,-3.196006,-0.286369,0.677553,-3.196884,-0.287374,0.026203,0.011759,0.027626,0.000098,0.027694,0.000907
38.747000,SAMPLE,1,0.685263,-3.227962,-0.287964,0.712141,-3.222191,-0.276316,0.694127,-3.201149,-0.288649,0.696910,-3.202549,-0.289417,0.027490,0.011648,0.028240,0.000685,0.027955,0.001453
38.845000,SAMPLE,1,0.703068,-3.233209,-0.284950,0.729526,-3.227095,-0.273368,0.710516,-3.206198,-0.287200,0.714560,-3.207732,-0.286413,0.027155,0.011582,0.028019,0.002250,0.027949,0.001463
38.943000,SAMPLE,1,0.722134,-3.238772,-0.283676,0.748486,-3.232385,-0.272011,0.729114,-3.211685,-0.284088,0.733481,-3.213235,-0.285100,0.027114,0.011665,0.027971,0.000413,0.027944,0.001424
39.039000,SAMPLE,1,0.737889,-3.243401,-0.287884,0.763686,-3.236658,-0.276097,0.748682,-3.216417,-0.287939,0.749058,-3.217669,-0.289520,0.026663,0.011786,0.029062,0.000055,0.028052,0.001636
39.129000,SAMPLE,1,0.754666,-3.248417,-0.293280,0.781669,-3.241806,-0.281705,0.748682,-3.216417,-0.287939,0.766943,-3.223040,-0.294678,0.027800,0.011575,0.032554,0.005341,0.028190,0.001398
39.220000,SAMPLE,1,0.772074,-3.253690,-0.294825,0.796672,-3.246157,-0.282779,0.765950,-3.221603,-0.293288,0.781815,-3.227409,-0.295349,0.025725,0.012046,0.032666,0.001538,0.028028,0.000524
39.305000,SAMPLE,1,0.788999,-3.258878,-0.299954,0.815862,-3.251790,-0.288287,0.785056,-3.228565,-0.294768,0.800869,-3.233261,-0.301275,0.027782,0.011667,0.030568,0.005186,0.028233,0.001321
39.393000,SAMPLE,1,0.806143,-3.264207,-0.302828,0.831004,-3.256301,-0.290813,0.804410,-3.234015,-0.300434,0.816359,-3.238039,-0.303644,0.026088,0.012014,0.030241,0.002394,0.028092,0.000817
39.485000,SAMPLE,1,0.820995,-3.268870,-0.306490,0.849952,-3.262011,-0.295771,0.823313,-3.240603,-0.303486,0.835184,-3.243991,-0.307530,0.029758,0.010719,0.028362,0.003004,0.028641,0.001040
39.564000,SAMPLE,1,0.837139,-3.274044,-0.314106,0.865240,-3.266730,-0.303166,0.841686,-3.247036,-0.309787,0.850291,-3.248934,-0.314819,0.029038,0.010940,0.027388,0.004319,0.028346,0.000713
39.660000,SAMPLE,1,0.854858,-3.279885,-0.322009,0.883048,-3.272385,-0.310739,0.860333,-3.252625,-0.319130,0.864457,-3.253623,-0.321137,0.029171,0.011270,0.027804,0.002880,0.027961,0.000872
39.747000,SAMPLE,1,0.871376,-3.285428,-0.325108,0.898075,-3.277234,-0.313397,0.878296,-3.258545,-0.324127,0.882913,-3.259832,-0.324810,0.027928,0.011711,0.027759,0.000982,0.028076,0.000298
39.844000,SAMPLE,1,0.890024,-3.291740,-0.326636,0.916752,-3.283313,-0.314855,0.897657,-3.264288,-0.327186,0.901436,-3.266030,-0.326938,0.028025,0.011780,0.028494,0.000550,0.028129,0.000302
39.940000,SAMPLE,1,0.906567,-3.297320,-0.323772,0.930509,-3.287777,-0.312513,0.897657,-3.264288,-0.327186,0.915076,-3.270644,-0.324674,0.025774,0.011258,0.034213,0.003414,0.028000,0.000903
40.038000,SAMPLE,1,0.922427,-3.302638,-0.323362,0.948984,-3.293731,-0.311629,0.933542,-3.275419,-0.324216,0.933410,-3.276470,-0.324397,0.028011,0.011733,0.029401,0.000854,0.028380,0.001035
40.133000,SAMPLE,1,0.940445,-3.308661,-0.321752,0.967294,-3.299614,-0.310018,0.951466,-3.281981,-0.323034,0.951590,-3.282435,-0.322465,0.028332,0.011733,0.028867,0.001282,0.028496,0.000713
40.232000,SAMPLE,1,0.958122,-3.314537,-0.319304,0.985103,-3.305300,-0.307555,0.969117,-3.287438,-0.321136,0.969428,-3.288339,-0.320044,0.028518,0.011749,0.029245,0.001831,0.028534,0.000740
40.331000,SAMPLE,1,0.977600,-3.320937,-0.314402,1.004175,-3.311320,-0.302897,0.987604,-3.294983,-0.316993,0.988380,-3.294510,-0.315090,0.028262,0.011505,0.027815,0.002591,0.028541,0.000688
40.431000,SAMPLE,1,0.996058,-3.326885,-0.308562,1.022476,-3.316985,-0.297239,0.987604,-3.294983,-0.316993,1.006507,-3.300491,-0.310295,0.028212,0.011323,0.033003,0.008431,0.028387,0.001732
40.529000,SAMPLE,1,1.014291,-3.332655,-0.305709,1.040404,-3.322431,-0.294029,1.024359,-3.306409,-0.305623,1.024067,-3.306408,-0.307128,0.028044,0.011681,0.028111,0.000086,0.028009,0.001419
40.624000,SAMPLE,1,1.029602,-3.337504,-0.308756,1.059538,-3.328251,-0.298137,1.024359,-3.306409,-0.305623,1.043163,-3.312463,-0.312004,0.031334,0.010619,0.031534,0.003133,0.028478,0.003247
40.719000,SAMPLE,1,1.048189,-3.343491,-0.314504,1.074150,-3.332772,-0.302163,1.043731,-3.312289,-0.308204,1.057724,-3.317093,-0.314814,0.028086,0.012341,0.031519,0.006300,0.028067,0.000309
40.811000,SAMPLE,1,1.065479,-3.349163,-0.317834,1.091952,-3.338375,-0.306076,1.061519,-3.317098,-0.314319,1.075439,-3.322728,-0.318243,0.028587,0.011758,0.032309,0.003515,0.028249,0.000409
40.904000,SAMPLE,1,1.083054,-3.354961,-0.318869,1.110707,-3.344318,-0.307084,1.079136,-3.323657,-0.318352,1.094460,-3.328973,-0.318787,0.029630,0.011784,0.031548,0.000517,0.028381,0.000082
41.001000,SAMPLE,1,1.100869,-3.360853,-0.319478,1.128393,-3.349938,-0.307692,1.098420,-3.330116,-0.318527,1.112094,-3.334780,-0.318965,0.029610,0.011785,0.030835,0.000951,0.028387,0.000512
41.088000,SAMPLE,1,1.114139,-3.365255,-0.320706,1.142655,-3.354482,-0.308889,1.116393,-3.337157,-0.319795,1.126589,-3.339697,-0.319460,0.030484,0.011817,0.028189,0.000912,0.028430,0.001246
41.182000,SAMPLE,1,1.132232,-3.371286,-0.324329,1.161700,-3.360589,-0.313329,1.134035,-3.343270,-0.321027,1.145991,-3.346281,-0.323279,0.031350,0.011000,0.028074,0.003302,0.028541,0.001050
41.280000,SAMPLE,1,1.151408,-3.377829,-0.333716,1.176713,-3.365513,-0.320763,1.152759,-3.347239,-0.328839,1.160388,-3.350987,-0.330617,0.028143,0.012953,0.030620,0.004877,0.028305,0.003099
41.377000,SAMPLE,1,1.168984,-3.383980,-0.337759,1.194374,-3.371448,-0.325842,1.170097,-3.356023,-0.336860,1.177402,-3.357099,-0.337226,0.028315,0.011917,0.027980,0.000899,0.028168,0.000533
41.470000,SAMPLE,1,1.186564,-3.390171,-0.339149,1.213008,-3.377759,-0.327232,1.189138,-3.361088,-0.337469,1.195498,-3.363424,-0.338291,0.029212,0.011917,0.029196,0.001680,0.028200,0.000857
41.570000,SAMPLE,1,1.204834,-3.396642,-0.341959,1.230944,-3.383868,-0.329789,1.208981,-3.366954,-0.340211,1.213268,-3.369546,-0.341325,0.029066,0.012170,0.029976,0.001748,0.028378,0.000634
41.655000,SAMPLE,1,1.218471,-3.401496,-0.342233,1.245881,-3.388985,-0.330266,1.226651,-3.373638,-0.342585,1.228409,-3.374861,-0.341917,0.030130,0.011967,0.029034,0.000352,0.028428,0.000316
41.752000,SAMPLE,1,1.237808,-3.408454,-0.349798,1.264780,-3.395529,-0.337579,1.245309,-3.380394,-0.346587,1.247454,-3.381621,-0.348363,0.029908,0.012219,0.029045,0.003211,0.028514,0.001435
41.850000,SAMPLE,1,1.255351,-3.414907,-0.353553,1.282550,-3.401825,-0.341603,1.263928,-3.387307,-0.353979,1.265310,-3.388129,-0.353031,0.030182,0.011950,0.028902,0.000426,0.028570,0.000522
41.948000,SAMPLE,1,1.273905,-3.421733,-0.350861,1.301025,-3.408369,-0.338945,1.282528,-3.395089,-0.352219,1.283728,-3.394892,-0.350103,0.030234,0.011916,0.028004,0.001358,0.028582,0.000758
42.046000,SAMPLE,1,1.292285,-3.428432,-0.348893,1.319549,-3.414871,-0.336892,1.300549,-3.400470,-0.349107,1.302220,-3.401663,-0.348197,0.030451,0.012001,0.029158,0.000214,0.028554,0.000697
42.144000,SAMPLE,1,1.309922,-3.434817,-0.344180,1.337331,-3.421069,-0.332358,1.318796,-3.406930,-0.348100,1.320240,-3.408118,-0.344493,0.030664,0.011822,0.029264,0.003920,0.028623,0.000312
42.244000,SAMPLE,1,1.325898,-3.440514,-0.342246,1.356249,-3.427560,-0.330400,1.337205,-3.413350,-0.342670,1.339729,-3.414986,-0.342345,0.033000,0.011846,0.029424,0.000424,0.029034,0.000099
42.343000,SAMPLE,1,1.344552,-3.447170,-0.343591,1.374298,-3.433759,-0.331808,1.352740,-3.419014,-0.343992,1.357472,-3.421257,-0.343587,0.032630,0.011783,0.029323,0.000401,0.028956,0.000004
42.442000,SAMPLE,1,1.362345,-3.453548,-0.343366,1.392092,-3.439892,-0.330987,1.370447,-3.425563,-0.345396,1.375476,-3.427680,-0.343172,0.032732,0.012380,0.029134,0.002029,0.029010,0.000195
42.538000,SAMPLE,1,1.381340,-3.460324,-0.341725,1.407226,-3.445085,-0.330008,1.389914,-3.433443,-0.342670,1.390543,-3.433063,-0.343172,0.030038,0.011717,0.028216,0.000945,0.028772,0.001447
42.636000,SAMPLE,1,1.400423,-3.467123,-0.344635,1.426148,-3.451563,-0.331550,1.409271,-3.439956,-0.342231,1.409745,-3.439989,-0.343861,0.030064,0.013085,0.028572,0.002403,0.028691,0.000774
42.736000,SAMPLE,1,1.416237,-3.472863,-0.351201,1.444555,-3.457982,-0.339063,1.427989,-3.446903,-0.350175,1.428491,-3.446803,-0.351243,0.031990,0.012137,0.028496,0.001026,0.028797,0.000042
42.833000,SAMPLE,1,1.435093,-3.479815,-0.356037,1.463403,-3.464672,-0.343900,1.446437,-3.454156,-0.354369,1.447603,-3.453931,-0.355730,0.032105,0.012137,0.028055,0.001668,0.028749,0.000308
42.923000,SAMPLE,1,1.452600,-3.486375,-0.360207,1.481442,-3.471185,-0.348158,1.464810,-3.461239,-0.359630,1.461997,-3.459315,-0.360256,0.032598,0.012050,0.027944,0.000578,0.028646,0.000049
43.019000,SAMPLE,1,1.469799,-3.492880,-0.361791,1.495358,-3.476254,-0.349834,1.464810,-3.461239,-0.359630,1.479719,-3.466109,-0.362299,0.030491,0.011957,0.032032,0.002162,0.028550,0.000508
43.120000,SAMPLE,1,1.489140,-3.500229,-0.366293,1.514144,-3.483117,-0.352592,1.482581,-3.468027,-0.361861,1.498316,-3.473255,-0.364442,0.030298,0.013701,0.032863,0.004432,0.028492,0.001851
43.218000,SAMPLE,1,1.504901,-3.506344,-0.374201,1.532676,-3.490028,-0.361684,1.499792,-3.473508,-0.365428,1.516494,-3.480214,-0.373264,0.032212,0.012517,0.033231,0.008773,0.028586,0.000937
43.318000,SAMPLE,1,1.522910,-3.513511,-0.382383,1.550592,-3.496902,-0.370008,1.538223,-3.489148,-0.382336,1.534854,-3.487548,-0.380847,0.032282,0.012375,0.028776,0.000047,0.028579,0.001537
43.407000,SAMPLE,1,1.540372,-3.520568,-0.385046,1.569000,-3.504080,-0.372795,1.538223,-3.489148,-0.382336,1.553545,-3.495115,-0.383547,0.033036,0.012251,0.031493,0.002709,0.028660,0.001498
43.490000,SAMPLE,1,1.555509,-3.526718,-0.387256,1.583112,-3.509613,-0.374879,1.556095,-3.496516,-0.385097,1.567476,-3.500810,-0.385744,0.032473,0.012377,0.030208,0.002159,0.028538,0.001512
43.584000,SAMPLE,1,1.571599,-3.533309,-0.390288,1.599930,-3.516261,-0.378037,1.573856,-3.503187,-0.387797,1.584150,-3.507590,-0.389053,0.033064,0.012251,0.030206,0.002490,0.028617,0.001235
43.682000,SAMPLE,1,1.587162,-3.539768,-0.397664,1.618235,-3.523613,-0.387445,1.590201,-3.509794,-0.391441,1.602800,-3.515284,-0.398536,0.035021,0.010220,0.030127,0.006224,0.029051,0.000871
43.777000,SAMPLE,1,1.605936,-3.547777,-0.408191,1.633024,-3.529720,-0.395429,1.607422,-3.517242,-0.401782,1.617201,-3.521391,-0.406010,0.032555,0.012762,0.030571,0.006409,0.028690,0.002181
43.876000,SAMPLE,1,1.624287,-3.555813,-0.416371,1.650960,-3.537304,-0.403803,1.625065,-3.527206,-0.411122,1.634675,-3.529266,-0.414382,0.032466,0.012569,0.028618,0.005249,0.028508,0.001990
43.967000,SAMPLE,1,1.641871,-3.563604,-0.418027,1.669343,-3.545180,-0.405689,1.644185,-3.535893,-0.416592,1.652793,-3.537562,-0.417523,0.033079,0.012337,0.027808,0.001434,0.028240,0.000504
44.065000,SAMPLE,1,1.660081,-3.571769,-0.425877,1.687694,-3.553134,-0.413382,1.662931,-3.543777,-0.419657,1.670964,-3.545858,-0.424614,0.033312,0.012495,0.028136,0.006220,0.028103,0.001262
44.162000,SAMPLE,1,1.675181,-3.578688,-0.432737,1.705492,-3.561036,-0.421055,1.679808,-3.550235,-0.428850,1.688477,-3.553882,-0.432813,0.035077,0.011681,0.028827,0.003887,0.028145,0.000077
44.260000,SAMPLE,1,1.692887,-3.586940,-0.439476,1.720074,-3.567621,-0.427034,1.699808,-3.558780,-0.436692,1.702982,-3.560634,-0.440392,0.033352,0.012442,0.028998,0.002784,0.028176,0.000916
44.355000,SAMPLE,1,1.710596,-3.595304,-0.442931,1.738042,-3.575838,-0.430587,1.718069,-3.567012,-0.441766,1.720984,-3.568970,-0.443075,0.033649,0.012345,0.029262,0.001165,0.028310,0.000144
44.450000,SAMPLE,1,1.727567,-3.603415,-0.448362,1.755524,-3.583929,-0.436095,1.735327,-3.575331,-0.446218,1.738526,-3.577270,-0.447968,0.034077,0.012267,0.029136,0.002144,0.028349,0.000394
44.533000,SAMPLE,1,1.742798,-3.610789,-0.454462,1.770010,-3.590722,-0.441753,1.754127,-3.583875,-0.452602,1.752939,-3.584217,-0.452494,0.033811,0.012709,0.029202,0.001860,0.028441,0.001968
44.630000,SAMPLE,1,1.759302,-3.618966,-0.465383,1.788039,-3.599381,-0.453526,1.772440,-3.592363,-0.463535,1.771030,-3.592997,-0.462986,0.034776,0.011857,0.029670,0.001848,0.028494,0.002398
44.718000,SAMPLE,1,1.775980,-3.627432,-0.474288,1.802244,-3.606370,-0.461105,1.772440,-3.592363,-0.463535,1.785302,-3.600019,-0.470664,0.033666,0.013183,0.035248,0.010754,0.028955,0.003624
44.812000,SAMPLE,1,1.792765,-3.636106,-0.477964,1.819871,-3.615200,-0.465721,1.789522,-3.601653,-0.473195,1.803009,-3.609044,-0.475468,0.034232,0.012243,0.034605,0.004769,0.028936,0.002496
44.903000,SAMPLE,1,1.808792,-3.644424,-0.479258,1.837377,-3.624015,-0.467016,1.808040,-3.610931,-0.477984,1.820571,-3.618053,-0.477206,0.035123,0.012243,0.033501,0.001275,0.028881,0.002052
44.998000,SAMPLE,1,1.826303,-3.653568,-0.484930,1.851540,-3.631184,-0.471176,1.823466,-3.619641,-0.480096,1.834651,-3.625398,-0.481565,0.033734,0.013753,0.034046,0.004834,0.029381,0.003365
45.095000,SAMPLE,1,1.840927,-3.661371,-0.495248,1.869092,-3.640255,-0.483100,1.840775,-3.628789,-0.485780,1.851977,-3.634577,-0.493120,0.035202,0.012148,0.032583,0.009468,0.028983,0.002128
45.190000,SAMPLE,1,1.857497,-3.670416,-0.503297,1.886296,-3.649380,-0.491274,1.858870,-3.637908,-0.498835,1.868655,-3.643575,-0.501598,0.035663,0.012023,0.032536,0.004462,0.029068,0.001699
45.286000,SAMPLE,1,1.873790,-3.679459,-0.510230,1.902683,-3.658223,-0.498247,1.874304,-3.648191,-0.504367,1.884363,-3.652405,-0.508512,0.035857,0.011983,0.031272,0.005863,0.029047,0.001718
45.386000,SAMPLE,1,1.891371,-3.689323,-0.512422,1.919948,-3.667633,-0.500221,1.895530,-3.657045,-0.512333,1.901273,-3.661688,-0.509820,0.035876,0.012201,0.032545,0.000089,0.029356,0.002603
45.481000,SAMPLE,1,1.908563,-3.699080,-0.520806,1.937459,-3.677296,-0.508945,1.913346,-3.665558,-0.515148,1.919282,-3.671521,-0.518750,0.036187,0.011862,0.033862,0.005659,0.029570,0.002056
45.568000,SAMPLE,1,1.922105,-3.706916,-0.528385,1.950961,-3.684898,-0.516524,1.930298,-3.676162,-0.524832,1.933507,-3.679558,-0.527077,0.036297,0.011861,0.031826,0.003552,0.029638,0.001308
45.658000,SAMPLE,1,1.937222,-3.715823,-0.536722,1.964679,-3.692757,-0.524103,1.930298,-3.676162,-0.524832,1.947131,-3.687539,-0.534656,0.035860,0.012619,0.040261,0.011889,0.029970,0.002066
45.756000,SAMPLE,1,1.953679,-3.725716,-0.544756,1.981267,-3.702448,-0.532326,1.959423,-3.696363,-0.542142,1.962763,-3.697058,-0.542513,0.036090,0.012430,0.029910,0.002614,0.030063,0.002243
45.846000,SAMPLE,1,1.969991,-3.735644,-0.549559,1.998478,-3.712635,-0.537463,1.978005,-3.707243,-0.546641,1.979699,-3.707568,-0.547129,0.036617,0.012096,0.029510,0.002918,0.029706,0.002430
45.923000,SAMPLE,1,1.984074,-3.744340,-0.557091,2.012192,-3.720876,-0.544845,1.978005,-3.707243,-0.546641,1.993340,-3.715931,-0.554708,0.036622,0.012246,0.037590,0.010450,0.029882,0.002383
46.022000,SAMPLE,1,2.001303,-3.755177,-0.564809,2.029250,-3.731317,-0.552468,1.994798,-3.718013,-0.555101,2.010469,-3.726778,-0.563259,0.036747,0.012341,0.037729,0.009708,0.029841,0.001550
46.107000,SAMPLE,1,2.014819,-3.763748,-0.565033,2.042867,-3.739718,-0.552692,2.014372,-3.727790,-0.563860,2.024454,-3.735445,-0.562946,0.036935,0.012341,0.035961,0.001173,0.029898,0.002086
46.202000,SAMPLE,1,2.029345,-3.772940,-0.563485,2.059146,-3.749738,-0.551144,2.031109,-3.738835,-0.565026,2.040971,-3.745790,-0.562072,0.037768,0.012341,0.034150,0.001541,0.029535,0.001412
46.298000,SAMPLE,1,2.046160,-3.783523,-0.558159,2.072692,-3.758035,-0.546844,2.046699,-3.748927,-0.563536,2.054767,-3.754431,-0.558536,0.036791,0.011315,0.034600,0.005378,0.030338,0.000377
46.399000,SAMPLE,1,2.063599,-3.794344,-0.554311,2.089810,-3.768378,-0.541954,2.062919,-3.759604,-0.557329,2.072308,-3.765336,-0.553083,0.036895,0.012357,0.034747,0.003018,0.030287,0.001228
46.493000,SAMPLE,1,2.079173,-3.803966,-0.552795,2.106301,-3.778291,-0.540438,2.079706,-3.770244,-0.554322,2.089070,-3.775734,-0.552051,0.037352,0.012357,0.033726,0.001528,0.029916,0.000744
46.583000,SAMPLE,1,2.092131,-3.811937,-0.549967,2.123267,-3.788438,-0.537183,2.095414,-3.780615,-0.553007,2.105885,-3.786208,-0.549606,0.039009,0.012784,0.031493,0.003040,0.029175,0.000360
46.680000,SAMPLE,1,2.109327,-3.822444,-0.547567,2.140464,-3.798649,-0.535193,2.113814,-3.790110,-0.549154,2.123079,-3.796609,-0.547232,0.039188,0.012373,0.032644,0.001588,0.029267,0.000334
46.780000,SAMPLE,1,2.126354,-3.832848,-0.550030,2.154047,-3.806720,-0.537372,2.130306,-3.800424,-0.548223,2.136604,-3.804793,-0.549194,0.038074,0.012658,0.032664,0.001807,0.029869,0.000836
46.866000,SAMPLE,1,2.141310,-3.842017,-0.548048,2.170114,-3.816297,-0.535780,2.147006,-3.810370,-0.550768,2.152669,-3.814548,-0.547479,0.038616,0.012268,0.032156,0.002720,0.029725,0.000569
46.961000,SAMPLE,1,2.157164,-3.851660,-0.545848,2.187330,-3.826476,-0.533375,2.161715,-3.821622,-0.546039,2.169193,-3.824793,-0.545678,0.039296,0.012474,0.030381,0.000191,0.029437,0.000170
47.051000,SAMPLE,1,2.171846,-3.860553,-0.541784,2.200264,-3.834094,-0.529946,2.178822,-3.831579,-0.544594,2.181898,-3.832614,-0.542307,0.038829,0.011838,0.029802,0.002810,0.029692,0.000523
47.151000,SAMPLE,1,2.185389,-3.868676,-0.538433,2.216255,-3.843407,-0.525738,2.193801,-3.840802,-0.539563,2.197843,-3.842310,-0.537489,0.039889,0.012696,0.029115,0.001130,0.029159,0.000945
47.241000,SAMPLE,1,2.201189,-3.878106,-0.538441,2.233555,-3.853443,-0.525935,2.193801,-3.840802,-0.539563,2.215025,-3.852547,-0.537594,0.040692,0.012506,0.038028,0.001122,0.029063,0.000847
47.334000,SAMPLE,1,2.217857,-3.888078,-0.539615,2.247386,-3.861487,-0.527164,2.228329,-3.860610,-0.540225,2.228372,-3.860442,-0.539642,0.039737,0.012451,0.029397,0.000611,0.029569,0.000027
47.424000,SAMPLE,1,2.233626,-3.897471,-0.533474,2.264240,-3.871241,-0.520762,2.228329,-3.860610,-0.540225,2.245119,-3.870474,-0.534383,0.040314,0.012712,0.037240,0.006751,0.029342,0.000909
47.517000,SAMPLE,1,2.249874,-3.906939,-0.521968,2.277976,-3.879029,-0.510883,2.245666,-3.870826,-0.535677,2.258797,-3.878513,-0.523048,0.039607,0.011085,0.036357,0.013709,0.029794,0.001080
47.607000,SAMPLE,1,2.263239,-3.914556,-0.513301,2.294770,-3.888334,-0.500209,2.262934,-3.880508,-0.523629,2.275590,-3.888097,-0.512040,0.041010,0.013092,0.034050,0.010329,0.029200,0.001261
47.704000,SAMPLE,1,2.279444,-3.923512,-0.494173,2.312063,-3.897580,-0.479685,2.279546,-3.890775,-0.513089,2.292753,-3.897702,-0.493313,0.041671,0.014488,0.032737,0.018916,0.029040,0.000860
47.798000,SAMPLE,1,2.294741,-3.931504,-0.468551,2.324965,-3.904117,-0.458351,2.297467,-3.899295,-0.493271,2.305225,-3.904309,-0.473417,0.040787,0.010200,0.032324,0.024719,0.029147,0.004866
47.880000,SAMPLE,1,2.309438,-3.938732,-0.444962,2.338893,-3.910808,-0.436914,2.312997,-3.907465,-0.467206,2.319245,-3.911308,-0.452456,0.040588,0.008048,0.031469,0.022244,0.029126,0.007494
47.979000,SAMPLE,1,2.323946,-3.945441,-0.421570,2.356468,-3.918719,-0.409443,2.329407,-3.915677,-0.438894,2.336533,-3.919456,-0.424690,0.042092,0.012127,0.030260,0.017324,0.028872,0.003120
48.074000,SAMPLE,1,2.339985,-3.952429,-0.400020,2.373671,-3.925956,-0.386983,2.345774,-3.923438,-0.413640,2.353391,-3.926912,-0.402789,0.042843,0.013037,0.029564,0.013620,0.028825,0.002769
48.168000,SAMPLE,1,2.357215,-3.959494,-0.378373,2.391825,-3.933117,-0.364877,2.363461,-3.930688,-0.391529,2.371390,-3.934359,-0.381061,0.043515,0.013495,0.029476,0.013156,0.028857,0.002688
48.268000,SAMPLE,1,2.375221,-3.966420,-0.355605,2.409775,-3.939749,-0.342772,2.381578,-3.937624,-0.369471,2.389556,-3.941330,-0.358449,0.043650,0.012833,0.029489,0.013866,0.028897,0.002844
48.363000,SAMPLE,1,2.391330,-3.972211,-0.334163,2.426863,-3.945636,-0.320667,2.398201,-3.943271,-0.346537,2.406314,-3.947306,-0.336599,0.044371,0.013496,0.029745,0.012375,0.029065,0.002436
48.460000,SAMPLE,1,2.409703,-3.978366,-0.311851,2.445651,-3.951644,-0.298562,2.414956,-3.950205,-0.324749,2.421018,-3.952347,-0.319184,0.044792,0.013290,0.028647,0.012898,0.028373,0.007333
48.551000,SAMPLE,1,2.423609,-3.982719,-0.294610,2.460278,-3.956005,-0.280877,2.433667,-3.955765,-0.302644,2.439021,-3.958054,-0.297295,0.045368,0.013732,0.028769,0.008034,0.029084,0.002686
48.649000,SAMPLE,1,2.441491,-3.987929,-0.272077,2.478347,-3.961000,-0.258772,2.450559,-3.961076,-0.280512,2.457322,-3.963388,-0.274540,0.045646,0.013305,0.028343,0.008435,0.029203,0.002462
48.736000,SAMPLE,1,2.457899,-3.992338,-0.252626,2.493687,-3.964917,-0.241088,2.468474,-3.966270,-0.258484,2.472548,-3.967570,-0.256856,0.045086,0.011538,0.028131,0.005858,0.028776,0.004230
48.820000,SAMPLE,1,2.474370,-3.996414,-0.232068,2.511878,-3.969179,-0.218983,2.468474,-3.966270,-0.258484,2.486638,-3.971163,-0.239484,0.046352,0.013085,0.030715,0.026416,0.028074,0.007416
48.915000,SAMPLE,1,2.490992,-4.000198,-0.217300,2.526347,-3.972290,-0.206048,2.486124,-3.971078,-0.236374,2.504109,-3.975291,-0.221631,0.045043,0.011252,0.029524,0.019074,0.028150,0.004331
49.002000,SAMPLE,1,2.506527,-4.003573,-0.211600,2.545674,-3.976240,-0.198769,2.504228,-3.975517,-0.218911,2.523332,-3.979528,-0.213603,0.047745,0.012831,0.028151,0.007311,0.029336,0.002002
49.097000,SAMPLE,1,2.522688,-4.007019,-0.207561,2.560290,-3.979162,-0.195043,2.523316,-3.979933,-0.211645,2.537420,-3.982598,-0.208823,0.046797,0.012518,0.027094,0.004084,0.028520,0.001263
49.190000,SAMPLE,1,2.540230,-4.010663,-0.202078,2.578372,-3.982680,-0.189335,2.541590,-3.983057,-0.207123,2.555212,-3.986282,-0.201964,0.047306,0.012743,0.027640,0.005045,0.028616,0.000115
49.290000,SAMPLE,1,2.559730,-4.014567,-0.192691,2.597720,-3.986298,-0.180125,2.560262,-3.986169,-0.201793,2.573576,-3.989899,-0.193782,0.047354,0.012567,0.028402,0.009101,0.028288,0.001090
49.387000,SAMPLE,1,2.577898,-4.018055,-0.187702,2.616040,-3.989577,-0.175072,2.576190,-3.990549,-0.191461,2.591190,-3.993332,-0.188112,0.047601,0.012630,0.027560,0.003759,0.028070,0.000410
49.482000,SAMPLE,1,2.594135,-4.021094,-0.181357,2.635393,-3.992931,-0.167304,2.593642,-3.994021,-0.188078,2.609944,-3.996906,-0.181242,0.049954,0.014054,0.027077,0.006720,0.028896,0.000115
49.580000,SAMPLE,1,2.612460,-4.024368,-0.172073,2.650432,-3.995413,-0.159725,2.613246,-3.997730,-0.178499,2.623900,-3.999483,-0.174238,0.047753,0.012348,0.026649,0.006426,0.027389,0.002165
49.678000,SAMPLE,1,2.631250,-4.027544,-0.163700,2.668933,-3.998306,-0.151301,2.632003,-4.000684,-0.169320,2.641977,-4.002578,-0.165648,0.047696,0.012399,0.026871,0.005619,0.027173,0.001948
49.772000,SAMPLE,1,2.649808,-4.030540,-0.155579,2.688154,-4.001165,-0.143177,2.650911,-4.003547,-0.162086,2.661001,-4.005650,-0.158196,0.048304,0.012402,0.027016,0.006507,0.027291,0.002617
49.869000,SAMPLE,1,2.668441,-4.033407,-0.150669,2.707145,-4.003842,-0.137998,2.670137,-4.006410,-0.153357,2.679657,-4.008483,-0.151954,0.048704,0.012670,0.027050,0.002688,0.027331,0.001285
49.963000,SAMPLE,1,2.685712,-4.036003,-0.147606,2.725071,-4.006303,-0.134840,2.688853,-4.008999,-0.149663,2.697347,-4.011060,-0.148718,0.049307,0.012765,0.027185,0.002057,0.027523,0.001113
50.062000,SAMPLE,1,2.702187,-4.038432,-0.144935,2.744623,-4.008924,-0.131683,2.708083,-4.012206,-0.146762,2.716886,-4.013907,-0.145547,0.051687,0.013252,0.026881,0.001828,0.028593,0.000613
50.161000,SAMPLE,1,2.721049,-4.041134,-0.139296,2.763132,-4.011317,-0.126075,2.727481,-4.015156,-0.142056,2.735621,-4.016556,-0.138347,0.051574,0.013222,0.026762,0.002760,0.028573,0.000950
50.260000,SAMPLE,1,2.739460,-4.043686,-0.136107,2.777775,-4.013154,-0.123548,2.745660,-4.017663,-0.137818,2.750183,-4.018550,-0.136081,0.048993,0.012559,0.026751,0.001711,0.027328,0.000026
50.360000,SAMPLE,1,2.759299,-4.046372,-0.132886,2.797407,-4.015561,-0.120390,2.766171,-4.020950,-0.136050,2.769772,-4.021207,-0.132923,0.049005,0.012496,0.026333,0.003164,0.027257,0.000037
50.459000,SAMPLE,1,2.778061,-4.048849,-0.129665,2.816001,-4.017781,-0.117233,2.784898,-4.023220,-0.133008,2.788378,-4.023750,-0.130630,0.049037,0.012432,0.026525,0.003343,0.027137,0.000965
50.559000,SAMPLE,1,2.797670,-4.051382,-0.128189,2.835261,-4.020020,-0.115175,2.784898,-4.023220,-0.133008,2.807793,-4.026279,-0.129472,0.048956,0.013014,0.030923,0.004819,0.027067,0.001283
50.658000,SAMPLE,1,2.817186,-4.053887,-0.127604,2.854376,-4.022227,-0.114517,2.822912,-4.028208,-0.127835,2.826648,-4.028665,-0.128842,0.048841,0.013087,0.026309,0.000231,0.026938,0.001238
50.748000,SAMPLE,1,2.834352,-4.056076,-0.125372,2.873054,-4.024368,-0.112759,2.840352,-4.030840,-0.127082,2.845270,-4.031114,-0.127450,0.050032,0.012613,0.025940,0.001710,0.027246,0.002078
50.847000,SAMPLE,1,2.851245,-4.058211,-0.126743,2.892926,-4.026622,-0.114162,2.859975,-4.032984,-0.126426,2.864971,-4.033621,-0.129293,0.052299,0.012581,0.026695,0.000317,0.028161,0.002550
50.944000,SAMPLE,1,2.870727,-4.060725,-0.129964,2.911914,-4.028829,-0.117319,2.859975,-4.032984,-0.126426,2.883882,-4.036104,-0.132450,0.052093,0.012644,0.029752,0.003538,0.027914,0.002487
51.031000,SAMPLE,1,2.887105,-4.062891,-0.132756,2.926757,-4.030597,-0.119846,2.880504,-4.034942,-0.127371,2.898296,-4.037884,-0.134242,0.051138,0.012910,0.028717,0.005384,0.027396,0.001486
51.123000,SAMPLE,1,2.905877,-4.065422,-0.134405,2.946296,-4.032977,-0.121504,2.899070,-4.038206,-0.132806,2.917314,-4.040472,-0.135000,0.051830,0.012901,0.028054,0.001599,0.027446,0.000595
51.215000,SAMPLE,1,2.921469,-4.067540,-0.135740,2.961153,-4.034801,-0.122862,2.918418,-4.039106,-0.134800,2.931806,-4.042261,-0.137360,0.051446,0.012878,0.028597,0.000940,0.027310,0.001621
51.307000,SAMPLE,1,2.938468,-4.069879,-0.138045,2.979496,-4.037084,-0.125325,2.937048,-4.041830,-0.135340,2.950063,-4.044628,-0.138864,0.052524,0.012720,0.028085,0.002705,0.027786,0.000819
51.398000,SAMPLE,1,2.956267,-4.072377,-0.140918,2.995149,-4.039076,-0.127851,2.954635,-4.045211,-0.137835,2.965752,-4.046810,-0.141083,0.051193,0.013067,0.027215,0.003083,0.027270,0.000165
51.491000,SAMPLE,1,2.973843,-4.074897,-0.143918,3.013645,-4.041483,-0.131009,2.974645,-4.047616,-0.141306,2.984298,-4.049401,-0.144046,0.051968,0.012910,0.027293,0.002612,0.027557,0.000127
51.590000,SAMPLE,1,2.992266,-4.077602,-0.148557,3.032008,-4.043938,-0.135667,2.992267,-4.050654,-0.144650,3.002943,-4.052133,-0.148080,0.052084,0.012890,0.026948,0.003907,0.027616,0.000477
51.685000,SAMPLE,1,3.011434,-4.080521,-0.154080,3.051484,-4.046649,-0.141375,3.009540,-4.052951,-0.149058,3.021670,-4.054922,-0.152865,0.052452,0.012705,0.027635,0.005021,0.027569,0.001215
51.782000,SAMPLE,1,3.029526,-4.083377,-0.159653,3.069839,-4.049309,-0.147133,3.028219,-4.056560,-0.156244,3.039411,-4.057771,-0.157311,0.052780,0.012520,0.026848,0.003408,0.027447,0.002342
51.882000,SAMPLE,1,3.048762,-4.086523,-0.163650,3.088326,-4.052090,-0.150840,3.049015,-4.058891,-0.161876,3.057788,-4.060693,-0.160979,0.052449,0.012810,0.027633,0.001774,0.027362,0.002671
51.964000,SAMPLE,1,3.062867,-4.088868,-0.165924,3.103923,-4.054480,-0.153367,3.068037,-4.062682,-0.164966,3.074067,-4.063426,-0.164107,0.053555,0.012557,0.026692,0.000958,0.027798,0.001816
52.060000,SAMPLE,1,3.080412,-4.091819,-0.167453,3.118215,-4.056696,-0.154314,3.087136,-4.065596,-0.167281,3.088952,-4.065925,-0.164687,0.051601,0.013139,0.027072,0.000172,0.027266,0.002766
52.158000,SAMPLE,1,3.097264,-4.094694,-0.170611,3.135155,-4.059358,-0.157472,3.103594,-4.068184,-0.168671,3.105904,-4.068757,-0.168123,0.051811,0.013139,0.027256,0.001939,0.027339,0.002488
52.247000,SAMPLE,1,3.111892,-4.097235,-0.173453,3.151431,-4.061969,-0.160630,3.103594,-4.068184,-0.168671,3.122090,-4.071525,-0.171281,0.052982,0.012823,0.030213,0.004781,0.027660,0.002172
52.344000,SAMPLE,1,3.127265,-4.099953,-0.176642,3.166639,-4.064457,-0.163788,3.135398,-4.074402,-0.176510,3.137138,-4.074312,-0.175252,0.053012,0.012854,0.026814,0.000132,0.027476,0.001390
52.421000,SAMPLE,1,3.137316,-4.101759,-0.178821,3.178268,-4.066394,-0.166314,3.135398,-4.074402,-0.176510,3.145843,-4.075859,-0.177147,0.054108,0.012507,0.027423,0.002311,0.027267,0.001674
52.512000,SAMPLE,1,3.150071,-4.104083,-0.181758,3.189145,-4.068234,-0.168840,3.150828,-4.076686,-0.179507,3.159761,-4.078379,-0.180631,0.053028,0.012917,0.027407,0.002251,0.027469,0.001127
52.603000,SAMPLE,1,3.162187,-4.106327,-0.184663,3.202268,-4.070492,-0.171998,3.164259,-4.078626,-0.182614,3.173017,-4.080762,-0.184043,0.053765,0.012665,0.027779,0.002049,0.027764,0.000620
52.697000,SAMPLE,1,3.174288,-4.108606,-0.187726,3.212222,-4.072234,-0.174525,3.177565,-4.081430,-0.185771,3.183192,-4.082655,-0.186776,0.052554,0.013202,0.027373,0.001955,0.027437,0.000950
52.793000,SAMPLE,1,3.185743,-4.110801,-0.190853,3.223892,-4.074310,-0.177683,3.188990,-4.083959,-0.189057,3.194896,-4.084915,-0.190127,0.052791,0.013170,0.027037,0.001795,0.027456,0.000725
52.884000,SAMPLE,1,3.195313,-4.112662,-0.193568,3.235006,-4.076324,-0.180840,3.200409,-4.085809,-0.192029,3.206286,-4.087113,-0.193518,0.053814,0.012728,0.027333,0.001539,0.027806,0.000050
52.980000,SAMPLE,1,3.204871,-4.114550,-0.196474,3.243287,-4.077849,-0.183367,3.211389,-4.088030,-0.195302,3.214901,-4.088808,-0.196258,0.053130,0.013107,0.027309,0.001171,0.027627,0.000215
53.073000,SAMPLE,1,3.214096,-4.116388,-0.197058,3.252902,-4.079636,-0.184025,3.221110,-4.090167,-0.198125,3.224665,-4.090778,-0.197716,0.053447,0.013034,0.027143,0.001067,0.027705,0.000658
53.166000,SAMPLE,1,3.223165,-4.118213,-0.200121,3.262213,-4.081384,-0.187183,3.230171,-4.091702,-0.199213,3.233944,-4.092625,-0.200797,0.053676,0.012939,0.027421,0.000909,0.027766,0.000675
53.265000,SAMPLE,1,3.230428,-4.119696,-0.202837,3.270639,-4.082994,-0.190340,3.239933,-4.094024,-0.202051,3.242410,-4.094376,-0.203832,0.054443,0.012497,0.027376,0.000786,0.028012,0.000994
53.361000,SAMPLE,1,3.238652,-4.121401,-0.205964,3.278906,-4.084600,-0.193498,3.247974,-4.095950,-0.205801,3.250529,-4.096112,-0.206881,0.054540,0.012465,0.027105,0.000163,0.027939,0.000917
53.462000,SAMPLE,1,3.245383,-4.122806,-0.203696,3.285332,-4.085854,-0.190206,3.256617,-4.097351,-0.208187,3.257027,-4.097479,-0.205305,0.054418,0.013489,0.027824,0.004491,0.027875,0.001609
53.557000,SAMPLE,1,3.248974,-4.123529,-0.194861,3.288328,-4.086423,-0.182917,3.263953,-4.098631,-0.201068,3.259780,-4.098047,-0.198759,0.054089,0.011944,0.029056,0.006207,0.027678,0.003899
53.653000,SAMPLE,1,3.249071,-4.123547,-0.185454,3.288766,-4.086503,-0.173443,3.264272,-4.098683,-0.191229,3.260619,-4.098195,-0.189699,0.054295,0.012011,0.029143,0.005775,0.027859,0.004245
53.743000,SAMPLE,1,3.248925,-4.123520,-0.178065,3.288766,-4.086503,-0.163969,3.264272,-4.098683,-0.191229,3.261059,-4.098258,-0.180521,0.054383,0.014095,0.029197,0.013164,0.028025,0.002456
53.837000,SAMPLE,1,3.248744,-4.123489,-0.168875,3.288766,-4.086503,-0.156390,3.265698,-4.098525,-0.171428,3.261625,-4.098333,-0.172999,0.054495,0.012485,0.030176,0.002553,0.028262,0.004124
53.928000,SAMPLE,1,3.248572,-4.123460,-0.160159,3.288766,-4.086503,-0.146917,3.265698,-4.098525,-0.171428,3.262103,-4.098353,-0.163234,0.054602,0.013243,0.030250,0.011268,0.028521,0.003074
54.023000,SAMPLE,1,3.248385,-4.123431,-0.150686,3.288766,-4.086503,-0.137443,3.266017,-4.098797,-0.162269,3.262574,-4.098408,-0.153939,0.054720,0.013243,0.030294,0.011583,0.028766,0.003253
54.088000,P1,1,3.248260,-4.123412,-0.144338,3.288766,-4.086503,-0.131759,3.263513,-4.098811,-0.152625,3.262686,-4.098456,-0.148366,0.054800,0.012579,0.028947,0.008287,0.028826,0.004028
54.113000,SAMPLE,2,3.248237,-4.123409,-0.143175,3.288766,-4.086503,-0.130714,3.263513,-4.098811,-0.152625,3.262686,-4.098456,-0.147472,0.054815,0.012461,0.028956,0.009450,0.028834,0.004296
54.211000,SAMPLE,2,3.251053,-4.123800,-0.132663,3.291395,-4.086833,-0.120940,3.263752,-4.098342,-0.144062,3.265682,-4.098855,-0.137532,0.054717,0.011723,0.028449,0.011399,0.028917,0.004869
54.309000,SAMPLE,2,3.257363,-4.124587,-0.115481,3.299048,-4.087684,-0.101067,3.266552,-4.098923,-0.133552,3.273551,-4.099876,-0.118856,0.055673,0.014414,0.027259,0.018071,0.029541,0.003375
54.394000,SAMPLE,2,3.267577,-4.125642,-0.090065,3.308883,-4.088565,-0.077738,3.274653,-4.099774,-0.113808,3.283430,-4.100938,-0.095182,0.055506,0.012327,0.026818,0.023743,0.029353,0.005117
54.491000,SAMPLE,2,3.284653,-4.126844,-0.050854,3.326453,-4.089584,-0.039022,3.286783,-4.101506,-0.083755,3.301318,-4.102359,-0.055250,0.055995,0.011832,0.025427,0.032902,0.029618,0.004396
54.577000,SAMPLE,2,3.301218,-4.127386,-0.014317,3.341953,-4.089935,-0.006180,3.305525,-4.101882,-0.044066,3.316455,-4.102960,-0.023406,0.055335,0.008137,0.025865,0.029750,0.028789,0.009090
54.667000,SAMPLE,2,3.316634,-4.127379,0.014863,3.361950,-4.089677,0.030767,3.324529,-4.102625,-0.003962,3.336463,-4.103030,0.014679,0.058949,0.015905,0.025982,0.018825,0.031402,0.000184
54.762000,SAMPLE,2,3.334316,-4.126837,0.047168,3.381516,-4.088739,0.065504,3.342687,-4.102685,0.031988,3.354867,-4.102579,0.047341,0.060658,0.018336,0.025561,0.015180,0.031794,0.000173
54.860000,SAMPLE,2,3.353783,-4.125600,0.078404,3.397352,-4.087502,0.089581,3.361609,-4.101640,0.065296,3.370202,-4.101643,0.070889,0.057877,0.011177,0.025206,0.013108,0.029043,0.007514
54.953000,SAMPLE,2,3.372355,-4.123917,0.101767,3.417016,-4.085482,0.114112,3.380424,-4.099523,0.092044,3.389208,-4.099927,0.095916,0.058923,0.012345,0.025693,0.009723,0.029318,0.005851
55.047000,SAMPLE,2,3.389664,-4.121968,0.122988,3.435481,-4.083162,0.136217,3.398481,-4.098232,0.114150,3.406969,-4.097967,0.118127,0.060043,0.013230,0.025321,0.008838,0.029589,0.004861
55.147000,SAMPLE,2,3.409762,-4.119283,0.141306,3.454915,-4.080312,0.153738,3.416515,-4.096358,0.133894,3.425800,-4.095522,0.136366,0.059646,0.012432,0.023899,0.007412,0.028668,0.004941
55.245000,SAMPLE,2,3.424967,-4.117022,0.154254,3.473772,-4.077238,0.169528,3.433963,-4.093021,0.149748,3.443834,-4.092763,0.152301,0.062965,0.015274,0.025631,0.004505,0.030731,0.001953
55.337000,SAMPLE,2,3.443239,-4.114065,0.165441,3.489394,-4.074485,0.178520,3.453063,-4.090052,0.163015,3.459578,-4.090294,0.160669,0.060802,0.013079,0.025945,0.002427,0.028844,0.004772
55.434000,SAMPLE,2,3.463233,-4.110627,0.175294,3.508821,-4.070885,0.187994,3.472519,-4.087153,0.172363,3.478261,-4.087005,0.170591,0.060479,0.012700,0.025244,0.002931,0.027997,0.004703
55.529000,SAMPLE,2,3.480773,-4.107439,0.184483,3.527097,-4.067320,0.197467,3.472519,-4.087153,0.172363,3.495822,-4.083786,0.180403,0.061283,0.012984,0.021901,0.012121,0.028035,0.004081
55.620000,SAMPLE,2,3.498871,-4.104014,0.187844,3.542407,-4.064216,0.201141,3.490883,-4.083279,0.182524,3.510189,-4.080957,0.184664,0.058986,0.013297,0.022221,0.005321,0.025685,0.003180
55.717000,SAMPLE,2,3.517402,-4.100492,0.187844,3.561261,-4.060372,0.201141,3.530825,-4.076589,0.186952,3.527820,-4.077589,0.185095,0.059441,0.013297,0.027414,0.000892,0.025161,0.002749
55.808000,SAMPLE,2,3.531747,-4.097766,0.187082,3.579714,-4.056613,0.200162,3.530825,-4.076589,0.186952,3.546784,-4.073965,0.184791,0.063201,0.013080,0.021197,0.000130,0.028153,0.002291
55.906000,SAMPLE,2,3.551184,-4.094118,0.183912,3.598990,-4.052733,0.197004,3.549417,-4.072927,0.186188,3.566335,-4.070253,0.181877,0.063231,0.013092,0.021264,0.002275,0.028267,0.002035
55.992000,SAMPLE,2,3.568167,-4.090984,0.181007,3.613714,-4.049813,0.194478,3.568093,-4.069085,0.182795,3.580802,-4.067487,0.179649,0.061397,0.013471,0.021899,0.001788,0.026678,0.001358
56.081000,SAMPLE,2,3.585022,-4.087922,0.178133,3.632104,-4.046222,0.191320,3.585778,-4.066015,0.179881,3.598993,-4.064122,0.176777,0.062894,0.013187,0.021920,0.001747,0.027598,0.001356
56.180000,SAMPLE,2,3.601484,-4.085008,0.170796,3.647614,-4.043265,0.184294,3.604744,-4.062388,0.176261,3.614751,-4.061250,0.171275,0.062213,0.013498,0.022854,0.005466,0.027212,0.000479
56.279000,SAMPLE,2,3.620776,-4.081827,0.155243,3.666047,-4.039965,0.169267,3.624680,-4.058912,0.165077,3.633053,-4.058085,0.156967,0.061659,0.014024,0.023245,0.009834,0.026728,0.001724
56.378000,SAMPLE,2,3.640558,-4.078892,0.139230,3.685206,-4.036850,0.153478,3.642894,-4.056536,0.149655,3.652687,-4.055117,0.140907,0.061327,0.014248,0.022478,0.010425,0.026690,0.001677
56.476000,SAMPLE,2,3.660064,-4.076314,0.123277,3.704233,-4.034058,0.137688,3.662481,-4.053679,0.133121,3.671468,-4.052544,0.125436,0.061127,0.014412,0.022764,0.009845,0.026364,0.002160
56.573000,SAMPLE,2,3.678831,-4.074133,0.109273,3.722833,-4.031628,0.123299,3.681059,-4.051246,0.117341,3.690467,-4.050276,0.111316,0.061179,0.014026,0.022995,0.008069,0.026543,0.002044
56.660000,SAMPLE,2,3.695056,-4.072444,0.097283,3.742436,-4.029335,0.108610,3.703354,-4.049119,0.102717,3.709680,-4.048229,0.097930,0.064056,0.011326,0.024757,0.005434,0.028288,0.000647
56.750000,SAMPLE,2,3.714395,-4.070704,0.083286,3.757514,-4.027782,0.097528,3.720721,-4.046922,0.086624,3.725186,-4.046805,0.085382,0.060840,0.014242,0.024608,0.003338,0.026222,0.002096
56.847000,SAMPLE,2,3.730300,-4.069440,0.076205,3.776181,-4.026046,0.089354,3.738196,-4.045891,0.075811,3.744302,-4.045303,0.076971,0.063151,0.013149,0.024838,0.000395,0.027905,0.000765
56.940000,SAMPLE,2,3.749312,-4.068021,0.072929,3.796104,-4.024296,0.086012,3.756698,-4.043536,0.071245,3.763822,-4.043760,0.072986,0.064042,0.013083,0.025575,0.001684,0.028269,0.000057
57.038000,SAMPLE,2,3.769525,-4.066577,0.069740,3.812047,-4.022942,0.083486,3.776916,-4.041463,0.068123,3.779780,-4.042608,0.070460,0.060927,0.013746,0.026179,0.001617,0.026071,0.000721
57.139000,SAMPLE,2,3.789942,-4.065183,0.066518,3.831980,-4.021306,0.080328,3.797033,-4.040622,0.065005,3.799586,-4.041056,0.066401,0.060766,0.013809,0.025565,0.001514,0.025983,0.000118
57.238000,SAMPLE,2,3.809238,-4.063908,0.065946,3.851171,-4.019776,0.079412,3.797033,-4.040622,0.065005,3.818702,-4.039795,0.065769,0.060877,0.013466,0.026291,0.000941,0.025904,0.000176
57.335000,SAMPLE,2,3.827074,-4.062730,0.065946,3.869293,-4.018334,0.079412,3.837145,-4.037930,0.062251,3.836838,-4.038631,0.064466,0.061266,0.013466,0.026767,0.003694,0.026003,0.001480
57.434000,SAMPLE,2,3.846996,-4.061437,0.063217,3.888728,-4.016805,0.077012,3.856439,-4.037595,0.060756,3.856377,-4.037377,0.062571,0.061102,0.013795,0.025644,0.002462,0.025824,0.000646
57.534000,SAMPLE,2,3.863619,-4.060407,0.060470,3.907863,-4.015359,0.073854,3.876445,-4.034865,0.058123,3.876061,-4.036081,0.058778,0.063141,0.013384,0.028581,0.002347,0.027323,0.001692
57.629000,SAMPLE,2,3.882155,-4.059314,0.057344,3.926540,-4.014007,0.070696,3.896062,-4.035147,0.055134,3.894893,-4.034997,0.055620,0.063425,0.013353,0.027882,0.002210,0.027451,0.001724
57.728000,SAMPLE,2,3.902061,-4.058202,0.054154,3.946156,-4.012649,0.067538,3.915514,-4.033659,0.051885,3.915136,-4.033911,0.052162,0.063400,0.013384,0.027989,0.002269,0.027587,0.001993
57.822000,SAMPLE,2,3.919940,-4.057259,0.051123,3.964663,-4.011426,0.064381,3.915514,-4.033659,0.051885,3.933638,-4.032968,0.049004,0.064038,0.013258,0.024012,0.000763,0.027888,0.002119
57.916000,SAMPLE,2,3.939392,-4.056287,0.049846,3.980400,-4.010429,0.063004,3.931817,-4.032248,0.049134,3.948870,-4.032126,0.047632,0.061519,0.013158,0.025205,0.000713,0.025953,0.002214
58.015000,SAMPLE,2,3.956025,-4.055419,0.055628,4.000116,-4.009139,0.069152,3.951084,-4.030930,0.047207,3.968361,-4.031040,0.053854,0.063920,0.013524,0.024982,0.008421,0.027322,0.001774
58.106000,SAMPLE,2,3.974134,-4.054328,0.064912,4.018738,-4.007761,0.078625,3.972582,-4.029991,0.054186,3.986536,-4.029935,0.062655,0.064482,0.013714,0.024386,0.010725,0.027364,0.002257
58.202000,SAMPLE,2,3.992447,-4.053049,0.075412,4.038312,-4.006117,0.089999,3.991843,-4.029374,0.063418,4.006389,-4.028601,0.072917,0.065621,0.014587,0.023683,0.011994,0.028144,0.002495
58.301000,SAMPLE,2,4.012125,-4.051411,0.091267,4.057818,-4.004206,0.105644,4.010407,-4.027559,0.074481,4.025911,-4.026985,0.088196,0.065697,0.014377,0.023914,0.016786,0.028047,0.003072
58.388000,SAMPLE,2,4.028748,-4.049797,0.101514,4.072601,-4.002568,0.114470,4.029679,-4.025862,0.090088,4.040649,-4.025545,0.096254,0.064450,0.012956,0.023954,0.011426,0.027015,0.005261
58.482000,SAMPLE,2,4.044991,-4.048073,0.110641,4.092082,-4.000228,0.125594,4.048398,-4.024720,0.100727,4.060227,-4.023562,0.106919,0.067132,0.014953,0.023600,0.009914,0.028861,0.003722
58.573000,SAMPLE,2,4.062984,-4.045947,0.124906,4.107943,-3.998125,0.138094,4.068628,-4.022677,0.113066,4.076181,-4.021779,0.119317,0.065637,0.013188,0.023945,0.011839,0.027537,0.005589
58.672000,SAMPLE,2,4.081887,-4.043428,0.139303,4.126919,-3.995341,0.152433,4.087283,-4.020145,0.128669,4.095142,-4.019358,0.133084,0.065880,0.013130,0.023900,0.010634,0.027478,0.006219
58.764000,SAMPLE,2,4.100308,-4.040756,0.148558,4.146453,-3.992239,0.162183,4.106961,-4.018842,0.141190,4.114759,-4.016756,0.143439,0.066957,0.013625,0.022902,0.007368,0.028015,0.005119
58.861000,SAMPLE,2,4.119579,-4.037778,0.158316,4.165282,-3.989067,0.171657,4.126378,-4.015741,0.150788,4.134049,-4.013934,0.153565,0.066794,0.013341,0.023062,0.007528,0.027891,0.004751
58.954000,SAMPLE,2,4.133508,-4.035502,0.165800,4.179503,-3.986547,0.179236,4.144734,-4.012712,0.160326,4.148235,-4.011740,0.161349,0.067172,0.013435,0.025404,0.005475,0.027955,0.004452
59.051000,SAMPLE,2,4.152217,-4.032252,0.179141,4.198662,-3.982949,0.192865,4.161181,-4.008614,0.171185,4.167543,-4.008496,0.175085,0.067734,0.013723,0.025281,0.007956,0.028271,0.004056
59.151000,SAMPLE,2,4.171635,-4.028578,0.195247,4.217952,-3.979026,0.208654,4.179639,-4.004599,0.186044,4.185720,-4.004909,0.189945,0.067828,0.013408,0.025279,0.009203,0.027543,0.005302
59.246000,SAMPLE,2,4.190607,-4.024671,0.209766,4.236765,-3.974890,0.222944,4.197524,-4.001403,0.201803,4.204329,-4.001075,0.204592,0.067888,0.013178,0.024275,0.007964,0.027296,0.005174
59.332000,SAMPLE,2,4.206924,-4.021086,0.224437,4.252348,-3.971258,0.236375,4.197524,-4.001403,0.201803,4.219982,-3.997762,0.217224,0.067425,0.011938,0.021813,0.022635,0.026731,0.007214
59.425000,SAMPLE,2,4.222358,-4.017423,0.241295,4.271740,-3.966369,0.256741,4.217655,-3.997557,0.215046,4.238737,-3.993452,0.235833,0.071029,0.015446,0.020415,0.026249,0.029033,0.005462
59.505000,SAMPLE,2,4.238148,-4.013421,0.255216,4.286519,-3.962388,0.269557,4.237757,-3.992653,0.236149,4.253423,-3.989722,0.248527,0.070314,0.014341,0.020772,0.019067,0.028195,0.006689
59.602000,SAMPLE,2,4.257462,-4.008185,0.274019,4.305603,-3.956919,0.287896,4.256171,-3.988331,0.253940,4.272099,-3.984768,0.267755,0.070326,0.013878,0.019896,0.020079,0.027616,0.006263
59.695000,SAMPLE,2,4.274767,-4.003154,0.292942,4.320908,-3.952256,0.304357,4.274495,-3.983036,0.272180,4.287330,-3.980355,0.283890,0.068700,0.011415,0.020120,0.020762,0.026031,0.009052
59.795000,SAMPLE,2,4.293494,-3.997273,0.315711,4.339431,-3.946212,0.326462,4.293404,-3.977430,0.292886,4.305829,-3.974641,0.306028,0.068684,0.010752,0.019843,0.022825,0.025775,0.009683
59.889000,SAMPLE,2,4.308213,-3.992347,0.329613,4.358312,-3.939617,0.344438,4.311283,-3.970979,0.314979,4.324592,-3.968311,0.324897,0.072735,0.014825,0.021587,0.014635,0.029086,0.004717
59.982000,SAMPLE,2,4.326374,-3.985979,0.345245,4.376758,-3.932837,0.360228,4.330183,-3.965657,0.331951,4.342870,-3.961927,0.340828,0.073230,0.014983,0.020676,0.013294,0.029165,0.004417
60.076000,SAMPLE,2,4.343051,-3.979816,0.364612,4.391567,-3.927123,0.377510,4.350963,-3.960410,0.346691,4.357519,-3.956884,0.357166,0.071627,0.012897,0.020957,0.017921,0.027115,0.007447
60.175000,SAMPLE,2,4.361416,-3.972496,0.396052,4.410050,-3.919483,0.408075,4.367336,-3.952135,0.371932,4.375589,-3.949889,0.386035,0.071941,0.012024,0.021203,0.024120,0.026683,0.010016
60.274000,SAMPLE,2,4.379106,-3.964721,0.433473,4.427785,-3.911443,0.444112,4.384988,-3.945463,0.405244,4.393398,-3.942316,0.421470,0.072168,0.010639,0.020137,0.028229,0.026576,0.012003
60.370000,SAMPLE,2,4.396382,-3.956305,0.472552,4.445668,-3.902490,0.483449,4.401542,-3.938976,0.444174,4.411193,-3.934053,0.460946,0.072974,0.010897,0.018081,0.028378,0.026731,0.011606
60.465000,SAMPLE,2,4.412826,-3.947585,0.501836,4.463223,-3.892909,0.514404,4.419957,-3.930945,0.480997,4.428754,-3.925189,0.492546,0.074359,0.012568,0.018103,0.020839,0.027482,0.009290
60.553000,SAMPLE,2,4.425291,-3.940576,0.523152,4.476807,-3.885029,0.537141,4.435634,-3.921486,0.510788,4.442456,-3.917688,0.515283,0.075759,0.013989,0.021712,0.012364,0.028610,0.007869
60.647000,SAMPLE,2,4.440893,-3.931314,0.548354,4.493236,-3.874952,0.563212,4.452529,-3.911606,0.537465,4.458110,-3.908583,0.541262,0.076919,0.014858,0.022886,0.010889,0.028516,0.007092
60.744000,SAMPLE,2,4.457114,-3.921063,0.578891,4.509977,-3.864010,0.594033,4.470068,-3.901159,0.567335,4.474918,-3.898170,0.573558,0.077778,0.015143,0.023748,0.011555,0.029001,0.005333
60.842000,SAMPLE,2,4.472928,-3.910396,0.609240,4.525961,-3.852870,0.624354,4.470068,-3.901159,0.567335,4.491117,-3.887439,0.602979,0.078242,0.015114,0.009670,0.041905,0.029289,0.006261
60.924000,SAMPLE,2,4.486252,-3.900811,0.638543,4.538812,-3.843339,0.651986,4.488144,-3.890531,0.596949,4.503885,-3.878676,0.629329,0.077882,0.013443,0.010453,0.041594,0.028300,0.009214
61.009000,SAMPLE,2,4.498136,-3.891769,0.661906,4.551408,-3.833473,0.676202,4.501685,-3.878351,0.628955,4.516125,-3.869456,0.651905,0.078971,0.014295,0.013879,0.032951,0.028662,0.010002
61.102000,SAMPLE,2,4.511890,-3.880767,0.688054,4.566537,-3.820981,0.704623,4.516358,-3.865750,0.659095,4.530850,-3.857587,0.679534,0.080998,0.016569,0.015667,0.028959,0.029947,0.008520
61.192000,SAMPLE,2,4.524850,-3.869825,0.715162,4.578168,-3.810855,0.728610,4.530592,-3.853618,0.687417,4.542411,-3.847551,0.703689,0.079500,0.013448,0.017194,0.027745,0.028364,0.011473
61.292000,SAMPLE,2,4.539767,-3.856465,0.743886,4.592889,-3.797317,0.756631,4.544125,-3.843401,0.720595,4.556277,-3.835265,0.731562,0.079501,0.012745,0.013772,0.023290,0.026871,0.012324
61.392000,SAMPLE,2,4.554015,-3.843039,0.768636,4.606893,-3.783787,0.780462,4.560823,-3.828423,0.744848,4.570228,-3.822178,0.755891,0.079416,0.011826,0.016124,0.023788,0.026421,0.012745
61.485000,SAMPLE,2,4.567216,-3.829902,0.797418,4.620893,-3.769505,0.810302,4.575081,-3.817709,0.769605,4.584492,-3.808390,0.785049,0.080803,0.012884,0.014510,0.027813,0.027590,0.012368
61.581000,SAMPLE,2,4.578552,-3.818050,0.817365,4.634500,-3.754848,0.833912,4.587914,-3.803764,0.799777,4.598489,-3.793822,0.810836,0.084408,0.016547,0.017081,0.017588,0.031377,0.006529
61.674000,SAMPLE,2,4.590756,-3.804767,0.838586,4.644671,-3.743439,0.851596,4.601217,-3.788654,0.822478,4.608569,-3.782755,0.829054,0.081657,0.013010,0.019211,0.016108,0.028317,0.009532
61.772000,SAMPLE,2,4.603562,-3.790150,0.865265,4.657490,-3.728420,0.877870,4.613084,-3.774854,0.844618,4.621098,-3.768531,0.854430,0.081969,0.012605,0.018017,0.020647,0.027836,0.010835
61.872000,SAMPLE,2,4.615782,-3.775387,0.892789,4.669536,-3.713496,0.904841,4.624114,-3.759264,0.874044,4.632694,-3.754250,0.880453,0.081975,0.012052,0.018149,0.018745,0.027070,0.012336
61.967000,SAMPLE,2,4.626974,-3.761174,0.915092,4.680863,-3.698743,0.927223,4.635133,-3.744788,0.898838,4.643765,-3.739746,0.903954,0.082472,0.012131,0.018304,0.016254,0.027222,0.011138
62.064000,SAMPLE,2,4.636420,-3.748622,0.937017,4.692442,-3.682878,0.953965,4.648362,-3.731093,0.921314,4.655218,-3.724615,0.929125,0.086376,0.016948,0.021210,0.015702,0.030491,0.007891
62.158000,SAMPLE,2,4.646896,-3.733958,0.964868,4.701042,-3.670460,0.976702,4.659002,-3.716392,0.948888,4.663726,-3.712611,0.952372,0.083450,0.011834,0.021334,0.015980,0.027184,0.012496
62.257000,SAMPLE,2,4.657035,-3.718905,0.991021,4.711115,-3.655113,1.002623,4.669922,-3.702161,0.977006,4.674228,-3.697503,0.978605,0.083631,0.011601,0.021129,0.014016,0.027453,0.012416
62.357000,SAMPLE,2,4.667470,-3.702465,1.020011,4.721505,-3.638321,1.031044,4.677958,-3.685298,1.003708,4.684542,-3.681604,1.006719,0.083871,0.011033,0.020117,0.016303,0.026956,0.013292
62.457000,SAMPLE,2,4.677063,-3.686339,1.047735,4.730888,-3.622152,1.058265,4.687754,-3.669391,1.031897,4.693089,-3.666193,1.034141,0.083768,0.010530,0.020037,0.015838,0.025742,0.013594
62.544000,SAMPLE,2,4.685386,-3.671500,1.072296,4.740200,-3.605073,1.085386,4.697805,-3.653340,1.057867,4.702716,-3.648885,1.062958,0.086122,0.013090,0.022000,0.014429,0.028492,0.009337
62.638000,SAMPLE,2,4.692665,-3.657767,1.094284,4.747420,-3.591008,1.107223,4.697805,-3.653340,1.057867,4.710278,-3.635024,1.084695,0.086341,0.012939,0.006783,0.036417,0.028766,0.009589
62.733000,SAMPLE,2,4.700483,-3.642143,1.119852,4.755345,-3.574637,1.133044,4.715480,-3.621776,1.111765,4.718074,-3.619702,1.109451,0.086988,0.013192,0.025293,0.008087,0.028513,0.010401
62.831000,SAMPLE,2,4.708694,-3.624689,1.142456,4.763414,-3.556867,1.155452,4.723660,-3.604846,1.134484,4.726130,-3.602161,1.133690,0.087144,0.012996,0.024854,0.007972,0.028487,0.008766
62.927000,SAMPLE,2,4.716054,-3.608110,1.163897,4.770955,-3.539245,1.177557,4.730921,-3.587788,1.156502,4.733853,-3.584662,1.156748,0.088071,0.013660,0.025180,0.007396,0.029438,0.007149
63.021000,SAMPLE,2,4.723026,-3.591421,1.187343,4.777950,-3.521818,1.201362,4.730921,-3.587788,1.156502,4.741284,-3.567325,1.179854,0.088663,0.014019,0.008691,0.030841,0.030231,0.007489
63.122000,SAMPLE,2,4.730052,-3.573412,1.210268,4.784814,-3.503471,1.224017,4.736234,-3.570788,1.180080,4.747981,-3.549571,1.202013,0.088829,0.013749,0.006715,0.030188,0.029830,0.008255
63.222000,SAMPLE,2,4.735383,-3.558870,1.229058,4.790927,-3.485960,1.246123,4.749904,-3.535577,1.225337,4.753603,-3.532521,1.225401,0.091657,0.017065,0.027449,0.003721,0.032036,0.003657
63.314000,SAMPLE,2,4.741162,-3.542051,1.250927,4.795508,-3.471932,1.263807,4.749904,-3.535577,1.225337,4.758512,-3.518581,1.243085,0.088714,0.012880,0.010878,0.025590,0.029186,0.007842
63.414000,SAMPLE,2,4.747120,-3.523376,1.273474,4.801260,-3.453074,1.285912,4.756854,-3.518428,1.248234,4.764201,-3.500854,1.264462,0.088733,0.012438,0.010920,0.025241,0.028267,0.009012
63.509000,SAMPLE,2,4.752347,-3.505622,1.296021,4.806309,-3.435107,1.308017,4.762727,-3.499745,1.270215,4.769411,-3.482927,1.287629,0.088794,0.011996,0.011929,0.025806,0.028395,0.008392
63.611000,SAMPLE,2,4.757426,-3.486814,1.318332,4.811182,-3.416145,1.330123,4.768412,-3.482837,1.291730,4.774477,-3.464480,1.309676,0.088791,0.011790,0.011683,0.026603,0.028098,0.008657
63.710000,SAMPLE,2,4.761333,-3.471169,1.333321,4.815577,-3.397487,1.347870,4.773804,-3.464072,1.313719,4.779084,-3.446348,1.327447,0.091495,0.014549,0.014349,0.019602,0.030514,0.005874
63.806000,SAMPLE,2,4.765471,-3.453462,1.349426,4.819439,-3.379810,1.363660,4.777988,-3.446783,1.331872,4.783077,-3.429253,1.343480,0.091309,0.014233,0.014188,0.017554,0.029934,0.005946
63.903000,SAMPLE,2,4.769520,-3.434800,1.365058,4.823333,-3.360515,1.379449,4.780488,-3.428342,1.347640,4.786991,-3.410272,1.359469,0.091729,0.014391,0.012728,0.017418,0.030114,0.005589
63.999000,SAMPLE,2,4.773147,-3.416734,1.380532,4.826146,-3.345491,1.392081,4.784746,-3.409489,1.363325,4.789801,-3.395292,1.372819,0.088794,0.011549,0.013675,0.017206,0.027149,0.007713
64.094000,SAMPLE,2,4.776427,-3.398973,1.395991,4.829314,-3.327121,1.407870,4.790276,-3.391183,1.379434,4.793218,-3.377435,1.388666,0.089217,0.011879,0.015889,0.016557,0.027309,0.007325
64.188000,SAMPLE,2,4.779093,-3.383299,1.408938,4.832356,-3.307663,1.423660,4.793090,-3.372372,1.395131,4.796459,-3.358472,1.404487,0.092508,0.014722,0.017757,0.013807,0.030298,0.004451
64.285000,SAMPLE,2,4.781963,-3.364810,1.425043,4.834941,-3.289233,1.439449,4.797255,-3.353739,1.410731,4.799360,-3.340510,1.420262,0.092297,0.014406,0.018879,0.014312,0.029886,0.004781
64.368000,SAMPLE,2,4.784079,-3.349705,1.438148,4.836810,-3.274339,1.452081,4.799422,-3.335890,1.426674,4.801439,-3.325805,1.432914,0.091982,0.013932,0.020646,0.011474,0.029539,0.005234
64.464000,SAMPLE,2,4.786533,-3.330139,1.454254,4.838986,-3.254807,1.467870,4.801814,-3.316633,1.442594,4.803888,-3.306244,1.449326,0.091793,0.013617,0.020394,0.011660,0.029532,0.004927
64.553000,SAMPLE,2,4.788357,-3.313594,1.466995,4.840429,-3.239941,1.479452,4.803601,-3.298027,1.458386,4.805437,-3.291785,1.460882,0.090202,0.012457,0.021787,0.008608,0.027701,0.006112
64.648000,SAMPLE,2,4.789821,-3.298992,1.474692,4.842031,-3.221420,1.489202,4.806611,-3.280205,1.469700,4.807358,-3.273518,1.471018,0.093505,0.014510,0.025196,0.004992,0.030927,0.003674
64.738000,SAMPLE,2,4.791489,-3.280877,1.483502,4.843261,-3.205647,1.496781,4.808085,-3.261259,1.479347,4.808887,-3.257803,1.478597,0.091323,0.013278,0.025697,0.004156,0.028898,0.004905
64.837000,SAMPLE,2,4.793055,-3.261946,1.493260,4.844557,-3.186987,1.506254,4.808416,-3.241690,1.488893,4.810431,-3.239613,1.488215,0.090947,0.012994,0.025422,0.004368,0.028297,0.005045
64.914000,SAMPLE,2,4.794220,-3.246156,1.501029,4.845492,-3.171584,1.513833,4.808416,-3.241690,1.488893,4.811421,-3.224330,1.495929,0.090498,0.012804,0.014882,0.012136,0.027790,0.005100
65.003000,SAMPLE,2,4.795380,-3.228492,1.509650,4.846521,-3.151927,1.523307,4.809305,-3.223735,1.498386,4.812517,-3.205204,1.505517,0.092075,0.013657,0.014715,0.011264,0.028915,0.004133
65.100000,SAMPLE,2,4.796277,-3.212815,1.517702,4.847315,-3.133386,1.532781,4.811085,-3.204635,1.508102,4.813242,-3.190667,1.513232,0.094413,0.015078,0.016917,0.009600,0.027899,0.004470
65.191000,SAMPLE,2,4.797140,-3.195127,1.526418,4.847855,-3.117605,1.540360,4.812833,-3.185212,1.517599,4.814186,-3.171367,1.522818,0.092637,0.013941,0.018563,0.008820,0.029243,0.003601
65.291000,SAMPLE,2,4.797919,-3.175550,1.534676,4.848352,-3.098444,1.548383,4.812245,-3.166619,1.526247,4.814759,-3.153057,1.530858,0.092135,0.013707,0.016881,0.008429,0.028098,0.003818
65.384000,SAMPLE,2,4.798539,-3.157524,1.538097,4.848725,-3.080332,1.551817,4.813153,-3.147664,1.533371,4.815229,-3.134778,1.534842,0.092072,0.013720,0.017630,0.004726,0.028213,0.003255
65.484000,SAMPLE,2,4.799155,-3.137725,1.541286,4.849067,-3.060671,1.554975,4.813935,-3.129633,1.535632,4.815732,-3.115351,1.537915,0.091807,0.013689,0.016850,0.005655,0.027846,0.003371
65.556000,SAMPLE,2,4.799549,-3.123850,1.543592,4.849238,-3.049189,1.556870,4.814606,-3.109452,1.538971,4.815938,-3.104170,1.539775,0.089685,0.013278,0.020833,0.004621,0.025611,0.003817
65.650000,SAMPLE,2,4.799926,-3.109305,1.546150,4.849462,-3.031032,1.560028,4.814348,-3.090782,1.542122,4.816237,-3.086207,1.542906,0.092631,0.013878,0.023476,0.004028,0.028277,0.003244
65.742000,SAMPLE,2,4.800358,-3.090667,1.549181,4.849642,-3.011433,1.563186,4.815221,-3.071575,1.545341,4.816598,-3.066242,1.546168,0.093311,0.014005,0.024196,0.003840,0.029331,0.003013
65.839000,SAMPLE,2,4.800730,-3.072153,1.552244,4.849739,-2.996159,1.565712,4.815221,-3.071575,1.545341,4.816957,-3.051067,1.548694,0.090426,0.013468,0.014502,0.006903,0.026607,0.003550
65.926000,SAMPLE,2,4.801022,-3.055077,1.555149,4.849804,-2.977507,1.568870,4.816138,-3.053632,1.549358,4.817230,-3.033695,1.551733,0.091634,0.013721,0.015185,0.005791,0.026831,0.003416
66.018000,SAMPLE,2,4.801286,-3.036465,1.558149,4.849815,-2.961665,1.571396,4.816291,-3.033976,1.552218,4.817392,-3.018927,1.554108,0.089164,0.013247,0.015210,0.005931,0.023811,0.004041
66.106000,SAMPLE,2,4.801470,-3.021547,1.558497,4.849790,-2.942991,1.572250,4.817036,-3.015191,1.555668,4.817633,-3.000325,1.554912,0.092227,0.013753,0.016813,0.002829,0.026676,0.003586
66.195000,SAMPLE,2,4.801670,-3.005287,1.558497,4.849768,-2.928233,1.572250,4.817873,-2.996509,1.556518,4.817870,-2.985520,1.555209,0.090833,0.013753,0.018428,0.001979,0.025557,0.003288
66.290000,SAMPLE,2,4.801905,-2.986215,1.558497,4.849740,-2.908549,1.572250,4.818690,-2.976895,1.556752,4.818239,-2.965869,1.555496,0.091215,0.013753,0.019199,0.001744,0.026091,0.003001
66.389000,SAMPLE,2,4.802134,-2.967594,1.558497,4.849713,-2.889918,1.572250,4.817143,-2.957554,1.556482,4.818368,-2.947258,1.555685,0.091090,0.013753,0.018057,0.002015,0.026021,0.002812
66.486000,SAMPLE,2,4.802370,-2.948418,1.558497,4.849686,-2.871349,1.572250,4.817829,-2.938924,1.556516,4.818572,-2.927973,1.555839,0.090434,0.013753,0.018142,0.001981,0.026086,0.002657
66.587000,SAMPLE,2,4.802616,-2.928430,1.558497,4.849657,-2.851697,1.572250,4.818540,-2.920364,1.556930,4.818834,-2.908443,1.556048,0.090005,0.013753,0.017851,0.001566,0.025740,0.002449
66.677000,SAMPLE,2,4.802787,-2.914483,1.558497,4.849635,-2.836791,1.572250,4.819991,-2.901365,1.557135,4.819162,-2.894091,1.556257,0.090723,0.013753,0.021635,0.001361,0.026152,0.002239
66.770000,SAMPLE,2,4.803015,-2.895629,1.559896,4.849603,-2.817318,1.573750,4.819786,-2.882072,1.557089,4.819487,-2.874462,1.558412,0.091121,0.013854,0.021565,0.002807,0.026821,0.001484
66.870000,SAMPLE,2,4.803210,-2.876099,1.560972,4.849530,-2.798171,1.574700,4.819860,-2.862309,1.559568,4.819740,-2.854818,1.559440,0.090655,0.013728,0.021619,0.001405,0.026946,0.001532
66.969000,SAMPLE,2,4.803393,-2.857456,1.560972,4.849459,-2.780065,1.574700,4.819338,-2.843401,1.559516,4.819888,-2.836242,1.559456,0.090064,0.013728,0.021256,0.001456,0.026872,0.001516
67.066000,SAMPLE,2,4.803544,-2.838351,1.566736,4.849345,-2.760487,1.580450,4.819761,-2.825629,1.560507,4.820056,-2.816309,1.565466,0.090336,0.013714,0.020612,0.006230,0.027541,0.001270
67.164000,SAMPLE,2,4.803491,-2.819356,1.581459,4.849030,-2.741384,1.594984,4.819554,-2.805108,1.570282,4.820032,-2.797290,1.579010,0.090296,0.013525,0.021472,0.011177,0.027577,0.002449
67.243000,SAMPLE,2,4.803290,-2.806859,1.591837,4.848576,-2.726486,1.606566,4.818820,-2.786972,1.585895,4.819733,-2.782493,1.590568,0.092254,0.014728,0.025233,0.005943,0.029395,0.001269
67.343000,SAMPLE,2,4.802788,-2.787457,1.601398,4.847764,-2.706503,1.616197,4.818466,-2.767440,1.597061,4.819134,-2.762141,1.600195,0.092609,0.014799,0.025426,0.004337,0.030135,0.001203
67.434000,SAMPLE,2,4.802150,-2.769283,1.610587,4.847022,-2.691426,1.623776,4.818284,-2.748966,1.606787,4.818652,-2.747160,1.607774,0.089862,0.013189,0.025943,0.003800,0.027600,0.002813
67.531000,SAMPLE,2,4.801346,-2.751245,1.619872,4.845952,-2.672931,1.633250,4.817393,-2.730966,1.616305,4.817768,-2.728458,1.617273,0.090126,0.013378,0.025861,0.003567,0.028089,0.002598
67.629000,SAMPLE,2,4.800244,-2.731316,1.631890,4.844582,-2.652978,1.645173,4.816153,-2.711536,1.628167,4.816641,-2.708374,1.628996,0.090015,0.013284,0.025384,0.003723,0.028200,0.002894
67.723000,SAMPLE,2,4.799286,-2.716538,1.639374,4.843096,-2.634216,1.654647,4.816153,-2.711536,1.628167,4.815483,-2.689694,1.638469,0.093254,0.015273,0.017593,0.011207,0.031353,0.000905
67.818000,SAMPLE,2,4.797912,-2.697532,1.645015,4.841742,-2.618548,1.658600,4.816063,-2.691699,1.637974,4.814454,-2.674099,1.642424,0.090330,0.013585,0.019065,0.007040,0.028683,0.002590
67.912000,SAMPLE,2,4.796492,-2.678816,1.648109,4.840024,-2.599383,1.661758,4.814695,-2.673128,1.644123,4.813108,-2.655355,1.645786,0.090580,0.013648,0.019071,0.003986,0.028749,0.002323
68.009000,SAMPLE,2,4.795071,-2.660829,1.651267,4.838350,-2.581344,1.664916,4.812344,-2.654712,1.647228,4.811661,-2.637678,1.649101,0.090504,0.013648,0.018325,0.004039,0.028482,0.002166
68.109000,SAMPLE,2,4.793433,-2.640930,1.654488,4.836475,-2.561813,1.668073,4.811485,-2.635594,1.650526,4.810101,-2.618265,1.652411,0.090068,0.013585,0.018824,0.003962,0.028135,0.002078
68.208000,SAMPLE,2,4.791795,-2.621769,1.657678,4.834587,-2.542770,1.671231,4.809364,-2.615710,1.653656,4.808416,-2.598918,1.655800,0.089845,0.013554,0.018585,0.004021,0.028257,0.001877
68.307000,SAMPLE,2,4.790122,-2.602878,1.659684,4.832677,-2.524088,1.673316,4.810048,-2.597755,1.656611,4.807024,-2.580427,1.657723,0.089547,0.013632,0.020574,0.003073,0.028101,0.001961
68.399000,SAMPLE,2,4.788629,-2.586437,1.664268,4.831019,-2.508174,1.677142,4.807725,-2.579515,1.658965,4.805734,-2.564857,1.661766,0.089005,0.012874,0.020312,0.005303,0.027536,0.002502
68.499000,SAMPLE,2,4.786770,-2.567548,1.673742,4.828886,-2.489040,1.686616,4.805675,-2.558848,1.664648,4.804012,-2.545993,1.671065,0.089091,0.012874,0.020811,0.009093,0.027603,0.002677
68.587000,SAMPLE,2,4.784911,-2.550314,1.682588,4.826618,-2.470335,1.696089,4.804856,-2.540798,1.674447,4.802237,-2.527402,1.680490,0.090200,0.013501,0.022099,0.008141,0.028725,0.002098
68.683000,SAMPLE,2,4.782631,-2.530828,1.691999,4.824025,-2.450504,1.705563,4.800951,-2.522834,1.684382,4.800000,-2.508423,1.689645,0.090363,0.013564,0.019988,0.007616,0.028348,0.002354
68.777000,SAMPLE,2,4.780383,-2.513023,1.700999,4.821915,-2.435366,1.713142,4.800071,-2.501805,1.692167,4.798155,-2.493336,1.697224,0.088065,0.012143,0.022660,0.008832,0.026522,0.003775
68.859000,SAMPLE,2,4.778722,-2.500642,1.706707,4.819751,-2.420661,1.720071,4.793902,-2.483376,1.701525,4.796534,-2.479551,1.703790,0.089890,0.013364,0.022990,0.005182,0.027607,0.002917
68.941000,SAMPLE,2,4.776315,-2.483261,1.709860,4.816780,-2.401160,1.723610,4.793706,-2.464120,1.707190,4.793553,-2.460503,1.707197,0.091531,0.013751,0.025861,0.002670,0.028549,0.002663
69.039000,SAMPLE,2,4.773749,-2.465124,1.712923,4.814454,-2.386182,1.726137,4.788720,-2.445083,1.710271,4.791478,-2.445488,1.709723,0.088819,0.013214,0.025015,0.002652,0.026455,0.003200
69.126000,SAMPLE,2,4.771330,-2.448382,1.714829,4.811507,-2.367540,1.728284,4.788720,-2.445083,1.710271,4.788497,-2.426680,1.712361,0.090276,0.013455,0.017700,0.004558,0.027671,0.002468
69.223000,SAMPLE,2,4.768350,-2.428073,1.718497,4.808337,-2.347792,1.731889,4.786782,-2.427230,1.713008,4.785425,-2.406952,1.717120,0.089688,0.013392,0.018452,0.005490,0.027160,0.001378
69.323000,SAMPLE,2,4.765974,-2.412412,1.725138,4.805275,-2.329350,1.739847,4.782411,-2.407850,1.716361,4.782388,-2.389115,1.724546,0.091890,0.014709,0.017059,0.008777,0.028499,0.000593
69.410000,SAMPLE,2,4.763193,-2.394929,1.731673,4.802589,-2.313855,1.745176,4.780840,-2.390015,1.722881,4.779853,-2.373995,1.729446,0.090139,0.013503,0.018318,0.008792,0.026754,0.002228
69.507000,SAMPLE,2,4.759979,-2.375690,1.741147,4.799084,-2.294486,1.754650,4.777557,-2.371057,1.730099,4.776507,-2.354790,1.738695,0.090129,0.013503,0.018178,0.011048,0.026645,0.002452
69.607000,SAMPLE,2,4.756772,-2.357549,1.750620,4.795598,-2.276215,1.764123,4.776074,-2.351588,1.741053,4.773462,-2.337046,1.747892,0.090126,0.013503,0.020202,0.009567,0.026437,0.002728
69.694000,SAMPLE,2,4.753481,-2.339743,1.755340,4.792553,-2.260872,1.768302,4.771419,-2.333118,1.750235,4.770493,-2.321560,1.752296,0.088018,0.012963,0.019122,0.005104,0.024900,0.003044
69.788000,SAMPLE,2,4.750142,-2.321999,1.758340,4.788758,-2.242062,1.771460,4.768082,-2.313756,1.755177,4.766874,-2.302708,1.755760,0.088776,0.013121,0.019743,0.003163,0.025536,0.002580
69.885000,SAMPLE,2,4.747213,-2.306676,1.760992,4.785025,-2.223851,1.774618,4.764887,-2.295593,1.758245,4.763360,-2.284544,1.759150,0.091048,0.013626,0.020861,0.002747,0.027397,0.001842
69.985000,SAMPLE,2,4.743403,-2.286965,1.761783,4.781028,-2.204555,1.775060,4.758782,-2.277782,1.760657,4.759343,-2.265652,1.759455,0.090592,0.013277,0.017912,0.001126,0.026614,0.002329
70.075000,SAMPLE,2,4.739874,-2.268712,1.761783,4.777923,-2.189568,1.775060,4.756591,-2.256604,1.760744,4.756315,-2.250504,1.759699,0.087815,0.013277,0.020642,0.001039,0.024533,0.002084
70.170000,SAMPLE,2,4.736447,-2.251000,1.761783,4.774123,-2.171221,1.775060,4.752615,-2.239598,1.760849,4.752566,-2.231961,1.759921,0.088228,0.013277,0.019784,0.000934,0.024946,0.001862
70.270000,SAMPLE,2,4.732600,-2.231227,1.764562,4.770046,-2.151641,1.777587,4.751428,-2.219900,1.761358,4.748922,-2.212288,1.762476,0.087955,0.013025,0.021973,0.003204,0.025002,0.002086
70.367000,SAMPLE,2,4.729537,-2.215725,1.767183,4.766083,-2.132897,1.780745,4.744840,-2.200458,1.764300,4.745118,-2.193877,1.765503,0.090532,0.013561,0.021616,0.002883,0.026835,0.001680
70.464000,SAMPLE,2,4.725869,-2.197433,1.769552,4.762135,-2.114495,1.782766,4.741287,-2.181614,1.767499,4.741243,-2.175186,1.767422,0.090520,0.013213,0.022090,0.002053,0.027043,0.002131
70.550000,SAMPLE,2,4.722387,-2.180274,1.774204,4.758743,-2.098859,1.787502,4.737698,-2.163356,1.769857,4.737965,-2.159489,1.772134,0.089164,0.013298,0.022817,0.004347,0.025975,0.002071
70.633000,SAMPLE,2,4.718839,-2.163420,1.782541,4.755274,-2.083380,1.795081,4.735715,-2.143246,1.779152,4.734764,-2.144027,1.779712,0.087943,0.012540,0.026302,0.003389,0.025093,0.002828
70.731000,SAMPLE,2,4.714765,-2.144741,1.787319,4.751047,-2.065115,1.800210,4.731272,-2.125765,1.785560,4.730894,-2.125411,1.785813,0.087503,0.012892,0.025151,0.001759,0.025176,0.001505
70.818000,SAMPLE,2,4.711365,-2.129374,1.789845,4.747415,-2.049652,1.802737,4.731272,-2.125765,1.785560,4.727559,-2.110030,1.788291,0.087495,0.012892,0.020232,0.004285,0.025228,0.001554
70.917000,SAMPLE,2,4.707355,-2.111482,1.791992,4.743032,-2.031218,1.805168,4.726546,-2.107271,1.789264,4.723526,-2.092094,1.790762,0.087836,0.013176,0.019647,0.002729,0.025246,0.001231
71.003000,SAMPLE,2,4.703489,-2.094300,1.792006,4.738673,-2.012963,1.805168,4.724163,-2.089936,1.792022,4.719568,-2.073870,1.790994,0.088621,0.013162,0.021130,0.000017,0.025998,0.001012
71.096000,SAMPLE,2,4.699454,-2.076379,1.793506,4.734956,-1.997401,1.806068,4.719578,-2.067665,1.791628,4.716278,-2.058451,1.791112,0.086591,0.012562,0.021929,0.001877,0.024585,0.002394
71.190000,SAMPLE,2,4.695151,-2.057530,1.796808,4.730256,-1.977961,1.809687,4.715375,-2.050054,1.793601,4.711967,-2.038874,1.795095,0.086968,0.012878,0.021562,0.003207,0.025116,0.001714
71.288000,SAMPLE,2,4.691382,-2.041165,1.797156,4.725512,-1.958532,1.810318,4.710705,-2.030475,1.797013,4.707555,-2.019310,1.795965,0.089404,0.013162,0.022083,0.000143,0.027188,0.001190
71.384000,SAMPLE,2,4.686931,-2.021971,1.802019,4.720730,-1.939112,1.815939,4.705664,-2.010328,1.796756,4.703053,-1.999681,1.801715,0.089488,0.013920,0.022057,0.005263,0.027510,0.000304
71.481000,SAMPLE,2,4.682409,-2.003163,1.811682,4.716013,-1.920630,1.825413,4.701523,-1.990370,1.804160,4.698680,-1.980984,1.810932,0.089112,0.013731,0.023000,0.007522,0.027507,0.000750
71.569000,SAMPLE,2,4.678278,-1.986540,1.816160,4.711978,-1.905268,1.829279,4.698202,-1.975141,1.813334,4.695020,-1.965696,1.814360,0.087982,0.013118,0.022954,0.002827,0.026735,0.001800
71.664000,SAMPLE,2,4.673540,-1.967738,1.819287,4.706924,-1.886276,1.832437,4.692611,-1.956272,1.817359,4.690321,-1.946967,1.817727,0.088038,0.013150,0.022253,0.001927,0.026703,0.001559
71.763000,SAMPLE,2,4.668970,-1.949773,1.820866,4.702110,-1.868342,1.834016,4.685141,-1.934949,1.818771,4.685492,-1.928889,1.819708,0.087917,0.013150,0.021937,0.002094,0.026630,0.001158
71.860000,SAMPLE,2,4.664133,-1.930906,1.823311,4.698006,-1.853139,1.835445,4.683341,-1.917078,1.820918,4.681560,-1.913466,1.822349,0.084824,0.012133,0.023668,0.002393,0.024655,0.000962
71.955000,SAMPLE,2,4.659865,-1.914608,1.830917,4.692704,-1.833855,1.843621,4.678135,-1.898813,1.826326,4.676826,-1.894584,1.829465,0.087175,0.012704,0.024151,0.004591,0.026241,0.001452
72.050000,SAMPLE,2,4.655235,-1.897508,1.839917,4.687535,-1.815703,1.853095,4.673178,-1.880157,1.835882,4.672010,-1.876511,1.838719,0.087951,0.013178,0.024960,0.004035,0.026875,0.001197
72.141000,SAMPLE,2,4.650486,-1.880585,1.847719,4.682281,-1.797893,1.860968,4.666018,-1.861148,1.845009,4.666749,-1.858321,1.846956,0.088594,0.013249,0.024881,0.002710,0.027572,0.000763
72.233000,SAMPLE,2,4.645429,-1.862905,1.850911,4.677754,-1.782811,1.863652,4.666018,-1.861148,1.845009,4.662450,-1.843216,1.849745,0.086372,0.012741,0.020664,0.005902,0.026027,0.001166
72.320000,SAMPLE,2,4.641530,-1.849412,1.853374,4.673537,-1.768888,1.866179,4.660635,-1.842238,1.849713,4.658351,-1.829575,1.852148,0.086652,0.012804,0.020407,0.003661,0.026009,0.001227
72.405000,SAMPLE,2,4.636643,-1.832631,1.854161,4.667883,-1.750363,1.867126,4.656495,-1.826456,1.852495,4.652939,-1.811269,1.853237,0.088000,0.012965,0.020790,0.001665,0.026868,0.000924
72.485000,SAMPLE,2,4.631946,-1.816593,1.858595,4.663187,-1.735068,1.871466,4.652894,-1.810392,1.853733,4.648736,-1.796722,1.857034,0.087306,0.012871,0.021846,0.004862,0.026015,0.001561
72.571000,SAMPLE,2,4.627250,-1.800933,1.865050,4.658572,-1.720364,1.877645,4.646848,-1.790291,1.861444,4.644570,-1.782679,1.862560,0.086444,0.012595,0.022302,0.003606,0.025164,0.002490
72.667000,SAMPLE,2,4.621632,-1.782522,1.868322,4.652624,-1.701711,1.881066,4.640011,-1.771064,1.867455,4.638738,-1.763882,1.866491,0.086550,0.012743,0.021658,0.000868,0.025299,0.001832
72.765000,SAMPLE,2,4.616706,-1.766541,1.872175,4.646482,-1.682677,1.885973,4.635136,-1.750855,1.870084,4.632852,-1.744582,1.871964,0.088993,0.013798,0.024201,0.002091,0.027256,0.000211
72.863000,SAMPLE,2,4.610859,-1.748011,1.880158,4.640486,-1.664548,1.893463,4.630069,-1.731366,1.876737,4.627227,-1.726156,1.879262,0.088565,0.013305,0.025418,0.003420,0.027305,0.000895
72.959000,SAMPLE,2,4.605005,-1.729799,1.882552,4.635433,-1.649501,1.895452,4.623460,-1.714269,1.881770,4.622199,-1.710463,1.881599,0.085870,0.012901,0.024119,0.000782,0.025875,0.000952
73.054000,SAMPLE,2,4.599032,-1.711264,1.882552,4.629134,-1.630785,1.895452,4.617834,-1.694939,1.882290,4.616085,-1.691228,1.881725,0.085924,0.012901,0.024900,0.000262,0.026310,0.000827
73.152000,SAMPLE,2,4.593385,-1.693740,1.882552,4.623181,-1.613097,1.895452,4.613715,-1.678627,1.883241,4.610397,-1.673529,1.881725,0.085972,0.012901,0.025332,0.000689,0.026418,0.000827
73.249000,SAMPLE,2,4.587349,-1.675143,1.888339,4.616909,-1.594572,1.900700,4.607536,-1.660678,1.885045,4.604793,-1.655242,1.886304,0.085823,0.012360,0.024835,0.003294,0.026464,0.002036
73.342000,SAMPLE,2,4.581457,-1.657477,1.897247,4.610340,-1.575681,1.910173,4.599817,-1.640311,1.893226,4.598526,-1.636282,1.895654,0.086746,0.012926,0.025136,0.004021,0.027214,0.001593
73.430000,SAMPLE,2,4.576677,-1.643526,1.904637,4.605202,-1.561298,1.917752,4.599817,-1.640311,1.893226,4.593640,-1.621911,1.903233,0.087035,0.013116,0.023363,0.011411,0.027477,0.001404
73.525000,SAMPLE,2,4.570501,-1.625890,1.909577,4.598409,-1.542688,1.922705,4.594568,-1.622028,1.902502,4.587240,-1.603193,1.908301,0.087758,0.013128,0.024375,0.007076,0.028202,0.001276
73.617000,SAMPLE,2,4.564205,-1.608056,1.910272,4.592949,-1.527839,1.923179,4.588380,-1.603069,1.908675,4.582136,-1.588283,1.909000,0.085212,0.012907,0.024684,0.001597,0.026693,0.001272
73.709000,SAMPLE,2,4.558319,-1.591398,1.911209,4.586503,-1.510313,1.924000,4.581986,-1.584806,1.909729,4.576082,-1.570742,1.910398,0.085843,0.012791,0.024567,0.001480,0.027243,0.000811
73.801000,SAMPLE,2,4.552572,-1.575206,1.913027,4.580073,-1.492916,1.926150,4.575130,-1.569034,1.911834,4.571331,-1.557464,1.912188,0.086764,0.013123,0.023387,0.001192,0.025820,0.000839
73.896000,SAMPLE,2,4.545979,-1.556933,1.921729,4.574456,-1.477935,1.933281,4.568644,-1.550915,1.913950,4.564589,-1.538751,1.920555,0.083975,0.011552,0.023451,0.007780,0.026018,0.001174
73.995000,SAMPLE,2,4.540398,-1.541874,1.929782,4.567556,-1.459995,1.942755,4.562487,-1.532629,1.922969,4.558041,-1.520914,1.929769,0.086265,0.012973,0.023946,0.006813,0.027397,0.000013
74.088000,SAMPLE,2,4.533581,-1.523882,1.935057,4.560319,-1.441621,1.948087,4.554050,-1.515497,1.931871,4.550900,-1.502624,1.935667,0.086497,0.013029,0.022120,0.003186,0.027420,0.000610
74.183000,SAMPLE,2,4.526710,-1.505896,1.936573,4.553071,-1.423366,1.949666,4.546966,-1.496590,1.936040,4.543781,-1.484506,1.936375,0.086638,0.013092,0.022292,0.000533,0.027367,0.000198
74.275000,SAMPLE,2,4.520393,-1.489434,1.938089,4.547540,-1.409490,1.950708,4.540892,-1.476557,1.937183,4.538415,-1.470466,1.937159,0.084427,0.012619,0.024208,0.000906,0.026164,0.000930
74.365000,SAMPLE,2,4.513880,-1.472514,1.938780,4.540289,-1.391349,1.951566,4.534413,-1.458554,1.938250,4.531405,-1.452061,1.938349,0.085354,0.012785,0.024830,0.000530,0.026935,0.000431
74.457000,SAMPLE,2,4.507983,-1.457350,1.945272,4.534303,-1.376511,1.957679,4.527191,-1.440401,1.941280,4.525468,-1.436655,1.945077,0.085016,0.012406,0.025617,0.003992,0.027092,0.000196
74.543000,SAMPLE,2,4.501608,-1.441255,1.949685,4.526699,-1.358013,1.962818,4.520169,-1.420613,1.949148,4.518181,-1.417918,1.949974,0.086941,0.013133,0.027760,0.000538,0.028622,0.000288
74.636000,SAMPLE,2,4.494801,-1.424189,1.951043,4.520580,-1.343229,1.963797,4.512745,-1.403418,1.950819,4.512258,-1.403055,1.950605,0.084965,0.012754,0.027449,0.000224,0.027412,0.000438
74.735000,SAMPLE,2,4.487144,-1.405114,1.953285,4.512893,-1.324765,1.966166,4.505227,-1.384987,1.953568,4.504878,-1.384533,1.952540,0.084373,0.012880,0.027057,0.000282,0.027167,0.000746
74.825000,SAMPLE,2,4.480610,-1.388913,1.955654,4.505593,-1.307315,1.968534,4.497703,-1.367157,1.955228,4.497904,-1.367168,1.954630,0.085337,0.012880,0.027668,0.000426,0.027784,0.001024
74.910000,SAMPLE,2,4.474114,-1.372875,1.954457,4.499511,-1.292835,1.967510,4.497703,-1.367157,1.955228,4.491941,-1.352491,1.954264,0.083973,0.013053,0.024271,0.000770,0.027080,0.000193
75.009000,SAMPLE,2,4.468117,-1.357962,1.951805,4.492145,-1.275173,1.964352,4.490904,-1.349249,1.954804,4.484850,-1.334811,1.951327,0.086205,0.012548,0.024396,0.003000,0.028565,0.000478
75.084000,SAMPLE,2,4.462194,-1.343120,1.949120,4.486430,-1.261361,1.961826,4.483259,-1.332375,1.951897,4.479276,-1.321062,1.949031,0.085275,0.012706,0.023647,0.002777,0.027899,0.000090
75.171000,SAMPLE,2,4.456306,-1.328259,1.947748,4.480788,-1.247633,1.960550,4.475501,-1.313737,1.948050,4.473798,-1.307513,1.948496,0.084261,0.012802,0.024070,0.000302,0.027136,0.000748
75.266000,SAMPLE,2,4.449157,-1.310260,1.949472,4.473168,-1.229142,1.962321,4.468523,-1.296029,1.948477,4.466147,-1.288456,1.949953,0.084597,0.012849,0.024032,0.000995,0.027641,0.000481
75.364000,SAMPLE,2,4.441948,-1.292189,1.951009,4.465861,-1.211489,1.963868,4.462381,-1.278785,1.950406,4.459146,-1.270877,1.952205,0.084168,0.012859,0.024437,0.000603,0.027386,0.001195
75.456000,SAMPLE,2,4.436277,-1.277965,1.948967,4.459801,-1.196840,1.961784,4.455751,-1.259370,1.950315,4.453359,-1.256046,1.950187,0.084467,0.012817,0.026926,0.001348,0.027789,0.001220
75.547000,SAMPLE,2,4.429510,-1.260860,1.946030,4.452340,-1.178659,1.958626,4.448291,-1.241402,1.947578,4.446222,-1.237853,1.947011,0.085312,0.012596,0.027044,0.001549,0.028436,0.000981
75.647000,SAMPLE,2,4.422246,-1.242319,1.941334,4.445073,-1.160774,1.953768,4.440456,-1.223600,1.944399,4.439108,-1.219838,1.942027,0.084680,0.012434,0.026115,0.003065,0.028102,0.000693
75.738000,SAMPLE,2,4.415378,-1.224416,1.932584,4.439148,-1.145911,1.946373,4.433325,-1.205832,1.935722,4.433183,-1.204582,1.934550,0.082024,0.013790,0.025835,0.003138,0.026654,0.001966
75.822000,SAMPLE,2,4.409621,-1.209022,1.924531,4.432182,-1.127997,1.936900,4.433325,-1.205832,1.935722,4.426434,-1.186652,1.925076,0.084107,0.012368,0.023917,0.011191,0.027984,0.000545
75.911000,SAMPLE,2,4.403598,-1.192480,1.914331,4.426909,-1.114078,1.928271,4.426901,-1.187468,1.926235,4.421375,-1.172839,1.917227,0.081794,0.013940,0.023836,0.011904,0.026491,0.002896
75.990000,SAMPLE,2,4.398806,-1.178852,1.903811,4.421454,-1.099205,1.916639,4.420160,-1.170001,1.916024,4.416078,-1.158082,1.905133,0.082805,0.012829,0.023115,0.012214,0.027013,0.001322
76.085000,SAMPLE,2,4.393058,-1.161975,1.893389,4.415125,-1.081346,1.905205,4.413617,-1.151313,1.902392,4.409922,-1.140210,1.893859,0.083594,0.011816,0.023160,0.009003,0.027534,0.000470
76.180000,SAMPLE,2,4.387282,-1.144361,1.881743,4.410335,-1.067354,1.896126,4.407743,-1.133458,1.890358,4.405151,-1.125737,1.885168,0.080384,0.014383,0.023185,0.008614,0.025810,0.003425
76.276000,SAMPLE,2,4.381551,-1.126077,1.866809,4.404167,-1.048606,1.880705,4.402942,-1.114729,1.877564,4.399335,-1.107037,1.869946,0.080705,0.013896,0.024214,0.010755,0.026054,0.003136
76.376000,SAMPLE,2,4.376006,-1.107459,1.853065,4.398586,-1.030775,1.867416,4.394209,-1.094440,1.861947,4.393817,-1.089434,1.855876,0.079940,0.014350,0.022380,0.008881,0.025340,0.002811
76.476000,SAMPLE,2,4.370434,-1.087651,1.836747,4.393044,-1.012106,1.851626,4.390293,-1.077097,1.848095,4.388378,-1.070472,1.840344,0.078856,0.014879,0.022490,0.011348,0.024842,0.003597
76.576000,SAMPLE,2,4.366106,-1.071330,1.823010,4.387865,-0.993607,1.835837,4.384945,-1.058646,1.832089,4.383333,-1.051901,1.824779,0.080711,0.012827,0.022711,0.009079,0.025966,0.001769
76.671000,SAMPLE,2,4.361763,-1.053937,1.807694,4.383245,-0.976047,1.820047,4.381645,-1.041814,1.816740,4.379075,-1.034846,1.809882,0.080798,0.012353,0.023286,0.009046,0.025771,0.002188
76.752000,SAMPLE,2,4.357936,-1.037699,1.798613,4.379479,-0.960930,1.811616,4.374770,-1.022604,1.801520,4.375455,-1.019693,1.800251,0.079735,0.013003,0.022611,0.002907,0.025122,0.001638
76.839000,SAMPLE,2,4.354143,-1.021043,1.788889,4.375860,-0.945973,1.803334,4.374770,-1.022604,1.801520,4.371897,-1.005075,1.792869,0.078148,0.014445,0.020686,0.012631,0.023878,0.003981
76.936000,SAMPLE,2,4.350228,-1.002691,1.772783,4.371806,-0.928241,1.787545,4.370320,-1.003887,1.793602,4.367881,-0.987704,1.777832,0.077515,0.014761,0.020128,0.020819,0.023157,0.005048
77.036000,SAMPLE,2,4.346859,-0.985655,1.758991,4.367772,-0.909190,1.771755,4.362902,-0.964774,1.761298,4.363815,-0.968216,1.762428,0.079273,0.012764,0.026332,0.002307,0.024323,0.003437
77.121000,SAMPLE,2,4.343686,-0.968361,1.746127,4.364078,-0.890338,1.757866,4.362902,-0.964774,1.761298,4.360191,-0.948980,1.747430,0.080643,0.011739,0.019547,0.015171,0.025456,0.001303
77.219000,SAMPLE,2,4.340468,-0.949797,1.739997,4.361357,-0.875747,1.753260,4.358551,-0.946531,1.747476,4.357491,-0.934600,1.743034,0.076939,0.013263,0.018375,0.007479,0.022819,0.003037
77.313000,SAMPLE,2,4.337220,-0.930608,1.736934,4.357759,-0.856074,1.750102,4.355439,-0.927295,1.739580,4.353962,-0.914490,1.739355,0.077313,0.013169,0.018517,0.002646,0.023240,0.002421
77.410000,SAMPLE,2,4.334136,-0.912040,1.733776,4.354420,-0.837487,1.746945,4.352243,-0.907969,1.737397,4.350796,-0.896132,1.736065,0.077263,0.013169,0.018559,0.003621,0.023036,0.002289
77.502000,SAMPLE,2,4.331689,-0.897051,1.731194,4.351185,-0.819138,1.743787,4.350574,-0.889655,1.732580,4.347945,-0.878146,1.732586,0.080314,0.012593,0.020282,0.001387,0.024933,0.001392
77.594000,SAMPLE,2,4.328767,-0.878924,1.730526,4.348477,-0.803615,1.743502,4.346242,-0.869604,1.728950,4.345403,-0.862541,1.731384,0.077846,0.012977,0.019805,0.001576,0.023348,0.000858
77.684000,SAMPLE,2,4.326022,-0.861792,1.728284,4.345303,-0.785320,1.741071,4.344034,-0.851250,1.729920,4.342510,-0.844242,1.728818,0.078865,0.012787,0.020870,0.001636,0.024080,0.000534
77.782000,SAMPLE,2,4.323118,-0.843436,1.726774,4.342145,-0.766894,1.739523,4.340650,-0.832515,1.727233,4.339434,-0.824802,1.727273,0.078872,0.012749,0.020655,0.000459,0.024767,0.000499
77.868000,SAMPLE,2,4.320454,-0.826344,1.723995,4.339534,-0.751450,1.736997,4.337796,-0.814065,1.726182,4.337035,-0.809522,1.724902,0.077287,0.013002,0.021249,0.002186,0.023620,0.000907
77.958000,SAMPLE,2,4.317810,-0.809054,1.721027,4.337080,-0.736705,1.734471,4.334193,-0.795151,1.722950,4.334625,-0.794382,1.722367,0.074871,0.013444,0.021488,0.001923,0.022316,0.001340
78.047000,SAMPLE,2,4.315607,-0.794390,1.718508,4.334101,-0.718484,1.731313,4.332192,-0.777539,1.719712,4.331812,-0.775699,1.719179,0.078126,0.012805,0.023643,0.001205,0.024738,0.000671
78.134000,SAMPLE,2,4.313066,-0.777154,1.715717,4.331593,-0.702874,1.728787,4.332192,-0.777539,1.719712,4.329493,-0.760081,1.716641,0.076556,0.013070,0.019129,0.003996,0.023692,0.000924
78.215000,SAMPLE,2,4.310730,-0.760993,1.712969,4.329242,-0.687995,1.726260,4.329097,-0.757596,1.716216,4.327347,-0.745422,1.714155,0.075309,0.013291,0.018678,0.003247,0.022772,0.001186
78.303000,SAMPLE,2,4.308457,-0.744930,1.708887,4.326407,-0.669687,1.721602,4.326139,-0.738845,1.713135,4.324568,-0.726116,1.709813,0.077355,0.012715,0.018700,0.004248,0.024770,0.000926
78.398000,SAMPLE,2,4.305840,-0.725508,1.701383,4.324086,-0.654037,1.715045,4.323884,-0.719830,1.708166,4.322406,-0.710198,1.703494,0.073764,0.013661,0.018916,0.006783,0.022558,0.002111
78.484000,SAMPLE,2,4.304034,-0.711627,1.698896,4.321446,-0.635625,1.711545,4.321123,-0.699380,1.700787,4.319962,-0.691438,1.699635,0.077971,0.012648,0.021024,0.001891,0.025715,0.000739
78.572000,SAMPLE,2,4.301987,-0.695537,1.694821,4.319375,-0.620843,1.707568,4.319288,-0.680900,1.697468,4.318073,-0.676037,1.695935,0.076691,0.012747,0.022662,0.002648,0.025279,0.001114
78.668000,SAMPLE,2,4.299591,-0.675625,1.686973,4.316773,-0.601321,1.699821,4.316244,-0.663113,1.691198,4.315642,-0.656463,1.689068,0.076264,0.012848,0.020829,0.004225,0.024997,0.002095
78.760000,SAMPLE,2,4.297663,-0.658861,1.683820,4.314480,-0.583404,1.696452,4.314783,-0.643243,1.685019,4.313612,-0.638274,1.685499,0.077308,0.012633,0.023174,0.001199,0.026043,0.001679
78.861000,SAMPLE,2,4.295456,-0.638825,1.676012,4.312075,-0.563783,1.688318,4.310839,-0.624494,1.680491,4.311256,-0.618693,1.677379,0.076860,0.012306,0.021024,0.004480,0.025591,0.001368
78.958000,SAMPLE,2,4.293493,-0.619709,1.671205,4.310319,-0.548611,1.684479,4.309592,-0.605159,1.672758,4.309627,-0.603335,1.673701,0.073062,0.013273,0.021699,0.001553,0.022987,0.002495
79.057000,SAMPLE,2,4.291952,-0.604204,1.668490,4.308283,-0.530535,1.681321,4.306946,-0.586413,1.669034,4.307669,-0.585029,1.670143,0.075457,0.012831,0.023267,0.000544,0.024793,0.001653
79.155000,SAMPLE,2,4.290115,-0.584874,1.661346,4.306196,-0.511174,1.674071,4.305909,-0.568539,1.664208,4.305752,-0.565424,1.662645,0.075434,0.012725,0.022722,0.002862,0.024955,0.001299
79.253000,SAMPLE,2,4.288432,-0.565659,1.656107,4.304278,-0.492091,1.668852,4.303662,-0.548165,1.656675,4.303973,-0.546110,1.656363,0.075256,0.012745,0.023194,0.000568,0.024974,0.000255
79.349000,SAMPLE,2,4.286856,-0.546894,1.652949,4.302470,-0.473399,1.665695,4.303871,-0.529939,1.653497,4.302520,-0.527078,1.653136,0.075135,0.012745,0.024020,0.000547,0.025259,0.000187
79.441000,SAMPLE,2,4.285300,-0.527642,1.649855,4.300640,-0.453853,1.662537,4.301347,-0.510026,1.650372,4.300950,-0.507408,1.649932,0.075367,0.012682,0.023829,0.000518,0.025580,0.000078
79.537000,SAMPLE,2,4.284091,-0.512120,1.647234,4.299288,-0.438957,1.660010,4.299426,-0.490739,1.647288,4.299782,-0.492506,1.647406,0.074725,0.012777,0.026312,0.000054,0.025118,0.000172
79.635000,SAMPLE,2,4.282665,-0.492756,1.640106,4.297613,-0.419555,1.652773,4.297033,-0.472334,1.641181,4.298281,-0.472772,1.640700,0.074712,0.012668,0.024970,0.001075,0.025362,0.000594
79.736000,SAMPLE,2,4.281342,-0.472716,1.634563,4.296103,-0.400404,1.647379,4.297033,-0.472334,1.641181,4.296848,-0.453605,1.634585,0.073803,0.012816,0.015696,0.006618,0.024610,0.000022
79.829000,SAMPLE,2,4.280244,-0.455109,1.631500,4.294742,-0.382297,1.644221,4.295806,-0.433950,1.631032,4.295724,-0.435313,1.631374,0.074241,0.012721,0.026266,0.000468,0.025129,0.000125
79.927000,SAMPLE,2,4.279081,-0.435471,1.628342,4.293335,-0.362748,1.641063,4.295806,-0.433950,1.631032,4.294576,-0.415565,1.628151,0.074107,0.012721,0.016794,0.002690,0.025226,0.000191
80.011000,SAMPLE,2,4.278122,-0.418420,1.625532,4.292279,-0.347458,1.638537,4.294276,-0.415174,1.628466,4.293674,-0.400259,1.625685,0.072361,0.013005,0.016477,0.002935,0.023911,0.000154
80.110000,SAMPLE,2,4.277320,-0.403431,1.622910,4.291081,-0.329392,1.635379,4.293310,-0.395495,1.625277,4.292682,-0.382063,1.622570,0.075306,0.012468,0.017850,0.002366,0.026316,0.000340
80.210000,SAMPLE,2,4.276306,-0.383350,1.619658,4.289848,-0.309831,1.632221,4.291207,-0.377955,1.622537,4.291531,-0.362409,1.619530,0.074756,0.012563,0.015848,0.002879,0.025891,0.000128
80.301000,SAMPLE,2,4.275441,-0.365120,1.616626,4.288931,-0.294617,1.629695,4.291612,-0.357072,1.619294,4.290836,-0.347128,1.617078,0.071782,0.013068,0.018063,0.002668,0.023679,0.000451
80.390000,SAMPLE,2,4.274659,-0.347511,1.613658,4.287870,-0.276121,1.626537,4.291444,-0.339205,1.615984,4.290103,-0.328319,1.613948,0.072602,0.012879,0.018727,0.002326,0.024634,0.000291
80.487000,SAMPLE,2,4.273961,-0.330703,1.610974,4.286805,-0.256476,1.623379,4.288157,-0.318765,1.612132,4.289107,-0.309052,1.610812,0.075330,0.012405,0.018549,0.001159,0.026423,0.000162
80.566000,SAMPLE,2,4.273385,-0.315937,1.608479,4.286045,-0.241685,1.620852,4.287486,-0.299416,1.609000,4.288381,-0.294082,1.608187,0.075324,0.012373,0.021721,0.000521,0.026505,0.000292
80.658000,SAMPLE,2,4.272749,-0.298353,1.605479,4.285326,-0.226945,1.618326,4.287919,-0.282633,1.605926,4.287843,-0.279313,1.605660,0.072508,0.012847,0.021847,0.000447,0.024297,0.000181
80.747000,SAMPLE,2,4.272145,-0.280221,1.602574,4.284423,-0.207313,1.615168,4.286201,-0.261700,1.602578,4.287065,-0.259883,1.602444,0.073935,0.012594,0.023250,0.000004,0.025223,0.000129
80.836000,SAMPLE,2,4.271628,-0.263191,1.599700,4.283777,-0.192348,1.612642,4.285621,-0.241961,1.599687,4.286606,-0.244943,1.599918,0.071878,0.012942,0.025427,0.000013,0.023608,0.000218
80.919000,SAMPLE,2,4.271188,-0.247239,1.596984,4.283187,-0.177812,1.610116,4.285621,-0.241961,1.599687,4.286077,-0.229860,1.597351,0.070456,0.013131,0.015367,0.002703,0.022885,0.000367
81.017000,SAMPLE,2,4.270703,-0.227550,1.593827,4.282440,-0.158047,1.606958,4.286372,-0.223987,1.597288,4.285623,-0.210354,1.594425,0.070487,0.013131,0.016070,0.003461,0.022767,0.000598
81.113000,SAMPLE,2,4.270308,-0.209165,1.590700,4.281795,-0.139406,1.603800,4.285986,-0.205894,1.594170,4.285260,-0.192166,1.591460,0.070698,0.013100,0.016016,0.003470,0.022640,0.000759
81.194000,SAMPLE,2,4.270037,-0.194744,1.588395,4.281303,-0.123898,1.601273,4.285463,-0.186065,1.590302,4.284992,-0.176294,1.588834,0.071736,0.012878,0.017700,0.001907,0.023750,0.000439
81.284000,SAMPLE,2,4.269749,-0.176972,1.585553,4.280734,-0.104233,1.598116,4.285763,-0.166179,1.587409,4.284773,-0.156468,1.585643,0.073565,0.012562,0.019312,0.001856,0.025420,0.000090
81.379000,SAMPLE,2,4.269504,-0.158500,1.582427,4.280344,-0.089269,1.595589,4.285615,-0.146359,1.584855,4.284674,-0.141674,1.583327,0.070074,0.013162,0.020173,0.002428,0.022655,0.000901
81.473000,SAMPLE,2,4.269312,-0.139463,1.579395,4.279893,-0.069801,1.592431,4.282351,-0.128453,1.581678,4.284187,-0.122380,1.580346,0.070461,0.013036,0.017066,0.002283,0.022652,0.000951
81.573000,SAMPLE,2,4.269193,-0.123199,1.576711,4.279508,-0.050636,1.589273,4.284187,-0.107874,1.578368,4.284041,-0.102879,1.577172,0.073292,0.012562,0.021440,0.001657,0.025166,0.000461
81.668000,SAMPLE,2,4.269115,-0.105326,1.573617,4.279201,-0.032513,1.586116,4.284329,-0.088006,1.575263,4.283990,-0.084312,1.574010,0.073509,0.012499,0.023053,0.001647,0.025745,0.000394
81.761000,SAMPLE,2,4.269091,-0.085959,1.570491,4.278932,-0.012872,1.582958,4.284086,-0.070391,1.572137,4.283966,-0.064346,1.570856,0.073747,0.012467,0.021615,0.001646,0.026238,0.000365
81.849000,SAMPLE,2,4.269120,-0.068660,1.567648,4.278765,0.002400,1.580431,4.283556,-0.051208,1.568838,4.283932,-0.048961,1.568308,0.071713,0.012783,0.022649,0.001189,0.024647,0.000659
81.949000,SAMPLE,2,4.269207,-0.050185,1.564427,4.278620,0.020484,1.577273,4.284243,-0.033685,1.565464,4.284041,-0.030392,1.564975,0.071293,0.012846,0.022323,0.001036,0.024735,0.000548
82.031000,SAMPLE,2,4.269316,-0.035813,1.562091,4.278539,0.035905,1.574747,4.284243,-0.033685,1.565464,4.284146,-0.014940,1.562456,0.072309,0.012656,0.015079,0.003373,0.025606,0.000365
82.132000,SAMPLE,2,4.269509,-0.016994,1.558965,4.278494,0.054852,1.571589,4.283993,-0.013856,1.561762,4.284319,0.004136,1.559166,0.072406,0.012625,0.014821,0.002797,0.025803,0.000201
82.230000,SAMPLE,2,4.269760,0.001761,1.555807,4.278509,0.073579,1.568431,4.284639,0.002860,1.559435,4.284585,0.022425,1.556184,0.072349,0.012624,0.014920,0.003628,0.025432,0.000377
82.322000,SAMPLE,2,4.270069,0.020524,1.552807,4.278587,0.093210,1.565273,4.287487,0.022816,1.556363,4.285237,0.042048,1.553050,0.073184,0.012466,0.017568,0.003556,0.026332,0.000243
82.420000,SAMPLE,2,4.270442,0.039564,1.549586,4.278718,0.111757,1.562116,4.284641,0.044016,1.552897,4.285502,0.060351,1.549987,0.072665,0.012530,0.014880,0.003311,0.025669,0.000401
82.518000,SAMPLE,2,4.270874,0.058506,1.546397,4.278865,0.126556,1.559589,4.284022,0.063035,1.549026,4.285663,0.075527,1.547286,0.068518,0.013193,0.013905,0.002629,0.022548,0.000890
82.612000,SAMPLE,2,4.271274,0.074109,1.543902,4.279117,0.146260,1.556431,4.285440,0.081357,1.545880,4.286121,0.095358,1.543984,0.072576,0.012529,0.015913,0.001979,0.025922,0.000082
82.706000,SAMPLE,2,4.271764,0.091780,1.542307,4.279391,0.164384,1.554758,4.286921,0.099046,1.543170,4.286703,0.113444,1.542053,0.073004,0.012451,0.016809,0.000863,0.026316,0.000254
82.800000,SAMPLE,2,4.272350,0.111318,1.540033,4.279734,0.184065,1.552737,4.287172,0.118934,1.541723,4.287355,0.133861,1.539465,0.073121,0.012704,0.016664,0.001690,0.027080,0.000568
82.900000,SAMPLE,2,4.272944,0.130626,1.540033,4.280010,0.199315,1.552737,4.288274,0.138392,1.539781,4.287922,0.149100,1.539522,0.069052,0.012704,0.017185,0.000252,0.023783,0.000511
83.000000,SAMPLE,2,4.273533,0.149095,1.537333,4.280353,0.217512,1.550495,4.289156,0.157583,1.539636,4.288613,0.167329,1.537646,0.068756,0.013161,0.017780,0.002303,0.023662,0.000313
83.098000,SAMPLE,2,4.274207,0.168951,1.536837,4.280757,0.236655,1.549579,4.289434,0.176179,1.537394,4.289326,0.186775,1.537085,0.068021,0.012742,0.016856,0.000557,0.023373,0.000248
83.191000,SAMPLE,2,4.274709,0.183721,1.536837,4.281159,0.255598,1.549579,4.289690,0.194599,1.536982,4.289979,0.205741,1.537065,0.072166,0.012742,0.018514,0.000145,0.026797,0.000228
83.291000,SAMPLE,2,4.275377,0.203393,1.536837,4.281556,0.274331,1.549579,4.290045,0.213807,1.536947,4.290598,0.224761,1.537043,0.071207,0.012742,0.017989,0.000110,0.026235,0.000206
83.381000,SAMPLE,2,4.276026,0.222498,1.536837,4.281974,0.294021,1.549579,4.291349,0.232869,1.536248,4.291326,0.244363,1.536890,0.071771,0.012742,0.018503,0.000589,0.026687,0.000054
83.473000,SAMPLE,2,4.276619,0.239952,1.536837,4.282291,0.308955,1.549579,4.291718,0.252072,1.536219,4.291870,0.259737,1.536766,0.069236,0.012742,0.019362,0.000618,0.024981,0.000070
83.565000,SAMPLE,2,4.277123,0.254773,1.536837,4.282685,0.327540,1.549579,4.291593,0.269522,1.536438,4.292435,0.278350,1.536706,0.072979,0.012742,0.020661,0.000398,0.028112,0.000131
83.662000,SAMPLE,2,4.277772,0.273878,1.536837,4.283101,0.347136,1.549579,4.292824,0.289331,1.536036,4.293107,0.297796,1.536578,0.073451,0.012742,0.021572,0.000801,0.028412,0.000259
83.761000,SAMPLE,2,4.278417,0.292868,1.536837,4.283494,0.365658,1.549579,4.291975,0.307230,1.535756,4.293569,0.316082,1.536426,0.072967,0.012742,0.019750,0.001080,0.027721,0.000410
83.851000,SAMPLE,2,4.279042,0.311246,1.536836,4.283829,0.381444,1.549579,4.294813,0.327614,1.535883,4.294224,0.332017,1.536320,0.070361,0.012742,0.022730,0.000953,0.025728,0.000516
83.948000,SAMPLE,2,4.279691,0.330350,1.536836,4.284236,0.400608,1.549579,4.295522,0.347385,1.536296,4.294884,0.351164,1.536320,0.070404,0.012742,0.023255,0.000540,0.025769,0.000516
84.024000,SAMPLE,2,4.280096,0.342281,1.536836,4.284543,0.415099,1.549579,4.295522,0.347385,1.536296,4.295461,0.365160,1.536313,0.072954,0.012742,0.016248,0.000540,0.027559,0.000524
84.120000,SAMPLE,2,4.280741,0.361237,1.536836,4.284963,0.434863,1.549579,4.295795,0.366044,1.536694,4.296046,0.381213,1.536383,0.073747,0.012742,0.015803,0.000143,0.025165,0.000453
84.219000,SAMPLE,2,4.281405,0.380784,1.536836,4.285287,0.450123,1.549579,4.296299,0.385025,1.536450,4.296718,0.400337,1.536395,0.069447,0.012742,0.015486,0.000387,0.024836,0.000441
84.307000,SAMPLE,2,4.281970,0.397428,1.536836,4.285672,0.468308,1.549579,4.297248,0.403799,1.536376,4.297388,0.418393,1.536390,0.070977,0.012742,0.016553,0.000461,0.026024,0.000446
84.403000,SAMPLE,2,4.282544,0.414291,1.536836,4.286089,0.487946,1.549579,4.297520,0.421190,1.536180,4.298069,0.437979,1.536350,0.073741,0.012743,0.016490,0.000657,0.028323,0.000486
84.494000,SAMPLE,2,4.283130,0.431565,1.536836,4.286413,0.503206,1.549579,4.297892,0.440852,1.536081,4.298558,0.453020,1.536300,0.071716,0.012743,0.017440,0.000755,0.026426,0.000536
84.590000,SAMPLE,2,4.283766,0.450259,1.536836,4.286811,0.521938,1.549579,4.298404,0.460140,1.536125,4.299164,0.471885,1.536268,0.071744,0.012743,0.017661,0.000711,0.026547,0.000568
84.674000,SAMPLE,2,4.284376,0.468217,1.536836,4.287147,0.537798,1.549579,4.299245,0.478825,1.535844,4.299707,0.488007,1.536191,0.069636,0.012743,0.018265,0.000992,0.025033,0.000645
84.772000,SAMPLE,2,4.285019,0.487154,1.536836,4.287549,0.556741,1.549579,4.299675,0.498392,1.535661,4.300334,0.507270,1.536094,0.069633,0.012743,0.018469,0.001175,0.025283,0.000742
84.868000,SAMPLE,2,4.285539,0.502438,1.536836,4.287948,0.575547,1.549579,4.300228,0.517625,1.535805,4.300937,0.526136,1.536040,0.073149,0.012743,0.021128,0.001031,0.028261,0.000796
84.966000,SAMPLE,2,4.286209,0.522174,1.536836,4.288365,0.595196,1.549579,4.300228,0.517625,1.535805,4.301617,0.545703,1.536040,0.073053,0.012743,0.014738,0.001031,0.028125,0.000796
85.054000,SAMPLE,2,4.286781,0.538986,1.536836,4.288682,0.610129,1.549579,4.303368,0.557221,1.536717,4.302480,0.559667,1.536223,0.071168,0.012743,0.024650,0.000119,0.025965,0.000612
85.150000,SAMPLE,2,4.287451,0.558700,1.536836,4.289096,0.629640,1.549579,4.303290,0.576287,1.536805,4.303183,0.579359,1.536332,0.070959,0.012743,0.023668,0.000031,0.025967,0.000504
85.249000,SAMPLE,2,4.288094,0.577626,1.536836,4.289502,0.648783,1.549579,4.303870,0.595198,1.536837,4.303870,0.598982,1.536424,0.071171,0.012743,0.023615,0.000001,0.026551,0.000412
85.338000,SAMPLE,2,4.288666,0.594479,1.536836,4.289819,0.663685,1.549579,4.304486,0.613643,1.536841,4.304381,0.613836,1.536424,0.069216,0.012743,0.024849,0.000005,0.024933,0.000412
85.424000,SAMPLE,2,4.289267,0.612163,1.536836,4.290231,0.683134,1.549579,4.304486,0.613643,1.536841,4.305061,0.633381,1.536503,0.070977,0.012743,0.015290,0.000005,0.026451,0.000333
85.524000,SAMPLE,2,4.289825,0.628574,1.536836,4.290636,0.702224,1.549579,4.305297,0.651897,1.536414,4.305559,0.652274,1.536498,0.073654,0.012743,0.027988,0.000422,0.028447,0.000338
85.613000,SAMPLE,2,4.290399,0.645481,1.536836,4.290943,0.716684,1.549579,4.305297,0.651897,1.536414,4.306053,0.666666,1.536498,0.071205,0.012743,0.016220,0.000422,0.026340,0.000338
85.695000,SAMPLE,2,4.290961,0.662393,1.538897,4.291262,0.732239,1.551442,4.305922,0.670444,1.536323,4.306566,0.682676,1.538361,0.069846,0.012545,0.016990,0.002574,0.025591,0.000536
85.786000,SAMPLE,2,4.291496,0.679387,1.539345,4.291622,0.751414,1.552137,4.305984,0.691048,1.538645,4.307082,0.701894,1.538929,0.072027,0.012792,0.018597,0.000700,0.027376,0.000416
85.881000,SAMPLE,2,4.292076,0.697821,1.539345,4.291959,0.769464,1.552137,4.306185,0.709019,1.538673,4.307540,0.720287,1.538885,0.071643,0.012792,0.018013,0.000672,0.027273,0.000460
85.980000,SAMPLE,2,4.292677,0.717491,1.540869,4.292239,0.785208,1.553716,4.307002,0.726947,1.538954,4.307952,0.736045,1.540042,0.067719,0.012846,0.017165,0.001916,0.024032,0.000827
86.076000,SAMPLE,2,4.293156,0.733495,1.540869,4.292567,0.804448,1.553716,4.309382,0.745391,1.540938,4.308648,0.754460,1.540215,0.070956,0.012846,0.020120,0.000069,0.026068,0.000654
86.171000,SAMPLE,2,4.293691,0.751433,1.541699,4.292885,0.823192,1.554631,4.309845,0.764231,1.540816,4.309319,0.773218,1.541588,0.071764,0.012933,0.020609,0.000883,0.026811,0.000110
86.263000,SAMPLE,2,4.294218,0.769918,1.542362,4.293191,0.842822,1.555263,4.309935,0.785257,1.542235,4.309901,0.792335,1.542222,0.072911,0.012901,0.021962,0.000126,0.027358,0.000140
86.361000,SAMPLE,2,4.294763,0.789069,1.542362,4.293424,0.857788,1.555263,4.310668,0.803856,1.542256,4.310380,0.807294,1.542227,0.068733,0.012901,0.021717,0.000106,0.024002,0.000135
86.461000,SAMPLE,2,4.295305,0.808273,1.543538,4.293765,0.880101,1.556526,4.310908,0.823372,1.541811,4.311036,0.829810,1.542780,0.071845,0.012988,0.021712,0.001728,0.026670,0.000759
86.557000,SAMPLE,2,4.295720,0.824181,1.545345,4.293972,0.895847,1.558294,4.311221,0.842224,1.544039,4.311451,0.845569,1.544555,0.071688,0.012950,0.023787,0.001306,0.026551,0.000789
86.644000,SAMPLE,2,4.296137,0.840566,1.545345,4.294199,0.914025,1.558294,4.311392,0.861005,1.544617,4.311885,0.864189,1.544568,0.073485,0.012950,0.025505,0.000728,0.028391,0.000776
86.743000,SAMPLE,2,4.296654,0.860863,1.545344,4.294446,0.933750,1.558294,4.311810,0.879891,1.544458,4.312349,0.884036,1.544549,0.072920,0.012950,0.024326,0.000886,0.027988,0.000795
86.839000,SAMPLE,2,4.297132,0.879615,1.545344,4.294637,0.949033,1.558294,4.312189,0.898539,1.544443,4.312748,0.899231,1.544549,0.069463,0.012950,0.024183,0.000901,0.025073,0.000795
86.938000,SAMPLE,2,4.297605,0.898199,1.545344,4.294864,0.967210,1.558294,4.312709,0.915885,1.544345,4.313118,0.917505,1.544498,0.069066,0.012950,0.023257,0.001000,0.024767,0.000847
87.037000,SAMPLE,2,4.298009,0.914701,1.547594,4.295090,0.986662,1.560631,4.313705,0.934769,1.545918,4.313625,0.937078,1.546392,0.072020,0.013037,0.025477,0.001676,0.027287,0.001202
87.136000,SAMPLE,2,4.298454,0.934480,1.548453,4.295272,1.005882,1.561452,4.313897,0.955516,1.547118,4.314099,0.955954,1.546933,0.071473,0.012999,0.026096,0.001335,0.026569,0.001521
87.226000,SAMPLE,2,4.298854,0.952370,1.548453,4.295446,1.024565,1.561452,4.313897,0.955516,1.547118,4.314520,0.974633,1.546969,0.072276,0.012999,0.015369,0.001335,0.027223,0.001484
87.317000,SAMPLE,2,4.299253,0.970250,1.548453,4.295594,1.040343,1.561452,4.315743,0.973161,1.547345,4.315028,0.989732,1.547038,0.070189,0.012999,0.016744,0.001108,0.025068,0.001415
87.405000,SAMPLE,2,4.299644,0.987730,1.548453,4.295768,1.058995,1.561452,4.316174,0.992891,1.547135,4.315594,1.008221,1.547052,0.071370,0.012999,0.017317,0.001318,0.025966,0.001401
87.501000,SAMPLE,2,4.299978,1.002673,1.548453,4.295943,1.077689,1.561452,4.316075,1.011059,1.546916,4.316096,1.027282,1.547026,0.075125,0.013000,0.018151,0.001536,0.029418,0.001427
87.593000,SAMPLE,2,4.300396,1.021999,1.549985,4.296077,1.093468,1.562968,4.315923,1.030470,1.547800,4.316423,1.042949,1.548133,0.071599,0.012983,0.017687,0.002185,0.026378,0.001852
87.688000,SAMPLE,2,4.300768,1.039870,1.549985,4.296223,1.112078,1.562968,4.315977,1.050330,1.549321,4.316767,1.061890,1.548355,0.072351,0.012983,0.018459,0.000664,0.027218,0.001630
87.781000,SAMPLE,2,4.301140,1.057707,1.549985,4.296369,1.130772,1.562968,4.317188,1.068850,1.549305,4.317207,1.080599,1.548536,0.073220,0.012983,0.019538,0.000680,0.027968,0.001448
87.869000,SAMPLE,2,4.301517,1.075840,1.549985,4.296493,1.146571,1.562968,4.318291,1.087669,1.549425,4.317665,1.096744,1.548698,0.070910,0.012983,0.020526,0.000559,0.026414,0.001287
87.960000,SAMPLE,2,4.301862,1.092416,1.549985,4.296606,1.161066,1.562968,4.318021,1.106533,1.549373,4.318000,1.111495,1.548824,0.068850,0.012983,0.021457,0.000611,0.024989,0.001161
88.049000,SAMPLE,2,4.302188,1.108734,1.551508,4.296743,1.180454,1.564547,4.319094,1.125714,1.550379,4.318506,1.130907,1.549632,0.071927,0.013039,0.023962,0.001128,0.027530,0.001876
88.126000,SAMPLE,2,4.302465,1.123089,1.551508,4.296839,1.195770,1.564547,4.319094,1.125714,1.550379,4.318829,1.146167,1.549632,0.072898,0.013039,0.016836,0.001128,0.028290,0.001876
88.222000,SAMPLE,2,4.302817,1.141338,1.551508,4.296955,1.214338,1.564547,4.319202,1.144521,1.550910,4.319248,1.164492,1.549876,0.073235,0.013039,0.016692,0.000598,0.028392,0.001632
88.310000,SAMPLE,2,4.303172,1.159569,1.550257,4.297055,1.230085,1.563647,4.319007,1.163736,1.550893,4.319539,1.180314,1.549071,0.070781,0.013390,0.016374,0.000636,0.026424,0.001186
88.406000,SAMPLE,2,4.303545,1.177475,1.550838,4.297203,1.249211,1.563871,4.319683,1.182813,1.550021,4.319949,1.199233,1.549884,0.072016,0.013032,0.016999,0.000818,0.027249,0.000955
88.494000,SAMPLE,2,4.303864,1.194571,1.552876,4.297289,1.264211,1.565923,4.320545,1.202081,1.550218,4.320313,1.214065,1.552351,0.069949,0.013048,0.018294,0.002658,0.025507,0.000524
88.571000,SAMPLE,2,4.304109,1.207257,1.548997,4.297386,1.279768,1.561676,4.320738,1.220719,1.551904,4.320640,1.229531,1.548561,0.072823,0.012679,0.021395,0.002907,0.027739,0.000436
88.659000,SAMPLE,2,4.304558,1.225238,1.542562,4.297567,1.295125,1.556497,4.321416,1.240615,1.545125,4.321069,1.244818,1.543775,0.070236,0.013935,0.022818,0.002563,0.025613,0.001213
88.749000,SAMPLE,2,4.305113,1.242348,1.533941,4.297921,1.313785,1.547023,4.321455,1.259815,1.536993,4.321625,1.263398,1.534452,0.071797,0.013082,0.023920,0.003052,0.026753,0.000511
88.849000,SAMPLE,2,4.305934,1.262679,1.526602,4.298453,1.333377,1.540050,4.321909,1.278866,1.529818,4.322386,1.283452,1.526250,0.071093,0.013448,0.022742,0.003216,0.026499,0.000352
88.934000,SAMPLE,2,4.306725,1.279585,1.522221,4.298965,1.348727,1.535692,4.322871,1.298282,1.522874,4.323101,1.298783,1.521934,0.069576,0.013471,0.024703,0.000653,0.025234,0.000287
89.033000,SAMPLE,2,4.307631,1.297647,1.519063,4.299631,1.366862,1.532534,4.322871,1.298282,1.522874,4.323968,1.316806,1.518957,0.069676,0.013471,0.015253,0.003810,0.025178,0.000106
89.127000,SAMPLE,2,4.308481,1.313654,1.516505,4.300409,1.386383,1.529376,4.323683,1.315837,1.519864,4.324961,1.336243,1.515973,0.073176,0.012871,0.015358,0.003359,0.027961,0.000532
89.219000,SAMPLE,2,4.309523,1.332317,1.513442,4.301064,1.401706,1.526850,4.324635,1.335864,1.516441,4.325769,1.351479,1.513537,0.069903,0.013408,0.015522,0.002999,0.025121,0.000095
89.315000,SAMPLE,2,4.310548,1.349707,1.510410,4.301891,1.419866,1.523692,4.327561,1.354856,1.512996,4.327015,1.369505,1.510391,0.070692,0.013281,0.017776,0.002586,0.025751,0.000020
89.400000,SAMPLE,2,4.311667,1.367760,1.507505,4.302641,1.435364,1.521165,4.328439,1.373130,1.509434,4.328119,1.385061,1.507799,0.068203,0.013660,0.017611,0.001929,0.023874,0.000293
89.494000,SAMPLE,2,4.312816,1.385487,1.504568,4.303625,1.454560,1.518008,4.329933,1.392667,1.506338,4.329509,1.404159,1.504598,0.069681,0.013439,0.018562,0.001770,0.025046,0.000030
89.568000,SAMPLE,2,4.313686,1.398385,1.502389,4.304434,1.469517,1.515481,4.331280,1.411552,1.503081,4.330667,1.419077,1.502019,0.071731,0.013092,0.021975,0.000692,0.026768,0.000370
89.665000,SAMPLE,2,4.315031,1.417599,1.499358,4.305571,1.489484,1.512323,4.333528,1.429633,1.500076,4.332309,1.438860,1.498845,0.072505,0.012966,0.022066,0.000718,0.027396,0.000513
89.757000,SAMPLE,2,4.316388,1.436169,1.496295,4.306484,1.504752,1.509797,4.333267,1.450499,1.496925,4.333434,1.454069,1.496313,0.069294,0.013502,0.022141,0.000631,0.024717,0.000019
89.853000,SAMPLE,2,4.317607,1.452198,1.493579,4.307654,1.523410,1.506639,4.334866,1.469239,1.493789,4.334930,1.473246,1.493039,0.071904,0.013060,0.024254,0.000210,0.027259,0.000540
89.946000,SAMPLE,2,4.319069,1.470737,1.490610,4.308945,1.543031,1.503481,4.337079,1.489280,1.490719,4.336582,1.492799,1.489917,0.072999,0.012871,0.025850,0.000108,0.028168,0.000693
90.043000,SAMPLE,2,4.320626,1.489739,1.487389,4.310223,1.561555,1.500323,4.338185,1.508183,1.487749,4.338183,1.511736,1.486707,0.072566,0.012934,0.025466,0.000360,0.028145,0.000682
90.136000,SAMPLE,2,4.322064,1.506806,1.485953,4.311273,1.576339,1.499218,4.339788,1.525800,1.486087,4.339442,1.526588,1.485444,0.070365,0.013265,0.025979,0.000134,0.026331,0.000509
90.235000,SAMPLE,2,4.323817,1.527027,1.482700,4.312715,1.596023,1.496060,4.342258,1.545686,1.482908,4.341345,1.546497,1.482380,0.069883,0.013360,0.026234,0.000208,0.026198,0.000320
90.327000,SAMPLE,2,4.325382,1.544459,1.479732,4.314135,1.614590,1.492902,4.343968,1.563781,1.479732,4.343003,1.564949,1.479222,0.071026,0.013170,0.026810,0.000000,0.027025,0.000510
90.424000,SAMPLE,2,4.326803,1.559784,1.477098,4.315618,1.633205,1.489744,4.343968,1.563781,1.479732,4.344850,1.583466,1.476159,0.074268,0.012646,0.017624,0.002633,0.029775,0.000939
90.522000,SAMPLE,2,4.328705,1.579846,1.475439,4.317217,1.652739,1.488134,4.347060,1.582164,1.476228,4.346977,1.602800,1.474269,0.073793,0.012695,0.018501,0.000788,0.029339,0.001170
90.609000,SAMPLE,2,4.330356,1.596847,1.472471,4.318424,1.667089,1.485608,4.348434,1.602179,1.474406,4.348543,1.616974,1.471763,0.071248,0.013137,0.018848,0.001935,0.027127,0.000707
90.702000,SAMPLE,2,4.332234,1.615537,1.467871,4.320132,1.686656,1.480750,4.349484,1.621111,1.471804,4.350577,1.636635,1.467732,0.072142,0.012878,0.018128,0.003933,0.027956,0.000140
90.800000,SAMPLE,2,4.334255,1.634633,1.462145,4.321534,1.701865,1.476673,4.351422,1.639879,1.467167,4.352205,1.651667,1.464407,0.068425,0.014529,0.017951,0.005023,0.024746,0.002262
90.889000,SAMPLE,2,4.335870,1.649219,1.459982,4.323315,1.720200,1.473115,4.353510,1.659460,1.461551,4.354318,1.670362,1.460446,0.072083,0.013134,0.020398,0.001570,0.028061,0.000464
90.985000,SAMPLE,2,4.338006,1.668313,1.457992,4.325260,1.739904,1.470908,4.355450,1.678333,1.458759,4.356500,1.689591,1.458074,0.072717,0.012916,0.020118,0.000767,0.028192,0.000082
91.073000,SAMPLE,2,4.340000,1.685699,1.455118,4.326806,1.755131,1.468381,4.360452,1.697150,1.455308,4.358614,1.704726,1.455253,0.070675,0.013263,0.023439,0.000190,0.026618,0.000135
91.169000,SAMPLE,2,4.342135,1.703853,1.453084,4.328754,1.773820,1.466202,4.362267,1.716081,1.452291,4.361118,1.723600,1.452516,0.071235,0.013119,0.023555,0.000793,0.027392,0.000567
91.262000,SAMPLE,2,4.344443,1.723029,1.447328,4.330882,1.793706,1.460352,4.364346,1.735587,1.450159,4.363729,1.743464,1.445842,0.071966,0.013024,0.023534,0.002831,0.028099,0.001486
91.361000,SAMPLE,2,4.346929,1.742324,1.437760,4.333073,1.812643,1.450879,4.367657,1.752195,1.441880,4.366367,1.761514,1.437065,0.071671,0.013119,0.022958,0.004120,0.027314,0.000695
91.456000,SAMPLE,2,4.348972,1.757172,1.431161,4.334907,1.827403,1.444350,4.367657,1.752195,1.441880,4.368381,1.776176,1.430239,0.071625,0.013189,0.019336,0.010720,0.027163,0.000922
91.556000,SAMPLE,2,4.351819,1.777158,1.427611,4.337432,1.846978,1.440863,4.371408,1.794624,1.426380,4.371342,1.795841,1.426635,0.071286,0.013252,0.026245,0.001231,0.027022,0.000976
91.652000,SAMPLE,2,4.354523,1.795710,1.424453,4.339884,1.865521,1.437705,4.374317,1.812842,1.422915,4.374154,1.814560,1.423251,0.071329,0.013252,0.026178,0.001538,0.027215,0.001202
91.751000,SAMPLE,2,4.357307,1.814348,1.419682,4.342377,1.883879,1.433047,4.378047,1.830375,1.420815,4.377129,1.833237,1.418293,0.071116,0.013365,0.026211,0.001133,0.027380,0.001389
91.847000,SAMPLE,2,4.360411,1.834135,1.410337,4.345167,1.903365,1.423837,4.380973,1.850291,1.412699,4.380320,1.852753,1.409404,0.070888,0.013499,0.026150,0.002362,0.027258,0.000934
91.942000,SAMPLE,2,4.363361,1.851863,1.401243,4.347968,1.921699,1.414363,4.384164,1.868998,1.403070,4.383518,1.871206,1.400161,0.071512,0.013120,0.026952,0.001827,0.027937,0.001081
92.025000,SAMPLE,2,4.365692,1.865302,1.396788,4.350465,1.937269,1.408934,4.384164,1.868998,1.403070,4.386261,1.886927,1.394583,0.073560,0.012146,0.018838,0.006281,0.029845,0.002206
92.111000,SAMPLE,2,4.369016,1.883741,1.387883,4.353068,1.952842,1.401355,4.387216,1.887590,1.395790,4.389171,1.902545,1.387229,0.070918,0.013472,0.018603,0.007907,0.027564,0.000654
92.202000,SAMPLE,2,4.372301,1.900928,1.375054,4.356384,1.971497,1.387294,4.392007,1.908004,1.385613,4.392861,1.920921,1.373037,0.072341,0.012240,0.020938,0.010559,0.028678,0.002017
92.298000,SAMPLE,2,4.375987,1.918976,1.365410,4.359172,1.986139,1.379313,4.395542,1.927632,1.371359,4.396054,1.935864,1.365386,0.069236,0.013903,0.021384,0.005949,0.026228,0.000024
92.384000,SAMPLE,2,4.379680,1.936405,1.358959,4.362991,2.005460,1.372284,4.400398,1.945766,1.362097,4.400547,1.955727,1.357253,0.071043,0.013325,0.022734,0.003138,0.028438,0.001707
92.472000,SAMPLE,2,4.382931,1.951294,1.352922,4.365984,2.020105,1.366305,4.402038,1.964106,1.356357,4.403589,1.970005,1.350616,0.070867,0.013383,0.023005,0.003435,0.027872,0.002306
92.565000,SAMPLE,2,4.386771,1.968562,1.350801,4.369988,2.039313,1.363750,4.402038,1.964106,1.356357,4.407895,1.989191,1.348130,0.072714,0.012949,0.015904,0.005556,0.029526,0.002671
92.661000,SAMPLE,2,4.391205,1.988069,1.343849,4.374086,2.058469,1.356897,4.412330,2.002704,1.345007,4.412691,2.007272,1.342174,0.072451,0.013048,0.025699,0.001159,0.028816,0.001675
92.757000,SAMPLE,2,4.395348,2.005871,1.340517,4.377272,2.073040,1.354226,4.417261,2.020772,1.339854,4.416317,2.022056,1.339350,0.069559,0.013709,0.026499,0.000663,0.026488,0.001167
92.855000,SAMPLE,2,4.399238,2.022466,1.341623,4.381455,2.092038,1.355110,4.422967,2.039870,1.338261,4.421188,2.041420,1.339342,0.071808,0.013487,0.029427,0.003363,0.029000,0.002282
92.940000,SAMPLE,2,4.403095,2.039106,1.344434,4.384735,2.107095,1.357637,4.422967,2.039870,1.338261,4.424699,2.056381,1.341868,0.070424,0.013203,0.019887,0.006173,0.027661,0.002566
93.036000,SAMPLE,2,4.407184,2.056911,1.345897,4.388663,2.125319,1.359215,4.430026,2.076529,1.342649,4.428998,2.074303,1.343107,0.070871,0.013318,0.030110,0.003248,0.027899,0.002790
93.136000,SAMPLE,2,4.411741,2.076822,1.344597,4.392860,2.144873,1.358294,4.435141,2.096130,1.342885,4.433638,2.094047,1.341914,0.070622,0.013697,0.030338,0.001712,0.027860,0.002683
93.225000,SAMPLE,2,4.415774,2.094230,1.341660,4.396941,2.163645,1.355137,4.435141,2.096130,1.342885,4.438173,2.112948,1.338935,0.071925,0.013476,0.019460,0.001225,0.029190,0.002725
93.318000,SAMPLE,2,4.419948,2.111989,1.338583,4.400127,2.178098,1.352610,4.440276,2.114207,1.339804,4.441831,2.127520,1.336566,0.069017,0.014028,0.020449,0.001222,0.026834,0.002017
93.410000,SAMPLE,2,4.423671,2.127629,1.334757,4.404491,2.197616,1.348002,4.443978,2.132613,1.336241,4.446638,2.147111,1.332463,0.072568,0.013246,0.020910,0.001484,0.030117,0.002294
93.505000,SAMPLE,2,4.428280,2.146562,1.329005,4.408771,2.216279,1.342344,4.454023,2.152766,1.330410,4.451863,2.165469,1.327324,0.072395,0.013339,0.026480,0.001405,0.030227,0.001681
93.595000,SAMPLE,2,4.432432,2.163255,1.326401,4.412189,2.230863,1.339958,4.456809,2.170515,1.324237,4.455903,2.179792,1.324257,0.070574,0.013557,0.025435,0.002163,0.028711,0.002143
93.692000,SAMPLE,2,4.437405,2.183096,1.323653,4.416783,2.250328,1.337558,4.459636,2.190666,1.323526,4.460889,2.199093,1.322340,0.070324,0.013904,0.023484,0.000127,0.028415,0.001313
93.787000,SAMPLE,2,4.441105,2.197694,1.321873,4.421160,2.268644,1.335442,4.465806,2.211259,1.318620,4.465681,2.216936,1.320079,0.073700,0.013569,0.028181,0.003253,0.031213,0.001794
93.885000,SAMPLE,2,4.445675,2.215588,1.319522,4.425525,2.286757,1.332821,4.474283,2.226993,1.317398,4.471166,2.235440,1.316643,0.073967,0.013299,0.030797,0.002124,0.032309,0.002880
93.985000,SAMPLE,2,4.450814,2.235474,1.316238,4.430181,2.305818,1.329663,4.478975,2.246247,1.314304,4.476912,2.255172,1.313163,0.073307,0.013425,0.030151,0.001934,0.032697,0.003075
94.085000,SAMPLE,2,4.455639,2.253897,1.313017,4.434643,2.323842,1.326505,4.483561,2.265701,1.309939,4.482122,2.273021,1.309733,0.073028,0.013488,0.030315,0.003079,0.032666,0.003284
94.183000,SAMPLE,2,4.460752,2.273275,1.312237,4.439410,2.342962,1.325847,4.487824,2.283390,1.308063,4.487577,2.292049,1.310030,0.072882,0.013610,0.028899,0.004174,0.032742,0.002207
94.276000,SAMPLE,2,4.465559,2.291239,1.306758,4.443286,2.358301,1.320821,4.492448,2.303350,1.307239,4.492009,2.307715,1.304399,0.070664,0.014063,0.029490,0.000482,0.031161,0.002358
94.373000,SAMPLE,2,4.469665,2.306275,1.301776,4.447952,2.376371,1.315313,4.497927,2.321225,1.301222,4.497282,2.325938,1.298368,0.073383,0.013537,0.031973,0.000554,0.033901,0.003408
94.472000,SAMPLE,2,4.475012,2.325594,1.300040,4.452898,2.395250,1.313734,4.506384,2.339259,1.296659,4.503159,2.344587,1.295859,0.073082,0.013694,0.034219,0.003381,0.033955,0.004181
94.567000,SAMPLE,2,4.480008,2.343543,1.298461,4.457783,2.413775,1.312060,4.506384,2.339259,1.296659,4.508371,2.363022,1.293964,0.073664,0.013599,0.026721,0.001802,0.034408,0.004497
94.667000,SAMPLE,2,4.485211,2.362132,1.298734,4.462590,2.431917,1.312565,4.516603,2.375667,1.292355,4.513686,2.380395,1.294344,0.073360,0.013831,0.034186,0.006379,0.033829,0.004390
94.752000,SAMPLE,2,4.489792,2.378593,1.300155,4.466611,2.447175,1.313765,4.522967,2.393937,1.293734,4.519133,2.395710,1.295046,0.072393,0.013611,0.036551,0.006421,0.033969,0.005109
94.842000,SAMPLE,2,4.494582,2.395908,1.301923,4.471412,2.465504,1.315692,4.522967,2.393937,1.293734,4.524276,2.413946,1.296941,0.073352,0.013769,0.028453,0.008189,0.034743,0.004982
94.938000,SAMPLE,2,4.498726,2.410961,1.302977,4.475151,2.479867,1.316671,4.534021,2.431747,1.294919,4.528852,2.427717,1.296574,0.072827,0.013694,0.040961,0.008058,0.034472,0.006403
95.038000,SAMPLE,2,4.503978,2.430095,1.300904,4.480177,2.499226,1.315029,4.534021,2.431747,1.294919,4.534881,2.447434,1.294416,0.073113,0.014125,0.030088,0.005985,0.035435,0.006487
95.135000,SAMPLE,2,4.509408,2.449409,1.291941,4.485248,2.518300,1.306265,4.543152,2.468357,1.290312,4.540522,2.466272,1.286298,0.073004,0.014325,0.038699,0.001628,0.035390,0.005642
95.225000,SAMPLE,2,4.514328,2.466395,1.287044,4.490210,2.536379,1.300910,4.543152,2.468357,1.290312,4.546120,2.484621,1.282085,0.074023,0.013866,0.028890,0.003268,0.036645,0.004958
95.317000,SAMPLE,2,4.518833,2.481777,1.285118,4.494437,2.551592,1.299015,4.547982,2.484725,1.283958,4.550826,2.499771,1.280534,0.073954,0.013898,0.029297,0.001160,0.036705,0.004584
95.414000,SAMPLE,2,4.524094,2.499632,1.282844,4.499539,2.569839,1.296679,4.553226,2.505602,1.281273,4.556408,2.518182,1.278144,0.074377,0.013834,0.029738,0.001571,0.037260,0.004701
95.509000,SAMPLE,2,4.529444,2.517582,1.279671,4.504632,2.587838,1.293521,4.562967,2.525176,1.277720,4.562385,2.536191,1.275133,0.074509,0.013850,0.034372,0.001951,0.037835,0.004538
95.601000,SAMPLE,2,4.534962,2.535907,1.277524,4.510034,2.606722,1.291437,4.566760,2.543706,1.273742,4.568358,2.554897,1.273206,0.075075,0.013913,0.032740,0.003782,0.038418,0.004318
95.700000,SAMPLE,2,4.540115,2.552981,1.278523,4.514152,2.621081,1.292100,4.573212,2.562601,1.271700,4.573309,2.570045,1.273337,0.072881,0.013576,0.034466,0.006823,0.037323,0.005186
95.796000,SAMPLE,2,4.545407,2.570582,1.279077,4.519194,2.638754,1.293015,4.578379,2.580667,1.273160,4.579180,2.588509,1.273814,0.073038,0.013938,0.034480,0.005918,0.038236,0.005263
95.895000,SAMPLE,2,4.551270,2.590006,1.274594,4.524698,2.657982,1.289429,4.584298,2.598160,1.273420,4.585375,2.607867,1.270837,0.072985,0.014835,0.034020,0.001173,0.038499,0.003757
95.995000,SAMPLE,2,4.557096,2.608787,1.265117,4.530114,2.676413,1.280284,4.590880,2.617442,1.268124,4.591614,2.626815,1.261682,0.072810,0.015167,0.034876,0.003007,0.038943,0.003436
96.092000,SAMPLE,2,4.562113,2.624558,1.261114,4.535830,2.695304,1.274942,4.599156,2.635151,1.258616,4.598305,2.645759,1.256401,0.075471,0.013828,0.038528,0.002498,0.041944,0.004713
96.180000,SAMPLE,2,4.567696,2.641920,1.258209,4.541589,2.714094,1.271784,4.603996,2.653435,1.254207,4.604922,2.664816,1.252943,0.076751,0.013575,0.038083,0.004001,0.043704,0.005266
96.277000,SAMPLE,2,4.573590,2.660061,1.254988,4.546010,2.728373,1.269258,4.612570,2.674508,1.250834,4.610249,2.679305,1.250237,0.073669,0.014270,0.041570,0.004154,0.041403,0.004750
96.373000,SAMPLE,2,4.579513,2.678070,1.250391,4.551826,2.746958,1.264850,4.617504,2.690101,1.247563,4.616882,2.697853,1.245917,0.074243,0.014459,0.039850,0.002828,0.042282,0.004474
96.471000,SAMPLE,2,4.586087,2.697582,1.240938,4.557935,2.766002,1.255665,4.623926,2.708480,1.240934,4.623711,2.716697,1.236992,0.073985,0.014727,0.039377,0.000004,0.042202,0.003947
96.568000,SAMPLE,2,4.591335,2.712719,1.233075,4.563962,2.784198,1.246192,4.630542,2.727671,1.231523,4.630414,2.734779,1.227549,0.076541,0.013116,0.041962,0.001553,0.044876,0.005527
96.666000,SAMPLE,2,4.598101,2.731776,1.227499,4.570336,2.802955,1.241265,4.637053,2.745322,1.223122,4.637458,2.753364,1.222997,0.076402,0.013767,0.041240,0.004377,0.044889,0.004502
96.765000,SAMPLE,2,4.604916,2.750749,1.224278,4.576722,2.821530,1.238108,4.646126,2.764499,1.219468,4.644564,2.771308,1.219626,0.076190,0.013830,0.043443,0.004810,0.044661,0.004652
96.866000,SAMPLE,2,4.611272,2.768312,1.222594,4.582628,2.838589,1.236529,4.652862,2.782578,1.217213,4.651457,2.788715,1.218025,0.075891,0.013935,0.043968,0.005381,0.045067,0.004568
96.955000,SAMPLE,2,4.617480,2.785317,1.219674,4.587800,2.853419,1.234002,4.652862,2.782578,1.217213,4.656941,2.803566,1.215499,0.074288,0.014328,0.035488,0.002461,0.043476,0.004175
97.048000,SAMPLE,2,4.624123,2.803276,1.212280,4.594466,2.872275,1.226765,4.661674,2.801999,1.212479,4.664382,2.821632,1.208576,0.075103,0.014486,0.037573,0.000199,0.044246,0.003703
97.149000,SAMPLE,2,4.630077,2.818971,1.204038,4.601005,2.890260,1.217292,4.676101,2.836561,1.199436,4.671785,2.839178,1.199007,0.076989,0.013254,0.049272,0.004601,0.046346,0.005030
97.242000,SAMPLE,2,4.637104,2.837087,1.198687,4.607919,2.908825,1.212392,4.683398,2.855541,1.192145,4.680200,2.857541,1.193412,0.077447,0.013705,0.049836,0.006542,0.047703,0.005275
97.338000,SAMPLE,2,4.643965,2.854627,1.197098,4.613286,2.923135,1.211381,4.691341,2.873471,1.190349,4.685807,2.871669,1.192781,0.075064,0.014283,0.050987,0.006749,0.045180,0.004317
97.437000,SAMPLE,2,4.650878,2.872230,1.197387,4.619859,2.940592,1.211192,4.691341,2.873471,1.190349,4.693374,2.889159,1.191680,0.075071,0.013805,0.040482,0.007038,0.045744,0.005707
97.529000,SAMPLE,2,4.657660,2.889557,1.197008,4.626885,2.959317,1.211160,4.698544,2.890606,1.189428,4.701398,2.907904,1.191874,0.076246,0.014153,0.040897,0.007580,0.047431,0.005134
97.628000,SAMPLE,2,4.665027,2.908254,1.193787,4.633838,2.977721,1.208002,4.711809,2.928338,1.187743,4.708957,2.926287,1.188499,0.076147,0.014216,0.050911,0.006043,0.047487,0.005288
97.714000,SAMPLE,2,4.670701,2.922535,1.192092,4.639283,2.992014,1.206126,4.711809,2.928338,1.187743,4.715051,2.940779,1.186824,0.076252,0.014034,0.041516,0.004349,0.047956,0.005269
97.809000,SAMPLE,2,4.677348,2.939255,1.192442,4.646409,3.010701,1.206550,4.719216,2.946560,1.185315,4.722877,2.959561,1.186831,0.077857,0.014107,0.042500,0.007127,0.049851,0.005611
97.904000,SAMPLE,2,4.684650,2.957626,1.192442,4.653226,3.028582,1.206550,4.726446,2.964064,1.186119,4.730294,2.977380,1.186690,0.077604,0.014107,0.042289,0.006323,0.049735,0.005752
97.994000,SAMPLE,2,4.690881,2.973301,1.193363,4.658546,3.042540,1.207308,4.734430,2.981151,1.185973,4.736226,2.991266,1.187177,0.076417,0.013945,0.044251,0.007389,0.048775,0.006185
98.085000,SAMPLE,2,4.697879,2.990972,1.193015,4.665646,3.061237,1.207244,4.741690,2.998457,1.187196,4.744171,3.010217,1.187057,0.077305,0.014229,0.044445,0.005819,0.050132,0.005959
98.180000,SAMPLE,2,4.704498,3.007642,1.193732,4.671030,3.075373,1.207339,4.748324,3.016983,1.186137,4.749969,3.024128,1.187507,0.075549,0.013608,0.044811,0.007594,0.048367,0.006224
98.279000,SAMPLE,2,4.710194,3.022039,1.194806,4.677534,3.092517,1.208950,4.757117,3.033525,1.187516,4.757207,3.041087,1.189151,0.077678,0.014143,0.048309,0.007290,0.050725,0.005655
98.375000,SAMPLE,2,4.717657,3.040989,1.196480,4.684598,3.111228,1.210560,4.764611,3.050415,1.189855,4.764824,3.058981,1.190923,0.077630,0.014080,0.047892,0.006625,0.050482,0.005557
98.471000,SAMPLE,2,4.724318,3.057977,1.197995,4.691245,3.128915,1.212171,4.770958,3.069095,1.191474,4.771998,3.076348,1.192164,0.078269,0.014175,0.047947,0.006521,0.051097,0.005831
98.570000,SAMPLE,2,4.731421,3.076294,1.203496,4.698056,3.147249,1.217729,4.777433,3.087023,1.194466,4.779181,3.094087,1.196080,0.078408,0.014232,0.047246,0.009031,0.050966,0.007417
98.670000,SAMPLE,2,4.738574,3.094962,1.205622,4.704832,3.165719,1.219908,4.784856,3.105315,1.198890,4.786628,3.112758,1.198251,0.078390,0.014286,0.047426,0.006731,0.051244,0.007371
98.759000,SAMPLE,2,4.744186,3.109642,1.205622,4.710003,3.179844,1.219908,4.792189,3.123236,1.199919,4.792378,3.127084,1.198553,0.078083,0.014286,0.049890,0.005703,0.051251,0.007069
98.846000,SAMPLE,2,4.750022,3.124956,1.207617,4.716675,3.198139,1.221958,4.798743,3.141131,1.201819,4.799559,3.145276,1.200793,0.080422,0.014341,0.051336,0.005797,0.053542,0.006824
98.944000,SAMPLE,2,4.757045,3.143390,1.206069,4.723396,3.216562,1.220410,4.807495,3.160605,1.200263,4.806904,3.163602,1.199152,0.080539,0.014341,0.053306,0.005806,0.053801,0.006917
99.022000,SAMPLE,2,4.762542,3.157760,1.204648,4.728527,3.230568,1.218989,4.807495,3.160605,1.200263,4.812320,3.177466,1.197889,0.080362,0.014341,0.045042,0.004385,0.053536,0.006759
99.112000,SAMPLE,2,4.768933,3.174376,1.203005,4.733610,3.244378,1.217410,4.815090,3.177199,1.198925,4.818021,3.191157,1.196182,0.078409,0.014405,0.046242,0.004080,0.051877,0.006823
99.193000,SAMPLE,2,4.774070,3.187740,1.205026,4.739064,3.259195,1.219337,4.821340,3.193895,1.197317,4.824000,3.205742,1.198284,0.079569,0.014311,0.047669,0.007709,0.053076,0.006742
99.286000,SAMPLE,2,4.780352,3.204173,1.206447,4.745573,3.276989,1.220979,4.827932,3.212468,1.199814,4.831018,3.223357,1.200225,0.080695,0.014532,0.048298,0.006633,0.054176,0.006222
99.384000,SAMPLE,2,4.786998,3.221630,1.207945,4.751994,3.294625,1.222526,4.835453,3.229503,1.201271,4.838041,3.240852,1.202192,0.080954,0.014581,0.049090,0.006673,0.054542,0.005753
99.482000,SAMPLE,2,4.793849,3.239759,1.211071,4.758651,3.313049,1.225684,4.842696,3.246834,1.202931,4.845291,3.258946,1.205242,0.081304,0.014613,0.049356,0.008140,0.054903,0.005829
99.577000,SAMPLE,2,4.800077,3.256392,1.214102,4.763676,3.327082,1.228210,4.849427,3.264696,1.206516,4.850761,3.272674,1.207764,0.079512,0.014108,0.050045,0.007586,0.053236,0.006338
99.676000,SAMPLE,2,4.806914,3.274907,1.219637,4.770152,3.345402,1.233768,4.855273,3.283278,1.210027,4.857734,3.290961,1.212800,0.079505,0.014131,0.049079,0.009611,0.053296,0.006837
99.769000,SAMPLE,2,4.812545,3.290274,1.219182,4.776663,3.364001,1.233692,4.861880,3.301218,1.214513,4.864416,3.308793,1.212753,0.081994,0.014510,0.050534,0.004669,0.055077,0.006430
99.858000,SAMPLE,2,4.818446,3.306320,1.217003,4.781689,3.378301,1.231671,4.867904,3.319716,1.213213,4.869658,3.323026,1.211183,0.080824,0.014667,0.051240,0.003790,0.053868,0.005820
99.955000,SAMPLE,2,4.825296,3.324856,1.217174,4.788253,3.396892,1.231702,4.874672,3.337281,1.211959,4.876556,3.341488,1.210903,0.081003,0.014528,0.050916,0.005215,0.053892,0.006271
100.054000,SAMPLE,2,4.832344,3.344002,1.218763,4.794800,3.415501,1.233281,4.881597,3.356193,1.213414,4.883397,3.359881,1.212404,0.080757,0.014518,0.050740,0.005349,0.053466,0.006359
100.152000,SAMPLE,2,4.838775,3.361585,1.223197,4.800984,3.433187,1.237081,4.889136,3.373917,1.215608,4.890006,3.377548,1.215299,0.080963,0.013884,0.051850,0.007590,0.053661,0.007899
100.248000,SAMPLE,2,4.845474,3.380178,1.225024,4.807491,3.452099,1.239789,4.895469,3.393775,1.221385,4.896798,3.396079,1.218985,0.081334,0.014765,0.051811,0.003639,0.053731,0.006039
100.345000,SAMPLE,2,4.851248,3.396145,1.222426,4.813907,3.470686,1.236855,4.902329,3.412158,1.219525,4.903702,3.415017,1.216488,0.083371,0.014428,0.053533,0.002901,0.055747,0.005939
100.443000,SAMPLE,2,4.857628,3.413557,1.216844,4.820040,3.488190,1.231247,4.908486,3.429620,1.213918,4.910251,3.432842,1.211577,0.083564,0.014403,0.053334,0.002926,0.056046,0.005267
100.539000,SAMPLE,2,4.864424,3.431933,1.216096,4.825284,3.503039,1.231221,4.915905,3.447359,1.212909,4.915838,3.447745,1.213050,0.081167,0.015124,0.053742,0.003188,0.053790,0.003046
100.633000,SAMPLE,2,4.871203,3.450055,1.208644,4.832000,3.521878,1.224210,4.915905,3.447359,1.212909,4.922886,3.466419,1.206601,0.081825,0.015566,0.044784,0.004264,0.054212,0.002043
100.724000,SAMPLE,2,4.877006,3.465193,1.200686,4.838599,3.539885,1.214737,4.929731,3.484897,1.198314,4.929816,3.484423,1.197467,0.083988,0.014050,0.056287,0.002372,0.056203,0.003219
100.811000,SAMPLE,2,4.883304,3.481294,1.196152,4.844167,3.554750,1.210873,4.929731,3.484897,1.198314,4.935667,3.499269,1.193151,0.083232,0.014722,0.046567,0.002163,0.055363,0.003000
100.910000,SAMPLE,2,4.890464,3.499356,1.190551,4.851156,3.573163,1.205215,4.938108,3.504789,1.192386,4.943052,3.517686,1.187967,0.083622,0.014664,0.047953,0.001835,0.055691,0.002584
100.999000,SAMPLE,2,4.897388,3.516531,1.182971,4.856837,3.587895,1.199139,4.945137,3.522713,1.187117,4.949050,3.532504,1.183399,0.082081,0.016168,0.048148,0.004147,0.054075,0.000428
101.095000,SAMPLE,2,4.904832,3.534392,1.169584,4.864043,3.605998,1.185284,4.953225,3.539953,1.178064,4.956654,3.550521,1.169645,0.082409,0.015700,0.048712,0.008480,0.054275,0.000061
101.188000,SAMPLE,2,4.912630,3.552439,1.156568,4.871687,3.624479,1.171944,4.956904,3.558138,1.164709,4.963983,3.568492,1.157363,0.082862,0.015376,0.044639,0.008141,0.053803,0.000795
101.281000,SAMPLE,2,4.919119,3.567039,1.147702,4.879552,3.642868,1.160260,4.968008,3.576601,1.151473,4.971995,3.586426,1.145636,0.085531,0.012558,0.049815,0.003771,0.056318,0.002066
101.377000,SAMPLE,2,4.927342,3.585035,1.138418,4.885998,3.657512,1.153281,4.978476,3.596423,1.139734,4.978821,3.600870,1.139009,0.083440,0.014863,0.052386,0.001316,0.053859,0.000591
101.467000,SAMPLE,2,4.934916,3.601398,1.135929,4.893961,3.675398,1.150418,4.985802,3.614192,1.134266,4.987121,3.618530,1.135651,0.084578,0.014489,0.052469,0.001663,0.054944,0.000278
101.561000,SAMPLE,2,4.943226,3.619112,1.127634,4.902198,3.693623,1.141615,4.993436,3.631496,1.129469,4.994056,3.633263,1.127979,0.085060,0.013981,0.051715,0.001834,0.052764,0.000345
101.659000,SAMPLE,2,4.951985,3.637350,1.119619,4.908689,3.707670,1.135037,5.003897,3.649727,1.118555,5.002422,3.650732,1.118505,0.082580,0.015417,0.053368,0.001064,0.052182,0.001114
101.752000,SAMPLE,2,4.960523,3.654780,1.109175,4.917198,3.725769,1.125513,5.014117,3.666190,1.110625,5.011934,3.668709,1.109594,0.083165,0.016338,0.054796,0.001450,0.053265,0.000420
101.852000,SAMPLE,2,4.968458,3.670420,1.092243,4.925973,3.743741,1.106326,5.022578,3.683637,1.094923,5.021367,3.686630,1.090567,0.084740,0.014083,0.055710,0.002680,0.055336,0.001676
101.950000,SAMPLE,2,4.978294,3.688938,1.073832,4.935100,3.761537,1.088579,5.030961,3.703153,1.075770,5.030742,3.704297,1.072725,0.084477,0.014746,0.054551,0.001937,0.054650,0.001108
102.039000,SAMPLE,2,4.987282,3.705275,1.061506,4.942594,3.775673,1.078147,5.040505,3.721296,1.061841,5.038438,3.718199,1.062680,0.083384,0.016641,0.055582,0.000335,0.052763,0.001174
102.124000,SAMPLE,2,4.996106,3.720824,1.047611,4.952192,3.793219,1.062358,5.040505,3.721296,1.061841,5.048532,3.735969,1.046733,0.084673,0.014746,0.044402,0.014229,0.054570,0.000879
102.223000,SAMPLE,2,5.006446,3.738369,1.029322,4.962094,3.810596,1.044068,5.051605,3.739201,1.045901,5.059039,3.753586,1.028783,0.084758,0.014746,0.045167,0.016579,0.054750,0.000539
102.322000,SAMPLE,2,5.015126,3.752630,1.018388,4.971990,3.827367,1.030779,5.061262,3.755661,1.028601,5.069134,3.770036,1.016374,0.086292,0.012391,0.046236,0.010213,0.056744,0.002014
102.422000,SAMPLE,2,5.026166,3.770284,1.007325,4.982368,3.844464,1.021389,5.070211,3.772745,1.015188,5.079887,3.787298,1.006364,0.086145,0.014064,0.044114,0.007863,0.056352,0.000961
102.520000,SAMPLE,2,5.036868,3.787145,1.003530,4.992622,3.861143,1.017942,5.080692,3.790179,1.003436,5.090518,3.804142,1.002133,0.086217,0.014412,0.043930,0.000095,0.056278,0.001397
102.618000,SAMPLE,2,5.047360,3.803500,0.996139,5.000896,3.874467,1.011652,5.092861,3.807492,0.999198,5.099352,3.817808,0.996053,0.084825,0.015513,0.045676,0.003059,0.053925,0.000086
102.720000,SAMPLE,2,5.058461,3.820460,0.986287,5.011153,3.890686,1.002179,5.103922,3.824043,0.992947,5.110173,3.834253,0.986348,0.084674,0.015892,0.045602,0.006660,0.053520,0.000062
102.805000,SAMPLE,2,5.068371,3.835352,0.981900,5.021979,3.907502,0.996687,5.113975,3.840301,0.983810,5.121447,3.851221,0.981016,0.085778,0.014787,0.045872,0.001910,0.055398,0.000883
102.900000,SAMPLE,2,5.078607,3.850626,0.978868,5.030307,3.920343,0.994160,5.125605,3.857127,0.978246,5.130196,3.864184,0.978084,0.084813,0.015292,0.047446,0.000623,0.053341,0.000784
102.991000,SAMPLE,2,5.088144,3.864720,0.972172,5.041099,3.936830,0.987113,5.136128,3.873097,0.974479,5.141208,3.880469,0.970720,0.086099,0.014941,0.048710,0.002307,0.055352,0.001452
103.087000,SAMPLE,2,5.098396,3.879605,0.962110,5.051913,3.953025,0.975989,5.146806,3.889651,0.965858,5.152174,3.896499,0.959408,0.086898,0.013880,0.049441,0.003748,0.056369,0.002702
103.174000,SAMPLE,2,5.109407,3.895172,0.948720,5.060958,3.966223,0.964331,5.157943,3.905823,0.953639,5.161552,3.909887,0.947094,0.085997,0.015611,0.049691,0.004919,0.054181,0.001626
103.273000,SAMPLE,2,5.120875,3.911056,0.944009,5.072129,3.982200,0.958842,5.170237,3.921559,0.941508,5.173259,3.925989,0.940283,0.086241,0.014833,0.050467,0.002501,0.054471,0.003726
103.369000,SAMPLE,2,5.132275,3.926823,0.944818,5.083306,3.998147,0.959731,5.181828,3.937717,0.940009,5.184985,3.942048,0.940750,0.086516,0.014914,0.050736,0.004809,0.054865,0.004067
103.468000,SAMPLE,2,5.142039,3.940255,0.938260,5.094525,4.014064,0.952189,5.193249,3.953232,0.938750,5.196960,3.958377,0.933042,0.087781,0.013929,0.052828,0.000490,0.057834,0.005218
103.561000,SAMPLE,2,5.153521,3.955710,0.925558,5.106235,4.030277,0.939021,5.205216,3.968919,0.927484,5.209060,3.974506,0.918999,0.088296,0.013463,0.053355,0.001926,0.058633,0.006559
103.658000,SAMPLE,2,5.165683,3.971742,0.919432,5.115719,4.043163,0.934442,5.205216,3.968919,0.927484,5.218798,3.987202,0.913894,0.087163,0.015010,0.039634,0.008053,0.055319,0.005538
103.749000,SAMPLE,2,5.177459,3.987090,0.912142,5.127652,4.059213,0.927279,5.230147,4.001891,0.912777,5.230929,4.002801,0.908045,0.087649,0.015137,0.054727,0.000635,0.055731,0.004097
103.850000,SAMPLE,2,5.190231,4.003367,0.897655,5.139755,4.075135,0.913360,5.241987,4.017534,0.901850,5.243416,4.018786,0.894318,0.087742,0.015705,0.053660,0.004195,0.055374,0.003337
103.932000,SAMPLE,2,5.201015,4.016751,0.888255,5.149597,4.087750,0.904055,5.255096,4.033333,0.888150,5.253482,4.031222,0.884949,0.087662,0.015800,0.056566,0.000105,0.054426,0.003306
104.031000,SAMPLE,2,5.211818,4.029980,0.884282,5.162014,4.103428,0.898913,5.255096,4.033333,0.888150,5.266354,4.046936,0.879341,0.088742,0.014631,0.043408,0.003868,0.057111,0.004941
104.128000,SAMPLE,2,5.224073,4.044892,0.882544,5.173749,4.118143,0.897355,5.267191,4.049032,0.881515,5.278392,4.061624,0.878595,0.088872,0.014811,0.043316,0.001029,0.056837,0.003949
104.211000,SAMPLE,2,5.234998,4.058165,0.880813,5.183497,4.130349,0.895729,5.279723,4.064584,0.879662,5.288259,4.073705,0.877633,0.088673,0.014916,0.045183,0.001151,0.055482,0.003180
104.305000,SAMPLE,2,5.247392,4.073142,0.878792,5.196019,4.145944,0.893518,5.294685,4.079046,0.877313,5.301205,4.088984,0.875915,0.089103,0.014726,0.047660,0.001479,0.056096,0.002877
104.395000,SAMPLE,2,5.257213,4.084973,0.877371,5.205904,4.158216,0.892097,5.307067,4.094256,0.875002,5.311677,4.101311,0.874478,0.089427,0.014726,0.050711,0.002369,0.056862,0.002893
104.491000,SAMPLE,2,5.268694,4.098766,0.875855,5.217618,4.172718,0.890581,5.319366,4.109861,0.872672,5.323637,4.115507,0.872986,0.089876,0.014726,0.051872,0.003184,0.057437,0.002869
104.591000,SAMPLE,2,5.280218,4.112566,0.874276,5.228686,4.186375,0.889002,5.333507,4.124731,0.870752,5.335239,4.129001,0.872041,0.090019,0.014726,0.054660,0.003524,0.057423,0.002235
104.685000,SAMPLE,2,5.291118,4.125571,0.871892,5.239882,4.200139,0.886476,5.344304,4.137021,0.869403,5.347047,4.142676,0.869757,0.090474,0.014584,0.054404,0.002489,0.058485,0.002135
104.782000,SAMPLE,2,5.303746,4.140549,0.868734,5.252237,4.215235,0.883318,5.353633,4.151481,0.866779,5.359535,4.157536,0.866395,0.090725,0.014584,0.051071,0.001955,0.058318,0.002339
104.879000,SAMPLE,2,5.316045,4.155045,0.865576,5.261871,4.226938,0.880792,5.366327,4.166258,0.863325,5.369302,4.169076,0.863647,0.090019,0.015216,0.051516,0.002251,0.055074,0.001929
104.973000,SAMPLE,2,5.327315,4.168244,0.862545,5.273458,4.240932,0.877634,5.378166,4.181007,0.860184,5.381298,4.183237,0.860203,0.090466,0.015089,0.052428,0.002361,0.056027,0.002341
105.073000,SAMPLE,2,5.336752,4.179233,0.859860,5.284388,4.254049,0.874476,5.391388,4.194268,0.857302,5.392578,4.196226,0.856972,0.091320,0.014616,0.056667,0.002559,0.058355,0.002888
105.165000,SAMPLE,2,5.346982,4.191077,0.856797,5.294683,4.266324,0.871318,5.402101,4.206992,0.854304,5.403447,4.208705,0.853670,0.091637,0.014521,0.057370,0.002493,0.059152,0.003127
105.263000,SAMPLE,2,5.356864,4.202441,0.852239,5.304294,4.277703,0.866410,5.412461,4.218429,0.851205,5.413587,4.220225,0.849405,0.091804,0.014171,0.057850,0.001034,0.059445,0.002835
105.362000,SAMPLE,2,5.366365,4.213250,0.847984,5.313267,4.288215,0.862602,5.422465,4.230033,0.845698,5.423094,4.230948,0.845094,0.091865,0.014618,0.058557,0.002286,0.059426,0.002890
105.460000,SAMPLE,2,5.375230,4.223270,0.844826,5.320268,4.296370,0.860076,5.431045,4.240302,0.842602,5.430733,4.239573,0.842344,0.091457,0.015250,0.058356,0.002224,0.057848,0.002483
105.547000,SAMPLE,2,5.382066,4.230952,0.842268,5.328523,4.305930,0.856918,5.439577,4.249943,0.839724,5.439404,4.249324,0.839169,0.092134,0.014650,0.060565,0.002545,0.060210,0.003100
105.642000,SAMPLE,2,5.389412,4.239161,0.839331,5.336222,4.314789,0.853760,5.447593,4.259380,0.836519,5.447450,4.258375,0.835989,0.092460,0.014429,0.061594,0.002813,0.061136,0.003343
105.732000,SAMPLE,2,5.396438,4.246969,0.837310,5.342137,4.321558,0.852055,5.455140,4.267666,0.833855,5.453440,4.264993,0.834726,0.092262,0.014745,0.062244,0.003456,0.059783,0.002585
105.827000,SAMPLE,2,5.403553,4.254842,0.833071,5.349078,4.329473,0.848060,5.455140,4.267666,0.833855,5.460720,4.273101,0.831035,0.092397,0.014989,0.053158,0.000784,0.060013,0.002036
105.923000,SAMPLE,2,5.410019,4.261926,0.829292,5.355472,4.336690,0.844102,5.461696,4.275911,0.831873,5.467144,4.280352,0.827363,0.092547,0.014811,0.053536,0.002582,0.060023,0.001928
106.024000,SAMPLE,2,5.415502,4.267897,0.826607,5.361777,4.343760,0.840944,5.465606,4.282872,0.826056,5.473228,4.287451,0.824081,0.092960,0.014337,0.052294,0.000552,0.060948,0.002527
106.123000,SAMPLE,2,5.421584,4.274497,0.825802,5.367491,4.350145,0.840237,5.480183,4.296477,0.822009,5.478905,4.293873,0.823780,0.092999,0.014435,0.062585,0.003793,0.060507,0.002022
106.223000,SAMPLE,2,5.427519,4.280911,0.822549,5.373120,4.356408,0.837079,5.480183,4.296477,0.822009,5.484793,4.300342,0.820295,0.093054,0.014529,0.054916,0.000541,0.060480,0.002254
106.314000,SAMPLE,2,5.432825,4.286610,0.819549,5.377510,4.361266,0.834552,5.486279,4.301778,0.818932,5.489429,4.305274,0.817514,0.092915,0.015003,0.055565,0.000618,0.059602,0.002036
106.415000,SAMPLE,2,5.438136,4.292274,0.814465,5.382468,4.366717,0.830194,5.491637,4.307660,0.815894,5.494623,4.310792,0.812170,0.092955,0.015729,0.055670,0.001429,0.059446,0.002295
106.510000,SAMPLE,2,5.441378,4.295675,0.802635,5.386174,4.370731,0.816837,5.496609,4.314635,0.812151,5.498316,4.314901,0.799767,0.093170,0.014202,0.058395,0.009516,0.060097,0.002867
106.599000,SAMPLE,2,5.442837,4.297167,0.781443,5.387227,4.371839,0.798410,5.499121,4.317637,0.798235,5.499276,4.316125,0.781729,0.093105,0.016968,0.059891,0.016793,0.059539,0.000287
106.694000,SAMPLE,2,5.443306,4.297617,0.748929,5.387227,4.371839,0.765552,5.500989,4.319088,0.774152,5.499478,4.316464,0.748218,0.093026,0.016623,0.061550,0.025223,0.059250,0.000711
106.793000,SAMPLE,2,5.443917,4.298162,0.707987,5.387227,4.371839,0.725165,5.500981,4.319187,0.739028,5.499638,4.316814,0.710662,0.092963,0.017178,0.060814,0.031041,0.058760,0.002675
106.880000,SAMPLE,2,5.444506,4.298648,0.669808,5.387227,4.371839,0.684113,5.501600,4.319444,0.698286,5.499866,4.317128,0.678582,0.092940,0.014305,0.060763,0.028478,0.058363,0.008773
106.976000,SAMPLE,2,5.445140,4.299130,0.629987,5.387227,4.371839,0.651271,5.503137,4.319776,0.657324,5.500250,4.317444,0.638166,0.092955,0.021283,0.061563,0.027336,0.058074,0.008178
107.077000,SAMPLE,2,5.445649,4.299489,0.598824,5.387227,4.371839,0.614234,5.503984,4.320850,0.616536,5.500692,4.317848,0.601829,0.092993,0.015410,0.062123,0.017712,0.058023,0.003005
107.174000,SAMPLE,2,5.446229,4.299871,0.564087,5.387227,4.371839,0.579497,5.505174,4.321719,0.581263,5.501231,4.318318,0.568501,0.093063,0.015410,0.062863,0.017176,0.058013,0.004414
107.266000,SAMPLE,2,5.446811,4.300225,0.530045,5.387227,4.371839,0.544760,5.503870,4.322643,0.547443,5.501547,4.318841,0.535065,0.093160,0.014715,0.061305,0.017398,0.057815,0.005020
107.364000,SAMPLE,2,5.447334,4.300521,0.499982,5.387227,4.371839,0.514697,5.504859,4.321790,0.513920,5.501937,4.319187,0.504426,0.093269,0.014715,0.061331,0.013938,0.057705,0.004444
107.464000,SAMPLE,2,5.447852,4.300794,0.470708,5.387227,4.371839,0.486276,5.504938,4.322483,0.485161,5.502284,4.319566,0.474572,0.093396,0.015568,0.061068,0.014453,0.057578,0.003863
107.557000,SAMPLE,2,5.448285,4.301008,0.446550,5.387227,4.371839,0.463539,5.505560,4.322596,0.456627,5.502665,4.319917,0.450623,0.093515,0.016989,0.061208,0.010076,0.057574,0.004072
107.648000,SAMPLE,2,5.448749,4.301223,0.420971,5.387227,4.371839,0.435118,5.506202,4.324248,0.428129,5.503086,4.320433,0.422248,0.093657,0.014147,0.061895,0.007158,0.057633,0.001277
107.740000,SAMPLE,2,5.449176,4.301409,0.397724,5.387227,4.371839,0.415755,5.508153,4.323148,0.401283,5.503086,4.320433,0.403511,0.093798,0.018031,0.062857,0.003559,0.057169,0.005787
107.840000,SAMPLE,2,5.449585,4.301575,0.375619,5.387227,4.371839,0.393650,5.508153,4.323148,0.401283,5.503690,4.320757,0.380980,0.093945,0.018031,0.062415,0.025664,0.057404,0.005361
107.932000,SAMPLE,2,5.449982,4.301727,0.354398,5.387227,4.371839,0.371544,5.509090,4.323094,0.378293,5.504346,4.321041,0.359215,0.094095,0.017147,0.062852,0.023895,0.057693,0.004818
108.026000,SAMPLE,2,5.450323,4.301850,0.336271,5.387227,4.371839,0.349439,5.512679,4.323344,0.355563,5.505353,4.321319,0.337259,0.094232,0.013168,0.065957,0.019292,0.058373,0.000988
108.116000,SAMPLE,2,5.450693,4.301975,0.316693,5.387227,4.371839,0.332605,5.511924,4.323199,0.333863,5.506144,4.321545,0.319773,0.094387,0.015912,0.064804,0.017171,0.058803,0.003080
108.209000,SAMPLE,2,5.450987,4.302069,0.301285,5.387227,4.371839,0.316473,5.513272,4.323473,0.312672,5.506999,4.321777,0.303407,0.094516,0.015189,0.065860,0.011388,0.059378,0.002123
108.299000,SAMPLE,2,5.451256,4.302151,0.287232,5.387227,4.371839,0.303842,5.511160,4.323531,0.297439,5.507498,4.321987,0.290842,0.094637,0.016610,0.063605,0.010207,0.059637,0.003610
108.390000,SAMPLE,2,5.451544,4.302233,0.272232,5.387227,4.371839,0.288052,5.510686,4.323322,0.281966,5.507871,4.322143,0.274580,0.094772,0.015820,0.062789,0.009734,0.059742,0.002348
108.483000,SAMPLE,2,5.451837,4.302313,0.257074,5.387227,4.371839,0.272263,5.511612,4.323886,0.265868,5.508310,4.322348,0.258344,0.094913,0.015189,0.063549,0.008794,0.059922,0.001269
108.570000,SAMPLE,2,5.452057,4.302369,0.245706,5.387227,4.371839,0.259631,5.511154,4.323815,0.250104,5.508645,4.322520,0.245351,0.095021,0.013926,0.062867,0.004398,0.060068,0.000355
108.668000,SAMPLE,2,5.452367,4.302444,0.229758,5.387227,4.371839,0.243842,5.511254,4.323461,0.234226,5.508952,4.322631,0.229251,0.095178,0.014084,0.062525,0.004467,0.060078,0.000508
108.767000,SAMPLE,2,5.452681,4.302515,0.213653,5.387227,4.371839,0.228052,5.513186,4.323712,0.218425,5.509453,4.322759,0.213206,0.095342,0.014399,0.064110,0.004772,0.060273,0.000447
108.867000,SAMPLE,2,5.452909,4.302563,0.202006,5.387227,4.371839,0.216910,5.513769,4.323668,0.203428,5.509963,4.322866,0.201244,0.095464,0.014905,0.064416,0.001423,0.060559,0.000762
108.965000,SAMPLE,2,5.453095,4.302600,0.192532,5.387227,4.371839,0.207437,5.513724,4.324425,0.194245,5.510418,4.323055,0.191883,0.095565,0.014905,0.064437,0.001713,0.060863,0.000649
109.065000,SAMPLE,2,5.453257,4.302631,0.184290,5.387227,4.371839,0.197963,5.513122,4.324738,0.184534,5.510736,4.323253,0.182097,0.095654,0.013673,0.063816,0.000244,0.061067,0.002192
109.163000,SAMPLE,2,5.453445,4.302666,0.174721,5.387227,4.371839,0.188489,5.513297,4.325175,0.176070,5.511045,4.323485,0.172925,0.095759,0.013768,0.063945,0.001348,0.061247,0.001797
109.260000,SAMPLE,2,5.453632,4.302698,0.165248,5.387227,4.371839,0.180910,5.513297,4.325175,0.176070,5.511045,4.323485,0.165346,0.095866,0.015662,0.063759,0.010822,0.061060,0.000098
109.359000,SAMPLE,2,5.453823,4.302728,0.155585,5.387227,4.371839,0.171437,5.512607,4.323918,0.155965,5.511271,4.323665,0.155922,0.095976,0.015852,0.062487,0.000380,0.061144,0.000338
109.445000,P2,2,5.453960,4.302750,0.148627,5.387227,4.371839,0.163163,5.512607,4.323918,0.155965,5.511271,4.323665,0.148448,0.096056,0.014536,0.062350,0.007338,0.061008,0.000178
109.457000,SAMPLE,3,5.453975,4.302752,0.147866,5.387227,4.371839,0.163163,5.512607,4.323918,0.155965,5.511271,4.323665,0.148448,0.096065,0.015297,0.062335,0.008098,0.060993,0.000582
109.553000,SAMPLE,3,5.454869,4.302885,0.145603,5.387819,4.371936,0.160800,5.515601,4.325160,0.143036,5.512588,4.323762,0.146176,0.096248,0.015197,0.064688,0.002567,0.061379,0.000573
109.649000,SAMPLE,3,5.459393,4.303532,0.136827,5.392882,4.372730,0.150550,5.518903,4.324821,0.136923,5.518536,4.324730,0.136059,0.095980,0.013722,0.063204,0.000095,0.062828,0.000768
109.747000,SAMPLE,3,5.469864,4.304870,0.116593,5.403106,4.374173,0.129900,5.518903,4.324821,0.136923,5.528999,4.326081,0.115948,0.096227,0.013307,0.052942,0.020330,0.062824,0.000645
109.843000,SAMPLE,3,5.485253,4.306447,0.086914,5.418479,4.375940,0.098950,5.523658,4.324970,0.121856,5.543630,4.327594,0.088098,0.096375,0.012035,0.042639,0.034942,0.062089,0.001183
109.931000,SAMPLE,3,5.503846,4.307735,0.049954,5.434099,4.377242,0.066700,5.539261,4.328447,0.094888,5.558909,4.328957,0.058381,0.098468,0.016746,0.041027,0.044934,0.059011,0.008428
110.018000,SAMPLE,3,5.521401,4.308261,0.009425,5.449343,4.377983,0.029852,5.560336,4.329735,0.057296,5.573741,4.329767,0.022932,0.100266,0.020427,0.044464,0.047871,0.056587,0.013507
110.108000,SAMPLE,3,5.537306,4.308128,-0.027512,5.468815,4.378111,-0.017716,5.578065,4.329473,0.012505,5.592929,4.329873,-0.022202,0.097922,0.009796,0.046011,0.040017,0.059723,0.005310
110.199000,SAMPLE,3,5.556870,4.307110,-0.077149,5.484801,4.377487,-0.060479,5.600161,4.330530,-0.036326,5.608824,4.329434,-0.063542,0.100731,0.016670,0.049220,0.040823,0.056547,0.013607
110.290000,SAMPLE,3,5.576224,4.305154,-0.122987,5.504264,4.375814,-0.108963,5.620502,4.328824,-0.089851,5.628785,4.327723,-0.114114,0.100851,0.014024,0.050208,0.033136,0.057202,0.008873
110.379000,SAMPLE,3,5.594890,4.302479,-0.161692,5.519626,4.373872,-0.142332,5.640955,4.326259,-0.136633,5.644753,4.325635,-0.148947,0.103738,0.019361,0.051840,0.025059,0.054977,0.012745
110.475000,SAMPLE,3,5.614765,4.298859,-0.197987,5.538845,4.370741,-0.179432,5.661331,4.323007,-0.176963,5.664520,4.322307,-0.186745,0.104551,0.018555,0.052455,0.021024,0.055004,0.011242
110.569000,SAMPLE,3,5.630622,4.295473,-0.222246,5.557999,4.366952,-0.209898,5.681188,4.319307,-0.212078,5.683875,4.318426,-0.218130,0.101898,0.012348,0.055901,0.010168,0.057989,0.004116
110.665000,SAMPLE,3,5.650789,4.290618,-0.249451,5.577500,4.362514,-0.236569,5.701488,4.314387,-0.240071,5.703594,4.313832,-0.245398,0.102666,0.012883,0.055994,0.009380,0.057682,0.004053
110.761000,SAMPLE,3,5.670181,4.285446,-0.272988,5.596887,4.357601,-0.260832,5.720744,4.309268,-0.264523,5.723145,4.308717,-0.268993,0.102852,0.012156,0.055894,0.008465,0.057850,0.003995
110.849000,SAMPLE,3,5.687803,4.280275,-0.298628,5.612004,4.353386,-0.283437,5.739414,4.304541,-0.290797,5.738712,4.304284,-0.292394,0.105312,0.015191,0.057031,0.007831,0.056286,0.006234
110.942000,SAMPLE,3,5.706814,4.274164,-0.324040,5.630961,4.347598,-0.309408,5.758348,4.298547,-0.316755,5.758594,4.298015,-0.318678,0.105576,0.014632,0.057011,0.007285,0.057009,0.005362
111.022000,SAMPLE,3,5.719201,4.269898,-0.339077,5.646153,4.342579,-0.328108,5.758348,4.298547,-0.316755,5.773749,4.292884,-0.338152,0.103046,0.010969,0.048510,0.022322,0.059193,0.000925
111.110000,SAMPLE,3,5.737429,4.263257,-0.359127,5.661254,4.337291,-0.344892,5.783471,4.291334,-0.343851,5.789520,4.287434,-0.355081,0.106225,0.014235,0.053927,0.015276,0.057428,0.004046
111.209000,SAMPLE,3,5.755907,4.256112,-0.379719,5.680006,4.330337,-0.366098,5.800394,4.285307,-0.363737,5.808619,4.280401,-0.376337,0.106162,0.013621,0.053211,0.015982,0.058038,0.003382
111.304000,SAMPLE,3,5.774877,4.248264,-0.406182,5.698587,4.322940,-0.392687,5.817940,4.272593,-0.385454,5.827370,4.272287,-0.403653,0.106755,0.013495,0.049461,0.020729,0.057729,0.002530
111.394000,SAMPLE,3,5.792074,4.240643,-0.426730,5.713309,4.316674,-0.410824,5.836484,4.270392,-0.409542,5.841838,4.266334,-0.418970,0.109475,0.015906,0.053453,0.017188,0.056004,0.007760
111.483000,SAMPLE,3,5.808646,4.232957,-0.441605,5.731182,4.308708,-0.427219,5.853501,4.259012,-0.433117,5.859357,4.258126,-0.435909,0.108346,0.014386,0.051874,0.008488,0.056614,0.005696
111.582000,SAMPLE,3,5.823878,4.225609,-0.457210,5.749305,4.300249,-0.445508,5.871332,4.251184,-0.449213,5.877945,4.249073,-0.454788,0.105510,0.011702,0.053908,0.007997,0.058939,0.002422
111.676000,SAMPLE,3,5.841007,4.217051,-0.467651,5.763294,4.293489,-0.453440,5.871332,4.251184,-0.449213,5.891839,4.242214,-0.462419,0.109005,0.014211,0.045659,0.018437,0.056719,0.005231
111.772000,SAMPLE,3,5.859017,4.207853,-0.478790,5.781233,4.284647,-0.464379,5.904506,4.236190,-0.473501,5.909042,4.233467,-0.473465,0.109305,0.014411,0.053594,0.005289,0.056202,0.005325
111.870000,SAMPLE,3,5.877358,4.198139,-0.496545,5.799042,4.275545,-0.481619,5.922816,4.226795,-0.487651,5.926637,4.224345,-0.491102,0.110114,0.014927,0.053736,0.008894,0.055814,0.005444
111.967000,SAMPLE,3,5.894364,4.188740,-0.512774,5.816248,4.266359,-0.498358,5.943096,4.215520,-0.505785,5.944524,4.214571,-0.508737,0.110122,0.014416,0.055606,0.006989,0.056421,0.004037
112.062000,SAMPLE,3,5.911210,4.179114,-0.526048,5.833346,4.256908,-0.511948,5.960837,4.206698,-0.521253,5.961527,4.204991,-0.520526,0.110066,0.014100,0.056778,0.004794,0.056581,0.005521
112.156000,SAMPLE,3,5.925214,4.170866,-0.538679,5.847245,4.248982,-0.524579,5.978822,4.195589,-0.535921,5.975282,4.197167,-0.533296,0.110369,0.014100,0.059034,0.002759,0.056555,0.005383
112.253000,SAMPLE,3,5.942377,4.160432,-0.552961,5.864478,4.238832,-0.538969,5.978822,4.195589,-0.535921,5.992841,4.186672,-0.548579,0.110520,0.013992,0.050638,0.017040,0.056879,0.004382
112.340000,SAMPLE,3,5.957956,4.150719,-0.561979,5.878087,4.230619,-0.546837,5.997030,4.184211,-0.552485,6.006371,4.178331,-0.557024,0.112974,0.015142,0.051463,0.009494,0.055735,0.004955
112.428000,SAMPLE,3,5.973623,4.140757,-0.570790,5.894842,4.220309,-0.556311,6.014922,4.174466,-0.563235,6.023711,4.167548,-0.567302,0.111959,0.014479,0.053310,0.007555,0.056804,0.003488
112.517000,SAMPLE,3,5.989095,4.130691,-0.583692,5.908387,4.211791,-0.567224,6.030807,4.165893,-0.572906,6.037591,4.158922,-0.578569,0.114416,0.016468,0.054581,0.010787,0.056114,0.005123
112.607000,SAMPLE,3,6.003749,4.120863,-0.598061,5.924516,4.201338,-0.583013,6.047533,4.153980,-0.584692,6.053619,4.148553,-0.593703,0.112934,0.015047,0.054897,0.013368,0.057041,0.004358
112.699000,SAMPLE,3,6.015816,4.112532,-0.610692,5.936549,4.193294,-0.595645,6.063358,4.144492,-0.600823,6.065968,4.140423,-0.606478,0.113162,0.015047,0.057285,0.009869,0.057386,0.004215
112.786000,SAMPLE,3,6.030788,4.101917,-0.621528,5.952561,4.182285,-0.607442,6.079267,4.133421,-0.617262,6.082426,4.129105,-0.618619,0.112154,0.014086,0.057816,0.004267,0.058357,0.002909
112.886000,SAMPLE,3,6.046533,4.090564,-0.628407,5.968515,4.171119,-0.614416,6.096025,4.119786,-0.627022,6.098737,4.117415,-0.625170,0.112142,0.013991,0.057475,0.001385,0.058705,0.003237
112.985000,SAMPLE,3,6.063043,4.078395,-0.643924,5.984777,4.159477,-0.629940,6.111129,4.109943,-0.633707,6.115553,4.105269,-0.641143,0.112693,0.013984,0.057511,0.010217,0.058987,0.002781
113.064000,SAMPLE,3,6.076225,4.068322,-0.661876,5.997348,4.150150,-0.647256,6.127264,4.098774,-0.651376,6.128269,4.095968,-0.657816,0.113656,0.014621,0.059434,0.010500,0.058932,0.004061
113.163000,SAMPLE,3,6.088926,4.058237,-0.680666,6.012021,4.138806,-0.669361,6.142537,4.085639,-0.672926,6.143144,4.084405,-0.679428,0.111381,0.011305,0.060208,0.007740,0.060203,0.001237
113.254000,SAMPLE,3,6.102735,4.046815,-0.700444,6.023561,4.129507,-0.685845,6.155779,4.075928,-0.694890,6.154675,4.074960,-0.696113,0.114484,0.014599,0.060508,0.005554,0.059075,0.004332
113.354000,SAMPLE,3,6.118472,4.033324,-0.716839,6.038935,4.116715,-0.701950,6.171458,4.062036,-0.712537,6.170569,4.061816,-0.712834,0.115240,0.014889,0.060264,0.004302,0.059379,0.004005
113.452000,SAMPLE,3,6.133424,4.020089,-0.732628,6.053874,4.103881,-0.717740,6.186793,4.047498,-0.728749,6.185799,4.048421,-0.729236,0.115539,0.014889,0.059996,0.003879,0.059547,0.003393
113.550000,SAMPLE,3,6.148627,4.006138,-0.753441,6.068647,4.090730,-0.737874,6.201503,4.034425,-0.746787,6.200911,4.034708,-0.748835,0.116415,0.015567,0.059967,0.006654,0.059581,0.004606
113.649000,SAMPLE,3,6.163372,3.991998,-0.775988,6.083050,4.077345,-0.759979,6.216984,4.020736,-0.768793,6.215658,4.020867,-0.771366,0.117199,0.016009,0.060829,0.007195,0.059726,0.004622
113.741000,SAMPLE,3,6.174060,3.981332,-0.792114,6.096890,4.063901,-0.780435,6.230961,4.007474,-0.790927,6.229918,4.006914,-0.792011,0.113017,0.011680,0.062618,0.001187,0.061437,0.000103
113.835000,SAMPLE,3,6.187446,3.967573,-0.806080,6.107855,4.052924,-0.791516,6.230961,4.007474,-0.790927,6.240723,3.995867,-0.803432,0.116702,0.014564,0.059039,0.015153,0.060325,0.002648
113.929000,SAMPLE,3,6.201119,3.953102,-0.821554,6.121798,4.038585,-0.807306,6.247397,3.993193,-0.805327,6.254698,3.981810,-0.818323,0.116616,0.014248,0.061229,0.016227,0.060785,0.003231
114.021000,SAMPLE,3,6.213961,3.939092,-0.836554,6.135275,4.024282,-0.823095,6.258393,3.979528,-0.821397,6.268394,3.967138,-0.834678,0.115969,0.013459,0.060077,0.015157,0.061234,0.001876
114.119000,SAMPLE,3,6.227509,3.923781,-0.857235,6.145983,4.012550,-0.839453,6.274902,3.965048,-0.836198,6.279252,3.955759,-0.849410,0.120525,0.017782,0.062842,0.021037,0.060827,0.007825
114.214000,SAMPLE,3,6.240084,3.908944,-0.878677,6.159017,3.997701,-0.861558,6.288694,3.949663,-0.855485,6.293172,3.940086,-0.872586,0.120207,0.017119,0.063411,0.023192,0.061547,0.006091
114.314000,SAMPLE,3,6.251069,3.895486,-0.892593,6.171742,3.982587,-0.878463,6.302064,3.932981,-0.878478,6.306263,3.924711,-0.889306,0.117811,0.014129,0.063296,0.014115,0.062455,0.003286
114.408000,SAMPLE,3,6.262677,3.880879,-0.906940,6.183745,3.967900,-0.893406,6.315323,3.917422,-0.896104,6.318696,3.909651,-0.903989,0.117485,0.013534,0.064085,0.010836,0.062975,0.002951
114.501000,SAMPLE,3,6.274824,3.865105,-0.922414,6.196157,3.952217,-0.909195,6.327028,3.903013,-0.911284,6.331612,3.893415,-0.920538,0.117376,0.013219,0.064516,0.011130,0.063453,0.001876
114.598000,SAMPLE,3,6.286746,3.849123,-0.936570,6.205787,3.939691,-0.920877,6.339220,3.887141,-0.927072,6.341690,3.880415,-0.932793,0.121479,0.015693,0.064799,0.009498,0.063230,0.003776
114.689000,SAMPLE,3,6.297615,3.834131,-0.950862,6.217350,3.924259,-0.935416,6.348765,3.869342,-0.941013,6.352920,3.864977,-0.946105,0.120688,0.015446,0.062098,0.009849,0.063325,0.004756
114.782000,SAMPLE,3,6.306859,3.821011,-0.963335,6.229092,3.908069,-0.951206,6.363420,3.851698,-0.956172,6.364685,3.848668,-0.961389,0.116734,0.012130,0.064350,0.007163,0.064099,0.001946
114.870000,SAMPLE,3,6.316633,3.806743,-0.977546,6.237697,3.895846,-0.963837,6.376651,3.836603,-0.972840,6.373724,3.836174,-0.974382,0.119039,0.013709,0.067036,0.004706,0.064230,0.003163
114.958000,SAMPLE,3,6.325737,3.793031,-0.992072,6.245675,3.884202,-0.976469,6.384975,3.821619,-0.988879,6.381592,3.824467,-0.987014,0.121334,0.015603,0.065775,0.003193,0.064093,0.005058
115.053000,SAMPLE,3,6.336075,3.776988,-1.003392,6.256111,3.868535,-0.988292,6.393230,3.807968,-1.002767,6.392680,3.807736,-1.000820,0.121553,0.015099,0.065011,0.000625,0.064416,0.002572
115.145000,SAMPLE,3,6.345996,3.761271,-1.012309,6.266834,3.852090,-0.997766,6.404825,3.790677,-1.012498,6.403577,3.790752,-1.011058,0.120477,0.014543,0.065770,0.000189,0.064689,0.001251
115.238000,SAMPLE,3,6.353749,3.748763,-1.019699,6.274891,3.839500,-1.005345,6.404825,3.790677,-1.012498,6.411478,3.778064,-1.018637,0.120216,0.014354,0.066073,0.007201,0.064739,0.001062
115.325000,SAMPLE,3,6.363740,3.732330,-1.030133,6.285220,3.823041,-1.016069,6.415171,3.773370,-1.021384,6.421891,3.761152,-1.029273,0.119975,0.014064,0.065798,0.008749,0.064901,0.000860
115.417000,SAMPLE,3,6.373188,3.716346,-1.043211,6.293472,3.809543,-1.027666,6.424709,3.758478,-1.031018,6.430280,3.747261,-1.040962,0.122639,0.015545,0.066555,0.012193,0.064924,0.002248
115.516000,SAMPLE,3,6.383141,3.698972,-1.058566,6.303282,3.793039,-1.042156,6.433124,3.738980,-1.044719,6.439810,3.730404,-1.054650,0.123393,0.016410,0.064023,0.013847,0.064802,0.003916
115.608000,SAMPLE,3,6.391101,3.684655,-1.067642,6.313258,3.775704,-1.053853,6.444765,3.722744,-1.060332,6.449709,3.712874,-1.066245,0.119789,0.013789,0.065807,0.007311,0.065048,0.001397
115.706000,SAMPLE,3,6.400835,3.666837,-1.072829,6.323093,3.758290,-1.058629,6.454892,3.704974,-1.072210,6.459671,3.694802,-1.071393,0.120031,0.014200,0.066156,0.000619,0.065143,0.001436
115.802000,SAMPLE,3,6.409719,3.650438,-1.075892,6.332430,3.741621,-1.061787,6.464218,3.687577,-1.076827,6.469036,3.677588,-1.075446,0.119533,0.014105,0.065951,0.000935,0.065235,0.000446
115.901000,SAMPLE,3,6.419421,3.632314,-1.083801,6.342055,3.724222,-1.069921,6.472255,3.670591,-1.080074,6.478601,3.659550,-1.083619,0.120135,0.013879,0.065243,0.003727,0.065146,0.000182
115.999000,SAMPLE,3,6.428371,3.615221,-1.093274,6.349334,3.710806,-1.077500,6.481972,3.653978,-1.087569,6.486005,3.645469,-1.091918,0.124030,0.015774,0.066146,0.005705,0.065090,0.001356
116.086000,SAMPLE,3,6.436171,3.599986,-1.101813,6.358162,3.694196,-1.086974,6.491497,3.636965,-1.098225,6.494671,3.628620,-1.101409,0.122315,0.014839,0.066546,0.003587,0.065132,0.000404
116.177000,SAMPLE,3,6.443046,3.586303,-1.107793,6.365553,3.680006,-1.093353,6.500259,3.619549,-1.106676,6.501573,3.615471,-1.107397,0.121595,0.014440,0.066172,0.001118,0.065392,0.000396
116.269000,SAMPLE,3,6.451621,3.569049,-1.111154,6.374710,3.662225,-1.096853,6.513072,3.600030,-1.114159,6.510483,3.597566,-1.111081,0.120818,0.014301,0.068819,0.003006,0.065407,0.000072
116.365000,SAMPLE,3,6.459766,3.552463,-1.118680,6.382987,3.645957,-1.104621,6.520951,3.581955,-1.118264,6.519382,3.580816,-1.119575,0.120981,0.014058,0.067922,0.000416,0.066015,0.000895
116.459000,SAMPLE,3,6.468083,3.535165,-1.126114,6.390003,3.631882,-1.111150,6.528998,3.566562,-1.126705,6.526263,3.566511,-1.126161,0.124301,0.014964,0.068531,0.000591,0.066087,0.000047
116.545000,SAMPLE,3,6.475497,3.519544,-1.129090,6.398688,3.614253,-1.114690,6.536376,3.549231,-1.132060,6.535303,3.548461,-1.130442,0.121940,0.014401,0.067731,0.002969,0.066430,0.001352
116.639000,SAMPLE,3,6.482584,3.504496,-1.133038,6.405425,3.600475,-1.118066,6.536376,3.549231,-1.132060,6.541841,3.534553,-1.132968,0.123148,0.014972,0.069962,0.000979,0.066443,0.000070
116.739000,SAMPLE,3,6.490891,3.486545,-1.142046,6.414094,3.582451,-1.127158,6.552781,3.513172,-1.144356,6.550472,3.516648,-1.142347,0.122865,0.014888,0.067375,0.002310,0.066754,0.000301
116.825000,SAMPLE,3,6.497978,3.470871,-1.150572,6.422147,3.565301,-1.136632,6.552781,3.513172,-1.144356,6.558465,3.499102,-1.152191,0.121109,0.013941,0.069230,0.006217,0.066751,0.001619
116.924000,SAMPLE,3,6.505423,3.453994,-1.160236,6.429598,3.549031,-1.146106,6.562065,3.494932,-1.154388,6.565931,3.482615,-1.161717,0.121579,0.014130,0.069888,0.005848,0.066936,0.001482
117.024000,SAMPLE,3,6.513651,3.434950,-1.163947,6.437679,3.531036,-1.149574,6.569908,3.477864,-1.163735,6.574231,3.463794,-1.166665,0.122491,0.014373,0.070756,0.000213,0.067097,0.002718
117.121000,SAMPLE,3,6.520197,3.419719,-1.165526,6.445680,3.513132,-1.151153,6.576098,3.459962,-1.168398,6.580625,3.448812,-1.169515,0.119494,0.014373,0.068880,0.002872,0.067067,0.003989
117.213000,SAMPLE,3,6.527468,3.402731,-1.167831,6.451928,3.499091,-1.153363,6.583578,3.442900,-1.168743,6.587935,3.431739,-1.171128,0.122439,0.014468,0.069006,0.000912,0.067065,0.003297
117.312000,SAMPLE,3,6.535385,3.384078,-1.171021,6.460008,3.480796,-1.156521,6.591115,3.425948,-1.173924,6.595504,3.413942,-1.174460,0.122621,0.014500,0.069707,0.002903,0.067128,0.003439
117.403000,SAMPLE,3,6.542565,3.367024,-1.172629,6.467822,3.462959,-1.158229,6.599273,3.408154,-1.175693,6.603126,3.396059,-1.175608,0.121614,0.014400,0.070054,0.003064,0.067162,0.002979
117.498000,SAMPLE,3,6.549995,3.349445,-1.167697,6.474159,3.448531,-1.154685,6.606787,3.388379,-1.177356,6.609418,3.381078,-1.171730,0.124776,0.013013,0.068856,0.009659,0.067318,0.004033
117.588000,SAMPLE,3,6.555927,3.335592,-1.165491,6.482183,3.430499,-1.151098,6.614979,3.370382,-1.172222,6.617409,3.362435,-1.168527,0.120189,0.014394,0.068538,0.006731,0.067086,0.003036
117.687000,SAMPLE,3,6.563851,3.317125,-1.165491,6.490187,3.412562,-1.151098,6.622760,3.353215,-1.170716,6.625129,3.344627,-1.168943,0.120559,0.014394,0.069085,0.005224,0.067166,0.003452
117.775000,SAMPLE,3,6.570866,3.300766,-1.166533,6.496473,3.398468,-1.151919,6.629257,3.335634,-1.170663,6.631128,3.330548,-1.169903,0.122800,0.014615,0.068009,0.004129,0.067220,0.003370
117.869000,SAMPLE,3,6.578494,3.282862,-1.169596,6.504579,3.380185,-1.155077,6.635981,3.318200,-1.172440,6.638924,3.311970,-1.173181,0.122209,0.014520,0.067480,0.002843,0.067075,0.003584
117.961000,SAMPLE,3,6.585853,3.265452,-1.171068,6.512420,3.362359,-1.156685,6.643603,3.299016,-1.175369,6.646495,3.293658,-1.175396,0.121587,0.014383,0.066794,0.004301,0.066880,0.004328
118.059000,SAMPLE,3,6.592056,3.250823,-1.167483,6.518787,3.347922,-1.153227,6.651798,3.281274,-1.174629,6.652648,3.278949,-1.171567,0.121641,0.014257,0.067054,0.007145,0.066801,0.004084
118.156000,SAMPLE,3,6.599737,3.232956,-1.163101,6.526833,3.329923,-1.148719,6.651798,3.281274,-1.174629,6.660378,3.260732,-1.167409,0.121316,0.014382,0.071028,0.011528,0.066700,0.004308
118.242000,SAMPLE,3,6.606870,3.216466,-1.163006,6.534907,3.311970,-1.148845,6.659151,3.263723,-1.167989,6.667915,3.243084,-1.168153,0.119581,0.014161,0.070474,0.004983,0.066595,0.005147
118.333000,SAMPLE,3,6.613664,3.200677,-1.166935,6.540958,3.298441,-1.152271,6.666770,3.245389,-1.167374,6.673565,3.229762,-1.170530,0.121836,0.014664,0.069423,0.000439,0.066589,0.003595
118.415000,SAMPLE,3,6.620417,3.184782,-1.170512,6.547429,3.283808,-1.155848,6.675286,3.228173,-1.169962,6.679820,3.215277,-1.173644,0.123017,0.014664,0.069953,0.000550,0.066773,0.003132
118.504000,SAMPLE,3,6.627459,3.168074,-1.173417,6.555340,3.265772,-1.159006,6.683662,3.208967,-1.175614,6.687632,3.196880,-1.177046,0.121433,0.014412,0.069506,0.002197,0.066713,0.003628
118.602000,SAMPLE,3,6.633461,3.153719,-1.176133,6.562532,3.249236,-1.162163,6.690366,3.189848,-1.179636,6.694481,3.180238,-1.180460,0.118973,0.013970,0.067406,0.003503,0.066534,0.004326
118.702000,SAMPLE,3,6.641034,3.135460,-1.180714,6.570342,3.231100,-1.167271,6.697561,3.172046,-1.182240,6.702038,3.161704,-1.184724,0.118930,0.013443,0.067334,0.001526,0.066410,0.004010
118.795000,SAMPLE,3,6.648316,3.117634,-1.183496,6.576601,3.216374,-1.169248,6.704107,3.154901,-1.187609,6.708090,3.146504,-1.187484,0.122036,0.014248,0.067093,0.004113,0.066381,0.003989
118.889000,SAMPLE,3,6.655610,3.099811,-1.181649,6.584242,3.198439,-1.167308,6.711793,3.136858,-1.189255,6.715653,3.127681,-1.185608,0.121742,0.014341,0.067298,0.007606,0.066196,0.003959
118.984000,SAMPLE,3,6.662212,3.083712,-1.181649,6.592094,3.180045,-1.167308,6.719897,3.119259,-1.188112,6.723108,3.109461,-1.186095,0.119150,0.014341,0.067759,0.006463,0.066117,0.004446
119.074000,SAMPLE,3,6.668909,3.067379,-1.181649,6.598095,3.165989,-1.167308,6.727619,3.101643,-1.188293,6.728817,3.095695,-1.186515,0.121402,0.014341,0.067977,0.006644,0.066263,0.004866
119.166000,SAMPLE,3,6.675639,3.050960,-1.182533,6.605668,3.148242,-1.168350,6.734904,3.080944,-1.188170,6.736100,3.077671,-1.187464,0.119832,0.014183,0.066418,0.005637,0.066099,0.004931
119.258000,SAMPLE,3,6.682904,3.033122,-1.185565,6.611916,3.133512,-1.170877,6.743299,3.061425,-1.190340,6.742071,3.062827,-1.189990,0.122953,0.014688,0.066698,0.004775,0.066205,0.004425
119.349000,SAMPLE,3,6.689658,3.016396,-1.188533,6.619376,3.115787,-1.174035,6.750006,3.045660,-1.193868,6.749311,3.044863,-1.193213,0.121729,0.014499,0.067069,0.005334,0.066098,0.004680
119.442000,SAMPLE,3,6.696115,3.000264,-1.191565,6.626338,3.099096,-1.177192,6.756180,3.029024,-1.196842,6.756187,3.027865,-1.196672,0.120982,0.014372,0.066595,0.005277,0.066109,0.005107
119.531000,SAMPLE,3,6.702089,2.985267,-1.191276,6.632373,3.084551,-1.177003,6.756180,3.029024,-1.196842,6.762004,3.013050,-1.196672,0.121317,0.014273,0.069574,0.005566,0.066043,0.005396
119.625000,SAMPLE,3,6.708787,2.968542,-1.188371,6.639930,3.066444,-1.173845,6.762733,3.012896,-1.197802,6.769073,2.995253,-1.193849,0.119691,0.014526,0.069838,0.009431,0.065937,0.005478
119.721000,SAMPLE,3,6.715668,2.951511,-1.185244,6.647131,3.049340,-1.170687,6.770136,2.992741,-1.194680,6.774702,2.981063,-1.191476,0.119448,0.014557,0.068313,0.009436,0.066018,0.006232
119.821000,SAMPLE,3,6.723291,2.932718,-1.186775,6.654829,3.031109,-1.172556,6.776421,2.975554,-1.191095,6.782008,2.962623,-1.191630,0.119866,0.014219,0.068248,0.004320,0.065893,0.004855
119.919000,SAMPLE,3,6.729376,2.917601,-1.189459,6.660731,3.017033,-1.175082,6.783136,2.956351,-1.191656,6.789042,2.944518,-1.194679,0.120826,0.014377,0.066270,0.002197,0.065456,0.005219
120.018000,SAMPLE,3,6.736334,2.900168,-1.192712,6.667716,3.000238,-1.178240,6.791176,2.940655,-1.194199,6.795772,2.927636,-1.197625,0.121337,0.014472,0.068168,0.001487,0.065478,0.004913
120.118000,SAMPLE,3,6.743678,2.881679,-1.191602,6.675146,2.982283,-1.177458,6.804526,2.904803,-1.196652,6.802990,2.909285,-1.196361,0.121729,0.014143,0.065094,0.005051,0.065421,0.004759
120.213000,SAMPLE,3,6.750903,2.863628,-1.188475,6.682751,2.964036,-1.174300,6.804526,2.904803,-1.196652,6.810410,2.890394,-1.193257,0.121353,0.014174,0.067608,0.008178,0.065249,0.004782
120.314000,SAMPLE,3,6.758264,2.845397,-1.186381,6.690208,2.946298,-1.172027,6.811628,2.886620,-1.193910,6.817343,2.872826,-1.191109,0.121707,0.014354,0.067432,0.007530,0.065135,0.004728
120.402000,SAMPLE,3,6.765169,2.828319,-1.187423,6.697971,2.927866,-1.173069,6.821026,2.866627,-1.191541,6.825011,2.853955,-1.191818,0.120105,0.014354,0.067730,0.004118,0.065101,0.004395
120.502000,SAMPLE,3,6.771380,2.812905,-1.187802,6.705352,2.910279,-1.173448,6.827907,2.849407,-1.192499,6.832202,2.836192,-1.192455,0.117649,0.014354,0.067288,0.004697,0.065128,0.004654
120.583000,SAMPLE,3,6.777304,2.798202,-1.188350,6.711155,2.896446,-1.174300,6.836237,2.831136,-1.194001,6.838064,2.821994,-1.194013,0.118439,0.014050,0.067511,0.005651,0.065252,0.005663
120.676000,SAMPLE,3,6.784762,2.779578,-1.191517,6.717315,2.881680,-1.176827,6.841729,2.812890,-1.194457,6.843862,2.807366,-1.196261,0.122368,0.014690,0.065992,0.002940,0.065307,0.004745
120.764000,SAMPLE,3,6.791415,2.762912,-1.188759,6.724995,2.863213,-1.174585,6.849142,2.794829,-1.196417,6.851280,2.788589,-1.194467,0.120300,0.014174,0.065963,0.007658,0.065140,0.005708
120.852000,SAMPLE,3,6.796741,2.749781,-1.181898,6.730938,2.849143,-1.167295,6.856787,2.777557,-1.190372,6.856893,2.774486,-1.187414,0.119175,0.014603,0.066159,0.008474,0.065028,0.005516
120.944000,SAMPLE,3,6.803863,2.732550,-1.177543,6.738754,2.830986,-1.163242,6.862652,2.761672,-1.182784,6.864289,2.756685,-1.183202,0.118021,0.014300,0.065606,0.005241,0.065067,0.005660
121.044000,SAMPLE,3,6.811560,2.713998,-1.177543,6.746531,2.812972,-1.163242,6.870353,2.742778,-1.182559,6.871872,2.738238,-1.183084,0.118424,0.014300,0.065459,0.005017,0.065001,0.005541
121.144000,SAMPLE,3,6.818963,2.696149,-1.178537,6.753975,2.795719,-1.164379,6.877135,2.724883,-1.182700,6.878944,2.720876,-1.183647,0.118902,0.014157,0.064882,0.004164,0.064878,0.005110
121.231000,SAMPLE,3,6.825765,2.679641,-1.181353,6.760282,2.781015,-1.166906,6.877135,2.724883,-1.182700,6.884971,2.706054,-1.186181,0.120685,0.014448,0.068452,0.001347,0.064831,0.004828
121.327000,SAMPLE,3,6.832868,2.662258,-1.184448,6.767783,2.763387,-1.170063,6.885216,2.705398,-1.185320,6.892004,2.688664,-1.189046,0.120262,0.014384,0.067833,0.000873,0.064763,0.004599
121.427000,SAMPLE,3,6.838903,2.647363,-1.188289,6.775076,2.746081,-1.174921,6.892010,2.687751,-1.188222,6.898857,2.671460,-1.193946,0.117555,0.013367,0.066720,0.000067,0.064615,0.005658
121.527000,SAMPLE,3,6.846491,2.628361,-1.191525,6.782750,2.727613,-1.177179,6.901056,2.669151,-1.193501,6.906123,2.653492,-1.195767,0.117957,0.014346,0.068126,0.001976,0.064712,0.004242
121.603000,SAMPLE,3,6.852710,2.612805,-1.189157,6.788814,2.713057,-1.174863,6.906398,2.651727,-1.197317,6.911916,2.638630,-1.193790,0.118883,0.014293,0.066312,0.008160,0.064594,0.004633
121.699000,SAMPLE,3,6.859621,2.595650,-1.187157,6.794758,2.698884,-1.172969,6.914145,2.633417,-1.194558,6.917670,2.624142,-1.192154,0.121920,0.014188,0.066326,0.007400,0.064664,0.004997
121.791000,SAMPLE,3,6.866733,2.577976,-1.189715,6.802490,2.680440,-1.175274,6.923483,2.615431,-1.193433,6.925045,2.606311,-1.194043,0.120937,0.014441,0.067996,0.003718,0.064832,0.004328
121.886000,SAMPLE,3,6.873538,2.560918,-1.192747,6.809840,2.662759,-1.178432,6.930539,2.596366,-1.196128,6.932363,2.588187,-1.197347,0.120121,0.014315,0.067124,0.003382,0.064837,0.004601
121.980000,SAMPLE,3,6.879155,2.546725,-1.195326,6.815478,2.649086,-1.180958,6.936615,2.578501,-1.199121,6.937947,2.574018,-1.199967,0.120551,0.014368,0.065661,0.003794,0.064818,0.004641
122.078000,SAMPLE,3,6.886475,2.528077,-1.197096,6.823052,2.630576,-1.183016,6.942739,2.561353,-1.201016,6.945061,2.555642,-1.201043,0.120534,0.014080,0.065367,0.003920,0.064746,0.003947
122.167000,SAMPLE,3,6.893005,2.511484,-1.194459,6.830506,2.612392,-1.180174,6.949508,2.541515,-1.200709,6.951983,2.537456,-1.198522,0.118695,0.014285,0.063988,0.006250,0.064444,0.004063
122.266000,SAMPLE,3,6.900247,2.493230,-1.192869,6.837880,2.594550,-1.178716,6.956883,2.524448,-1.197485,6.959131,2.519137,-1.196523,0.118976,0.014153,0.064670,0.004615,0.064331,0.003654
122.363000,SAMPLE,3,6.907340,2.475293,-1.195767,6.845344,2.576427,-1.181690,6.956883,2.524448,-1.197485,6.966270,2.500906,-1.199418,0.118624,0.014077,0.069790,0.001718,0.064255,0.003651
122.462000,SAMPLE,3,6.914338,2.457434,-1.199019,6.852354,2.559255,-1.184848,6.966114,2.507022,-1.199160,6.972957,2.484384,-1.202517,0.119205,0.014172,0.071692,0.000141,0.064518,0.003497
122.550000,SAMPLE,3,6.919548,2.443980,-1.204553,6.858241,2.544650,-1.191103,6.971720,2.487576,-1.201516,6.978524,2.469919,-1.208142,0.117869,0.013450,0.067989,0.003037,0.064428,0.003589
122.642000,SAMPLE,3,6.926348,2.426005,-1.213936,6.865254,2.526833,-1.200577,6.985831,2.453809,-1.216190,6.985429,2.452469,-1.217210,0.117893,0.013360,0.065660,0.002254,0.064738,0.003274
122.735000,SAMPLE,3,6.932413,2.409513,-1.223031,6.870429,2.513350,-1.208156,6.992311,2.435900,-1.225767,6.990363,2.438986,-1.224789,0.120930,0.014876,0.065453,0.002736,0.065014,0.001758
122.834000,SAMPLE,3,6.939082,2.390732,-1.237111,6.877228,2.495080,-1.221785,6.992311,2.435900,-1.225767,6.997135,2.420175,-1.237703,0.121303,0.015326,0.069810,0.011344,0.065092,0.000592
122.921000,SAMPLE,3,6.944759,2.374063,-1.247330,6.883677,2.477006,-1.233342,6.998361,2.416404,-1.237219,7.003445,2.401597,-1.250140,0.119701,0.013988,0.068308,0.010111,0.064824,0.002810
123.019000,SAMPLE,3,6.949564,2.359541,-1.255288,6.888396,2.463391,-1.240921,7.004936,2.399725,-1.250392,7.008091,2.387778,-1.257763,0.120524,0.014366,0.068416,0.004896,0.064982,0.002476
123.110000,SAMPLE,3,6.954799,2.343266,-1.263425,6.894051,2.446621,-1.249295,7.010554,2.382546,-1.259604,7.013624,2.370748,-1.265895,0.119885,0.014130,0.068202,0.003821,0.064929,0.002470
123.208000,SAMPLE,3,6.960701,2.324629,-1.263385,6.900217,2.428070,-1.249166,7.016421,2.365140,-1.266983,7.019360,2.352884,-1.265680,0.119826,0.014219,0.068890,0.003598,0.065110,0.002295
123.296000,SAMPLE,3,6.965706,2.308938,-1.260574,6.904946,2.413935,-1.246640,7.021732,2.346115,-1.266959,7.023962,2.338336,-1.263506,0.121310,0.013935,0.067239,0.006385,0.065253,0.002932
123.393000,SAMPLE,3,6.971768,2.290057,-1.261087,6.911159,2.395479,-1.246671,7.027417,2.328391,-1.263803,7.030019,2.319355,-1.263680,0.121603,0.014416,0.067575,0.002716,0.065204,0.002593
123.486000,SAMPLE,3,6.977353,2.272572,-1.262540,6.917254,2.377294,-1.248250,7.035389,2.309486,-1.265479,7.036142,2.300799,-1.266300,0.120742,0.014289,0.068781,0.002939,0.065215,0.003760
123.581000,SAMPLE,3,6.981874,2.258352,-1.263947,6.923216,2.359409,-1.250611,7.040432,2.291370,-1.267010,7.042020,2.282561,-1.267942,0.116848,0.013336,0.067225,0.003063,0.064835,0.003995
123.682000,SAMPLE,3,6.987989,2.238798,-1.272542,6.929303,2.340790,-1.259592,7.043788,2.273355,-1.268437,7.047803,2.263856,-1.276521,0.117670,0.012949,0.065633,0.004105,0.064851,0.003979
123.774000,SAMPLE,3,6.993394,2.220925,-1.281921,6.933830,2.326533,-1.267171,7.051707,2.255631,-1.279656,7.051837,2.250940,-1.282267,0.121247,0.014749,0.067860,0.002264,0.065700,0.000346
123.869000,SAMPLE,3,6.998616,2.202940,-1.296322,6.939548,2.307852,-1.282045,7.058521,2.235777,-1.290523,7.057702,2.231667,-1.297087,0.120397,0.014277,0.068315,0.005799,0.065700,0.000765
123.970000,SAMPLE,3,7.003819,2.183676,-1.318407,6.944807,2.289441,-1.303650,7.063812,2.217341,-1.309884,7.063075,2.212828,-1.318687,0.121115,0.014756,0.068793,0.008523,0.066039,0.000280
124.067000,SAMPLE,3,7.008371,2.165172,-1.341175,6.949392,2.271938,-1.325756,7.067173,2.198464,-1.331322,7.067606,2.194836,-1.340673,0.121973,0.015419,0.067573,0.009853,0.066248,0.000502
124.160000,SAMPLE,3,7.012462,2.146835,-1.361733,6.953055,2.256709,-1.343440,7.071150,2.179652,-1.352404,7.071095,2.179480,-1.358358,0.124906,0.018293,0.067240,0.009329,0.067109,0.003375
124.244000,SAMPLE,3,7.015192,2.133464,-1.377207,6.957182,2.237937,-1.365545,7.071150,2.179652,-1.352404,7.075057,2.160760,-1.379310,0.119498,0.011662,0.072557,0.024803,0.065794,0.002103
124.344000,SAMPLE,3,7.018696,2.114481,-1.398696,6.960671,2.220235,-1.385800,7.079966,2.141154,-1.396249,7.078890,2.142537,-1.398655,0.120628,0.012896,0.066824,0.002447,0.066411,0.000041
124.441000,SAMPLE,3,7.021935,2.094904,-1.414850,6.964137,2.200838,-1.401774,7.079966,2.141154,-1.396249,7.082161,2.122977,-1.414560,0.120675,0.013076,0.074207,0.018600,0.066448,0.000289
124.528000,SAMPLE,3,7.024463,2.078076,-1.428908,6.966566,2.186057,-1.414406,7.082696,2.122727,-1.413342,7.084476,2.108320,-1.426955,0.122524,0.014502,0.073382,0.015566,0.067203,0.001953
124.625000,SAMPLE,3,7.026995,2.059290,-1.444697,6.969315,2.167651,-1.430195,7.085260,2.105137,-1.429150,7.087104,2.089382,-1.443152,0.122756,0.014502,0.074140,0.015547,0.067221,0.001545
124.721000,SAMPLE,3,7.028981,2.042778,-1.457803,6.971912,2.148213,-1.445985,7.088199,2.085292,-1.445024,7.089581,2.069462,-1.459291,0.119889,0.011818,0.072899,0.012778,0.066215,0.001488
124.810000,SAMPLE,3,7.030869,2.024980,-1.472645,6.973679,2.133381,-1.458616,7.091164,2.064617,-1.460419,7.091337,2.054495,-1.471525,0.122562,0.014029,0.072156,0.012226,0.067287,0.001119
124.897000,SAMPLE,3,7.032509,2.007304,-1.482280,6.975345,2.117871,-1.467498,7.093654,2.045863,-1.476286,7.093029,2.038351,-1.480812,0.124470,0.014782,0.072288,0.005994,0.068019,0.001467
124.987000,SAMPLE,3,7.034081,1.989177,-1.487033,6.977331,2.098266,-1.472713,7.095053,2.028711,-1.486653,7.094835,2.019080,-1.486578,0.122967,0.014319,0.072667,0.000380,0.067715,0.000455
125.077000,SAMPLE,3,7.035394,1.972473,-1.499011,6.978722,2.083415,-1.483195,7.096460,2.007094,-1.492538,7.096134,2.004160,-1.496449,0.124578,0.015816,0.070198,0.006473,0.068509,0.002562
125.173000,SAMPLE,3,7.036601,1.953658,-1.513229,6.980185,2.065095,-1.497835,7.097886,1.988945,-1.507350,7.097488,1.985231,-1.511035,0.124903,0.015395,0.070718,0.005879,0.068587,0.002194
125.270000,SAMPLE,3,7.037495,1.936983,-1.521319,6.981523,2.045466,-1.507571,7.097856,1.969250,-1.519948,7.098510,1.965210,-1.521542,0.122072,0.013747,0.068445,0.001371,0.067228,0.000223
125.345000,SAMPLE,3,7.038161,1.922447,-1.528803,6.982386,2.030976,-1.515150,7.097856,1.969250,-1.519948,7.099183,1.950720,-1.529121,0.122022,0.013653,0.075855,0.008855,0.067254,0.000318
125.432000,SAMPLE,3,7.038870,1.904256,-1.533206,6.983220,2.015314,-1.518809,7.100553,1.950883,-1.528417,7.099991,1.935430,-1.532281,0.124221,0.014397,0.077323,0.004790,0.068611,0.000925
125.531000,SAMPLE,3,7.039596,1.884964,-1.533206,6.984216,1.996161,-1.518809,7.100162,1.931143,-1.535938,7.100684,1.916249,-1.532977,0.124224,0.014397,0.076163,0.002732,0.068633,0.000229
125.617000,SAMPLE,3,7.040195,1.869038,-1.533206,6.984993,1.981244,-1.518809,7.101379,1.912021,-1.536621,7.101285,1.900837,-1.533646,0.125050,0.014397,0.074773,0.003415,0.068871,0.000440
125.714000,SAMPLE,3,7.040935,1.849359,-1.533206,6.986002,1.961839,-1.518809,7.101844,1.892770,-1.536613,7.102025,1.880744,-1.534198,0.125178,0.014397,0.074796,0.003407,0.068680,0.000991
125.807000,SAMPLE,3,7.041502,1.834296,-1.533206,6.986999,1.942676,-1.518809,7.101769,1.874104,-1.536520,7.102667,1.860833,-1.534621,0.121312,0.014397,0.072227,0.003314,0.066674,0.001415
125.893000,SAMPLE,3,7.042147,1.817072,-1.534406,6.987749,1.928253,-1.519659,7.102515,1.854703,-1.536429,7.103131,1.846187,-1.534966,0.123775,0.014747,0.071137,0.002023,0.067578,0.000560
125.987000,SAMPLE,3,7.042755,1.798408,-1.542663,6.988671,1.908696,-1.528238,7.102315,1.836580,-1.538154,7.103643,1.826857,-1.543236,0.122835,0.014424,0.070742,0.004508,0.067206,0.000573
126.080000,SAMPLE,3,7.043194,1.779884,-1.551757,6.989266,1.893381,-1.535817,7.103292,1.815538,-1.547331,7.103952,1.811151,-1.550875,0.125658,0.015940,0.069878,0.004426,0.068331,0.000883
126.171000,SAMPLE,3,7.043423,1.765042,-1.558126,6.989836,1.874632,-1.543891,7.103456,1.796493,-1.556764,7.104174,1.791851,-1.558390,0.121990,0.014235,0.067773,0.001362,0.066404,0.000264
126.265000,SAMPLE,3,7.043643,1.746315,-1.559200,6.990347,1.855028,-1.544786,7.104660,1.775391,-1.563425,7.104403,1.772274,-1.559285,0.121074,0.014414,0.067590,0.004225,0.066073,0.000085
126.361000,SAMPLE,3,7.043860,1.727559,-1.559200,6.990840,1.836087,-1.544786,7.104265,1.758744,-1.563325,7.104552,1.757500,-1.560113,0.120787,0.014414,0.067980,0.004125,0.067675,0.000913
126.458000,SAMPLE,3,7.044078,1.708772,-1.559199,6.991228,1.821187,-1.544786,7.104265,1.758744,-1.563325,7.104673,1.738996,-1.560727,0.124219,0.014414,0.078228,0.004125,0.067714,0.001527
126.553000,SAMPLE,3,7.044306,1.689162,-1.559199,6.991741,1.801478,-1.544786,7.104362,1.741655,-1.561718,7.104814,1.720167,-1.560922,0.124007,0.014414,0.079763,0.002519,0.067989,0.001723
126.652000,SAMPLE,3,7.044523,1.670426,-1.559199,6.992226,1.782821,-1.544786,7.103940,1.717139,-1.563950,7.104840,1.702141,-1.561530,0.123966,0.014414,0.075581,0.004750,0.068147,0.002331
126.741000,SAMPLE,3,7.044684,1.656576,-1.559199,6.992711,1.764196,-1.544786,7.104776,1.683729,-1.562608,7.104925,1.682932,-1.561885,0.119513,0.014414,0.065942,0.003409,0.065755,0.002686
126.831000,SAMPLE,3,7.044896,1.638250,-1.559199,6.993119,1.748485,-1.544786,7.104776,1.683729,-1.562608,7.105065,1.667290,-1.561885,0.121789,0.014414,0.075192,0.003409,0.066810,0.002686
126.930000,SAMPLE,3,7.045086,1.618958,-1.564711,6.993571,1.729859,-1.550128,7.105655,1.643982,-1.565553,7.105208,1.648561,-1.565850,0.122282,0.014584,0.065535,0.000841,0.067015,0.001139
127.027000,SAMPLE,3,7.045149,1.599259,-1.568600,6.993919,1.710262,-1.554120,7.105578,1.625260,-1.571281,7.105301,1.628409,-1.571074,0.122254,0.014480,0.065785,0.002681,0.066842,0.002474
127.125000,SAMPLE,3,7.045192,1.579964,-1.568600,6.994238,1.691138,-1.554120,7.105578,1.625260,-1.571281,7.105325,1.608946,-1.571112,0.122295,0.014480,0.075487,0.002681,0.066753,0.002512
127.215000,SAMPLE,3,7.045222,1.566247,-1.568600,6.994479,1.676677,-1.554120,7.106698,1.606416,-1.571817,7.105473,1.594250,-1.571239,0.121531,0.014480,0.073436,0.003217,0.066441,0.002639
127.306000,SAMPLE,3,7.045263,1.547606,-1.568599,6.994804,1.657206,-1.554120,7.106850,1.588301,-1.571751,7.105621,1.574392,-1.571330,0.120658,0.014480,0.073818,0.003151,0.066035,0.002731
127.396000,SAMPLE,3,7.045304,1.529006,-1.568599,6.995060,1.641882,-1.554120,7.107768,1.569631,-1.572179,7.105862,1.559462,-1.571487,0.123553,0.014480,0.074512,0.003580,0.067786,0.002888
127.485000,SAMPLE,3,7.045339,1.512849,-1.568599,6.995374,1.623043,-1.554120,7.107008,1.548733,-1.572832,7.105969,1.540120,-1.571735,0.120993,0.014479,0.071349,0.004232,0.066481,0.003135
127.582000,SAMPLE,3,7.045384,1.492649,-1.568599,6.995707,1.603045,-1.554120,7.107219,1.529840,-1.572768,7.106083,1.519396,-1.571918,0.121058,0.014479,0.072158,0.004169,0.066331,0.003319
127.681000,SAMPLE,3,7.045419,1.476479,-1.568599,6.996018,1.584395,-1.554120,7.107437,1.509918,-1.572585,7.106216,1.500626,-1.572040,0.118687,0.014479,0.070458,0.003986,0.065417,0.003442
127.765000,SAMPLE,3,7.045456,1.459922,-1.568599,6.996267,1.569513,-1.554120,7.108122,1.491178,-1.572684,7.106418,1.485323,-1.572156,0.120124,0.014479,0.070029,0.004086,0.066042,0.003558
127.852000,SAMPLE,3,7.045493,1.442848,-1.568599,6.996528,1.553821,-1.554120,7.108485,1.472392,-1.572983,7.106636,1.469590,-1.572306,0.121295,0.014479,0.069576,0.004385,0.066735,0.003707
127.947000,SAMPLE,3,7.045534,1.424447,-1.568599,6.996838,1.535223,-1.554120,7.108481,1.452001,-1.573195,7.106821,1.450751,-1.572468,0.121006,0.014479,0.068714,0.004597,0.066693,0.003869
128.044000,SAMPLE,3,7.045574,1.405965,-1.568598,6.997150,1.516552,-1.554120,7.108436,1.434468,-1.573086,7.106978,1.431830,-1.572579,0.120725,0.014478,0.069022,0.004487,0.066629,0.003981
128.134000,SAMPLE,3,7.045609,1.390375,-1.568598,6.997413,1.500775,-1.554120,7.107788,1.414806,-1.573085,7.106950,1.416062,-1.572579,0.120462,0.014478,0.066807,0.004487,0.066502,0.003981
128.227000,SAMPLE,3,7.045648,1.372616,-1.568598,6.997724,1.482136,-1.554120,7.107788,1.414806,-1.573085,7.107010,1.397366,-1.572672,0.119546,0.014478,0.075109,0.004487,0.066165,0.004074
128.324000,SAMPLE,3,7.045691,1.352891,-1.568598,6.998052,1.462475,-1.554120,7.109075,1.394479,-1.573074,7.107213,1.377276,-1.572741,0.119491,0.014478,0.075810,0.004477,0.066179,0.004144
128.415000,SAMPLE,3,7.045731,1.334502,-1.568598,6.998307,1.447172,-1.554120,7.108717,1.375660,-1.572893,7.107361,1.361842,-1.572765,0.122244,0.014478,0.075241,0.004295,0.067422,0.004167
128.508000,SAMPLE,3,7.045769,1.317206,-1.568598,6.998609,1.429049,-1.554120,7.108307,1.354421,-1.573814,7.107429,1.343730,-1.572966,0.121379,0.014478,0.072773,0.005216,0.067122,0.004368
128.595000,SAMPLE,3,7.045802,1.302587,-1.568597,6.998871,1.413367,-1.554120,7.109386,1.338788,-1.574421,7.107623,1.328784,-1.573248,0.120311,0.014478,0.073168,0.005824,0.067143,0.004651
128.690000,SAMPLE,3,7.045843,1.283787,-1.568597,6.999191,1.394180,-1.554120,7.109574,1.319746,-1.574252,7.107796,1.309480,-1.573426,0.119846,0.014478,0.073176,0.005654,0.067069,0.004829
128.785000,SAMPLE,3,7.045883,1.265670,-1.568597,6.999493,1.376077,-1.554120,7.109177,1.299762,-1.573770,7.107909,1.291098,-1.573485,0.119757,0.014478,0.071892,0.005173,0.067037,0.004888
128.864000,SAMPLE,3,7.045919,1.249334,-1.568597,6.999756,1.360311,-1.554120,7.109247,1.283949,-1.573193,7.108035,1.275719,-1.573424,0.120195,0.014477,0.072171,0.004596,0.067488,0.004827
128.961000,SAMPLE,3,7.045960,1.230471,-1.568597,7.000074,1.341240,-1.554120,7.109233,1.264861,-1.573304,7.108131,1.256794,-1.573397,0.119897,0.014477,0.072015,0.004707,0.067514,0.004800
129.042000,SAMPLE,3,7.045988,1.218039,-1.568597,7.000314,1.326831,-1.554120,7.109233,1.264861,-1.573304,7.108094,1.242479,-1.573397,0.117991,0.014477,0.078692,0.004707,0.066742,0.004800
129.133000,SAMPLE,3,7.046028,1.199493,-1.568597,7.000577,1.311065,-1.554120,7.109034,1.244880,-1.573191,7.108169,1.226809,-1.573354,0.120475,0.014477,0.077651,0.004594,0.067879,0.004758
129.219000,SAMPLE,3,7.046067,1.182061,-1.568597,7.000834,1.295667,-1.554120,7.109444,1.227812,-1.572195,7.108298,1.212041,-1.573127,0.122280,0.014477,0.078165,0.003598,0.069076,0.004530
129.306000,SAMPLE,3,7.046102,1.166197,-1.568597,7.001137,1.277491,-1.554120,7.109139,1.208776,-1.572503,7.108364,1.193997,-1.573008,0.120033,0.014477,0.076071,0.003906,0.068186,0.004412
129.400000,SAMPLE,3,7.046135,1.150862,-1.568596,7.001398,1.261830,-1.554120,7.109386,1.190457,-1.572627,7.108455,1.178274,-1.572934,0.119647,0.014477,0.074622,0.004031,0.068082,0.004338
129.496000,SAMPLE,3,7.046178,1.131451,-1.568596,7.001719,1.242590,-1.554120,7.109410,1.170498,-1.572651,7.108532,1.159118,-1.572877,0.119702,0.014477,0.074316,0.004055,0.068216,0.004281
129.586000,SAMPLE,3,7.046217,1.113652,-1.568596,7.002032,1.223814,-1.554120,7.109289,1.149952,-1.572923,7.108583,1.139958,-1.572883,0.118693,0.014476,0.072772,0.004327,0.067687,0.004287
129.676000,SAMPLE,3,7.046257,1.095452,-1.568596,7.002299,1.207816,-1.554120,7.109383,1.131541,-1.572964,7.108646,1.123909,-1.572896,0.120657,0.014476,0.072714,0.004369,0.068572,0.004300
129.775000,SAMPLE,3,7.046299,1.076324,-1.568596,7.002615,1.188861,-1.554119,7.109302,1.113437,-1.574039,7.108677,1.105664,-1.573116,0.120718,0.014476,0.073122,0.005443,0.068934,0.004520
129.868000,SAMPLE,3,7.046338,1.058578,-1.568595,7.002924,1.170337,-1.554119,7.109059,1.094104,-1.574259,7.108669,1.086830,-1.573329,0.119896,0.014476,0.072083,0.005664,0.068435,0.004733
129.967000,SAMPLE,3,7.046376,1.041641,-1.568595,7.003252,1.150687,-1.554119,7.109005,1.073636,-1.573820,7.108660,1.067564,-1.573423,0.117264,0.014476,0.070329,0.005225,0.067463,0.004827
130.062000,SAMPLE,3,7.046416,1.023545,-1.568595,7.003561,1.132142,-1.554119,7.108764,1.053754,-1.573709,7.108624,1.048751,-1.573476,0.116747,0.014476,0.069282,0.005114,0.067121,0.004880
130.158000,SAMPLE,3,7.046458,1.004199,-1.568595,7.003824,1.116355,-1.554119,7.109093,1.035644,-1.573561,7.108639,1.032620,-1.573490,0.119986,0.014475,0.070085,0.004966,0.068368,0.004895
130.257000,SAMPLE,3,7.046502,0.984314,-1.568595,7.004154,1.096579,-1.554119,7.109278,1.016879,-1.574095,7.108586,1.012852,-1.573490,0.119986,0.014475,0.070720,0.005500,0.068329,0.004895
130.351000,SAMPLE,3,7.046542,0.966113,-1.568595,7.004465,1.077929,-1.554119,7.109103,0.994792,-1.574460,7.108659,0.994351,-1.573763,0.119471,0.014475,0.068821,0.005866,0.068234,0.005168
130.451000,SAMPLE,3,7.046629,0.946150,-1.562582,7.004826,1.058374,-1.548872,7.108722,0.977622,-1.571862,7.108619,0.974636,-1.568347,0.119757,0.013710,0.069614,0.009281,0.068223,0.005766
130.546000,SAMPLE,3,7.046812,0.930851,-1.554908,7.005336,1.039234,-1.539398,7.109614,0.958483,-1.562857,7.108824,0.955405,-1.559264,0.116048,0.015510,0.068612,0.007949,0.066696,0.004356
130.647000,SAMPLE,3,7.047195,0.912344,-1.545150,7.005988,1.021183,-1.529925,7.109725,0.939233,-1.554097,7.109157,0.937181,-1.550243,0.116378,0.015225,0.068067,0.008947,0.066755,0.005093
130.745000,SAMPLE,3,7.047751,0.893055,-1.540882,7.006827,1.001917,-1.526451,7.110471,0.918734,-1.546383,7.109718,0.917515,-1.546713,0.116300,0.014431,0.067773,0.005501,0.066619,0.005831
130.846000,SAMPLE,3,7.048305,0.873830,-1.543582,7.007629,0.983355,-1.529214,7.110592,0.901580,-1.546945,7.110141,0.898993,-1.549871,0.116835,0.014368,0.068189,0.003363,0.066760,0.006289
130.939000,SAMPLE,3,7.048768,0.855797,-1.546645,7.008219,0.968714,-1.531740,7.110592,0.901580,-1.546945,7.110528,0.884573,-1.551825,0.119978,0.014905,0.076930,0.000300,0.068134,0.005180
131.039000,SAMPLE,3,7.049225,0.835547,-1.549898,7.008960,0.948960,-1.534898,7.111585,0.863084,-1.554484,7.110891,0.865044,-1.554841,0.120348,0.014999,0.068168,0.004586,0.068357,0.004944
131.130000,SAMPLE,3,7.049514,0.820911,-1.552361,7.009602,0.930265,-1.538056,7.111187,0.844985,-1.557499,7.111252,0.846142,-1.557930,0.116411,0.014305,0.066206,0.005138,0.066695,0.005570
131.224000,SAMPLE,3,7.049838,0.801833,-1.554355,7.010215,0.910717,-1.539764,7.111187,0.844985,-1.557499,7.111477,0.826428,-1.560008,0.115870,0.014591,0.075006,0.003143,0.066365,0.005652
131.318000,SAMPLE,3,7.050188,0.783230,-1.548185,7.010740,0.894915,-1.534467,7.111964,0.828068,-1.561217,7.111679,0.811824,-1.555320,0.118447,0.013719,0.076333,0.013032,0.067814,0.007135
131.412000,SAMPLE,3,7.050659,0.765872,-1.538996,7.011485,0.876762,-1.524993,7.112205,0.807983,-1.555638,7.112055,0.793716,-1.546253,0.117606,0.014003,0.074574,0.016643,0.067415,0.007257
131.501000,SAMPLE,3,7.051317,0.747724,-1.530185,7.012479,0.857145,-1.515519,7.111709,0.791055,-1.546379,7.112537,0.774141,-1.537157,0.116109,0.014666,0.074329,0.016194,0.066677,0.006972
131.585000,SAMPLE,3,7.051932,0.733752,-1.523175,7.013378,0.841930,-1.507940,7.113363,0.769883,-1.536425,7.113085,0.759863,-1.530562,0.114843,0.015235,0.071268,0.013250,0.066494,0.007387
131.680000,SAMPLE,3,7.052802,0.716499,-1.519293,7.014349,0.827025,-1.504811,7.114762,0.750297,-1.525692,7.113873,0.745162,-1.527563,0.117023,0.014482,0.070578,0.006399,0.067463,0.008270
131.769000,SAMPLE,3,7.053690,0.698752,-1.524068,7.015594,0.807675,-1.510072,7.115261,0.731353,-1.524860,7.114851,0.725340,-1.531137,0.115393,0.013996,0.069669,0.000793,0.066690,0.007069
131.866000,SAMPLE,3,7.054527,0.678817,-1.533826,7.016666,0.788558,-1.519546,7.115222,0.712605,-1.533421,7.115568,0.706078,-1.539979,0.116089,0.014280,0.069466,0.000404,0.066851,0.006153
131.961000,SAMPLE,3,7.055121,0.660644,-1.541302,7.017549,0.769716,-1.527069,7.116213,0.693963,-1.543952,7.116132,0.687112,-1.548131,0.115361,0.014233,0.069587,0.002649,0.066505,0.006829
132.054000,SAMPLE,3,7.055680,0.641685,-1.539702,7.018248,0.753731,-1.525798,7.116766,0.672513,-1.547433,7.116544,0.670810,-1.546637,0.118133,0.013904,0.068425,0.007730,0.067474,0.006935
132.151000,SAMPLE,3,7.056322,0.622185,-1.536237,7.019174,0.734068,-1.522096,7.117000,0.653388,-1.544738,7.117054,0.651238,-1.542532,0.117889,0.014141,0.068230,0.008502,0.067323,0.006295
132.246000,SAMPLE,3,7.056864,0.607143,-1.532461,7.020128,0.715250,-1.517188,7.117688,0.636108,-1.541830,7.117583,0.632503,-1.538250,0.114179,0.015274,0.067368,0.009369,0.065802,0.005789
132.339000,SAMPLE,3,7.057653,0.588575,-1.523777,7.021032,0.699455,-1.509806,7.117688,0.636108,-1.541830,7.118141,0.616724,-1.530671,0.116772,0.013971,0.076574,0.018053,0.066717,0.006894
132.421000,SAMPLE,3,7.058492,0.572135,-1.516571,7.022251,0.680864,-1.501832,7.119965,0.615186,-1.532739,7.119103,0.598484,-1.522958,0.114610,0.014739,0.075049,0.016167,0.066090,0.006387
132.514000,SAMPLE,3,7.059532,0.553578,-1.513337,7.023359,0.665134,-1.499161,7.119289,0.597144,-1.524017,7.119859,0.582858,-1.520544,0.117274,0.014176,0.073952,0.010680,0.067057,0.007207
132.602000,SAMPLE,3,7.060563,0.536088,-1.510432,7.024764,0.645986,-1.496004,7.122128,0.574880,-1.518754,7.121050,0.564164,-1.517400,0.115582,0.014429,0.072767,0.008322,0.066685,0.006968
132.700000,SAMPLE,3,7.061536,0.520329,-1.507748,7.025901,0.631061,-1.493477,7.121543,0.554670,-1.516454,7.121900,0.548574,-1.514816,0.116324,0.014271,0.069138,0.008706,0.066644,0.007068
132.798000,SAMPLE,3,7.062805,0.501123,-1.502200,7.027457,0.611691,-1.487819,7.121840,0.536370,-1.515149,7.123044,0.529028,-1.508658,0.116081,0.014380,0.068757,0.012949,0.066389,0.006458
132.891000,SAMPLE,3,7.064147,0.482396,-1.495070,7.029150,0.592027,-1.480682,7.123362,0.516914,-1.509332,7.124089,0.509271,-1.503290,0.115081,0.014387,0.068541,0.014262,0.065691,0.008220
132.980000,SAMPLE,3,7.065547,0.464958,-1.486070,7.030909,0.573521,-1.471209,7.124910,0.498231,-1.500750,7.125211,0.493530,-1.495594,0.113955,0.014861,0.068052,0.014680,0.066152,0.009525
133.077000,SAMPLE,3,7.067261,0.445843,-1.476786,7.032546,0.557754,-1.463630,7.124910,0.498231,-1.500750,7.126757,0.474013,-1.486121,0.117172,0.013156,0.077897,0.023964,0.065828,0.009335
133.175000,SAMPLE,3,7.068845,0.429708,-1.468922,7.034750,0.538130,-1.454156,7.127660,0.461158,-1.481034,7.128525,0.455162,-1.477468,0.113656,0.014766,0.066696,0.012112,0.064882,0.008545
133.266000,SAMPLE,3,7.070747,0.411859,-1.461398,7.037085,0.518945,-1.446482,7.130787,0.442938,-1.471349,7.130544,0.435779,-1.469910,0.112252,0.014915,0.067607,0.009951,0.064404,0.008512
133.363000,SAMPLE,3,7.073008,0.391955,-1.452979,7.039645,0.499110,-1.437759,7.131409,0.424072,-1.464320,7.132589,0.415916,-1.460455,0.112228,0.015221,0.066650,0.011341,0.064219,0.007476
133.457000,SAMPLE,3,7.075251,0.373707,-1.443790,7.041728,0.483979,-1.430180,7.135159,0.404491,-1.454666,7.134303,0.400834,-1.452876,0.115255,0.013610,0.067354,0.010877,0.064985,0.009086
133.550000,SAMPLE,3,7.077569,0.356203,-1.434756,7.044444,0.465429,-1.420706,7.136997,0.386193,-1.445057,7.136772,0.382547,-1.443617,0.114138,0.014050,0.066566,0.010301,0.064799,0.008861
133.649000,SAMPLE,3,7.080300,0.336639,-1.431068,7.047444,0.445975,-1.416575,7.139599,0.364953,-1.437241,7.139417,0.362907,-1.437860,0.114166,0.014494,0.065712,0.006172,0.064690,0.006792
133.746000,SAMPLE,3,7.082484,0.321107,-1.431068,7.050303,0.427585,-1.416575,7.141690,0.346531,-1.436711,7.141919,0.344362,-1.437643,0.111235,0.014494,0.064434,0.005643,0.063822,0.006575
133.845000,SAMPLE,3,7.085238,0.301414,-1.433425,7.053301,0.408152,-1.419227,7.144464,0.328491,-1.437900,7.144651,0.324300,-1.439984,0.111413,0.014198,0.065123,0.004475,0.063669,0.006559
133.942000,SAMPLE,3,7.087870,0.282150,-1.436615,7.056157,0.389261,-1.422385,7.146663,0.309244,-1.441120,7.147131,0.305418,-1.442876,0.111707,0.014230,0.064735,0.004505,0.063665,0.006262
134.039000,SAMPLE,3,7.090293,0.263983,-1.439804,7.058273,0.374986,-1.424911,7.146663,0.309244,-1.441120,7.148947,0.291197,-1.445403,0.115529,0.014893,0.072291,0.001316,0.064659,0.005599
134.128000,SAMPLE,3,7.092595,0.246435,-1.441268,7.061074,0.355800,-1.426648,7.149031,0.290094,-1.444606,7.151350,0.272068,-1.447649,0.113817,0.014620,0.071353,0.003338,0.064104,0.006381
134.220000,SAMPLE,3,7.094688,0.230319,-1.441680,7.063812,0.336870,-1.427185,7.153898,0.251992,-1.447553,7.153790,0.252491,-1.447421,0.110934,0.014495,0.063052,0.005873,0.063125,0.005741
134.321000,SAMPLE,3,7.097045,0.212155,-1.442457,7.066502,0.318232,-1.428417,7.156340,0.233614,-1.448182,7.156177,0.233382,-1.448192,0.110386,0.014040,0.063059,0.005725,0.062826,0.005736
134.416000,SAMPLE,3,7.099524,0.192954,-1.440470,7.068779,0.302395,-1.426293,7.156340,0.233614,-1.448182,7.158134,0.217502,-1.445719,0.113677,0.014177,0.069867,0.007712,0.063544,0.005249
134.505000,SAMPLE,3,7.102034,0.174378,-1.431901,7.071699,0.282896,-1.417451,7.158319,0.213738,-1.446749,7.160580,0.198042,-1.437234,0.112679,0.014451,0.068682,0.014848,0.063148,0.005333
134.595000,SAMPLE,3,7.104380,0.157884,-1.428777,7.074013,0.268140,-1.414372,7.160992,0.193841,-1.437769,7.162491,0.183608,-1.434083,0.114361,0.014405,0.067066,0.008991,0.063551,0.005306
134.690000,SAMPLE,3,7.107128,0.138339,-1.435057,7.077047,0.248670,-1.419854,7.163328,0.174349,-1.434838,7.165114,0.164009,-1.439314,0.114358,0.015204,0.066747,0.000220,0.063414,0.004257
134.789000,SAMPLE,3,7.109209,0.122653,-1.443015,7.079761,0.230248,-1.429327,7.166413,0.154974,-1.442378,7.167520,0.145454,-1.448650,0.111552,0.013688,0.065704,0.000637,0.062611,0.005635
134.886000,SAMPLE,3,7.111595,0.103370,-1.452434,7.082434,0.210810,-1.438801,7.168515,0.135896,-1.451859,7.169856,0.125698,-1.458053,0.111326,0.013633,0.065558,0.000575,0.062393,0.005619
134.985000,SAMPLE,3,7.113837,0.083758,-1.460606,7.084867,0.191849,-1.446475,7.170186,0.116673,-1.460417,7.171859,0.107033,-1.464885,0.111906,0.014131,0.065258,0.000189,0.062517,0.004279
135.085000,SAMPLE,3,7.115842,0.065332,-1.464096,7.087073,0.173943,-1.449817,7.172923,0.100095,-1.467237,7.173760,0.089183,-1.468246,0.112356,0.014280,0.066834,0.003140,0.062637,0.004150
135.181000,SAMPLE,3,7.117929,0.045865,-1.462802,7.089458,0.154382,-1.448201,7.174135,0.081606,-1.470177,7.175719,0.069478,-1.467456,0.112190,0.014601,0.066607,0.007375,0.062428,0.004654
135.279000,SAMPLE,3,7.120032,0.026749,-1.459612,7.091345,0.139225,-1.445675,7.175877,0.061630,-1.467555,7.177263,0.053910,-1.465066,0.116077,0.013938,0.065844,0.007943,0.063350,0.005453
135.380000,SAMPLE,3,7.121802,0.011100,-1.456910,7.093701,0.120733,-1.442517,7.178460,0.043332,-1.464361,7.179289,0.035069,-1.462011,0.113176,0.014394,0.065185,0.007451,0.062283,0.005101
135.479000,SAMPLE,3,7.124169,-0.009317,-1.454465,7.096289,0.100901,-1.440022,7.180323,0.023570,-1.461309,7.181498,0.014774,-1.459576,0.113689,0.014443,0.065076,0.006845,0.062185,0.005112
135.573000,SAMPLE,3,7.126334,-0.027828,-1.453469,7.098761,0.082126,-1.439138,7.182893,0.004068,-1.460080,7.183638,-0.004238,-1.459039,0.113358,0.014331,0.064932,0.006612,0.061970,0.005570
135.668000,SAMPLE,3,7.128479,-0.045906,-1.451836,7.101214,0.063720,-1.437401,7.183933,-0.012946,-1.459059,7.185623,-0.022621,-1.456764,0.112966,0.014435,0.064510,0.007223,0.061706,0.004928
135.753000,SAMPLE,3,7.130543,-0.062979,-1.449057,7.103329,0.048105,-1.434875,7.186177,-0.032818,-1.456775,7.187309,-0.038047,-1.454607,0.114369,0.014183,0.063283,0.007718,0.061999,0.005550
135.840000,SAMPLE,3,7.132246,-0.076764,-1.446689,7.105371,0.033309,-1.432348,7.188248,-0.052197,-1.453695,7.189053,-0.052871,-1.452081,0.113306,0.014340,0.061154,0.007007,0.061627,0.005392
135.921000,SAMPLE,3,7.134260,-0.092742,-1.444781,7.107411,0.018799,-1.430327,7.188248,-0.052197,-1.453695,7.190695,-0.067424,-1.450498,0.114727,0.014454,0.067517,0.008914,0.061854,0.005717
136.021000,SAMPLE,3,7.136849,-0.112862,-1.439060,7.110819,-0.004958,-1.424038,7.190367,-0.070926,-1.451105,7.193494,-0.091193,-1.445722,0.110999,0.015022,0.067991,0.012045,0.060648,0.006662
136.117000,SAMPLE,3,7.139421,-0.131603,-1.429586,7.113106,-0.020038,-1.416459,7.192066,-0.089573,-1.446196,7.195166,-0.105576,-1.438613,0.114626,0.013128,0.067365,0.016610,0.061521,0.009026
136.214000,SAMPLE,3,7.142105,-0.149846,-1.420170,7.116068,-0.038497,-1.406985,7.195423,-0.108182,-1.437824,7.197582,-0.123575,-1.429690,0.114353,0.013185,0.067666,0.017654,0.061383,0.009520
136.300000,SAMPLE,3,7.144390,-0.164551,-1.412950,7.118723,-0.054189,-1.399406,7.196991,-0.128659,-1.428878,7.199609,-0.138906,-1.422665,0.113307,0.013543,0.063680,0.015928,0.060884,0.009716
136.397000,SAMPLE,3,7.147206,-0.181925,-1.408176,7.121971,-0.072589,-1.393911,7.200494,-0.149222,-1.418577,7.202233,-0.156767,-1.417554,0.112210,0.014265,0.062523,0.010401,0.060505,0.009378
136.494000,SAMPLE,3,7.150258,-0.200310,-1.403451,7.125253,-0.090758,-1.389404,7.202191,-0.166469,-1.415919,7.204809,-0.174581,-1.413576,0.112369,0.014048,0.061986,0.012468,0.060314,0.010125
136.593000,SAMPLE,3,7.153630,-0.220005,-1.400403,7.128857,-0.110142,-1.385948,7.204567,-0.184964,-1.409417,7.207681,-0.193799,-1.409638,0.112622,0.014454,0.061826,0.009014,0.060069,0.009236
136.685000,SAMPLE,3,7.156657,-0.237600,-1.400403,7.132284,-0.128466,-1.385948,7.208225,-0.204588,-1.407675,7.210601,-0.212487,-1.409285,0.111822,0.014454,0.061229,0.007273,0.059503,0.008882
136.780000,SAMPLE,3,7.159372,-0.253372,-1.401152,7.135908,-0.147878,-1.387211,7.211289,-0.223586,-1.407716,7.213184,-0.229019,-1.409008,0.108072,0.013940,0.059855,0.006564,0.059066,0.007856
136.877000,SAMPLE,3,7.162675,-0.272677,-1.400234,7.138699,-0.162884,-1.385961,7.214816,-0.243609,-1.408847,7.216242,-0.248299,-1.408709,0.112380,0.014273,0.059696,0.008613,0.058853,0.008474
136.963000,SAMPLE,3,7.165667,-0.289916,-1.398245,7.142269,-0.181824,-1.383782,7.218197,-0.262979,-1.406273,7.219409,-0.267817,-1.406714,0.110595,0.014462,0.059033,0.008029,0.058108,0.008469
137.051000,SAMPLE,3,7.168688,-0.307223,-1.396695,7.145247,-0.197545,-1.382482,7.221494,-0.282677,-1.405489,7.222050,-0.283957,-1.405483,0.112155,0.014212,0.058232,0.008794,0.058213,0.008788
137.150000,SAMPLE,3,7.172203,-0.326741,-1.387748,7.149006,-0.216867,-1.373948,7.224451,-0.302553,-1.399576,7.225295,-0.303619,-1.397054,0.112297,0.013799,0.057576,0.011829,0.057908,0.009306
137.241000,SAMPLE,3,7.174887,-0.340954,-1.380358,7.152733,-0.235111,-1.364475,7.227748,-0.321985,-1.390200,7.228537,-0.322287,-1.387720,0.108137,0.015884,0.056162,0.009842,0.056804,0.007362
137.322000,SAMPLE,3,7.178110,-0.357397,-1.375401,7.156002,-0.250558,-1.360751,7.227748,-0.321985,-1.390200,7.231483,-0.338014,-1.383405,0.109102,0.014650,0.060975,0.014799,0.056783,0.008004
137.411000,SAMPLE,3,7.181582,-0.374806,-1.372464,7.159203,-0.265482,-1.358225,7.230113,-0.342148,-1.383160,7.234161,-0.353393,-1.380839,0.111591,0.014239,0.058496,0.010696,0.056772,0.008376
137.500000,SAMPLE,3,7.184831,-0.390855,-1.369590,7.163049,-0.283163,-1.355067,7.234547,-0.360807,-1.380004,7.236876,-0.368075,-1.378278,0.109872,0.014523,0.058091,0.010414,0.056813,0.008688
137.600000,SAMPLE,3,7.188780,-0.410171,-1.369147,7.166441,-0.298627,-1.354814,7.237868,-0.378934,-1.376838,7.240587,-0.387694,-1.377497,0.113759,0.014333,0.058184,0.007691,0.056472,0.008350
137.683000,SAMPLE,3,7.191652,-0.424218,-1.369147,7.170565,-0.317422,-1.354814,7.241226,-0.398082,-1.376645,7.244175,-0.406819,-1.377340,0.108858,0.014333,0.056042,0.007497,0.055330,0.008193
137.782000,SAMPLE,3,7.195134,-0.441256,-1.369147,7.174425,-0.335014,-1.354814,7.244493,-0.415356,-1.375100,7.247619,-0.424400,-1.377340,0.108241,0.014333,0.055741,0.005953,0.055125,0.008193
137.879000,SAMPLE,3,7.199043,-0.460265,-1.365433,7.177821,-0.350412,-1.351635,7.247561,-0.432252,-1.374668,7.250206,-0.439049,-1.374703,0.111884,0.013798,0.056024,0.009235,0.055387,0.009269
137.976000,SAMPLE,3,7.203099,-0.479318,-1.356249,7.182196,-0.369658,-1.342543,7.253272,-0.449600,-1.369437,7.254079,-0.457743,-1.365881,0.111634,0.013706,0.058314,0.013188,0.055357,0.009632
138.062000,SAMPLE,3,7.206562,-0.494911,-1.348007,7.186475,-0.387694,-1.333069,7.256874,-0.468274,-1.360006,7.257972,-0.475798,-1.356370,0.109082,0.014938,0.056929,0.011999,0.054848,0.008363
138.157000,SAMPLE,3,7.210907,-0.513692,-1.340436,7.190244,-0.403006,-1.326690,7.260178,-0.485650,-1.350489,7.261378,-0.491164,-1.350552,0.112599,0.013746,0.056692,0.010053,0.055271,0.010116
138.241000,SAMPLE,3,7.214713,-0.529812,-1.337517,7.194924,-0.421648,-1.323190,7.263507,-0.503681,-1.345980,7.265462,-0.509558,-1.346797,0.109959,0.014327,0.055350,0.008463,0.054642,0.009280
138.338000,SAMPLE,3,7.218295,-0.544801,-1.335618,7.198584,-0.436054,-1.321327,7.268472,-0.522376,-1.342991,7.268759,-0.523964,-1.344903,0.110520,0.014291,0.054960,0.007374,0.054597,0.009285
138.435000,SAMPLE,3,7.222909,-0.564056,-1.335618,7.203522,-0.455435,-1.321327,7.268472,-0.522376,-1.342991,7.273230,-0.543263,-1.344543,0.110338,0.014291,0.061751,0.007374,0.054448,0.008925
138.517000,SAMPLE,3,7.226799,-0.580293,-1.335618,7.207300,-0.470266,-1.321327,7.272991,-0.540066,-1.343007,7.276512,-0.557175,-1.344242,0.111741,0.014291,0.061253,0.007390,0.054826,0.008625
138.605000,SAMPLE,3,7.230724,-0.596674,-1.336414,7.211851,-0.488138,-1.322148,7.277577,-0.560760,-1.342587,7.280638,-0.574857,-1.344558,0.110165,0.014265,0.059034,0.006174,0.054474,0.008145
138.691000,SAMPLE,3,7.234104,-0.610902,-1.338758,7.215703,-0.503385,-1.324674,7.280601,-0.579725,-1.343628,7.284045,-0.590234,-1.346807,0.109080,0.014084,0.055982,0.004870,0.054049,0.008049
138.783000,SAMPLE,3,7.238178,-0.628259,-1.341758,7.220209,-0.521442,-1.327832,7.283186,-0.598190,-1.345754,7.287764,-0.607919,-1.349406,0.108318,0.013926,0.054128,0.003995,0.053596,0.007648
138.882000,SAMPLE,3,7.242533,-0.646952,-1.341587,7.224834,-0.540087,-1.327340,7.288666,-0.618441,-1.350450,7.291798,-0.626696,-1.349526,0.108320,0.014247,0.054232,0.008862,0.053267,0.007939
138.979000,SAMPLE,3,7.247165,-0.666787,-1.340037,7.228693,-0.555615,-1.326440,7.290870,-0.636675,-1.350565,7.294871,-0.642102,-1.348736,0.112696,0.013597,0.053074,0.010528,0.053714,0.008699
139.061000,SAMPLE,3,7.250898,-0.682445,-1.332756,7.233504,-0.574615,-1.318130,7.297533,-0.656839,-1.347286,7.299205,-0.661550,-1.341506,0.109223,0.014626,0.053202,0.014530,0.052632,0.008750
139.162000,SAMPLE,3,7.255692,-0.701815,-1.324841,7.238426,-0.593337,-1.310606,7.300378,-0.676270,-1.336824,7.303372,-0.680372,-1.334405,0.109844,0.014235,0.051472,0.011983,0.052279,0.009564
139.254000,SAMPLE,3,7.259500,-0.716906,-1.323022,7.242561,-0.608793,-1.308788,7.304232,-0.696538,-1.331211,7.307134,-0.695923,-1.332879,0.109431,0.014235,0.049151,0.008189,0.052050,0.009856
139.337000,SAMPLE,3,7.263751,-0.733661,-1.321538,7.246559,-0.623665,-1.307303,7.309469,-0.714334,-1.329886,7.310432,-0.710927,-1.331939,0.111331,0.014235,0.049636,0.008348,0.051922,0.010401
139.418000,SAMPLE,3,7.267615,-0.748831,-1.321524,7.250411,-0.637944,-1.307303,7.309469,-0.714334,-1.329886,7.313880,-0.725843,-1.331565,0.112213,0.014221,0.054239,0.008362,0.051661,0.010041
139.515000,SAMPLE,3,7.272537,-0.768233,-1.322414,7.255607,-0.657258,-1.308409,7.313163,-0.732601,-1.329567,7.318444,-0.745605,-1.331097,0.112259,0.014005,0.054038,0.007153,0.051180,0.008683
139.608000,SAMPLE,3,7.276528,-0.783823,-1.316963,7.260772,-0.676307,-1.302159,7.317508,-0.752357,-1.330785,7.323050,-0.765494,-1.324154,0.108665,0.014804,0.051667,0.013822,0.050003,0.007191
139.702000,SAMPLE,3,7.281114,-0.801181,-1.307773,7.265795,-0.694227,-1.292685,7.321896,-0.771868,-1.324609,7.327364,-0.783770,-1.315137,0.108046,0.015088,0.050223,0.016835,0.049418,0.007363
139.786000,SAMPLE,3,7.285720,-0.817978,-1.299190,7.270188,-0.709393,-1.285106,7.327858,-0.791901,-1.314360,7.331232,-0.799294,-1.308103,0.109691,0.014084,0.049555,0.015171,0.049198,0.008913
139.880000,SAMPLE,3,7.290638,-0.835466,-1.294806,7.275761,-0.728173,-1.280445,7.328858,-0.809396,-1.306594,7.335673,-0.818017,-1.303588,0.108320,0.014360,0.046265,0.011788,0.048297,0.008782
139.972000,SAMPLE,3,7.295224,-0.851568,-1.291869,7.279904,-0.741975,-1.277919,7.335317,-0.827647,-1.302471,7.339320,-0.832531,-1.300983,0.110659,0.013950,0.046688,0.010602,0.048030,0.009115
140.069000,SAMPLE,3,7.300658,-0.870508,-1.291426,7.285567,-0.760717,-1.277288,7.340332,-0.844474,-1.300115,7.344304,-0.851492,-1.300315,0.110824,0.014139,0.047453,0.008689,0.047609,0.008888
140.160000,SAMPLE,3,7.305236,-0.886369,-1.286826,7.291389,-0.779851,-1.271688,7.345593,-0.863054,-1.298965,7.348496,-0.867353,-1.296441,0.107414,0.015139,0.046608,0.012139,0.047255,0.009614
140.247000,SAMPLE,3,7.309936,-0.902156,-1.275996,7.295961,-0.794402,-1.261538,7.349777,-0.881071,-1.288695,7.353397,-0.885650,-1.284882,0.108657,0.014459,0.045076,0.012699,0.046490,0.008885
140.335000,SAMPLE,3,7.315190,-0.919189,-1.267275,7.300838,-0.809463,-1.253874,7.349777,-0.881071,-1.288695,7.357919,-0.900866,-1.277198,0.110660,0.013401,0.051471,0.021420,0.046492,0.009922
140.430000,SAMPLE,3,7.321082,-0.937723,-1.259691,7.307157,-0.828439,-1.245801,7.355665,-0.899531,-1.279004,7.363311,-0.919376,-1.270459,0.110168,0.013890,0.051523,0.019313,0.046041,0.010768
140.526000,SAMPLE,3,7.326815,-0.955449,-1.256438,7.313300,-0.846563,-1.242406,7.361633,-0.918279,-1.269811,7.368798,-0.937497,-1.267184,0.109721,0.014033,0.050931,0.013372,0.045660,0.010745
140.626000,SAMPLE,3,7.332038,-0.971497,-1.256091,7.319708,-0.865342,-1.241932,7.350075,-0.936784,-1.264749,7.371756,-0.954438,-1.266748,0.106869,0.014159,0.039120,0.008657,0.043226,0.010657
140.712000,SAMPLE,3,7.337573,-0.988494,-1.255201,7.324713,-0.880006,-1.241082,7.353758,-0.952435,-1.262058,7.374161,-0.968508,-1.264934,0.109247,0.014118,0.039525,0.006858,0.041691,0.009733
140.805000,SAMPLE,3,7.343451,-1.006264,-1.245575,7.331160,-0.898593,-1.230953,7.358892,-0.973737,-1.260006,7.377818,-0.986409,-1.256112,0.108370,0.014622,0.036006,0.014430,0.039690,0.010537
140.893000,SAMPLE,3,7.349367,-1.023515,-1.235956,7.336513,-0.913526,-1.222724,7.365317,-0.990697,-1.250776,7.381038,-1.001161,-1.247479,0.110737,0.013232,0.036489,0.014819,0.038765,0.011522
140.988000,SAMPLE,3,7.355697,-1.041448,-1.226862,7.343424,-0.932294,-1.213251,7.371006,-1.008734,-1.238805,7.385851,-1.019642,-1.237488,0.109842,0.013611,0.036119,0.011943,0.037213,0.010627
141.081000,SAMPLE,3,7.360957,-1.055899,-1.215783,7.350547,-0.950982,-1.199077,7.377931,-1.026170,-1.230536,7.390847,-1.037487,-1.224281,0.105432,0.016706,0.034233,0.014753,0.035106,0.008498
141.181000,SAMPLE,3,7.367868,-1.074095,-1.199520,7.357606,-0.968679,-1.183288,7.383609,-1.045617,-1.216061,7.396064,-1.054972,-1.208760,0.105915,0.016232,0.032539,0.016541,0.034070,0.009240
141.268000,SAMPLE,3,7.374550,-1.090959,-1.188697,7.363682,-0.983366,-1.174524,7.390365,-1.062410,-1.200744,7.400827,-1.069899,-1.199191,0.108141,0.014173,0.032637,0.012047,0.033675,0.010494
141.368000,SAMPLE,3,7.381963,-1.109158,-1.179129,7.371353,-1.001460,-1.165051,7.398787,-1.079573,-1.189518,7.407297,-1.087926,-1.189001,0.108220,0.014078,0.034035,0.010389,0.033055,0.009872
141.464000,SAMPLE,3,7.389548,-1.127376,-1.174336,7.379230,-1.019649,-1.160201,7.406336,-1.097369,-1.181243,7.414152,-1.106134,-1.183311,0.108221,0.014135,0.034384,0.006907,0.032505,0.008975
141.563000,SAMPLE,3,7.396091,-1.142985,-1.173199,7.387068,-1.037624,-1.158622,7.413517,-1.115924,-1.178147,7.420999,-1.124085,-1.181214,0.105746,0.014577,0.032187,0.004948,0.031267,0.008015
141.662000,SAMPLE,3,7.403886,-1.161377,-1.164686,7.395106,-1.055812,-1.149064,7.420379,-1.135068,-1.173508,7.428065,-1.142520,-1.171545,0.105929,0.015622,0.031051,0.008822,0.030663,0.006859
141.751000,SAMPLE,3,7.411273,-1.178236,-1.151356,7.401524,-1.069891,-1.137719,7.427670,-1.153009,-1.160525,7.433775,-1.157057,-1.159381,0.108783,0.013636,0.030088,0.009170,0.030901,0.008025
141.838000,SAMPLE,3,7.418193,-1.193584,-1.143145,7.408297,-1.084387,-1.129916,7.427670,-1.153009,-1.160525,7.440218,-1.171702,-1.151539,0.109644,0.013229,0.041667,0.017380,0.031047,0.008394
141.932000,SAMPLE,3,7.426321,-1.211270,-1.136361,7.416895,-1.102445,-1.122943,7.443876,-1.186737,-1.144503,7.447633,-1.188673,-1.144754,0.109233,0.013418,0.030166,0.008142,0.031061,0.008393
142.032000,SAMPLE,3,7.434817,-1.229427,-1.129158,7.425487,-1.120178,-1.116019,7.443876,-1.186737,-1.144503,7.455348,-1.206291,-1.138243,0.109647,0.013139,0.043641,0.015345,0.030932,0.009085
142.125000,SAMPLE,3,7.441219,-1.242889,-1.124136,7.434022,-1.137482,-1.108895,7.461204,-1.221847,-1.131288,7.462992,-1.223274,-1.132204,0.105652,0.015241,0.029020,0.007151,0.029305,0.008068
142.214000,SAMPLE,3,7.449233,-1.259383,-1.111569,7.441145,-1.151609,-1.097843,7.461204,-1.221847,-1.131288,7.469548,-1.237373,-1.121458,0.108077,0.013726,0.039399,0.019719,0.029953,0.009890
142.310000,SAMPLE,3,7.457609,-1.276007,-1.097640,7.450052,-1.168689,-1.083553,7.468891,-1.241178,-1.118328,7.477801,-1.254811,-1.106682,0.107584,0.014086,0.036611,0.020688,0.029275,0.009042
142.395000,SAMPLE,3,7.465894,-1.292053,-1.090577,7.457587,-1.182804,-1.077519,7.477649,-1.258831,-1.103738,7.484777,-1.269149,-1.100910,0.109565,0.013058,0.035240,0.013161,0.029685,0.010333
142.493000,SAMPLE,3,7.475117,-1.309474,-1.076203,7.467167,-1.200360,-1.063903,7.487597,-1.277806,-1.093523,7.493337,-1.286265,-1.088618,0.109404,0.012300,0.034039,0.017320,0.029506,0.012415
142.586000,SAMPLE,3,7.482329,-1.322651,-1.063571,7.476614,-1.217063,-1.048114,7.496693,-1.292161,-1.078570,7.502335,-1.303046,-1.072138,0.105743,0.015458,0.033704,0.014999,0.028010,0.008567
142.677000,SAMPLE,3,7.491023,-1.338018,-1.047940,7.483923,-1.229568,-1.035482,7.504742,-1.308299,-1.062594,7.509205,-1.315547,-1.058906,0.108682,0.012458,0.032732,0.014654,0.028905,0.010966
142.766000,SAMPLE,3,7.498615,-1.350979,-1.033729,7.492763,-1.244211,-1.019693,7.512588,-1.321937,-1.047062,7.517473,-1.330044,-1.042673,0.106928,0.014037,0.032229,0.013332,0.028176,0.008944
142.862000,SAMPLE,3,7.506728,-1.364422,-1.020868,7.501460,-1.258165,-1.006353,7.521802,-1.337017,-1.031869,7.525541,-1.343644,-1.029656,0.106387,0.014514,0.031277,0.011001,0.028029,0.008788
142.960000,SAMPLE,3,7.514866,-1.377510,-1.007216,7.509761,-1.271098,-0.993014,7.530466,-1.350044,-1.019008,7.533554,-1.356560,-1.016271,0.106535,0.014203,0.031588,0.011792,0.028074,0.009055
143.042000,SAMPLE,3,7.520486,-1.386321,-0.999248,7.516246,-1.280944,-0.984288,7.538288,-1.363261,-1.005809,7.540030,-1.366730,-1.006783,0.105463,0.014960,0.029132,0.006561,0.027673,0.007535
143.140000,SAMPLE,3,7.527873,-1.397692,-0.989869,7.522404,-1.290135,-0.976709,7.545936,-1.376053,-0.996304,7.545920,-1.375983,-0.999204,0.107697,0.013160,0.028187,0.006435,0.028231,0.009335
143.231000,SAMPLE,3,7.534439,-1.407599,-0.980964,7.529695,-1.300821,-0.967235,7.545936,-1.376053,-0.996304,7.552936,-1.386750,-0.989179,0.106883,0.013729,0.033576,0.015340,0.027872,0.008215
143.324000,SAMPLE,3,7.540920,-1.417191,-0.971869,7.536708,-1.310894,-0.957761,7.551435,-1.386065,-0.987068,7.559334,-1.396588,-0.979666,0.106380,0.014108,0.032854,0.015199,0.027632,0.007797
143.420000,SAMPLE,3,7.547273,-1.426413,-0.964435,7.542066,-1.318450,-0.951082,7.565751,-1.405268,-0.969170,7.564406,-1.403930,-0.973097,0.108088,0.013353,0.028082,0.004735,0.028267,0.008662
143.512000,SAMPLE,3,7.552271,-1.433572,-0.958325,7.548392,-1.327256,-0.944209,7.565751,-1.405268,-0.969170,7.570650,-1.412929,-0.966913,0.106387,0.014117,0.031350,0.010845,0.027639,0.008588
143.605000,SAMPLE,3,7.557832,-1.441456,-0.953829,7.554408,-1.335532,-0.939374,7.572000,-1.414510,-0.962790,7.576315,-1.421034,-0.961984,0.105980,0.014454,0.030444,0.008961,0.027544,0.008156
143.689000,SAMPLE,3,7.562600,-1.448125,-0.946915,7.558903,-1.341634,-0.932930,7.577904,-1.422576,-0.958289,7.580597,-1.427051,-0.954635,0.106556,0.013986,0.029782,0.011374,0.027713,0.007720
143.783000,SAMPLE,3,7.567719,-1.455224,-0.944487,7.564332,-1.348943,-0.930374,7.582368,-1.430907,-0.951609,7.585663,-1.434334,-0.953055,0.106335,0.014113,0.028389,0.007122,0.027539,0.008568
143.879000,SAMPLE,3,7.571714,-1.460708,-0.938416,7.568375,-1.354332,-0.924382,7.587570,-1.438203,-0.948249,7.589580,-1.439943,-0.946289,0.106428,0.014034,0.027529,0.009832,0.027393,0.007873
143.972000,SAMPLE,3,7.576352,-1.467024,-0.935996,7.573290,-1.360830,-0.921830,7.592949,-1.445685,-0.942302,7.594486,-1.446835,-0.943835,0.106238,0.014166,0.027033,0.006306,0.027137,0.007840
144.060000,SAMPLE,3,7.580272,-1.472310,-0.929764,7.576866,-1.365516,-0.916085,7.592949,-1.445685,-0.942302,7.597953,-1.451602,-0.938046,0.106848,0.013679,0.029488,0.012538,0.027229,0.008282
144.160000,SAMPLE,3,7.584865,-1.478461,-0.930435,7.581358,-1.371357,-0.915714,7.600519,-1.453495,-0.932760,7.602041,-1.456735,-0.936371,0.107161,0.014721,0.029467,0.002325,0.027695,0.005936
144.260000,SAMPLE,3,7.588769,-1.483703,-0.928978,7.585524,-1.376786,-0.915580,7.604934,-1.459716,-0.934472,7.606022,-1.462019,-0.936042,0.106966,0.013398,0.028926,0.005494,0.027711,0.007064
144.358000,SAMPLE,3,7.589985,-1.485325,-0.919729,7.587386,-1.379196,-0.905780,7.608480,-1.465746,-0.928953,7.607818,-1.464490,-0.926838,0.106161,0.013949,0.026934,0.009224,0.027424,0.007109
144.453000,SAMPLE,3,7.589850,-1.485152,-0.900437,7.587500,-1.379340,-0.885780,7.609489,-1.466070,-0.913045,7.608089,-1.464760,-0.906144,0.105838,0.014657,0.027383,0.012608,0.027359,0.005708
144.550000,SAMPLE,3,7.589468,-1.484685,-0.870240,7.587500,-1.379340,-0.855480,7.607667,-1.465323,-0.887610,7.608089,-1.464760,-0.877145,0.105363,0.014760,0.026573,0.017370,0.027272,0.006905
144.650000,SAMPLE,3,7.588921,-1.484063,-0.828840,7.587500,-1.379340,-0.814880,7.607910,-1.463821,-0.851284,7.608023,-1.464840,-0.840204,0.104733,0.013960,0.027755,0.022444,0.027100,0.011364
144.742000,SAMPLE,3,7.588304,-1.483420,-0.784243,7.587500,-1.379340,-0.767938,7.607750,-1.463340,-0.805611,7.607968,-1.464562,-0.795588,0.104082,0.016305,0.027952,0.021368,0.027244,0.011345
144.832000,SAMPLE,3,7.587667,-1.482811,-0.740190,7.587500,-1.379340,-0.730043,7.607169,-1.463760,-0.758314,7.607968,-1.464562,-0.757693,0.103471,0.010147,0.027263,0.018124,0.027297,0.017503
144.915000,SAMPLE,3,7.587138,-1.482345,-0.704940,7.587500,-1.379340,-0.692648,7.607169,-1.463760,-0.758314,7.607873,-1.464468,-0.719915,0.103005,0.012292,0.027324,0.053374,0.027377,0.014975
145.006000,SAMPLE,3,7.586557,-1.481868,-0.667345,7.587500,-1.379340,-0.651293,7.605451,-1.461744,-0.710957,7.607569,-1.464137,-0.681788,0.102532,0.016052,0.027604,0.043612,0.027494,0.014443
145.102000,SAMPLE,3,7.585902,-1.481373,-0.626293,7.587500,-1.379340,-0.610240,7.607187,-1.460350,-0.669329,7.607522,-1.463685,-0.641490,0.102046,0.016052,0.029917,0.043036,0.027934,0.015198
145.199000,SAMPLE,3,7.585251,-1.480922,-0.586679,7.587500,-1.379340,-0.578398,7.604920,-1.461672,-0.628696,7.607219,-1.463449,-0.607803,0.101606,0.008281,0.027521,0.042016,0.028069,0.021123
145.289000,SAMPLE,3,7.584812,-1.480638,-0.560522,7.587500,-1.379340,-0.543332,7.604398,-1.461275,-0.589568,7.606888,-1.463193,-0.571829,0.101333,0.017189,0.027542,0.029046,0.028137,0.011307
145.386000,SAMPLE,3,7.584217,-1.480279,-0.525785,7.587500,-1.379340,-0.508595,7.603547,-1.461984,-0.554494,7.606495,-1.463051,-0.536447,0.100992,0.017189,0.026615,0.028709,0.028163,0.010663
145.482000,SAMPLE,3,7.583642,-1.479957,-0.492845,7.587500,-1.379340,-0.475759,7.603084,-1.461754,-0.519641,7.606093,-1.462898,-0.502162,0.100691,0.017087,0.026634,0.026796,0.028198,0.009317
145.581000,SAMPLE,3,7.583117,-1.479685,-0.463308,7.587500,-1.379340,-0.447193,7.603030,-1.460381,-0.488344,7.605732,-1.462600,-0.473065,0.100441,0.016116,0.027733,0.025036,0.028343,0.009757
145.678000,SAMPLE,3,7.582605,-1.479439,-0.434887,7.587500,-1.379340,-0.424456,7.601899,-1.460407,-0.459998,7.605279,-1.462341,-0.450007,0.100218,0.010431,0.027101,0.025110,0.028397,0.015120
145.778000,SAMPLE,3,7.582071,-1.479200,-0.405614,7.587500,-1.379340,-0.396035,7.601386,-1.459334,-0.430360,7.604808,-1.461978,-0.422189,0.100007,0.009579,0.027708,0.024747,0.028523,0.016575
145.875000,SAMPLE,3,7.581701,-1.479045,-0.385548,7.587500,-1.379340,-0.371580,7.601298,-1.459117,-0.403399,7.604386,-1.461633,-0.397407,0.099873,0.013968,0.027950,0.017851,0.028597,0.011860
145.975000,SAMPLE,3,7.581281,-1.478880,-0.363000,7.587500,-1.379340,-0.349474,7.601246,-1.459527,-0.380862,7.604017,-1.461386,-0.374691,0.099734,0.013526,0.027806,0.017861,0.028687,0.011690
146.070000,SAMPLE,3,7.580874,-1.478731,-0.341337,7.587500,-1.379340,-0.327369,7.600225,-1.458084,-0.357722,7.603561,-1.460989,-0.352724,0.099611,0.013968,0.028297,0.016385,0.028800,0.011387
146.165000,SAMPLE,3,7.580465,-1.478590,-0.319674,7.587500,-1.379340,-0.305264,7.599553,-1.458681,-0.335661,7.603090,-1.460718,-0.329911,0.099499,0.014410,0.027581,0.015987,0.028833,0.010237
146.263000,SAMPLE,3,7.580043,-1.478456,-0.297569,7.587500,-1.379340,-0.283159,7.600906,-1.457961,-0.314951,7.602827,-1.460386,-0.308332,0.099395,0.014410,0.029245,0.017382,0.029079,0.010763
146.362000,SAMPLE,3,7.579752,-1.478369,-0.282366,7.587500,-1.379340,-0.265903,7.599187,-1.458659,-0.294315,7.602400,-1.460184,-0.290791,0.099331,0.016463,0.027680,0.011949,0.029045,0.008425
146.459000,SAMPLE,3,7.579445,-1.478282,-0.266419,7.587500,-1.379340,-0.253272,7.598886,-1.458653,-0.278120,7.601995,-1.460007,-0.277006,0.099269,0.013147,0.027627,0.011701,0.029026,0.010587
146.557000,SAMPLE,3,7.579134,-1.478200,-0.250314,7.587500,-1.379340,-0.237482,7.596847,-1.458382,-0.262561,7.601385,-1.459815,-0.260872,0.099213,0.012831,0.026581,0.012247,0.028864,0.010558
146.653000,SAMPLE,3,7.578836,-1.478126,-0.234998,7.587500,-1.379340,-0.221693,7.596847,-1.458382,-0.262561,7.601385,-1.459815,-0.245082,0.099165,0.013305,0.026725,0.027563,0.029048,0.010084
146.751000,SAMPLE,3,7.578526,-1.478054,-0.219050,7.587500,-1.379340,-0.205903,7.597380,-1.459799,-0.230371,7.600440,-1.459725,-0.229088,0.099121,0.013147,0.026244,0.011321,0.028569,0.010038
146.847000,SAMPLE,3,7.578269,-1.477999,-0.205945,7.587500,-1.379340,-0.190114,7.597274,-1.457722,-0.214594,7.600066,-1.459488,-0.212948,0.099090,0.015831,0.027791,0.008649,0.028596,0.007002
146.946000,SAMPLE,3,7.578036,-1.477952,-0.194045,7.587500,-1.379340,-0.178972,7.596706,-1.458100,-0.200995,7.599676,-1.459327,-0.201681,0.099065,0.015073,0.027251,0.006950,0.028551,0.007636
147.046000,SAMPLE,3,7.577846,-1.477916,-0.184382,7.587500,-1.379340,-0.169498,7.596706,-1.458100,-0.200995,7.599676,-1.459327,-0.192208,0.099047,0.014884,0.027356,0.016613,0.028672,0.007826
147.139000,SAMPLE,3,7.580165,-1.478343,-0.180209,7.589472,-1.379672,-0.165919,7.597406,-1.459172,-0.192410,7.601561,-1.459724,-0.188439,0.099109,0.014290,0.025783,0.012202,0.028362,0.008230
147.228000,SAMPLE,3,7.584335,-1.479106,-0.183266,7.594022,-1.380440,-0.168895,7.597602,-1.459178,-0.184563,7.605444,-1.460491,-0.192151,0.099140,0.014370,0.023940,0.001297,0.028144,0.008885
147.323000,SAMPLE,3,7.584851,-1.479200,-0.178259,7.594642,-1.380545,-0.163722,7.603698,-1.459140,-0.187682,7.605729,-1.460420,-0.186395,0.099139,0.014538,0.027525,0.009422,0.028081,0.008135
147.420000,SAMPLE,3,7.584688,-1.479171,-0.170017,7.594642,-1.380545,-0.156143,7.603984,-1.458671,-0.183892,7.605519,-1.460210,-0.178699,0.099127,0.013874,0.028153,0.013874,0.028168,0.008681
147.520000,SAMPLE,3,7.584500,-1.479140,-0.160449,7.594642,-1.380545,-0.144774,7.603349,-1.459544,-0.174630,7.605265,-1.460131,-0.166928,0.099115,0.015674,0.027190,0.014181,0.028152,0.006479
147.603000,SAMPLE,3,7.584331,-1.479113,-0.151923,7.594642,-1.380545,-0.137195,7.604556,-1.458473,-0.165244,7.605182,-1.459935,-0.159034,0.099106,0.014727,0.028897,0.013321,0.028329,0.007111
147.702000,SAMPLE,3,7.584146,-1.479086,-0.142544,7.594642,-1.380545,-0.127722,7.604211,-1.458715,-0.155866,7.605068,-1.459791,-0.149321,0.099098,0.014822,0.028593,0.013322,0.028461,0.006777
147.749000,P3,3,7.584052,-1.479072,-0.137807,7.594642,-1.380545,-0.123932,7.602924,-1.459711,-0.146800,7.604820,-1.459781,-0.145071,0.099095,0.013874,0.027037,0.008993,0.028345,0.007265
