sim_time,event,waypoint,gt_x,gt_y,gt_yaw,odom_x,odom_y,odom_yaw,icp_x,icp_y,icp_yaw,ekf_x,ekf_y,ekf_yaw,odom_position_error,odom_yaw_error,icp_position_error,icp_yaw_error,ekf_position_error,ekf_yaw_error
13.504000,START,0,0.000000,-0.000000,0.000000,-0.000000,0.000000,0.000000,0.015548,0.022790,-0.000007,0.015548,0.022790,-0.000007,0.000000,0.000000,0.027588,0.000007,0.027588,0.000007
13.504000,SAMPLE,1,0.000000,-0.000000,0.000000,-0.000000,0.000000,0.000000,0.015548,0.022790,-0.000007,0.015548,0.022790,-0.000007,0.000000,0.000000,0.027588,0.000007,0.027588,0.000007
13.596000,SAMPLE,1,0.000270,-0.000000,-0.001174,0.000179,-0.000000,-0.000850,0.015548,0.022790,-0.000007,0.015759,0.022790,-0.000007,0.000092,0.000324,0.027437,0.001167,0.027554,0.001167
13.690000,SAMPLE,1,0.001234,-0.000004,-0.010650,0.001021,-0.000003,-0.010250,0.016412,0.024373,-0.001889,0.016628,0.022977,-0.009794,0.000213,0.000400,0.028717,0.008761,0.027661,0.000856
13.788000,SAMPLE,1,0.001641,-0.000013,-0.031000,0.001021,-0.000003,-0.030300,0.016891,0.024826,-0.013586,0.016660,0.023197,-0.028373,0.000620,0.000700,0.029146,0.017414,0.027646,0.002627
13.886000,SAMPLE,1,0.002932,-0.000080,-0.061825,0.001631,-0.000037,-0.060550,0.017396,0.025159,-0.035351,0.017546,0.023394,-0.056798,0.001303,0.001275,0.029089,0.026474,0.027651,0.005027
13.966000,SAMPLE,1,0.004930,-0.000230,-0.089375,0.003310,-0.000164,-0.092650,0.018407,0.025341,-0.068022,0.019229,0.023519,-0.088080,0.001622,0.003275,0.028905,0.021353,0.027721,0.001295
14.066000,SAMPLE,1,0.006552,-0.000404,-0.139451,0.003771,-0.000210,-0.142950,0.020389,0.025742,-0.111950,0.019737,0.023753,-0.137105,0.002788,0.003499,0.029582,0.027501,0.027521,0.002346
14.166000,SAMPLE,1,0.007766,-0.000612,-0.201051,0.003771,-0.000210,-0.201850,0.022084,0.026456,-0.165736,0.020016,0.024076,-0.194895,0.004015,0.000799,0.030622,0.035315,0.027561,0.006156
14.266000,SAMPLE,1,0.009274,-0.000975,-0.262851,0.004056,-0.000284,-0.261850,0.023643,0.026163,-0.225194,0.020816,0.024237,-0.253813,0.005264,0.001001,0.030708,0.037657,0.027728,0.009038
14.361000,SAMPLE,1,0.011410,-0.001618,-0.322251,0.005064,-0.000586,-0.321850,0.024583,0.025804,-0.285179,0.022203,0.024156,-0.312933,0.006429,0.000401,0.030422,0.037072,0.027942,0.009318
14.447000,SAMPLE,1,0.012937,-0.002164,-0.365451,0.005856,-0.000872,-0.369850,0.027415,0.024634,-0.344827,0.023000,0.023882,-0.360933,0.007197,0.004399,0.030459,0.020624,0.027923,0.004518
14.539000,SAMPLE,1,0.014933,-0.002994,-0.423051,0.006634,-0.001195,-0.417850,0.028689,0.024789,-0.404833,0.024320,0.023671,-0.405782,0.008492,0.005201,0.031002,0.018219,0.028269,0.017269
14.628000,SAMPLE,1,0.016197,-0.003600,-0.479451,0.006969,-0.001348,-0.477850,0.028689,0.024789,-0.404833,0.025126,0.023677,-0.465604,0.009499,0.001601,0.031016,0.074619,0.028702,0.013847
14.719000,SAMPLE,1,0.017647,-0.004427,-0.535266,0.007121,-0.001435,-0.525850,0.030807,0.021737,-0.464934,0.026106,0.023280,-0.513478,0.010943,0.009416,0.029287,0.070332,0.028969,0.021789
14.811000,SAMPLE,1,0.021733,-0.007017,-0.591681,0.010255,-0.003395,-0.585850,0.031760,0.021740,-0.524914,0.030042,0.021140,-0.573371,0.012035,0.005831,0.030455,0.066767,0.029357,0.018310
14.906000,SAMPLE,1,0.025354,-0.009580,-0.640881,0.013692,-0.005827,-0.645850,0.035859,0.019329,-0.585081,0.034129,0.018612,-0.633316,0.012251,0.004969,0.030759,0.055800,0.029526,0.007565
15.005000,SAMPLE,1,0.029509,-0.012887,-0.702086,0.016895,-0.008408,-0.705850,0.041604,0.017013,-0.645456,0.038394,0.015759,-0.695542,0.013386,0.003764,0.032253,0.056630,0.029992,0.006544
15.102000,SAMPLE,1,0.036309,-0.019031,-0.761484,0.023107,-0.014072,-0.765850,0.044893,0.012975,-0.705445,0.045560,0.009791,-0.755140,0.014102,0.004366,0.033137,0.056038,0.030270,0.006344
15.193000,SAMPLE,1,0.045768,-0.028601,-0.817883,0.030506,-0.021559,-0.813850,0.053157,0.007248,-0.765194,0.053934,0.002184,-0.802765,0.016808,0.004033,0.036602,0.052690,0.031849,0.015118
15.287000,SAMPLE,1,0.056463,-0.040686,-0.876083,0.040798,-0.033122,-0.873850,0.061946,-0.006705,-0.826964,0.064617,-0.009357,-0.860450,0.017395,0.002233,0.034420,0.049120,0.032373,0.015634
15.361000,SAMPLE,1,0.064020,-0.050150,-0.917417,0.049173,-0.043647,-0.921850,0.072612,-0.018548,-0.886508,0.073679,-0.020281,-0.909443,0.016209,0.004433,0.032749,0.030909,0.031392,0.007974
15.452000,SAMPLE,1,0.074647,-0.064830,-0.970631,0.058368,-0.056403,-0.969850,0.083966,-0.032117,-0.946589,0.083761,-0.033694,-0.960223,0.018330,0.000781,0.034015,0.024042,0.032442,0.010408
15.545000,SAMPLE,1,0.084978,-0.080893,-1.028815,0.068363,-0.071952,-1.029850,0.095598,-0.047854,-1.006396,0.094413,-0.049273,-1.019870,0.018868,0.001035,0.034704,0.022419,0.032997,0.008945
15.642000,SAMPLE,1,0.094443,-0.097647,-1.084390,0.077544,-0.088282,-1.085568,0.106417,-0.065604,-1.064823,0.103931,-0.065605,-1.076229,0.019320,0.001178,0.034207,0.019567,0.033417,0.008161
15.731000,SAMPLE,1,0.102818,-0.114533,-1.137784,0.084699,-0.102592,-1.129366,0.106417,-0.065604,-1.064823,0.111698,-0.079740,-1.120355,0.021700,0.008419,0.049060,0.072961,0.035908,0.017429
15.823000,SAMPLE,1,0.109634,-0.130310,-1.187774,0.092604,-0.120673,-1.187774,0.115437,-0.085779,-1.120051,0.120280,-0.098374,-1.179628,0.019567,0.000000,0.044907,0.067723,0.033664,0.008146
15.921000,SAMPLE,1,0.116306,-0.148158,-1.238419,0.099151,-0.138249,-1.239916,0.124011,-0.103571,-1.179747,0.126191,-0.112899,-1.222385,0.019811,0.001497,0.045249,0.058672,0.036619,0.016033
16.009000,SAMPLE,1,0.122062,-0.166136,-1.282334,0.104048,-0.153480,-1.278163,0.130333,-0.122267,-1.233632,0.132960,-0.132497,-1.271166,0.022015,0.004171,0.044642,0.048703,0.035360,0.011168
16.104000,SAMPLE,1,0.127425,-0.185714,-1.325694,0.109201,-0.171985,-1.321124,0.136759,-0.142083,-1.282986,0.138604,-0.152064,-1.317441,0.022816,0.004570,0.044618,0.042707,0.035458,0.008252
16.196000,SAMPLE,1,0.131577,-0.203772,-1.362411,0.112845,-0.187380,-1.354016,0.141970,-0.161188,-1.325919,0.142669,-0.168101,-1.351142,0.024891,0.008396,0.043834,0.036492,0.037356,0.011269
16.286000,SAMPLE,1,0.135233,-0.222562,-1.395340,0.116746,-0.206694,-1.389134,0.146261,-0.180760,-1.366254,0.146890,-0.187887,-1.386537,0.024363,0.006206,0.043232,0.029086,0.036582,0.008804
16.375000,SAMPLE,1,0.138035,-0.240057,-1.428654,0.119261,-0.221642,-1.418974,0.150574,-0.201381,-1.400693,0.149798,-0.203071,-1.415619,0.026298,0.009680,0.040658,0.027960,0.038812,0.013035
16.460000,SAMPLE,1,0.139949,-0.254624,-1.450646,0.121414,-0.237071,-1.443863,0.153246,-0.220870,-1.437031,0.152235,-0.219219,-1.441703,0.025528,0.006783,0.036279,0.013615,0.037476,0.008943
16.558000,SAMPLE,1,0.142078,-0.274055,-1.471162,0.123601,-0.255891,-1.464668,0.155793,-0.240066,-1.462001,0.154682,-0.239154,-1.464620,0.025910,0.006493,0.036651,0.009161,0.037107,0.006542
16.658000,SAMPLE,1,0.143900,-0.293934,-1.487741,0.125423,-0.274380,-1.480458,0.157861,-0.260643,-1.478924,0.156719,-0.258485,-1.480727,0.026903,0.007283,0.036100,0.008817,0.037696,0.007013
16.755000,SAMPLE,1,0.145428,-0.313792,-1.499292,0.127076,-0.294111,-1.492697,0.159339,-0.280783,-1.493420,0.158515,-0.278964,-1.493099,0.026910,0.006595,0.035821,0.005873,0.037206,0.006193
16.850000,SAMPLE,1,0.146649,-0.331978,-1.508482,0.128447,-0.312755,-1.502171,0.160324,-0.299233,-1.503050,0.159949,-0.298192,-1.503024,0.026473,0.006311,0.035486,0.005432,0.036310,0.005458
16.950000,SAMPLE,1,0.147565,-0.347669,-1.516534,0.129620,-0.331118,-1.511645,0.161312,-0.316998,-1.512739,0.161157,-0.317158,-1.512904,0.024412,0.004890,0.033611,0.003796,0.033402,0.003631
17.049000,SAMPLE,1,0.148582,-0.368218,-1.526292,0.130695,-0.350825,-1.521118,0.163481,-0.335920,-1.522790,0.162371,-0.337159,-1.522811,0.024949,0.005174,0.035569,0.003502,0.033982,0.003481
17.145000,SAMPLE,1,0.149322,-0.386774,-1.535861,0.131511,-0.368965,-1.530592,0.164273,-0.355458,-1.532417,0.163299,-0.355699,-1.532667,0.025187,0.005269,0.034702,0.003443,0.034074,0.003194
17.244000,SAMPLE,1,0.149921,-0.406682,-1.545429,0.132205,-0.388552,-1.540066,0.165466,-0.376049,-1.541824,0.164147,-0.375872,-1.542435,0.025348,0.005363,0.034351,0.003605,0.033935,0.002994
17.337000,SAMPLE,1,0.150307,-0.425089,-1.554429,0.132619,-0.403915,-1.547645,0.164871,-0.395112,-1.551437,0.164540,-0.391236,-1.550014,0.027590,0.006784,0.033327,0.002992,0.036724,0.004415
17.430000,SAMPLE,1,0.150525,-0.443232,-1.562109,0.132965,-0.422586,-1.556068,0.165208,-0.413785,-1.560654,0.164876,-0.410305,-1.559455,0.027104,0.006040,0.032904,0.001454,0.035918,0.002654
17.522000,SAMPLE,1,0.150617,-0.458948,-1.567948,0.133191,-0.442584,-1.562892,0.165208,-0.413785,-1.560654,0.165066,-0.430718,-1.567155,0.023905,0.005056,0.047462,0.007294,0.031713,0.000793
17.612000,SAMPLE,1,0.150636,-0.477526,-1.571428,0.133289,-0.457773,-1.565655,0.165381,-0.434492,-1.567492,0.165137,-0.446282,-1.570008,0.026288,0.005773,0.045489,0.003936,0.034445,0.001420
17.702000,SAMPLE,1,0.150601,-0.494435,-1.574333,0.133354,-0.476152,-1.568813,0.165762,-0.453554,-1.570992,0.165197,-0.465163,-1.573230,0.025134,0.005520,0.043602,0.003341,0.032710,0.001103
17.798000,SAMPLE,1,0.150504,-0.513591,-1.577396,0.133366,-0.491984,-1.571339,0.165250,-0.471672,-1.574392,0.165145,-0.481250,-1.575857,0.027579,0.006056,0.044436,0.003004,0.035500,0.001539
17.898000,SAMPLE,1,0.150347,-0.532835,-1.580648,0.133326,-0.510763,-1.574497,0.165406,-0.490757,-1.577462,0.165059,-0.500216,-1.579078,0.027873,0.006151,0.044692,0.003187,0.035783,0.001570
17.996000,SAMPLE,1,0.150179,-0.547885,-1.583238,0.133229,-0.529036,-1.577655,0.163472,-0.508470,-1.580647,0.164698,-0.518661,-1.582300,0.025349,0.005582,0.041597,0.002591,0.032632,0.000938
18.080000,SAMPLE,1,0.149926,-0.566130,-1.586143,0.133100,-0.544930,-1.580182,0.165326,-0.526966,-1.583544,0.164588,-0.534485,-1.584820,0.027066,0.005961,0.042084,0.002599,0.034877,0.001323
18.177000,SAMPLE,1,0.149623,-0.584126,-1.589174,0.132895,-0.563687,-1.583339,0.165196,-0.546849,-1.587210,0.164389,-0.553338,-1.588069,0.026412,0.005835,0.040399,0.001965,0.034145,0.001106
18.267000,SAMPLE,1,0.149267,-0.602594,-1.590935,0.132633,-0.583012,-1.585203,0.164345,-0.566463,-1.589461,0.164061,-0.572543,-1.589480,0.025693,0.005732,0.039151,0.001474,0.033495,0.001455
18.357000,SAMPLE,1,0.148890,-0.620110,-1.593808,0.132392,-0.598399,-1.587729,0.163633,-0.586137,-1.591096,0.163739,-0.588147,-1.591955,0.027268,0.006079,0.037034,0.002712,0.035244,0.001854
18.447000,SAMPLE,1,0.148475,-0.637079,-1.596682,0.132047,-0.617049,-1.590887,0.164678,-0.604996,-1.595568,0.163462,-0.606931,-1.595313,0.025905,0.005795,0.035942,0.001114,0.033667,0.001369
18.547000,SAMPLE,1,0.148045,-0.652863,-1.599398,0.131646,-0.635529,-1.594045,0.163054,-0.623186,-1.597946,0.162975,-0.625768,-1.598491,0.023862,0.005353,0.033257,0.001451,0.030936,0.000907
18.620000,SAMPLE,1,0.147569,-0.668770,-1.601987,0.131366,-0.647104,-1.595939,0.163054,-0.623186,-1.597946,0.162648,-0.637342,-1.600386,0.027055,0.006048,0.048143,0.004041,0.034858,0.001602
18.718000,SAMPLE,1,0.146956,-0.687497,-1.605145,0.130864,-0.665887,-1.599097,0.162561,-0.643051,-1.600748,0.162076,-0.656298,-1.603492,0.026944,0.006048,0.047106,0.004397,0.034670,0.001653
18.808000,SAMPLE,1,0.146298,-0.705849,-1.608114,0.130287,-0.685162,-1.602255,0.162855,-0.659216,-1.604620,0.161517,-0.675619,-1.606741,0.026158,0.005858,0.049485,0.003494,0.033845,0.001373
18.905000,SAMPLE,1,0.145567,-0.724644,-1.611208,0.129654,-0.704331,-1.605413,0.162174,-0.678976,-1.607763,0.160895,-0.694687,-1.609970,0.025804,0.005795,0.048593,0.003445,0.033650,0.001238
18.999000,SAMPLE,1,0.144954,-0.739346,-1.613766,0.129134,-0.718837,-1.607939,0.160592,-0.698378,-1.611018,0.160290,-0.709172,-1.612576,0.025902,0.005827,0.043851,0.002748,0.033848,0.001190
19.089000,SAMPLE,1,0.144145,-0.757552,-1.616041,0.128387,-0.738128,-1.610340,0.159796,-0.716974,-1.614508,0.159396,-0.729097,-1.615342,0.025011,0.005701,0.043492,0.001533,0.032284,0.000699
19.184000,SAMPLE,1,0.143294,-0.776344,-1.616041,0.127630,-0.757282,-1.610340,0.159893,-0.738234,-1.616118,0.158657,-0.747940,-1.615491,0.024673,0.005701,0.041567,0.000077,0.032292,0.000549
19.267000,SAMPLE,1,0.142562,-0.792506,-1.616041,0.127035,-0.772302,-1.610340,0.158800,-0.756641,-1.616193,0.158010,-0.763621,-1.615618,0.025481,0.005701,0.039369,0.000152,0.032757,0.000423
19.362000,SAMPLE,1,0.141685,-0.811886,-1.616041,0.126245,-0.792286,-1.610340,0.157635,-0.775022,-1.616210,0.157126,-0.783530,-1.615731,0.024951,0.005701,0.040167,0.000169,0.032288,0.000310
19.452000,SAMPLE,1,0.141041,-0.826116,-1.616041,0.125647,-0.807390,-1.610340,0.156249,-0.794686,-1.616219,0.156401,-0.798550,-1.615825,0.024241,0.005701,0.034916,0.000178,0.031557,0.000216
19.546000,SAMPLE,1,0.140219,-0.844243,-1.616041,0.124916,-0.825860,-1.610340,0.155506,-0.813204,-1.616122,0.155510,-0.817641,-1.615881,0.023919,0.005701,0.034599,0.000081,0.030684,0.000160
19.645000,SAMPLE,1,0.139316,-0.864191,-1.616041,0.124137,-0.845550,-1.610340,0.155563,-0.832622,-1.615986,0.154716,-0.837142,-1.615898,0.024040,0.005701,0.035504,0.000055,0.031126,0.000143
19.741000,SAMPLE,1,0.138463,-0.883036,-1.616041,0.123401,-0.864156,-1.610340,0.154560,-0.851580,-1.616038,0.153941,-0.855591,-1.615923,0.024152,0.005701,0.035336,0.000003,0.031509,0.000118
19.835000,SAMPLE,1,0.137645,-0.901090,-1.616041,0.122824,-0.878734,-1.610340,0.153544,-0.869920,-1.615905,0.153287,-0.870733,-1.615919,0.026822,0.005701,0.034991,0.000136,0.034150,0.000122
19.931000,SAMPLE,1,0.136930,-0.916895,-1.616041,0.122044,-0.898466,-1.610340,0.152589,-0.889792,-1.615805,0.152398,-0.890418,-1.615919,0.023690,0.005701,0.031301,0.000236,0.030664,0.000122
20.029000,SAMPLE,1,0.136065,-0.935992,-1.616041,0.121305,-0.917136,-1.610340,0.152134,-0.908811,-1.615859,0.151582,-0.908956,-1.615896,0.023946,0.005701,0.031576,0.000182,0.031172,0.000145
20.121000,SAMPLE,1,0.135231,-0.954393,-1.616041,0.120533,-0.936657,-1.610340,0.152134,-0.908811,-1.615859,0.150766,-0.928498,-1.615887,0.023035,0.005701,0.048615,0.000182,0.030197,0.000154
20.213000,SAMPLE,1,0.134413,-0.972469,-1.616041,0.119926,-0.951982,-1.610340,0.150191,-0.926313,-1.615807,0.150008,-0.943527,-1.615874,0.025091,0.005701,0.048779,0.000234,0.032877,0.000167
20.307000,SAMPLE,1,0.133608,-0.990252,-1.616041,0.119207,-0.970168,-1.610340,0.150118,-0.946018,-1.615692,0.149228,-0.961460,-1.615839,0.024713,0.005701,0.047214,0.000349,0.032756,0.000202
20.401000,SAMPLE,1,0.132705,-1.009379,-1.621397,0.118393,-0.989772,-1.615872,0.148909,-0.965837,-1.616022,0.148306,-0.981187,-1.620130,0.024275,0.005526,0.046460,0.005375,0.032221,0.001267
20.499000,SAMPLE,1,0.131851,-1.025386,-1.626833,0.117662,-1.005092,-1.621001,0.148201,-0.984881,-1.621598,0.147535,-0.996444,-1.624628,0.024763,0.005832,0.043680,0.005235,0.032918,0.002205
20.593000,SAMPLE,1,0.130761,-1.043392,-1.635056,0.116639,-1.023737,-1.629424,0.148154,-1.004120,-1.628469,0.146586,-1.015057,-1.633439,0.024203,0.005632,0.042952,0.006587,0.032455,0.001617
20.681000,SAMPLE,1,0.129541,-1.061494,-1.642182,0.115395,-1.043698,-1.637598,0.146562,-1.022901,-1.635812,0.145336,-1.034997,-1.641021,0.022733,0.004584,0.042180,0.006370,0.030847,0.001161
20.781000,SAMPLE,1,0.128042,-1.081182,-1.650764,0.114059,-1.062430,-1.645422,0.145154,-1.042175,-1.644948,0.143943,-1.053997,-1.649868,0.023392,0.005342,0.042596,0.005816,0.031494,0.000896
20.862000,SAMPLE,1,0.126787,-1.096558,-1.652915,0.112923,-1.077376,-1.647122,0.143371,-1.061226,-1.651624,0.142725,-1.069117,-1.652070,0.023668,0.005794,0.039031,0.001292,0.031734,0.000846
20.956000,SAMPLE,1,0.125199,-1.115625,-1.655347,0.111705,-1.093129,-1.649206,0.141442,-1.081178,-1.653395,0.141399,-1.084865,-1.654488,0.026233,0.006141,0.038085,0.001952,0.034764,0.000859
21.051000,SAMPLE,1,0.123863,-1.131168,-1.657192,0.110212,-1.111785,-1.651264,0.139746,-1.100147,-1.656924,0.139762,-1.103519,-1.655821,0.023708,0.005928,0.034850,0.000268,0.031894,0.001371
21.148000,SAMPLE,1,0.122291,-1.149246,-1.659598,0.108717,-1.130167,-1.654422,0.138403,-1.118124,-1.657523,0.138160,-1.122030,-1.658203,0.023416,0.005176,0.035046,0.002076,0.031505,0.001395
21.245000,SAMPLE,1,0.120414,-1.169340,-1.668677,0.106958,-1.150089,-1.663593,0.137303,-1.136832,-1.665884,0.136408,-1.141812,-1.667268,0.023488,0.005084,0.036634,0.002793,0.031838,0.001409
21.337000,SAMPLE,1,0.118403,-1.188637,-1.682748,0.105413,-1.165834,-1.675072,0.134791,-1.157448,-1.677269,0.134757,-1.157951,-1.679273,0.026243,0.007677,0.035232,0.005480,0.034772,0.003475
21.421000,SAMPLE,1,0.116429,-1.204922,-1.700153,0.103283,-1.184375,-1.695090,0.134791,-1.157448,-1.677269,0.132598,-1.176414,-1.699326,0.024393,0.005063,0.050902,0.022885,0.032774,0.000827
21.506000,SAMPLE,1,0.114017,-1.222260,-1.718485,0.101216,-1.199880,-1.711924,0.132266,-1.176028,-1.697541,0.130475,-1.191933,-1.715669,0.025782,0.006560,0.049704,0.020944,0.034504,0.002816
21.593000,SAMPLE,1,0.111536,-1.238010,-1.735727,0.098825,-1.215700,-1.729609,0.130360,-1.196767,-1.717612,0.128146,-1.207858,-1.732878,0.025677,0.006118,0.045335,0.018115,0.034424,0.002849
21.684000,SAMPLE,1,0.108460,-1.255445,-1.755622,0.095578,-1.234644,-1.751714,0.126552,-1.216643,-1.739519,0.124751,-1.227297,-1.755395,0.024466,0.003908,0.042812,0.016102,0.032522,0.000227
21.779000,SAMPLE,1,0.104598,-1.274788,-1.780048,0.092669,-1.249692,-1.771698,0.122918,-1.235837,-1.761961,0.121804,-1.242519,-1.774450,0.027787,0.008350,0.043045,0.018087,0.036570,0.005598
21.874000,SAMPLE,1,0.100307,-1.294099,-1.799140,0.088481,-1.269248,-1.791453,0.118860,-1.254593,-1.786081,0.117412,-1.262562,-1.794075,0.027521,0.007687,0.043645,0.013059,0.035877,0.005065
21.967000,SAMPLE,1,0.096459,-1.310081,-1.815171,0.084086,-1.287981,-1.811009,0.114254,-1.274715,-1.805835,0.112816,-1.281738,-1.813915,0.025328,0.004162,0.039591,0.009336,0.032724,0.001256
22.067000,SAMPLE,1,0.091460,-1.329320,-1.834575,0.079195,-1.307135,-1.830614,0.108678,-1.294622,-1.824881,0.107917,-1.300620,-1.833082,0.025350,0.003962,0.038735,0.009694,0.033084,0.001493
22.157000,SAMPLE,1,0.086281,-1.347679,-1.857714,0.074967,-1.322435,-1.850648,0.103681,-1.313940,-1.846032,0.103606,-1.316052,-1.851519,0.027664,0.007066,0.037962,0.011683,0.036061,0.006196
22.254000,SAMPLE,1,0.080508,-1.366502,-1.878358,0.069386,-1.341080,-1.871753,0.098500,-1.333223,-1.869432,0.097762,-1.335469,-1.874482,0.027748,0.006604,0.037831,0.008925,0.035507,0.003876
22.338000,SAMPLE,1,0.074983,-1.383365,-1.897202,0.064731,-1.355671,-1.888138,0.092691,-1.351130,-1.889477,0.093086,-1.350109,-1.890166,0.029530,0.009065,0.036778,0.007725,0.037864,0.007036
22.435000,SAMPLE,1,0.068357,-1.402270,-1.918866,0.058281,-1.374602,-1.910243,0.086225,-1.370641,-1.911599,0.086363,-1.369768,-1.912859,0.029445,0.008623,0.036327,0.007267,0.037156,0.006006
22.522000,SAMPLE,1,0.063030,-1.416539,-1.937701,0.051490,-1.393122,-1.934598,0.086225,-1.370641,-1.911599,0.079599,-1.388231,-1.935964,0.026106,0.003103,0.051426,0.026102,0.032801,0.001737
22.622000,SAMPLE,1,0.055691,-1.435033,-1.958813,0.044365,-1.411245,-1.955103,0.071630,-1.407589,-1.957640,0.072453,-1.406514,-1.956057,0.026347,0.003710,0.031737,0.001173,0.033080,0.002756
22.723000,SAMPLE,1,0.047665,-1.454207,-1.974442,0.036797,-1.429542,-1.969543,0.064107,-1.425967,-1.973382,0.064469,-1.425481,-1.971965,0.026954,0.004899,0.032678,0.001060,0.033281,0.002477
22.823000,SAMPLE,1,0.039434,-1.473210,-1.984637,0.029074,-1.447624,-1.979253,0.064107,-1.425967,-1.973382,0.056753,-1.443475,-1.981702,0.027603,0.005383,0.053298,0.011255,0.034411,0.002935
22.909000,SAMPLE,1,0.032004,-1.489862,-1.998002,0.022719,-1.462102,-1.990882,0.056591,-1.444462,-1.983472,0.050335,-1.458075,-1.993621,0.029272,0.007120,0.051630,0.014530,0.036694,0.004381
23.003000,SAMPLE,1,0.025292,-1.504299,-2.014070,0.014375,-1.480278,-2.010880,0.048226,-1.462728,-1.996948,0.041696,-1.476776,-2.013292,0.026385,0.003191,0.047478,0.017122,0.032041,0.000778
23.103000,SAMPLE,1,0.016278,-1.522822,-2.034023,0.005824,-1.497984,-2.030485,0.038702,-1.481207,-2.017289,0.032771,-1.494901,-2.034149,0.026949,0.003538,0.047272,0.016734,0.032429,0.000126
23.201000,SAMPLE,1,0.007441,-1.540160,-2.049227,-0.002873,-1.515207,-2.044861,0.030722,-1.499654,-2.036831,0.023966,-1.512337,-2.049057,0.027001,0.004366,0.046720,0.012396,0.032361,0.000170
23.300000,SAMPLE,1,-0.002003,-1.558201,-2.056185,-0.010071,-1.529132,-2.050001,0.021424,-1.517284,-2.050877,0.016719,-1.526250,-2.054624,0.030169,0.006185,0.047149,0.005308,0.037033,0.001561
23.399000,SAMPLE,1,-0.009435,-1.572265,-2.057872,-0.017398,-1.543201,-2.051580,0.012695,-1.536218,-2.055800,0.009280,-1.540656,-2.055868,0.030136,0.006293,0.042298,0.002072,0.036734,0.002005
23.499000,SAMPLE,1,-0.015344,-1.583429,-2.056757,-0.023350,-1.554596,-2.051290,0.005630,-1.549717,-2.057551,0.003249,-1.552321,-2.055027,0.029924,0.005467,0.039705,0.000794,0.036241,0.001730
23.590000,SAMPLE,1,-0.018758,-1.589929,-2.051986,-0.027847,-1.563279,-2.045782,-0.000300,-1.560190,-2.056029,-0.001464,-1.561407,-2.050290,0.028157,0.006204,0.035001,0.004043,0.033355,0.001696
23.682000,SAMPLE,1,-0.023223,-1.598507,-2.049943,-0.032533,-1.572422,-2.044224,-0.004250,-1.568099,-2.050303,-0.006417,-1.571098,-2.048373,0.027696,0.005719,0.035841,0.000360,0.032151,0.001570
23.776000,SAMPLE,1,-0.028746,-1.609121,-2.052116,-0.036958,-1.581039,-2.046135,-0.009646,-1.577677,-2.049830,-0.010906,-1.579791,-2.050723,0.029258,0.005981,0.036791,0.002285,0.034330,0.001393
23.862000,SAMPLE,1,-0.032655,-1.616614,-2.051374,-0.041397,-1.589674,-2.045474,-0.014959,-1.587615,-2.050967,-0.015602,-1.588811,-2.049995,0.028322,0.005900,0.033972,0.000408,0.032616,0.001379
23.937000,SAMPLE,1,-0.035271,-1.621636,-2.050772,-0.043847,-1.594444,-2.044777,-0.018300,-1.597237,-2.050131,-0.017993,-1.593420,-2.048732,0.028512,0.005995,0.029721,0.000641,0.033085,0.002040
24.037000,SAMPLE,1,-0.038940,-1.628696,-2.049455,-0.047399,-1.601380,-2.043480,-0.022006,-1.604209,-2.048469,-0.021655,-1.600858,-2.048099,0.028596,0.005976,0.029773,0.000987,0.032769,0.001356
24.128000,SAMPLE,1,-0.042449,-1.635461,-2.048684,-0.051023,-1.608469,-2.042666,-0.022006,-1.604209,-2.048469,-0.025268,-1.608152,-2.048272,0.028320,0.006017,0.037344,0.000215,0.032264,0.000412
24.221000,SAMPLE,1,-0.044380,-1.639183,-2.053411,-0.052940,-1.612213,-2.048066,-0.028479,-1.616048,-2.051073,-0.027354,-1.612657,-2.053141,0.028296,0.005344,0.028072,0.002337,0.031520,0.000269
24.307000,SAMPLE,1,-0.045798,-1.641855,-2.064161,-0.054112,-1.614451,-2.057916,-0.028479,-1.616048,-2.051073,-0.028536,-1.614890,-2.064141,0.028638,0.006244,0.031080,0.013087,0.032017,0.000019
24.396000,SAMPLE,1,-0.047254,-1.644533,-2.072887,-0.055303,-1.616679,-2.065616,-0.029976,-1.619076,-2.063158,-0.029904,-1.617603,-2.071747,0.028995,0.007270,0.030767,0.009729,0.032036,0.001140
24.494000,SAMPLE,1,-0.048534,-1.646845,-2.080057,-0.056719,-1.619275,-2.074140,-0.032059,-1.621648,-2.073035,-0.031544,-1.620593,-2.081107,0.028759,0.005917,0.030104,0.007022,0.031270,0.001051
24.586000,SAMPLE,1,-0.049503,-1.648576,-2.081399,-0.057736,-1.621118,-2.075438,-0.032670,-1.623536,-2.080507,-0.032654,-1.622697,-2.082433,0.028666,0.005961,0.030173,0.000892,0.030881,0.001034
24.679000,SAMPLE,1,-0.050491,-1.650340,-2.081399,-0.058551,-1.622593,-2.075438,-0.033317,-1.625619,-2.080899,-0.033529,-1.624467,-2.082146,0.028894,0.005961,0.030100,0.000500,0.030937,0.000747
24.779000,SAMPLE,1,-0.051540,-1.652213,-2.081399,-0.059569,-1.624436,-2.075438,-0.034978,-1.627563,-2.080951,-0.034657,-1.626544,-2.081915,0.028915,0.005961,0.029697,0.000448,0.030724,0.000516
24.873000,SAMPLE,1,-0.052549,-1.654013,-2.081399,-0.060587,-1.626278,-2.075438,-0.035925,-1.629421,-2.080751,-0.035763,-1.628594,-2.081691,0.028876,0.005961,0.029684,0.000648,0.030462,0.000292
24.972000,SAMPLE,1,-0.053588,-1.655868,-2.081399,-0.061604,-1.628121,-2.075438,-0.036734,-1.631585,-2.080563,-0.036833,-1.630657,-2.081475,0.028882,0.005961,0.029559,0.000835,0.030271,0.000076
25.073000,SAMPLE,1,-0.054647,-1.657760,-2.081399,-0.062622,-1.629964,-2.075438,-0.037261,-1.633433,-2.080411,-0.037838,-1.632694,-2.081271,0.028917,0.005961,0.029902,0.000987,0.030180,0.000127
25.158000,SAMPLE,1,-0.056283,-1.660672,-2.079641,-0.064292,-1.632993,-2.073701,-0.038833,-1.635795,-2.080071,-0.039623,-1.636044,-2.079900,0.028815,0.005940,0.030387,0.000430,0.029734,0.000259
25.256000,SAMPLE,1,-0.060670,-1.668553,-2.075381,-0.068578,-1.640818,-2.069643,-0.042938,-1.641115,-2.077204,-0.044032,-1.643864,-2.075710,0.028841,0.005738,0.032669,0.001824,0.029771,0.000329
25.340000,SAMPLE,1,-0.065199,-1.676829,-2.068141,-0.073575,-1.650082,-2.061853,-0.047499,-1.649637,-2.069911,-0.048086,-1.651245,-2.069394,0.028027,0.006288,0.032445,0.001770,0.030779,0.001253
25.441000,SAMPLE,1,-0.070193,-1.686074,-2.062972,-0.078357,-1.659068,-2.056822,-0.052309,-1.658099,-2.065361,-0.053764,-1.661546,-2.063496,0.028213,0.006151,0.033203,0.002388,0.029522,0.000523
25.534000,SAMPLE,1,-0.073648,-1.692570,-2.056612,-0.081874,-1.665782,-2.050453,-0.056405,-1.666103,-2.057012,-0.057331,-1.668233,-2.057180,0.028023,0.006158,0.031588,0.000400,0.029300,0.000568
25.619000,SAMPLE,1,-0.077554,-1.700001,-2.052648,-0.085337,-1.672464,-2.047309,-0.056405,-1.666103,-2.057012,-0.060706,-1.674591,-2.053359,0.028615,0.005340,0.039954,0.004364,0.030488,0.000711
25.709000,SAMPLE,1,-0.081134,-1.706887,-2.049106,-0.089177,-1.679958,-2.043032,-0.060990,-1.675058,-2.052905,-0.064545,-1.681934,-2.049425,0.028104,0.006074,0.037668,0.003799,0.029964,0.000319
25.804000,SAMPLE,1,-0.084962,-1.714272,-2.048190,-0.093007,-1.687458,-2.042148,-0.064981,-1.682245,-2.048976,-0.068381,-1.689269,-2.048708,0.027995,0.006042,0.037749,0.000786,0.030002,0.000518
25.903000,SAMPLE,1,-0.088360,-1.720888,-2.042500,-0.096419,-1.694202,-2.036440,-0.069372,-1.689120,-2.048108,-0.071861,-1.695778,-2.043558,0.027877,0.006060,0.037010,0.005608,0.030046,0.001058
26.002000,SAMPLE,1,-0.091198,-1.726459,-2.041963,-0.099724,-1.700788,-2.035872,-0.072223,-1.695876,-2.042515,-0.075174,-1.702197,-2.042849,0.027050,0.006091,0.035991,0.000552,0.029077,0.000886
26.098000,SAMPLE,1,-0.094279,-1.732508,-2.041162,-0.102210,-1.705744,-2.035172,-0.075774,-1.703054,-2.042055,-0.077615,-1.706949,-2.042698,0.027915,0.005990,0.034785,0.000893,0.030511,0.001536
26.192000,SAMPLE,1,-0.095867,-1.735640,-2.040718,-0.103866,-1.709058,-2.034572,-0.078904,-1.709643,-2.040399,-0.079295,-1.710273,-2.040632,0.027759,0.006147,0.031041,0.000320,0.030300,0.000086
26.278000,SAMPLE,1,-0.097232,-1.738306,-2.048397,-0.105003,-1.711314,-2.041303,-0.080235,-1.712945,-2.041658,-0.080484,-1.712709,-2.046447,0.028088,0.007094,0.030530,0.006740,0.030590,0.001951
26.377000,SAMPLE,1,-0.098832,-1.741361,-2.058155,-0.106448,-1.714122,-2.050777,-0.082265,-1.714256,-2.051169,-0.082046,-1.715496,-2.055739,0.028283,0.007378,0.031766,0.006986,0.030834,0.002417
26.474000,SAMPLE,1,-0.100429,-1.744340,-2.067724,-0.107919,-1.716917,-2.060251,-0.083235,-1.717489,-2.060720,-0.083563,-1.718323,-2.065079,0.028428,0.007473,0.031885,0.007003,0.031006,0.002645
26.572000,SAMPLE,1,-0.101763,-1.746777,-2.075587,-0.109417,-1.719697,-2.069724,-0.084635,-1.719739,-2.070096,-0.085090,-1.721068,-2.074426,0.028141,0.005862,0.032007,0.005491,0.030642,0.001160
26.657000,SAMPLE,1,-0.102882,-1.748788,-2.082173,-0.110353,-1.721404,-2.075453,-0.085940,-1.722666,-2.078554,-0.086025,-1.722762,-2.079089,0.028385,0.006720,0.031135,0.003619,0.031009,0.003084
26.747000,SAMPLE,1,-0.104231,-1.751160,-2.095111,-0.111614,-1.723654,-2.088819,-0.087150,-1.725153,-2.088307,-0.087310,-1.725095,-2.092568,0.028479,0.006292,0.031115,0.006804,0.031076,0.002543
26.846000,SAMPLE,1,-0.105533,-1.753360,-2.116608,-0.112674,-1.725473,-2.109959,-0.088354,-1.726968,-2.105978,-0.088424,-1.727001,-2.113713,0.028787,0.006650,0.031490,0.010630,0.031425,0.002895
26.933000,SAMPLE,1,-0.106513,-1.754945,-2.131893,-0.113551,-1.726910,-2.126390,-0.089389,-1.728702,-2.129332,-0.089304,-1.728437,-2.130345,0.028905,0.005502,0.031336,0.002561,0.031604,0.001547
27.021000,SAMPLE,1,-0.107690,-1.756792,-2.144569,-0.114674,-1.728691,-2.140330,-0.090931,-1.730778,-2.143276,-0.090526,-1.730349,-2.145217,0.028956,0.004239,0.030945,0.001293,0.031525,0.000648
27.110000,SAMPLE,1,-0.109831,-1.760052,-2.154923,-0.116532,-1.731559,-2.148611,-0.090931,-1.730778,-2.143276,-0.092449,-1.733296,-2.153059,0.029271,0.006312,0.034845,0.011648,0.031907,0.001864
27.195000,SAMPLE,1,-0.112458,-1.764014,-2.155784,-0.118837,-1.735083,-2.149993,-0.093547,-1.734711,-2.154853,-0.094831,-1.736873,-2.154813,0.029627,0.005791,0.034876,0.000931,0.032363,0.000971
27.291000,SAMPLE,1,-0.114425,-1.767003,-2.148165,-0.121296,-1.738870,-2.141182,-0.095881,-1.741217,-2.155150,-0.097266,-1.740894,-2.146194,0.028960,0.006983,0.031761,0.006985,0.031243,0.001971
27.380000,SAMPLE,1,-0.117610,-1.771955,-2.139212,-0.124065,-1.743234,-2.133414,-0.098388,-1.744883,-2.144583,-0.100168,-1.745663,-2.138411,0.029437,0.005798,0.033202,0.005371,0.031551,0.000801
27.477000,SAMPLE,1,-0.123823,-1.781691,-2.139605,-0.130021,-1.752702,-2.133153,-0.102469,-1.750901,-2.138023,-0.106174,-1.755285,-2.139226,0.029644,0.006452,0.037470,0.001582,0.031761,0.000379
27.567000,SAMPLE,1,-0.132199,-1.794665,-2.149439,-0.138942,-1.766713,-2.143743,-0.109639,-1.762450,-2.142178,-0.115177,-1.769497,-2.149534,0.028753,0.005696,0.039329,0.007261,0.030384,0.000095
27.663000,SAMPLE,1,-0.143232,-1.811217,-2.169413,-0.149662,-1.782993,-2.163790,-0.119644,-1.777839,-2.156850,-0.125649,-1.785510,-2.168248,0.028947,0.005623,0.040871,0.012563,0.031145,0.001165
27.751000,SAMPLE,1,-0.153468,-1.825961,-2.184288,-0.158459,-1.795838,-2.177224,-0.130962,-1.794215,-2.177518,-0.134300,-1.798213,-2.180742,0.030534,0.007063,0.038914,0.006770,0.033725,0.003546
27.850000,SAMPLE,1,-0.162780,-1.839065,-2.192814,-0.169195,-1.811142,-2.187435,-0.142176,-1.809801,-2.189491,-0.144958,-1.813366,-2.191290,0.028650,0.005379,0.035790,0.003323,0.031274,0.001524
27.945000,SAMPLE,1,-0.172942,-1.853104,-2.202003,-0.179440,-1.825453,-2.196909,-0.152970,-1.823059,-2.198712,-0.155165,-1.827366,-2.200736,0.028405,0.005095,0.036078,0.003291,0.031281,0.001267
28.032000,SAMPLE,1,-0.182022,-1.865417,-2.210624,-0.187277,-1.836205,-2.204488,-0.162668,-1.836602,-2.207925,-0.163009,-1.838061,-2.208315,0.029681,0.006137,0.034711,0.002700,0.033314,0.002310
28.122000,SAMPLE,1,-0.191043,-1.877427,-2.219530,-0.196687,-1.848884,-2.213961,-0.162668,-1.836602,-2.207925,-0.172411,-1.850543,-2.217716,0.029095,0.005568,0.049717,0.011605,0.032709,0.001813
28.213000,SAMPLE,1,-0.201352,-1.890897,-2.227323,-0.205349,-1.860349,-2.220990,-0.172180,-1.851135,-2.217438,-0.181199,-1.862218,-2.224243,0.030808,0.006333,0.049315,0.009885,0.035051,0.003080
28.292000,SAMPLE,1,-0.211266,-1.903744,-2.228720,-0.215047,-1.873075,-2.222488,-0.183639,-1.863571,-2.226186,-0.190648,-1.874304,-2.226697,0.030901,0.006233,0.048756,0.002534,0.035942,0.002023
28.372000,SAMPLE,1,-0.219579,-1.914492,-2.229612,-0.224389,-1.885305,-2.223656,-0.194915,-1.879644,-2.227870,-0.200246,-1.886724,-2.228691,0.029581,0.005956,0.042693,0.001742,0.033836,0.000921
28.460000,SAMPLE,1,-0.229497,-1.927285,-2.230978,-0.233247,-1.896871,-2.224730,-0.204422,-1.895624,-2.228844,-0.208829,-1.898246,-2.229856,0.030644,0.006248,0.040387,0.002133,0.035643,0.001122
28.558000,SAMPLE,1,-0.239914,-1.940680,-2.232588,-0.243736,-1.910530,-2.226372,-0.217139,-1.909193,-2.231063,-0.219342,-1.911822,-2.231739,0.030392,0.006216,0.038861,0.001525,0.035440,0.000849
28.651000,SAMPLE,1,-0.251059,-1.954987,-2.230641,-0.255132,-1.925339,-2.225030,-0.228134,-1.922760,-2.232099,-0.230914,-1.926635,-2.229246,0.029926,0.005611,0.039550,0.001459,0.034780,0.001394
28.749000,SAMPLE,1,-0.263360,-1.971003,-2.220393,-0.267228,-1.941266,-2.215130,-0.241179,-1.939009,-2.224812,-0.243182,-1.942441,-2.220841,0.029988,0.005264,0.038931,0.004419,0.034971,0.000447
28.848000,SAMPLE,1,-0.273504,-1.984467,-2.213291,-0.279168,-1.957311,-2.206956,-0.250982,-1.954572,-2.214774,-0.255013,-1.958327,-2.213460,0.027741,0.006335,0.037430,0.001483,0.032019,0.000170
28.938000,SAMPLE,1,-0.284082,-1.998650,-2.210559,-0.288299,-1.969712,-2.204538,-0.262446,-1.970402,-2.209687,-0.264210,-1.970640,-2.210671,0.029244,0.006022,0.035582,0.000872,0.034343,0.000112
29.022000,SAMPLE,1,-0.294463,-2.012632,-2.206725,-0.299911,-1.985554,-2.200119,-0.262446,-1.970402,-2.209687,-0.275746,-1.986434,-2.206585,0.027620,0.006606,0.052995,0.002962,0.032197,0.000140
29.119000,SAMPLE,1,-0.305670,-2.027956,-2.197536,-0.309212,-1.998431,-2.192540,-0.274227,-1.987292,-2.206497,-0.284632,-1.998865,-2.199353,0.029737,0.004995,0.051403,0.008962,0.035901,0.001817
29.207000,SAMPLE,1,-0.315871,-2.042180,-2.187525,-0.320312,-2.014084,-2.181916,-0.286145,-2.003652,-2.197305,-0.295787,-2.014661,-2.188845,0.028444,0.005609,0.048662,0.009780,0.034069,0.001320
29.305000,SAMPLE,1,-0.327137,-2.058327,-2.171999,-0.331662,-2.030551,-2.166430,-0.297769,-2.018432,-2.187028,-0.307250,-2.031082,-2.173783,0.028143,0.005569,0.049540,0.015029,0.033732,0.001784
29.403000,SAMPLE,1,-0.336347,-2.071906,-2.162341,-0.342779,-2.047177,-2.154972,-0.309005,-2.034575,-2.171677,-0.318689,-2.048033,-2.162132,0.025552,0.007369,0.046272,0.009336,0.029693,0.000209
29.500000,SAMPLE,1,-0.347354,-2.088506,-2.148273,-0.351535,-2.060568,-2.143593,-0.320708,-2.051566,-2.160050,-0.327764,-2.061782,-2.149166,0.028249,0.004680,0.045548,0.011777,0.033135,0.000894
29.589000,SAMPLE,1,-0.356900,-2.103409,-2.133178,-0.362225,-2.077471,-2.126661,-0.330042,-2.068584,-2.144253,-0.338355,-2.078600,-2.132450,0.026479,0.006517,0.043979,0.011076,0.030975,0.000727
29.685000,SAMPLE,1,-0.367352,-2.120291,-2.115980,-0.372641,-2.094544,-2.109522,-0.342221,-2.085251,-2.128257,-0.348651,-2.095128,-2.116702,0.026284,0.006459,0.043121,0.012277,0.031352,0.000722
29.783000,SAMPLE,1,-0.377201,-2.136972,-2.090300,-0.382532,-2.111550,-2.083966,-0.351412,-2.099417,-2.110807,-0.358330,-2.111174,-2.093337,0.025975,0.006333,0.045557,0.020507,0.031963,0.003037
29.873000,SAMPLE,1,-0.385326,-2.151613,-2.063868,-0.389718,-2.124645,-2.061230,-0.361844,-2.116171,-2.083811,-0.365659,-2.123972,-2.070947,0.027324,0.002638,0.042515,0.019943,0.033924,0.007079
29.972000,SAMPLE,1,-0.392368,-2.165067,-2.042213,-0.398158,-2.140970,-2.035259,-0.370026,-2.135517,-2.055483,-0.374243,-2.140496,-2.044631,0.024783,0.006954,0.037045,0.013271,0.030533,0.002418
30.066000,SAMPLE,1,-0.401027,-2.182664,-2.014316,-0.406761,-2.158756,-2.007988,-0.378637,-2.152415,-2.029000,-0.383095,-2.158726,-2.017425,0.024585,0.006328,0.037634,0.014684,0.029909,0.003109
30.160000,SAMPLE,1,-0.408277,-2.198348,-1.993026,-0.412993,-2.172412,-1.990027,-0.387305,-2.169421,-2.004406,-0.389388,-2.172297,-1.999359,0.026362,0.002999,0.035729,0.011380,0.032179,0.006332
30.253000,SAMPLE,1,-0.415573,-2.215117,-1.969592,-0.420625,-2.190121,-1.965622,-0.394827,-2.184825,-1.981536,-0.397282,-2.190029,-1.975254,0.025502,0.003971,0.036715,0.011944,0.031048,0.005661
30.353000,SAMPLE,1,-0.421656,-2.229987,-1.948089,-0.427815,-2.207980,-1.941016,-0.401337,-2.202572,-1.956732,-0.404240,-2.206927,-1.952365,0.022853,0.007072,0.034124,0.008643,0.028898,0.004276
30.450000,SAMPLE,1,-0.428031,-2.246595,-1.925984,-0.434211,-2.225008,-1.918911,-0.407952,-2.219869,-1.933559,-0.410744,-2.224133,-1.929242,0.022455,0.007072,0.033428,0.007576,0.028344,0.003258
30.548000,SAMPLE,1,-0.434611,-2.264968,-1.903230,-0.440647,-2.243387,-1.896806,-0.414093,-2.236237,-1.911044,-0.417201,-2.242230,-1.907036,0.022409,0.006424,0.035305,0.007814,0.028637,0.003806
30.638000,SAMPLE,1,-0.440080,-2.281335,-1.882894,-0.445445,-2.257998,-1.879122,-0.420878,-2.254063,-1.888872,-0.422177,-2.256771,-1.889351,0.023945,0.003772,0.033354,0.005979,0.030396,0.006458
30.726000,SAMPLE,1,-0.444874,-2.296708,-1.862778,-0.450787,-2.275429,-1.857016,-0.426902,-2.272033,-1.867006,-0.427549,-2.273734,-1.867154,0.022085,0.005761,0.030526,0.004228,0.028774,0.004376
30.803000,SAMPLE,1,-0.448776,-2.310133,-1.843686,-0.455022,-2.290377,-1.836288,-0.426902,-2.272033,-1.867006,-0.431907,-2.288466,-1.846442,0.020720,0.007398,0.043932,0.023320,0.027459,0.002756
30.894000,SAMPLE,1,-0.452908,-2.325608,-1.819244,-0.458877,-2.305210,-1.813551,-0.431844,-2.289066,-1.842396,-0.435827,-2.302825,-1.824016,0.021253,0.005693,0.042178,0.023152,0.028475,0.004773
30.990000,SAMPLE,1,-0.456965,-2.342577,-1.791107,-0.463005,-2.322946,-1.785130,-0.435143,-2.306257,-1.813475,-0.439876,-2.319959,-1.795748,0.020540,0.005977,0.042371,0.022368,0.028349,0.004641
31.082000,SAMPLE,1,-0.460695,-2.360362,-1.763837,-0.466880,-2.342073,-1.756709,-0.439997,-2.324366,-1.785237,-0.443847,-2.338736,-1.767488,0.019307,0.007129,0.041522,0.021400,0.027415,0.003651
31.169000,SAMPLE,1,-0.463818,-2.377461,-1.739553,-0.469619,-2.357580,-1.735172,-0.444443,-2.343003,-1.756978,-0.446684,-2.353735,-1.745914,0.020711,0.004381,0.039532,0.017426,0.029266,0.006361
31.250000,SAMPLE,1,-0.465666,-2.388801,-1.724996,-0.471870,-2.371951,-1.717198,-0.447721,-2.360324,-1.731689,-0.449014,-2.367558,-1.727835,0.017955,0.007798,0.033660,0.006693,0.026992,0.002839
31.350000,SAMPLE,1,-0.468371,-2.407774,-1.698815,-0.474463,-2.391230,-1.691077,-0.450899,-2.379214,-1.707800,-0.451833,-2.386480,-1.702401,0.017630,0.007738,0.033480,0.008985,0.026962,0.003587
31.443000,SAMPLE,1,-0.470454,-2.426043,-1.668228,-0.476550,-2.411120,-1.658435,-0.452776,-2.397121,-1.677488,-0.454097,-2.405714,-1.669873,0.016120,0.009793,0.033898,0.009261,0.026093,0.001646
31.538000,SAMPLE,1,-0.471933,-2.444004,-1.637958,-0.477691,-2.426266,-1.633943,-0.454721,-2.416517,-1.645439,-0.455450,-2.420768,-1.645347,0.018649,0.004016,0.032432,0.007480,0.028488,0.007389
31.619000,SAMPLE,1,-0.472810,-2.459938,-1.613800,-0.478477,-2.441530,-1.611206,-0.454721,-2.416517,-1.645439,-0.456377,-2.435640,-1.622628,0.019261,0.002595,0.047038,0.031638,0.029332,0.008827
31.710000,SAMPLE,1,-0.473357,-2.478560,-1.585318,-0.479000,-2.461522,-1.582035,-0.455605,-2.435751,-1.616524,-0.457064,-2.455163,-1.594125,0.017948,0.003283,0.046343,0.031206,0.028511,0.008808
31.803000,SAMPLE,1,-0.473374,-2.493808,-1.557713,-0.478889,-2.481205,-1.547601,-0.456560,-2.455988,-1.587583,-0.457191,-2.474363,-1.559941,0.013757,0.010113,0.041390,0.029870,0.025298,0.002228
31.898000,SAMPLE,1,-0.472850,-2.512093,-1.527915,-0.478320,-2.497005,-1.523069,-0.456883,-2.474852,-1.553324,-0.456836,-2.489794,-1.535712,0.016049,0.004846,0.040520,0.025408,0.027454,0.007796
31.992000,SAMPLE,1,-0.471765,-2.530818,-1.495747,-0.477056,-2.516964,-1.490248,-0.456174,-2.493538,-1.522931,-0.455939,-2.508770,-1.505322,0.014830,0.005499,0.040409,0.027184,0.027140,0.009575
32.087000,SAMPLE,1,-0.470015,-2.549636,-1.460747,-0.475083,-2.536866,-1.454480,-0.454579,-2.513113,-1.488223,-0.454088,-2.528744,-1.467397,0.013739,0.006267,0.039650,0.027477,0.026270,0.006650
32.179000,SAMPLE,1,-0.467775,-2.567268,-1.427400,-0.473085,-2.552145,-1.426690,-0.452445,-2.532997,-1.452915,-0.452241,-2.543598,-1.439492,0.016028,0.000709,0.037543,0.025515,0.028312,0.012093
32.273000,SAMPLE,1,-0.465320,-2.582707,-1.398015,-0.469920,-2.571541,-1.390953,-0.449889,-2.549443,-1.418700,-0.449297,-2.562430,-1.404761,0.012077,0.007062,0.036669,0.020685,0.025844,0.006746
32.356000,SAMPLE,1,-0.462168,-2.599080,-1.361707,-0.466803,-2.587233,-1.357743,-0.447330,-2.568039,-1.380927,-0.446462,-2.578176,-1.372182,0.012721,0.003965,0.034405,0.019219,0.026147,0.010475
32.456000,SAMPLE,1,-0.457693,-2.618122,-1.319834,-0.462151,-2.606683,-1.316090,-0.442252,-2.586250,-1.337663,-0.442400,-2.596494,-1.330841,0.012277,0.003744,0.035415,0.017829,0.026489,0.011007
32.534000,SAMPLE,1,-0.453544,-2.633393,-1.291086,-0.457900,-2.622108,-1.287945,-0.438395,-2.603724,-1.301662,-0.438504,-2.610771,-1.303840,0.012097,0.003141,0.033313,0.010575,0.027165,0.012754
32.624000,SAMPLE,1,-0.448261,-2.650804,-1.260884,-0.452008,-2.641219,-1.255659,-0.438395,-2.603724,-1.301662,-0.432938,-2.629156,-1.270693,0.010291,0.005225,0.048103,0.040778,0.026523,0.009809
32.721000,SAMPLE,1,-0.443327,-2.665485,-1.231161,-0.445642,-2.659633,-1.219322,-0.433656,-2.621886,-1.269128,-0.427195,-2.646439,-1.235995,0.006293,0.011840,0.044659,0.037967,0.024960,0.004834
32.822000,SAMPLE,1,-0.436360,-2.683938,-1.187456,-0.438358,-2.678258,-1.176664,-0.427613,-2.640686,-1.233975,-0.420310,-2.664522,-1.191616,0.006021,0.010792,0.044127,0.046519,0.025191,0.004160
32.920000,SAMPLE,1,-0.429125,-2.700889,-1.146403,-0.432235,-2.692330,-1.143822,-0.420081,-2.657082,-1.191688,-0.414437,-2.677812,-1.158780,0.009106,0.002582,0.044730,0.045285,0.027354,0.012376
33.015000,SAMPLE,1,-0.421168,-2.717534,-1.102187,-0.423712,-2.710025,-1.099219,-0.414051,-2.674655,-1.150457,-0.406368,-2.694945,-1.114440,0.007928,0.002968,0.043466,0.048270,0.027005,0.012252
33.114000,SAMPLE,1,-0.411958,-2.734764,-1.059121,-0.414229,-2.727632,-1.056201,-0.405489,-2.693556,-1.106255,-0.397347,-2.712150,-1.070311,0.007485,0.002921,0.041713,0.047133,0.026923,0.011190
33.212000,SAMPLE,1,-0.402102,-2.751609,-1.024985,-0.404076,-2.744862,-1.021674,-0.396512,-2.710407,-1.063241,-0.387628,-2.728934,-1.034595,0.007030,0.003310,0.041580,0.038257,0.026901,0.009610
33.310000,SAMPLE,1,-0.392342,-2.767183,-0.996611,-0.393798,-2.761128,-0.992885,-0.386567,-2.726829,-1.028646,-0.377767,-2.744631,-1.005642,0.006227,0.003726,0.040765,0.032036,0.026852,0.009031
33.406000,SAMPLE,1,-0.383989,-2.779762,-0.971810,-0.383347,-2.776654,-0.963164,-0.376750,-2.739337,-0.999976,-0.367643,-2.759363,-0.975131,0.003174,0.008646,0.041068,0.028166,0.026140,0.003321
33.505000,SAMPLE,1,-0.372585,-2.795867,-0.937860,-0.371653,-2.792878,-0.930130,-0.368066,-2.755376,-0.970092,-0.356537,-2.774912,-0.943177,0.003131,0.007731,0.040743,0.032231,0.026395,0.005316
33.603000,SAMPLE,1,-0.360916,-2.811245,-0.903124,-0.359434,-2.808709,-0.894893,-0.355795,-2.770260,-0.937369,-0.344773,-2.790009,-0.908457,0.002937,0.008231,0.041304,0.034246,0.026675,0.005333
33.700000,SAMPLE,1,-0.348704,-2.826165,-0.867187,-0.349242,-2.821043,-0.866153,-0.345053,-2.785564,-0.902117,-0.335135,-2.801624,-0.879966,0.005150,0.001033,0.040764,0.034930,0.028042,0.012779
33.797000,SAMPLE,1,-0.336293,-2.840309,-0.834342,-0.336146,-2.835920,-0.832266,-0.332816,-2.802971,-0.866363,-0.322653,-2.816133,-0.845283,0.004392,0.002076,0.037499,0.032020,0.027758,0.010940
33.897000,SAMPLE,1,-0.325793,-2.851607,-0.808816,-0.323424,-2.849488,-0.802561,-0.320091,-2.816765,-0.833070,-0.310434,-2.829308,-0.815435,0.003179,0.006255,0.035306,0.024254,0.027077,0.006619
33.989000,SAMPLE,1,-0.312909,-2.864682,-0.775742,-0.309465,-2.863455,-0.768232,-0.308132,-2.830138,-0.802136,-0.297116,-2.842881,-0.781097,0.003656,0.007510,0.034873,0.026394,0.026920,0.005354
34.087000,SAMPLE,1,-0.300206,-2.876726,-0.741006,-0.296193,-2.875845,-0.733495,-0.294095,-2.843437,-0.767678,-0.284354,-2.854906,-0.746445,0.004108,0.007510,0.033845,0.026672,0.026970,0.005440
34.184000,SAMPLE,1,-0.285879,-2.889369,-0.705590,-0.281468,-2.888651,-0.698759,-0.281632,-2.854452,-0.732666,-0.270135,-2.867333,-0.711725,0.004470,0.006832,0.035175,0.027076,0.027083,0.006135
34.281000,SAMPLE,1,-0.271607,-2.901114,-0.670853,-0.266591,-2.900720,-0.664022,-0.267179,-2.867321,-0.697844,-0.255809,-2.879041,-0.676986,0.005032,0.006832,0.034082,0.026990,0.027144,0.006132
34.375000,SAMPLE,1,-0.260048,-2.910023,-0.641670,-0.254800,-2.909682,-0.635482,-0.252702,-2.877553,-0.663161,-0.244418,-2.887524,-0.649200,0.005259,0.006188,0.033291,0.021490,0.027396,0.007530
34.468000,SAMPLE,1,-0.244714,-2.921053,-0.606178,-0.238487,-2.921251,-0.599295,-0.237721,-2.889034,-0.626313,-0.228650,-2.898696,-0.613257,0.006230,0.006883,0.032774,0.020135,0.027530,0.007079
34.564000,SAMPLE,1,-0.229969,-2.930947,-0.574844,-0.222737,-2.931650,-0.566909,-0.221582,-2.900848,-0.592405,-0.213472,-2.908743,-0.580322,0.007266,0.007936,0.031246,0.017560,0.027662,0.005478
34.649000,SAMPLE,1,-0.216497,-2.939398,-0.545880,-0.210149,-2.939432,-0.541019,-0.207494,-2.909635,-0.560322,-0.201332,-2.916168,-0.553496,0.006348,0.004861,0.031094,0.014442,0.027741,0.007615
34.749000,SAMPLE,1,-0.199244,-2.949506,-0.515751,-0.192845,-2.949459,-0.511232,-0.190741,-2.919475,-0.528442,-0.184549,-2.925865,-0.523701,0.006399,0.004519,0.031212,0.012691,0.027835,0.007950
34.841000,SAMPLE,1,-0.186453,-2.956610,-0.498885,-0.175986,-2.958669,-0.490069,-0.173526,-2.929749,-0.503664,-0.168139,-2.934836,-0.501290,0.010667,0.008816,0.029810,0.004779,0.028452,0.002405
34.931000,SAMPLE,1,-0.171500,-2.964586,-0.480440,-0.163163,-2.965379,-0.474185,-0.157959,-2.938996,-0.483400,-0.155454,-2.941695,-0.486606,0.008375,0.006255,0.028952,0.002960,0.027954,0.006166
35.024000,SAMPLE,1,-0.155419,-2.972778,-0.461843,-0.145788,-2.974080,-0.454680,-0.157959,-2.938996,-0.483400,-0.138348,-2.950351,-0.465889,0.009719,0.007163,0.033877,0.021558,0.028185,0.004047
35.122000,SAMPLE,1,-0.137778,-2.981384,-0.446872,-0.128037,-2.982586,-0.440140,-0.141740,-2.947522,-0.464173,-0.121191,-2.958677,-0.450509,0.009815,0.006732,0.034093,0.017301,0.028120,0.003637
35.222000,SAMPLE,1,-0.120453,-2.989579,-0.436730,-0.111161,-2.990433,-0.430430,-0.124952,-2.954586,-0.448998,-0.105355,-2.965990,-0.441105,0.009331,0.006301,0.035280,0.012267,0.028007,0.004374
35.316000,SAMPLE,1,-0.106464,-2.996025,-0.425851,-0.096913,-2.996886,-0.419464,-0.090887,-2.971029,-0.426746,-0.091477,-2.972284,-0.430680,0.009590,0.006387,0.029452,0.000895,0.028076,0.004829
35.407000,SAMPLE,1,-0.089823,-3.003425,-0.410694,-0.079249,-3.004598,-0.403674,-0.090887,-2.971029,-0.426746,-0.073909,-2.979991,-0.414168,0.010638,0.007019,0.032414,0.016052,0.028327,0.003474
35.502000,SAMPLE,1,-0.073410,-3.010430,-0.395393,-0.061892,-3.011848,-0.387885,-0.073081,-2.978308,-0.410747,-0.056827,-2.987118,-0.398323,0.011605,0.007508,0.032123,0.015354,0.028608,0.002929
35.599000,SAMPLE,1,-0.055120,-3.017928,-0.383772,-0.047051,-3.017825,-0.378601,-0.055954,-2.985935,-0.394806,-0.041935,-2.993088,-0.388037,0.008070,0.005172,0.032003,0.011034,0.028122,0.004265
35.698000,SAMPLE,1,-0.037610,-3.024900,-0.372774,-0.029216,-3.024822,-0.368377,-0.037750,-2.993778,-0.383439,-0.024202,-3.000104,-0.378057,0.008394,0.004397,0.031123,0.010665,0.028189,0.005283
35.779000,SAMPLE,1,-0.025883,-3.029416,-0.361934,-0.015653,-3.029963,-0.356127,-0.019736,-3.000135,-0.371934,-0.010782,-3.005152,-0.365670,0.010245,0.005807,0.029919,0.010000,0.028580,0.003736
35.860000,SAMPLE,1,-0.010500,-3.035146,-0.352729,-0.000627,-3.035460,-0.346695,-0.003773,-3.007819,-0.356877,0.003683,-3.010613,-0.355978,0.009878,0.006033,0.028143,0.004148,0.028338,0.003249
35.944000,SAMPLE,1,0.005918,-3.041156,-0.350076,0.017910,-3.042113,-0.343638,0.014996,-3.014920,-0.350364,0.021658,-3.017242,-0.352521,0.012030,0.006439,0.027762,0.000288,0.028630,0.002445
36.040000,SAMPLE,1,0.023272,-3.047492,-0.350076,0.035433,-3.048383,-0.343638,0.032988,-3.021316,-0.350058,0.038733,-3.023484,-0.352052,0.012194,0.006439,0.027921,0.000018,0.028556,0.001975
36.133000,SAMPLE,1,0.040788,-3.053857,-0.345164,0.050187,-3.053640,-0.339677,0.032988,-3.021316,-0.350058,0.053519,-3.028903,-0.349052,0.009402,0.005487,0.033462,0.004895,0.028014,0.003888
36.228000,SAMPLE,1,0.055460,-3.059070,-0.337395,0.068370,-3.059969,-0.330203,0.067910,-3.034302,-0.338731,0.070723,-3.035058,-0.339179,0.012941,0.007192,0.027721,0.001335,0.028453,0.001784
36.323000,SAMPLE,1,0.072774,-3.065059,-0.328031,0.086183,-3.065979,-0.320730,0.086281,-3.039860,-0.329158,0.088793,-3.041254,-0.329252,0.013441,0.007301,0.028590,0.001127,0.028693,0.001221
36.407000,SAMPLE,1,0.089925,-3.070836,-0.322939,0.101380,-3.070984,-0.316490,0.086281,-3.039860,-0.329158,0.103944,-3.046395,-0.324937,0.011456,0.006449,0.031189,0.006219,0.028176,0.001998
36.489000,SAMPLE,1,0.103193,-3.075259,-0.320634,0.116011,-3.075756,-0.313964,0.105561,-3.045581,-0.323038,0.118711,-3.051170,-0.322052,0.012828,0.006670,0.029773,0.002404,0.028655,0.001418
36.585000,SAMPLE,1,0.119389,-3.080612,-0.317666,0.133280,-3.081333,-0.310806,0.122315,-3.052516,-0.320207,0.135488,-3.056754,-0.318782,0.013910,0.006860,0.028247,0.002541,0.028782,0.001117
36.683000,SAMPLE,1,0.138184,-3.086731,-0.309805,0.151921,-3.087251,-0.302248,0.139991,-3.057923,-0.316894,0.153774,-3.062700,-0.310504,0.013747,0.007557,0.028865,0.007089,0.028645,0.000699
36.765000,SAMPLE,1,0.154163,-3.091739,-0.297042,0.167224,-3.091923,-0.290090,0.158490,-3.063753,-0.306748,0.168675,-3.067380,-0.298786,0.013063,0.006952,0.028319,0.009705,0.028355,0.001744
36.863000,SAMPLE,1,0.173246,-3.097420,-0.282595,0.186431,-3.097497,-0.275851,0.177417,-3.068696,-0.291038,0.187958,-3.073013,-0.284727,0.013186,0.006744,0.029025,0.008443,0.028498,0.002132
36.944000,SAMPLE,1,0.189316,-3.102039,-0.278632,0.201838,-3.101814,-0.272019,0.196494,-3.074698,-0.279999,0.202970,-3.077260,-0.280852,0.012524,0.006613,0.028267,0.001367,0.028291,0.002220
37.036000,SAMPLE,1,0.203888,-3.106207,-0.279097,0.216642,-3.105942,-0.272398,0.215609,-3.078775,-0.279193,0.217737,-3.081517,-0.281168,0.012756,0.006699,0.029830,0.000096,0.028308,0.002070
37.128000,SAMPLE,1,0.220893,-3.111095,-0.280613,0.234186,-3.110860,-0.274009,0.215609,-3.078775,-0.279193,0.234903,-3.086201,-0.282046,0.013295,0.006605,0.032749,0.001420,0.028566,0.001432
37.220000,SAMPLE,1,0.238594,-3.116202,-0.279853,0.249082,-3.115051,-0.273601,0.233633,-3.084653,-0.280642,0.249717,-3.090345,-0.282037,0.010550,0.006252,0.031936,0.000789,0.028148,0.002184
37.310000,SAMPLE,1,0.256056,-3.121192,-0.276853,0.267687,-3.120241,-0.270443,0.250561,-3.090857,-0.280642,0.267871,-3.095602,-0.278735,0.011669,0.006410,0.030829,0.003789,0.028186,0.001882
37.409000,SAMPLE,1,0.270979,-3.125414,-0.274216,0.285700,-3.125204,-0.267285,0.270013,-3.095487,-0.278210,0.285713,-3.100597,-0.275595,0.014723,0.006931,0.029943,0.003995,0.028861,0.001379
37.508000,SAMPLE,1,0.290795,-3.130971,-0.273237,0.304993,-3.130474,-0.266527,0.288069,-3.099974,-0.275538,0.304783,-3.105826,-0.274437,0.014207,0.006710,0.031116,0.002301,0.028774,0.001200
37.607000,SAMPLE,1,0.309434,-3.136193,-0.272490,0.323252,-3.135457,-0.265706,0.305263,-3.105760,-0.274841,0.322046,-3.110667,-0.273884,0.013838,0.006784,0.030717,0.002351,0.028472,0.001393
37.702000,SAMPLE,1,0.328103,-3.141353,-0.266941,0.342118,-3.140531,-0.260098,0.324104,-3.111282,-0.273646,0.340743,-3.115878,-0.267800,0.014039,0.006843,0.030336,0.006704,0.028438,0.000859
37.794000,SAMPLE,1,0.345752,-3.146181,-0.268112,0.357377,-3.144592,-0.260985,0.342884,-3.116186,-0.267946,0.356218,-3.120090,-0.268299,0.011733,0.007127,0.030132,0.000166,0.028111,0.000187
37.880000,SAMPLE,1,0.359553,-3.149989,-0.270145,0.371965,-3.148508,-0.263353,0.362508,-3.121236,-0.269259,0.371035,-3.124114,-0.270884,0.012501,0.006791,0.028905,0.000885,0.028308,0.000740
37.977000,SAMPLE,1,0.377309,-3.154911,-0.270760,0.390585,-3.153529,-0.263890,0.379941,-3.126545,-0.271510,0.389486,-3.129241,-0.271004,0.013348,0.006869,0.028487,0.000751,0.028412,0.000245
38.076000,SAMPLE,1,0.396979,-3.160404,-0.274012,0.409701,-3.158726,-0.267048,0.399805,-3.131466,-0.273018,0.408398,-3.134445,-0.274183,0.012832,0.006964,0.029076,0.000994,0.028360,0.000171
38.154000,SAMPLE,1,0.411565,-3.164522,-0.275887,0.424155,-3.162699,-0.269069,0.418167,-3.136839,-0.276512,0.423069,-3.138556,-0.276905,0.012721,0.006818,0.028460,0.000625,0.028401,0.001018
38.249000,SAMPLE,1,0.429921,-3.169705,-0.274404,0.442850,-3.167840,-0.267553,0.435809,-3.142039,-0.276668,0.441632,-3.143819,-0.275839,0.013063,0.006850,0.028285,0.002264,0.028412,0.001435
38.345000,SAMPLE,1,0.449073,-3.175133,-0.279740,0.462130,-3.173158,-0.272606,0.455275,-3.147844,-0.277704,0.460666,-3.149230,-0.281240,0.013205,0.007134,0.027985,0.002037,0.028379,0.001500
38.444000,SAMPLE,1,0.464688,-3.179685,-0.287698,0.480566,-3.178406,-0.282080,0.474134,-3.152769,-0.286901,0.478903,-3.154505,-0.290346,0.015930,0.005619,0.028526,0.000797,0.028916,0.002648
38.544000,SAMPLE,1,0.483749,-3.185424,-0.296425,0.499053,-3.183855,-0.290003,0.492442,-3.158338,-0.295845,0.497304,-3.160033,-0.297613,0.015384,0.006422,0.028447,0.000580,0.028783,0.001188
38.638000,SAMPLE,1,0.501973,-3.191007,-0.296656,0.513757,-3.188252,-0.290061,0.511849,-3.163908,-0.298826,0.511957,-3.164526,-0.297242,0.012103,0.006595,0.028843,0.002170,0.028301,0.000586
38.723000,SAMPLE,1,0.518019,-3.195886,-0.292706,0.531761,-3.193591,-0.285653,0.529961,-3.169356,-0.295258,0.530389,-3.170029,-0.293426,0.013933,0.007053,0.029094,0.002552,0.028663,0.000720
38.818000,SAMPLE,1,0.534442,-3.200797,-0.289791,0.547122,-3.198068,-0.282727,0.529961,-3.169356,-0.295258,0.545713,-3.174631,-0.290900,0.012970,0.007064,0.031758,0.005467,0.028490,0.001109
38.906000,SAMPLE,1,0.550483,-3.205576,-0.289203,0.565621,-3.203439,-0.282369,0.548696,-3.173537,-0.291217,0.563964,-3.179859,-0.290725,0.015288,0.006834,0.032089,0.002014,0.029037,0.001522
39.006000,SAMPLE,1,0.568292,-3.210886,-0.290437,0.583017,-3.208495,-0.283640,0.567751,-3.181551,-0.290406,0.581328,-3.185121,-0.291964,0.014918,0.006797,0.029340,0.000031,0.028874,0.001527
39.099000,SAMPLE,1,0.586115,-3.216219,-0.289761,0.597953,-3.212851,-0.283032,0.584963,-3.185977,-0.291658,0.596670,-3.189712,-0.292433,0.012307,0.006728,0.030264,0.001897,0.028530,0.002672
39.197000,SAMPLE,1,0.604463,-3.221658,-0.286603,0.616498,-3.218214,-0.279874,0.601683,-3.191573,-0.290010,0.614352,-3.195048,-0.289172,0.012519,0.006728,0.030213,0.003407,0.028388,0.002569
39.285000,SAMPLE,1,0.621166,-3.226551,-0.282209,0.634586,-3.223377,-0.275316,0.620770,-3.196798,-0.286867,0.632789,-3.200468,-0.284706,0.013791,0.006893,0.029755,0.004658,0.028555,0.002497
39.380000,SAMPLE,1,0.637449,-3.231235,-0.279375,0.649993,-3.227693,-0.272090,0.638787,-3.203155,-0.281413,0.648410,-3.205100,-0.281875,0.013035,0.007285,0.028111,0.002038,0.028340,0.002500
39.468000,SAMPLE,1,0.653578,-3.235881,-0.281806,0.668562,-3.232898,-0.274827,0.657182,-3.208010,-0.280763,0.666570,-3.210390,-0.284242,0.015277,0.006979,0.028103,0.001043,0.028610,0.002436
39.563000,SAMPLE,1,0.670597,-3.240835,-0.284869,0.686020,-3.237850,-0.277985,0.677852,-3.212261,-0.284497,0.684040,-3.215327,-0.287081,0.015710,0.006885,0.029481,0.000372,0.028834,0.002211
39.660000,SAMPLE,1,0.689274,-3.246324,-0.286605,0.701039,-3.242145,-0.279027,0.695424,-3.217420,-0.286903,0.699087,-3.219614,-0.287549,0.012486,0.007578,0.029551,0.000299,0.028456,0.000944
39.760000,SAMPLE,1,0.708082,-3.251884,-0.288278,0.719613,-3.247486,-0.280638,0.713359,-3.224656,-0.287728,0.717577,-3.225092,-0.288812,0.012342,0.007641,0.027734,0.000550,0.028424,0.000534
39.858000,SAMPLE,1,0.726310,-3.257326,-0.291482,0.737508,-3.252675,-0.283795,0.732762,-3.229757,-0.290757,0.735138,-3.230421,-0.291690,0.012125,0.007686,0.028314,0.000725,0.028316,0.000209
39.950000,SAMPLE,1,0.741294,-3.261841,-0.293945,0.756699,-3.258305,-0.286953,0.750311,-3.235112,-0.293997,0.754269,-3.236203,-0.294807,0.015806,0.006991,0.028210,0.000052,0.028734,0.000862
40.048000,SAMPLE,1,0.759803,-3.267475,-0.297102,0.775115,-3.263771,-0.290111,0.768295,-3.239549,-0.297308,0.772514,-3.241658,-0.297957,0.015754,0.006991,0.029189,0.000206,0.028777,0.000854
40.147000,SAMPLE,1,0.778217,-3.273149,-0.300370,0.793020,-3.269147,-0.293269,0.784929,-3.246559,-0.299494,0.790258,-3.247249,-0.300931,0.015334,0.007101,0.027424,0.000876,0.028562,0.000561
40.236000,SAMPLE,1,0.795862,-3.278645,-0.304425,0.808331,-3.273793,-0.296545,0.804855,-3.253417,-0.302908,0.805535,-3.252006,-0.304457,0.013379,0.007880,0.026783,0.001517,0.028340,0.000032
40.337000,SAMPLE,1,0.814820,-3.284660,-0.310336,0.826756,-3.279483,-0.302203,0.823968,-3.258550,-0.308364,0.824206,-3.258158,-0.309268,0.013011,0.008133,0.027666,0.001972,0.028116,0.001068
40.423000,SAMPLE,1,0.831078,-3.289917,-0.313521,0.844608,-3.285104,-0.306235,0.841524,-3.264304,-0.314227,0.841999,-3.263893,-0.313163,0.014360,0.007287,0.027660,0.000706,0.028222,0.000359
40.522000,SAMPLE,1,0.846309,-3.294831,-0.309291,0.862866,-3.290839,-0.300659,0.860829,-3.269993,-0.310860,0.860632,-3.269983,-0.308569,0.017031,0.008633,0.028770,0.001568,0.028680,0.000722
40.608000,SAMPLE,1,0.861756,-3.299696,-0.300197,0.877160,-3.295208,-0.291930,0.860829,-3.269993,-0.310860,0.874887,-3.274481,-0.299991,0.016045,0.008267,0.029717,0.010663,0.028429,0.000206
40.708000,SAMPLE,1,0.881470,-3.305670,-0.290144,0.896346,-3.300857,-0.282656,0.877619,-3.274727,-0.300322,0.893881,-3.280220,-0.290136,0.015635,0.007488,0.031182,0.010178,0.028315,0.000008
40.793000,SAMPLE,1,0.897995,-3.310578,-0.288376,0.911100,-3.305120,-0.280830,0.896181,-3.280863,-0.290980,0.908858,-3.284679,-0.288503,0.014196,0.007546,0.029770,0.002604,0.028084,0.000127
40.890000,SAMPLE,1,0.915843,-3.315878,-0.288744,0.929060,-3.310309,-0.281345,0.914841,-3.286226,-0.289408,0.926582,-3.289924,-0.289271,0.014343,0.007399,0.029669,0.000664,0.028089,0.000527
40.977000,SAMPLE,1,0.929643,-3.319969,-0.286977,0.943928,-3.314597,-0.279609,0.932956,-3.291734,-0.289512,0.941408,-3.294326,-0.288054,0.015262,0.007368,0.028429,0.002535,0.028213,0.001077
41.075000,SAMPLE,1,0.949307,-3.325738,-0.283693,0.962988,-3.320037,-0.276451,0.951778,-3.297547,-0.286488,0.960705,-3.300032,-0.284841,0.014821,0.007242,0.028300,0.002795,0.028120,0.001148
41.160000,SAMPLE,1,0.964610,-3.330177,-0.280914,0.977059,-3.324010,-0.273924,0.970160,-3.304066,-0.282922,0.974650,-3.304101,-0.282314,0.013892,0.006989,0.026695,0.002008,0.027942,0.001401
41.259000,SAMPLE,1,0.982981,-3.335470,-0.281009,0.995588,-3.329198,-0.273230,0.988428,-3.308234,-0.280417,0.992620,-3.309450,-0.281032,0.014081,0.007779,0.027775,0.000592,0.027748,0.000024
41.353000,SAMPLE,1,1.001396,-3.340840,-0.286331,1.014609,-3.334581,-0.278638,1.006860,-3.313786,-0.284521,1.011457,-3.314938,-0.286805,0.014621,0.007694,0.027600,0.001811,0.027787,0.000473
41.445000,SAMPLE,1,1.018614,-3.345960,-0.291632,1.032539,-3.339762,-0.284045,1.025652,-3.318526,-0.290455,1.029278,-3.320226,-0.290962,0.015242,0.007587,0.028322,0.001177,0.027856,0.000670
41.539000,SAMPLE,1,1.033621,-3.350476,-0.292707,1.047471,-3.344131,-0.285088,1.044127,-3.323516,-0.292529,1.043762,-3.324489,-0.291493,0.015234,0.007619,0.028934,0.000177,0.027895,0.001214
41.637000,SAMPLE,1,1.052792,-3.356286,-0.295896,1.066493,-3.349739,-0.288245,1.062197,-3.331546,-0.295057,1.062749,-3.330098,-0.294841,0.015185,0.007651,0.026467,0.000840,0.028017,0.001055
41.737000,SAMPLE,1,1.070725,-3.361769,-0.297581,1.083978,-3.354940,-0.289824,1.080410,-3.336146,-0.296650,1.080498,-3.335761,-0.296875,0.014909,0.007757,0.027392,0.000930,0.027784,0.000706
41.818000,SAMPLE,1,1.086780,-3.366707,-0.299129,1.098722,-3.359350,-0.291151,1.080410,-3.336146,-0.296650,1.095392,-3.340330,-0.298138,0.014026,0.007978,0.031218,0.002478,0.027747,0.000991
41.914000,SAMPLE,1,1.102746,-3.371676,-0.305197,1.117865,-3.365143,-0.297882,1.098873,-3.341234,-0.298777,1.113995,-3.346056,-0.305239,0.016469,0.007315,0.030687,0.006420,0.027981,0.000042
42.000000,SAMPLE,1,1.119665,-3.377084,-0.313818,1.132650,-3.369743,-0.305461,1.117806,-3.347341,-0.305487,1.129101,-3.350874,-0.312864,0.014917,0.008357,0.029801,0.008331,0.027857,0.000955
42.097000,SAMPLE,1,1.137955,-3.383085,-0.319051,1.151371,-3.375721,-0.311348,1.135636,-3.353249,-0.315188,1.147758,-3.356987,-0.318795,0.015304,0.007703,0.029926,0.003863,0.027878,0.000256
42.197000,SAMPLE,1,1.157118,-3.389448,-0.322272,1.170220,-3.381819,-0.314506,1.155310,-3.360261,-0.319338,1.166540,-3.363296,-0.321819,0.015161,0.007767,0.029243,0.002934,0.027798,0.000454
42.296000,SAMPLE,1,1.174700,-3.395335,-0.323957,1.187552,-3.387475,-0.316116,1.174683,-3.366422,-0.322439,1.183886,-3.369136,-0.322961,0.015065,0.007841,0.028913,0.001518,0.027762,0.000996
42.381000,SAMPLE,1,1.188042,-3.399837,-0.325835,1.202233,-3.392297,-0.318295,1.192024,-3.371646,-0.324531,1.198311,-3.373949,-0.325423,0.016069,0.007539,0.028471,0.001304,0.027850,0.000412
42.471000,SAMPLE,1,1.205573,-3.405749,-0.324456,1.220572,-3.398328,-0.316906,1.210467,-3.377444,-0.326061,1.216672,-3.380080,-0.324396,0.016734,0.007550,0.028725,0.001605,0.027966,0.000060
42.570000,SAMPLE,1,1.223163,-3.411665,-0.324456,1.237846,-3.403993,-0.316906,1.228169,-3.384050,-0.324797,1.233964,-3.385912,-0.324472,0.016566,0.007550,0.028066,0.000341,0.027927,0.000016
42.667000,SAMPLE,1,1.241409,-3.417807,-0.325324,1.256329,-3.410057,-0.317790,1.245012,-3.390214,-0.324592,1.252071,-3.392075,-0.325129,0.016812,0.007534,0.027827,0.000732,0.027854,0.000195
42.765000,SAMPLE,1,1.260531,-3.424318,-0.331003,1.275020,-3.416265,-0.323398,1.264367,-3.394650,-0.327640,1.270744,-3.398216,-0.330210,0.016577,0.007604,0.029915,0.003362,0.028029,0.000793
42.854000,SAMPLE,1,1.276623,-3.429874,-0.333178,1.289037,-3.420982,-0.325545,1.282774,-3.401541,-0.332487,1.285076,-3.403052,-0.332805,0.015270,0.007633,0.028993,0.000691,0.028123,0.000373
42.948000,SAMPLE,1,1.291753,-3.435112,-0.333746,1.307986,-3.427381,-0.326366,1.300373,-3.407412,-0.333504,1.303997,-3.409490,-0.333565,0.017980,0.007380,0.029010,0.000242,0.028397,0.000181
43.046000,SAMPLE,1,1.309999,-3.441456,-0.335388,1.326167,-3.433550,-0.328009,1.319016,-3.414023,-0.335083,1.322152,-3.415720,-0.335506,0.017998,0.007380,0.028877,0.000306,0.028461,0.000117
43.146000,SAMPLE,1,1.327988,-3.447757,-0.337565,1.343877,-3.439604,-0.329766,1.338050,-3.420871,-0.337846,1.340177,-3.421981,-0.337627,0.017858,0.007799,0.028707,0.000280,0.028513,0.000062
43.238000,SAMPLE,1,1.346134,-3.454133,-0.339197,1.359013,-3.444790,-0.331193,1.338050,-3.420871,-0.337846,1.355276,-3.427276,-0.338153,0.015911,0.008004,0.034230,0.001351,0.028370,0.001043
43.326000,SAMPLE,1,1.363166,-3.460193,-0.345736,1.377680,-3.451265,-0.337953,1.358297,-3.429819,-0.337712,1.373786,-3.433989,-0.344634,0.017040,0.007783,0.030762,0.008024,0.028274,0.001102
43.405000,SAMPLE,1,1.378088,-3.465633,-0.353599,1.391961,-3.456345,-0.345532,1.375119,-3.436446,-0.343262,1.388201,-3.439425,-0.351962,0.016696,0.008067,0.029338,0.010338,0.028092,0.001637
43.494000,SAMPLE,1,1.392044,-3.470824,-0.357768,1.406783,-3.461726,-0.350093,1.391493,-3.440087,-0.353164,1.402532,-3.444637,-0.356231,0.017320,0.007675,0.030742,0.004604,0.028210,0.001537
43.584000,SAMPLE,1,1.409152,-3.477265,-0.362730,1.425256,-3.468525,-0.355301,1.410450,-3.446863,-0.358096,1.421345,-3.451608,-0.361610,0.018323,0.007429,0.030429,0.004634,0.028407,0.001120
43.676000,SAMPLE,1,1.425791,-3.483608,-0.365730,1.439283,-3.473750,-0.357827,1.428589,-3.453988,-0.363869,1.435335,-3.456883,-0.364324,0.016709,0.007903,0.029752,0.001861,0.028378,0.001406
43.773000,SAMPLE,1,1.442897,-3.490192,-0.368872,1.456467,-3.480207,-0.360985,1.446273,-3.459126,-0.368358,1.452210,-3.463126,-0.367774,0.016847,0.007887,0.031249,0.000514,0.028623,0.001097
43.871000,SAMPLE,1,1.461855,-3.497588,-0.376329,1.475158,-3.487326,-0.368032,1.464566,-3.466347,-0.371922,1.470991,-3.470235,-0.374689,0.016801,0.008297,0.031359,0.004407,0.028838,0.001641
43.960000,SAMPLE,1,1.478787,-3.504363,-0.385045,1.489927,-3.493085,-0.375611,1.483820,-3.475487,-0.380309,1.485866,-3.476153,-0.382256,0.015852,0.009434,0.029311,0.004736,0.029084,0.002789
44.060000,SAMPLE,1,1.494431,-3.510752,-0.389532,1.511865,-3.501842,-0.382332,1.500357,-3.481355,-0.388644,1.508208,-3.485174,-0.388854,0.019579,0.007200,0.029988,0.000888,0.029052,0.000678
44.154000,SAMPLE,1,1.512219,-3.518085,-0.392595,1.526497,-3.507747,-0.384859,1.519381,-3.489374,-0.392072,1.522799,-3.491138,-0.391632,0.017628,0.007737,0.029590,0.000524,0.028950,0.000964
44.229000,SAMPLE,1,1.526204,-3.523895,-0.394437,1.540325,-3.513367,-0.386690,1.536749,-3.496970,-0.395418,1.536572,-3.496838,-0.392895,0.017614,0.007746,0.028916,0.000982,0.028975,0.001542
44.328000,SAMPLE,1,1.544571,-3.531545,-0.395368,1.558360,-3.520713,-0.387511,1.536749,-3.496970,-0.395418,1.554666,-3.504384,-0.394639,0.017535,0.007857,0.035448,0.000050,0.028976,0.000729
44.421000,SAMPLE,1,1.562586,-3.539128,-0.402665,1.576854,-3.528328,-0.394903,1.553060,-3.503206,-0.395579,1.572914,-3.511991,-0.402237,0.017894,0.007762,0.037163,0.007087,0.029036,0.000428
44.515000,SAMPLE,1,1.578154,-3.545832,-0.410718,1.591453,-3.534477,-0.402482,1.572944,-3.512700,-0.401261,1.587434,-3.518286,-0.409633,0.017487,0.008235,0.033539,0.009457,0.029067,0.001085
44.611000,SAMPLE,1,1.595237,-3.553333,-0.415778,1.609557,-3.542258,-0.408040,1.591747,-3.522200,-0.409565,1.605237,-3.526278,-0.415095,0.018103,0.007738,0.031328,0.006213,0.028845,0.000683
44.691000,SAMPLE,1,1.610383,-3.560042,-0.417619,1.624014,-3.548528,-0.409840,1.610027,-3.530554,-0.415317,1.620176,-3.533129,-0.416406,0.017844,0.007779,0.029491,0.002302,0.028639,0.001213
44.783000,SAMPLE,1,1.627982,-3.567886,-0.422660,1.642104,-3.556421,-0.414888,1.628619,-3.538717,-0.416803,1.638423,-3.541443,-0.421277,0.018190,0.007773,0.029176,0.005858,0.028429,0.001383
44.879000,SAMPLE,1,1.642770,-3.574604,-0.429631,1.656271,-3.562724,-0.421716,1.647551,-3.543680,-0.425583,1.652421,-3.547518,-0.428580,0.017983,0.007915,0.031292,0.004048,0.028754,0.001052
44.975000,SAMPLE,1,1.660870,-3.582968,-0.436560,1.674492,-3.570969,-0.428690,1.666488,-3.552327,-0.433358,1.670960,-3.555862,-0.436254,0.018153,0.007870,0.031152,0.003202,0.028924,0.000307
45.072000,SAMPLE,1,1.678519,-3.591273,-0.443350,1.692444,-3.579246,-0.435564,1.680387,-3.561709,-0.439374,1.688243,-3.564111,-0.443060,0.018400,0.007786,0.029623,0.003976,0.028850,0.000290
45.170000,SAMPLE,1,1.696339,-3.599758,-0.445041,1.710301,-3.587579,-0.437248,1.698595,-3.569689,-0.444908,1.706075,-3.572679,-0.445303,0.018527,0.007793,0.030153,0.000133,0.028776,0.000262
45.268000,SAMPLE,1,1.713842,-3.608110,-0.444131,1.727712,-3.595721,-0.436364,1.716852,-3.578310,-0.446026,1.723796,-3.581199,-0.444838,0.018597,0.007767,0.029951,0.001895,0.028693,0.000707
45.364000,SAMPLE,1,1.731722,-3.616620,-0.446368,1.745608,-3.604069,-0.438506,1.734021,-3.586031,-0.444107,1.741614,-3.589676,-0.445711,0.018719,0.007862,0.030676,0.002261,0.028703,0.000656
45.455000,SAMPLE,1,1.745292,-3.623167,-0.452419,1.759663,-3.610715,-0.444709,1.734021,-3.586031,-0.444107,1.755657,-3.596423,-0.452238,0.019015,0.007711,0.038808,0.008312,0.028682,0.000182
45.546000,SAMPLE,1,1.762470,-3.631580,-0.458819,1.777690,-3.619378,-0.451332,1.752344,-3.595340,-0.448594,1.773248,-3.605023,-0.456999,0.019507,0.007487,0.037629,0.010225,0.028661,0.001820
45.644000,SAMPLE,1,1.780120,-3.640327,-0.460948,1.794958,-3.627771,-0.453290,1.788581,-3.612751,-0.460455,1.790332,-3.613532,-0.459500,0.019437,0.007658,0.028845,0.000493,0.028674,0.001448
45.744000,SAMPLE,1,1.797037,-3.648746,-0.462538,1.811797,-3.635989,-0.454869,1.805083,-3.621101,-0.461962,1.807871,-3.622275,-0.461613,0.019509,0.007668,0.028792,0.000575,0.028602,0.000924
45.824000,SAMPLE,1,1.811953,-3.656211,-0.466508,1.826159,-3.643040,-0.458795,1.805083,-3.621101,-0.461962,1.822188,-3.629418,-0.466140,0.019373,0.007713,0.035776,0.004546,0.028681,0.000369
45.924000,SAMPLE,1,1.830501,-3.665682,-0.477832,1.844042,-3.651996,-0.469848,1.823136,-3.629577,-0.465133,1.840138,-3.638482,-0.476368,0.019253,0.007983,0.036848,0.012698,0.028856,0.001463
46.008000,SAMPLE,1,1.843914,-3.672687,-0.484437,1.858281,-3.659293,-0.476777,1.838954,-3.638807,-0.477500,1.853766,-3.645668,-0.483800,0.019642,0.007660,0.034241,0.006937,0.028759,0.000636
46.098000,SAMPLE,1,1.860051,-3.681212,-0.486968,1.872486,-3.666656,-0.479174,1.857496,-3.647437,-0.487079,1.867507,-3.652910,-0.486928,0.019144,0.007794,0.033872,0.000111,0.029268,0.000040
46.189000,SAMPLE,1,1.875744,-3.689535,-0.488295,1.889975,-3.675757,-0.480501,1.877116,-3.656730,-0.489182,1.885151,-3.662138,-0.487976,0.019808,0.007794,0.032834,0.000887,0.028967,0.000318
46.271000,SAMPLE,1,1.890784,-3.697549,-0.492558,1.903959,-3.683068,-0.484390,1.894881,-3.666761,-0.489026,1.899016,-3.669430,-0.491600,0.019578,0.008168,0.031060,0.003533,0.029300,0.000958
46.368000,SAMPLE,1,1.907873,-3.706819,-0.500494,1.921160,-3.692220,-0.492564,1.913200,-3.676705,-0.496682,1.917003,-3.679123,-0.500306,0.019740,0.007930,0.030582,0.003811,0.029161,0.000187
46.458000,SAMPLE,1,1.923811,-3.715600,-0.506614,1.935089,-3.699743,-0.498143,1.929331,-3.685966,-0.502889,1.930845,-3.686719,-0.505885,0.019459,0.008471,0.030144,0.003725,0.029725,0.000729
46.542000,SAMPLE,1,1.935520,-3.722135,-0.511745,1.951447,-3.708706,-0.504566,1.946270,-3.695316,-0.509821,1.947202,-3.695786,-0.511576,0.020833,0.007178,0.028893,0.001924,0.028823,0.000168
46.630000,SAMPLE,1,1.951496,-3.731180,-0.519248,1.965189,-3.716354,-0.511495,1.962592,-3.703956,-0.516830,1.961021,-3.703597,-0.519155,0.020182,0.007752,0.029398,0.002418,0.029181,0.000093
46.710000,SAMPLE,1,1.965849,-3.739458,-0.527205,1.978772,-3.724046,-0.519074,1.962592,-3.703956,-0.516830,1.974726,-3.711381,-0.526295,0.020113,0.008131,0.035651,0.010375,0.029447,0.000910
46.809000,SAMPLE,1,1.983054,-3.749577,-0.535184,1.996092,-3.734047,-0.527298,1.980235,-3.714333,-0.526724,1.992233,-3.721588,-0.534491,0.020277,0.007886,0.035356,0.008460,0.029456,0.000693
46.896000,SAMPLE,1,1.998096,-3.758529,-0.538308,2.009380,-3.741811,-0.530114,1.997262,-3.725138,-0.534956,2.005639,-3.729606,-0.537201,0.020169,0.008194,0.033401,0.003352,0.029890,0.001106
46.988000,SAMPLE,1,2.012657,-3.767251,-0.541181,2.025476,-3.751278,-0.533272,2.013749,-3.734232,-0.539308,2.021415,-3.739007,-0.540400,0.020481,0.007910,0.033037,0.001873,0.029571,0.000782
47.071000,SAMPLE,1,2.024537,-3.774400,-0.542181,2.038868,-3.759196,-0.534503,2.029464,-3.743760,-0.542320,2.035335,-3.747382,-0.541897,0.020894,0.007678,0.031034,0.000139,0.029096,0.000284
47.167000,SAMPLE,1,2.041768,-3.784847,-0.549738,2.056048,-3.769436,-0.542461,2.046223,-3.753628,-0.544507,2.052523,-3.757735,-0.549999,0.021009,0.007277,0.031535,0.005231,0.029167,0.000261
47.266000,SAMPLE,1,2.058941,-3.795501,-0.560206,2.073119,-3.779855,-0.552782,2.062824,-3.764462,-0.555140,2.069545,-3.768302,-0.560565,0.021114,0.007424,0.031281,0.005067,0.029193,0.000358
47.350000,SAMPLE,1,2.073720,-3.804825,-0.563941,2.086716,-3.788288,-0.556138,2.080873,-3.775009,-0.563563,2.083222,-3.776867,-0.563307,0.021033,0.007803,0.030662,0.000377,0.029529,0.000633
47.442000,SAMPLE,1,2.089704,-3.814933,-0.563128,2.103462,-3.798695,-0.555285,2.097777,-3.786156,-0.564510,2.099957,-3.787469,-0.562393,0.021283,0.007843,0.029887,0.001383,0.029315,0.000735
47.542000,SAMPLE,1,2.106856,-3.825680,-0.555234,2.120331,-3.809082,-0.547606,2.113302,-3.795647,-0.559626,2.116739,-3.797996,-0.554684,0.021379,0.007628,0.030716,0.004392,0.029395,0.000549
47.641000,SAMPLE,1,2.121190,-3.834492,-0.547086,2.137167,-3.819241,-0.538132,2.129510,-3.806560,-0.550269,2.133322,-3.808309,-0.545813,0.022087,0.008954,0.029145,0.003183,0.028858,0.001273
47.733000,SAMPLE,1,2.137089,-3.844074,-0.536858,2.150330,-3.827029,-0.529903,2.146331,-3.816399,-0.540814,2.146858,-3.816512,-0.538361,0.021584,0.006955,0.029177,0.003956,0.029242,0.001502
47.826000,SAMPLE,1,2.153231,-3.853524,-0.522095,2.167663,-3.837006,-0.514430,2.163507,-3.826232,-0.525974,2.164427,-3.826845,-0.523045,0.021935,0.007665,0.029163,0.003879,0.028933,0.000950
47.912000,SAMPLE,1,2.167852,-3.861803,-0.508042,2.181108,-3.844494,-0.501798,2.163507,-3.826232,-0.525974,2.177777,-3.834460,-0.510413,0.021802,0.006244,0.035836,0.017931,0.029088,0.002371
48.012000,SAMPLE,1,2.181748,-3.869416,-0.493440,2.197533,-3.853334,-0.484909,2.180614,-3.835656,-0.510103,2.193999,-3.843400,-0.494122,0.022535,0.008531,0.033780,0.016663,0.028756,0.000682
48.112000,SAMPLE,1,2.199268,-3.878630,-0.474740,2.215096,-3.862383,-0.466619,2.197635,-3.844801,-0.493426,2.210970,-3.852419,-0.476837,0.022682,0.008121,0.033869,0.018686,0.028705,0.002097
48.202000,SAMPLE,1,2.214857,-3.886474,-0.458341,2.231839,-3.870629,-0.449480,2.214678,-3.853449,-0.475046,2.227571,-3.860776,-0.460492,0.023226,0.008861,0.033026,0.016705,0.028671,0.002151
48.296000,SAMPLE,1,2.231717,-3.894607,-0.440653,2.245959,-3.877310,-0.434548,2.230131,-3.862239,-0.458562,2.241089,-3.867480,-0.446296,0.022406,0.006105,0.032406,0.017909,0.028701,0.005643
48.394000,SAMPLE,1,2.248957,-3.902544,-0.422212,2.263522,-3.885273,-0.416259,2.248227,-3.870574,-0.440529,2.258470,-3.875621,-0.427609,0.022593,0.005953,0.031979,0.018318,0.028554,0.005397
48.486000,SAMPLE,1,2.262095,-3.908329,-0.407141,2.280223,-3.892479,-0.398169,2.265175,-3.878142,-0.422021,2.274574,-3.882831,-0.411766,0.024080,0.008972,0.030344,0.014880,0.028388,0.004625
48.578000,SAMPLE,1,2.278560,-3.915290,-0.392314,2.294563,-3.898403,-0.385538,2.280921,-3.885067,-0.403917,2.288817,-3.888888,-0.398847,0.023266,0.006776,0.030315,0.011604,0.028324,0.006533
48.676000,SAMPLE,1,2.296225,-3.922414,-0.373986,2.312514,-3.905505,-0.367348,2.298787,-3.893253,-0.387870,2.306507,-3.896219,-0.379152,0.023479,0.006638,0.029273,0.013885,0.028141,0.005166
48.775000,SAMPLE,1,2.313348,-3.928977,-0.357723,2.329570,-3.911916,-0.351559,2.315897,-3.899562,-0.369721,2.323292,-3.902742,-0.363369,0.023542,0.006164,0.029525,0.011999,0.028056,0.005647
48.866000,SAMPLE,1,2.330187,-3.935136,-0.343053,2.347827,-3.918446,-0.335769,2.332826,-3.906052,-0.353821,2.341483,-3.909491,-0.347565,0.024284,0.007284,0.029204,0.010768,0.028023,0.004512
48.958000,SAMPLE,1,2.343849,-3.939923,-0.329757,2.362209,-3.923364,-0.322288,2.351017,-3.912516,-0.337945,2.356027,-3.914600,-0.334327,0.024724,0.007470,0.028329,0.008188,0.028099,0.004569
49.054000,SAMPLE,1,2.360359,-3.945412,-0.313926,2.379233,-3.928878,-0.306048,2.368122,-3.917582,-0.319669,2.372802,-3.920146,-0.317529,0.025092,0.007878,0.028892,0.005743,0.028164,0.003603
49.147000,SAMPLE,1,2.378161,-3.951103,-0.305709,2.397790,-3.934640,-0.297569,2.385744,-3.923963,-0.308515,2.391211,-3.926046,-0.309377,0.025619,0.008140,0.028179,0.002805,0.028252,0.003668
49.239000,SAMPLE,1,2.395153,-3.956434,-0.302454,2.412520,-3.939133,-0.294740,2.403743,-3.929568,-0.304200,2.405856,-3.930707,-0.306324,0.024513,0.007714,0.028206,0.001745,0.027864,0.003870
49.333000,SAMPLE,1,2.412583,-3.961816,-0.295212,2.430403,-3.944509,-0.288019,2.421758,-3.935064,-0.298810,2.423369,-3.936123,-0.299761,0.024841,0.007192,0.028281,0.003599,0.027865,0.004549
49.423000,SAMPLE,1,2.427383,-3.966257,-0.287822,2.449606,-3.950099,-0.278545,2.421758,-3.935064,-0.298810,2.442312,-3.941818,-0.290105,0.027476,0.009277,0.031696,0.010988,0.028638,0.002283
49.520000,SAMPLE,1,2.445325,-3.971480,-0.278443,2.467705,-3.955185,-0.269072,2.440072,-3.940960,-0.289801,2.456543,-3.945996,-0.282468,0.027684,0.009372,0.030969,0.011358,0.027844,0.004025
49.619000,SAMPLE,1,2.462988,-3.976442,-0.268889,2.481825,-3.959020,-0.261493,2.458786,-3.946481,-0.279883,2.473586,-3.950865,-0.273230,0.025659,0.007396,0.030255,0.010994,0.027686,0.004341
49.716000,SAMPLE,1,2.482230,-3.981647,-0.259226,2.501006,-3.964057,-0.252019,2.476559,-3.951086,-0.269779,2.492563,-3.956013,-0.263462,0.025728,0.007207,0.031082,0.010553,0.027638,0.004236
49.813000,SAMPLE,1,2.499907,-3.986248,-0.249848,2.519173,-3.968644,-0.242545,2.496889,-3.956807,-0.260852,2.510753,-3.960793,-0.253853,0.026097,0.007302,0.029595,0.011004,0.027669,0.004005
49.913000,SAMPLE,1,2.515985,-3.990261,-0.239261,2.538043,-3.973191,-0.230572,2.514805,-3.961033,-0.251498,2.529799,-3.965533,-0.242289,0.027891,0.008689,0.029251,0.012237,0.028325,0.003028
50.010000,SAMPLE,1,2.535115,-3.994831,-0.229503,2.556796,-3.977501,-0.221098,2.533473,-3.965866,-0.239611,2.548393,-3.969976,-0.232666,0.027756,0.008405,0.029011,0.010108,0.028179,0.003163
50.095000,SAMPLE,1,2.550192,-3.998290,-0.221356,2.570991,-3.980636,-0.213519,2.550065,-3.970096,-0.230161,2.561867,-3.973110,-0.225337,0.027281,0.007837,0.028194,0.008805,0.027755,0.003981
50.194000,SAMPLE,1,2.569761,-4.002595,-0.211518,2.589939,-3.984648,-0.204045,2.568227,-3.973995,-0.220749,2.581308,-3.977389,-0.215372,0.027004,0.007472,0.028641,0.009231,0.027725,0.003855
50.281000,SAMPLE,1,2.586467,-4.006109,-0.202992,2.608779,-3.988455,-0.194572,2.587233,-3.978270,-0.211694,2.599379,-3.981245,-0.206291,0.028452,0.008420,0.027850,0.008702,0.028017,0.003299
50.379000,SAMPLE,1,2.604830,-4.009793,-0.191839,2.623301,-3.991258,-0.186293,2.605860,-3.982412,-0.202251,2.613878,-3.984211,-0.198664,0.026167,0.005546,0.027400,0.010412,0.027135,0.006826
50.479000,SAMPLE,1,2.621162,-4.012886,-0.182986,2.642822,-3.994813,-0.175069,2.622553,-3.985433,-0.189825,2.632934,-3.987872,-0.186972,0.028209,0.007917,0.027488,0.006839,0.027645,0.003986
50.576000,SAMPLE,1,2.639950,-4.016270,-0.173228,2.661339,-3.997999,-0.165595,2.641076,-3.989174,-0.179991,2.651001,-3.991178,-0.177253,0.028131,0.007633,0.027119,0.006763,0.027417,0.004024
50.663000,SAMPLE,1,2.655745,-4.018968,-0.164905,2.679564,-4.000954,-0.156122,2.659489,-3.992179,-0.170431,2.669089,-3.994272,-0.167562,0.029864,0.008783,0.027050,0.005526,0.028070,0.002657
50.750000,SAMPLE,1,2.672858,-4.021743,-0.156474,2.695129,-4.003344,-0.148543,2.678845,-3.995475,-0.160924,2.684804,-3.996804,-0.159459,0.028888,0.007931,0.026941,0.004450,0.027653,0.002985
50.846000,SAMPLE,1,2.690893,-4.024504,-0.147095,2.713589,-4.006018,-0.139069,2.697079,-3.998122,-0.151130,2.702847,-3.999554,-0.149840,0.029272,0.008026,0.027098,0.004035,0.027666,0.002745
50.944000,SAMPLE,1,2.705964,-4.026677,-0.139918,2.731948,-4.008502,-0.131095,2.715391,-4.001138,-0.140937,2.721146,-4.002190,-0.141922,0.031710,0.008822,0.027223,0.001019,0.028812,0.002005
51.030000,SAMPLE,1,2.723519,-4.029118,-0.136641,2.747574,-4.010539,-0.128306,2.715391,-4.001138,-0.140937,2.736717,-4.004395,-0.138870,0.030395,0.008335,0.029136,0.004296,0.028026,0.002228
51.125000,SAMPLE,1,2.741308,-4.031538,-0.134164,2.766108,-4.012902,-0.125938,2.733942,-4.004327,-0.139204,2.753895,-4.006836,-0.137299,0.031021,0.008227,0.028191,0.005039,0.027724,0.003135
51.220000,SAMPLE,1,2.760092,-4.034060,-0.131997,2.785513,-4.015339,-0.123443,2.753132,-4.007107,-0.136874,2.772773,-4.009477,-0.135325,0.031570,0.008555,0.027837,0.004877,0.027661,0.003327
51.315000,SAMPLE,1,2.779537,-4.036611,-0.128839,2.801185,-4.017264,-0.120916,2.771548,-4.009182,-0.135026,2.788277,-4.011554,-0.132743,0.029033,0.007923,0.028569,0.006187,0.026537,0.003903
51.404000,SAMPLE,1,2.793596,-4.038415,-0.126439,2.819684,-4.019482,-0.117759,2.791551,-4.011764,-0.129924,2.806590,-4.013922,-0.129176,0.032234,0.008681,0.026730,0.003485,0.027727,0.002736
51.501000,SAMPLE,1,2.812883,-4.040839,-0.124163,2.839130,-4.021756,-0.116101,2.810090,-4.014064,-0.128356,2.825525,-4.016324,-0.127103,0.032451,0.008062,0.026920,0.004193,0.027583,0.002940
51.588000,SAMPLE,1,2.830315,-4.043023,-0.125202,2.854363,-4.023537,-0.116951,2.829904,-4.016837,-0.127162,2.840763,-4.018266,-0.127413,0.030952,0.008252,0.026189,0.001959,0.026871,0.002211
51.685000,SAMPLE,1,2.848213,-4.045304,-0.128329,2.872384,-4.025683,-0.120109,2.848746,-4.019117,-0.128489,2.858798,-4.020577,-0.130535,0.031132,0.008220,0.026192,0.000161,0.026897,0.002207
51.785000,SAMPLE,1,2.868231,-4.047922,-0.131581,2.891818,-4.028060,-0.123266,2.867891,-4.021068,-0.128822,2.877432,-4.022910,-0.132844,0.030835,0.008315,0.026856,0.002759,0.026650,0.001262
51.881000,SAMPLE,1,2.884275,-4.050068,-0.135133,2.910826,-4.030451,-0.128074,2.887340,-4.023172,-0.130367,2.896238,-4.025269,-0.136165,0.033012,0.007059,0.027070,0.004767,0.027534,0.001032
51.966000,SAMPLE,1,2.901347,-4.052454,-0.142016,2.926156,-4.032477,-0.133980,2.908691,-4.025380,-0.137748,2.911646,-4.027422,-0.142481,0.031852,0.008036,0.028052,0.004267,0.027068,0.000465
52.056000,SAMPLE,1,2.920019,-4.055157,-0.145340,2.942009,-4.034638,-0.136782,2.927325,-4.028112,-0.144607,2.927130,-4.029398,-0.144337,0.030076,0.008557,0.028015,0.000733,0.026722,0.001003
52.155000,SAMPLE,1,2.939203,-4.058020,-0.151011,2.960908,-4.037289,-0.142390,2.946582,-4.031696,-0.149179,2.946838,-4.032121,-0.150875,0.030014,0.008621,0.027338,0.001832,0.027001,0.000135
52.251000,SAMPLE,1,2.957054,-4.060791,-0.156639,2.979073,-4.039946,-0.148048,2.962075,-4.033979,-0.153325,2.965024,-4.034919,-0.155868,0.030321,0.008591,0.027278,0.003314,0.027072,0.000772
52.350000,SAMPLE,1,2.977148,-4.064031,-0.164300,2.998845,-4.042954,-0.155172,2.982773,-4.037196,-0.160601,2.984428,-4.037913,-0.161797,0.030249,0.009128,0.027419,0.003699,0.027114,0.002503
52.449000,SAMPLE,1,2.993371,-4.066787,-0.172352,3.017821,-4.046014,-0.164645,3.002636,-4.039948,-0.169174,3.003508,-4.040923,-0.171042,0.032083,0.007707,0.028393,0.003178,0.027779,0.001310
52.539000,SAMPLE,1,3.010049,-4.069762,-0.180185,3.032059,-4.048433,-0.171524,3.022499,-4.044475,-0.178183,3.017608,-4.043398,-0.178621,0.030649,0.008660,0.028186,0.002002,0.027425,0.001564
52.632000,SAMPLE,1,3.026245,-4.072766,-0.186974,3.048645,-4.051361,-0.178448,3.022499,-4.044475,-0.178183,3.034749,-4.046551,-0.186014,0.030982,0.008526,0.028539,0.008791,0.027560,0.000960
52.726000,SAMPLE,1,3.041626,-4.075704,-0.190384,3.064478,-4.054248,-0.181988,3.037380,-4.047495,-0.185132,3.050780,-4.049636,-0.189534,0.031347,0.008396,0.028527,0.005252,0.027629,0.000850
52.825000,SAMPLE,1,3.057211,-4.078740,-0.193588,3.079887,-4.057109,-0.185145,3.068940,-4.053333,-0.193173,3.067197,-4.052844,-0.192981,0.031338,0.008442,0.027983,0.000414,0.027754,0.000607
52.904000,SAMPLE,1,3.072886,-4.081835,-0.195198,3.095157,-4.059987,-0.186788,3.068940,-4.053333,-0.193173,3.082636,-4.055874,-0.194244,0.031198,0.008410,0.028774,0.002025,0.027731,0.000954
53.004000,SAMPLE,1,3.088890,-4.085012,-0.196776,3.113978,-4.063561,-0.188366,3.087622,-4.056746,-0.195561,3.101554,-4.059614,-0.196390,0.033009,0.008410,0.028294,0.001215,0.028381,0.000386
53.102000,SAMPLE,1,3.106756,-4.088585,-0.197914,3.131430,-4.066901,-0.189293,3.106659,-4.060425,-0.197060,3.119489,-4.063176,-0.197039,0.032848,0.008621,0.028160,0.000854,0.028421,0.000875
53.202000,SAMPLE,1,3.123618,-4.091971,-0.198908,3.147969,-4.070079,-0.190490,3.124010,-4.063964,-0.197988,3.136146,-4.066512,-0.198814,0.032745,0.008418,0.028010,0.000921,0.028374,0.000094
53.292000,SAMPLE,1,3.137987,-4.094876,-0.200191,3.160536,-4.072511,-0.191785,3.139643,-4.067936,-0.199402,3.149058,-4.069210,-0.200189,0.031759,0.008406,0.026991,0.000788,0.027952,0.000002
53.391000,SAMPLE,1,3.153008,-4.097936,-0.201757,3.175280,-4.075385,-0.193364,3.157751,-4.070340,-0.200913,3.163684,-4.072106,-0.201974,0.031695,0.008393,0.028001,0.000844,0.027950,0.000218
53.489000,SAMPLE,1,3.166680,-4.100736,-0.203207,3.188987,-4.078072,-0.194614,3.172286,-4.073112,-0.202020,3.177657,-4.074877,-0.202981,0.031800,0.008593,0.028187,0.001187,0.028092,0.000226
53.588000,SAMPLE,1,3.180172,-4.103569,-0.210821,3.202145,-4.080716,-0.202114,3.186096,-4.076135,-0.204382,3.191414,-4.077689,-0.209053,0.031703,0.008707,0.028067,0.006439,0.028217,0.001767
53.680000,SAMPLE,1,3.190577,-4.105833,-0.219021,3.212039,-4.082774,-0.209264,3.197785,-4.079096,-0.212040,3.201464,-4.079854,-0.215243,0.031501,0.009757,0.027692,0.006981,0.028167,0.003778
53.775000,SAMPLE,1,3.201698,-4.108376,-0.230833,3.223720,-4.085333,-0.221964,3.209509,-4.082165,-0.223983,3.213201,-4.082554,-0.227385,0.031874,0.008870,0.027350,0.006851,0.028268,0.003448
53.865000,SAMPLE,1,3.212191,-4.110904,-0.240304,3.234691,-4.087878,-0.232014,3.220038,-4.084973,-0.236981,3.223819,-4.085167,-0.237504,0.032194,0.008290,0.027092,0.003323,0.028241,0.002800
53.954000,SAMPLE,1,3.221596,-4.113215,-0.240307,3.242885,-4.089820,-0.232151,3.230536,-4.087150,-0.242260,3.232065,-4.087238,-0.238580,0.031632,0.008156,0.027556,0.001954,0.028007,0.001726
54.045000,SAMPLE,1,3.230361,-4.115339,-0.235209,3.252408,-4.092045,-0.226843,3.240256,-4.089429,-0.238018,3.241547,-4.089577,-0.234171,0.032073,0.008366,0.027736,0.002809,0.028086,0.001038
54.140000,SAMPLE,1,3.238131,-4.117202,-0.236857,3.259793,-4.093749,-0.227916,3.249714,-4.091825,-0.236273,3.248919,-4.091334,-0.234645,0.031926,0.008940,0.027895,0.000583,0.028028,0.002212
54.238000,SAMPLE,1,3.246990,-4.119379,-0.246331,3.268623,-4.095837,-0.237259,3.258783,-4.094216,-0.245023,3.258008,-4.093652,-0.245272,0.031972,0.009072,0.027790,0.001308,0.027987,0.001058
54.339000,SAMPLE,1,3.251813,-4.120599,-0.248418,3.273590,-4.097049,-0.240001,3.258783,-4.094216,-0.245023,3.262769,-4.094853,-0.249130,0.032076,0.008417,0.027289,0.003395,0.027981,0.000713
54.428000,SAMPLE,1,3.252782,-4.120843,-0.241262,3.274953,-4.097381,-0.232743,3.263994,-4.095631,-0.250183,3.264031,-4.095238,-0.243305,0.032280,0.008519,0.027593,0.008921,0.027967,0.002044
54.526000,SAMPLE,1,3.252482,-4.120771,-0.225867,3.274953,-4.097381,-0.217559,3.266376,-4.096253,-0.230794,3.264282,-4.095380,-0.229458,0.032436,0.008308,0.028182,0.004927,0.027999,0.003591
54.624000,SAMPLE,1,3.252288,-4.120728,-0.215888,3.274953,-4.097381,-0.206064,3.266076,-4.095774,-0.218014,3.264707,-4.095518,-0.216988,0.032539,0.009824,0.028510,0.002126,0.028103,0.001100
54.719000,SAMPLE,1,3.252106,-4.120689,-0.206604,3.274953,-4.097381,-0.198485,3.266076,-4.095774,-0.218014,3.264707,-4.095518,-0.209409,0.032638,0.008119,0.028564,0.011410,0.028149,0.002806
54.815000,SAMPLE,1,3.251924,-4.120652,-0.197320,3.274953,-4.097381,-0.189011,3.265297,-4.095723,-0.208971,3.264777,-4.095544,-0.200213,0.032739,0.008308,0.028289,0.011651,0.028206,0.002894
54.914000,SAMPLE,1,3.251734,-4.120615,-0.187657,3.274953,-4.097381,-0.179538,3.267493,-4.095618,-0.198345,3.265106,-4.095555,-0.191116,0.032847,0.008119,0.029550,0.010689,0.028404,0.003460
55.009000,SAMPLE,1,3.251552,-4.120581,-0.178372,3.274953,-4.097381,-0.170064,3.267516,-4.095612,-0.189159,3.265397,-4.095563,-0.181998,0.032952,0.008308,0.029636,0.010787,0.028594,0.003625
55.107000,SAMPLE,1,3.251365,-4.120548,-0.168899,3.274953,-4.097381,-0.160590,3.267070,-4.095825,-0.179685,3.265594,-4.095593,-0.172446,0.033062,0.008308,0.029289,0.010786,0.028726,0.003547
55.201000,SAMPLE,1,3.251186,-4.120518,-0.159804,3.274953,-4.097381,-0.151116,3.266825,-4.095637,-0.170171,3.265736,-4.095598,-0.162559,0.033170,0.008687,0.029388,0.010367,0.028857,0.002755
55.292000,SAMPLE,1,3.251042,-4.120496,-0.152509,3.274953,-4.097381,-0.143538,3.267213,-4.095363,-0.160483,3.265908,-4.095570,-0.154597,0.033257,0.008972,0.029885,0.007974,0.029022,0.002088
55.355000,P1,1,3.250912,-4.120476,-0.145972,3.274953,-4.097381,-0.137853,3.266863,-4.095911,-0.151073,3.266020,-4.095609,-0.148609,0.033337,0.008119,0.029289,0.005101,0.029096,0.002637
55.392000,SAMPLE,2,3.250872,-4.120470,-0.143946,3.274953,-4.097381,-0.135164,3.266863,-4.095911,-0.151073,3.266020,-4.095609,-0.145820,0.033362,0.008782,0.029306,0.007127,0.029112,0.001874
55.485000,SAMPLE,2,3.253071,-4.120778,-0.134779,3.277432,-4.097704,-0.125690,3.266533,-4.095353,-0.143400,3.268684,-4.095951,-0.137598,0.033554,0.009088,0.028770,0.008622,0.029328,0.002819
55.581000,SAMPLE,2,3.260132,-4.121666,-0.115459,3.285180,-4.098602,-0.105616,3.269647,-4.096155,-0.132150,3.276436,-4.096971,-0.118379,0.034050,0.009843,0.027228,0.016691,0.029593,0.002920
55.671000,SAMPLE,2,3.271441,-4.122819,-0.087519,3.295311,-4.099552,-0.081688,3.277281,-4.097318,-0.110362,3.285937,-4.098071,-0.096497,0.033334,0.005832,0.026161,0.022842,0.028681,0.008977
55.769000,SAMPLE,2,3.286106,-4.123878,-0.057340,3.312725,-4.100658,-0.047019,3.291779,-4.098929,-0.078014,3.303089,-4.099525,-0.062246,0.035323,0.010321,0.025586,0.020674,0.029690,0.004906
55.867000,SAMPLE,2,3.304669,-4.124626,-0.021824,3.332210,-4.101232,-0.010932,3.310309,-4.099237,-0.043282,3.322066,-4.100370,-0.026862,0.036135,0.010892,0.026007,0.021458,0.029849,0.005038
55.959000,SAMPLE,2,3.322894,-4.124677,0.016847,3.348209,-4.101148,0.021634,3.329746,-4.099764,-0.004987,3.337551,-4.100527,0.005247,0.034560,0.004786,0.025837,0.021834,0.028250,0.011600
56.059000,SAMPLE,2,3.342663,-4.123933,0.057631,3.368190,-4.100307,0.061886,3.349112,-4.099940,0.036939,3.357545,-4.100093,0.046300,0.034782,0.004255,0.024845,0.020693,0.028103,0.011332
56.145000,SAMPLE,2,3.359510,-4.122702,0.088810,3.387874,-4.098739,0.097070,3.368642,-4.098592,0.073767,3.375748,-4.098911,0.079709,0.037131,0.008260,0.025782,0.015043,0.028804,0.009102
56.245000,SAMPLE,2,3.375905,-4.121017,0.115054,3.407526,-4.096510,0.127462,3.387525,-4.096684,0.107129,3.394984,-4.096961,0.110680,0.040006,0.012408,0.026966,0.007925,0.030704,0.004374
56.336000,SAMPLE,2,3.394057,-4.118696,0.138465,3.423187,-4.094343,0.146862,3.407542,-4.094905,0.133502,3.410663,-4.095096,0.130417,0.037969,0.008398,0.027347,0.004963,0.028857,0.008047
56.423000,SAMPLE,2,3.410705,-4.116208,0.158359,3.442137,-4.091323,0.168968,3.407542,-4.094905,0.133502,3.429325,-4.092364,0.153106,0.040090,0.010608,0.021536,0.024857,0.030253,0.005254
56.511000,SAMPLE,2,3.428519,-4.113201,0.175030,3.457888,-4.088512,0.183365,3.425676,-4.092094,0.155866,3.444207,-4.089892,0.166662,0.038367,0.008335,0.021297,0.019165,0.028097,0.008368
56.604000,SAMPLE,2,3.446509,-4.109880,0.190346,3.476769,-4.084858,0.199155,3.443302,-4.088818,0.175077,3.462499,-4.086482,0.183439,0.039266,0.008808,0.021305,0.015270,0.028340,0.006907
56.700000,SAMPLE,2,3.462220,-4.106768,0.199885,3.492219,-4.081655,0.208678,3.461873,-4.085289,0.190075,3.477491,-4.083431,0.194728,0.039123,0.008793,0.021482,0.009810,0.027889,0.005157
56.798000,SAMPLE,2,3.481218,-4.102828,0.209264,3.511601,-4.077455,0.218152,3.481357,-4.081161,0.200913,3.495937,-4.079532,0.204303,0.039585,0.008888,0.021668,0.008350,0.027557,0.004960
56.888000,SAMPLE,2,3.498746,-4.099046,0.215915,3.530289,-4.073240,0.225426,3.500270,-4.076428,0.210424,3.514296,-4.075378,0.212220,0.040755,0.009510,0.022669,0.005492,0.028319,0.003696
56.985000,SAMPLE,2,3.517645,-4.094835,0.220539,3.549298,-4.068818,0.229797,3.517932,-4.072970,0.217609,3.533433,-4.070970,0.217440,0.040972,0.009258,0.021866,0.002930,0.028614,0.003099
57.085000,SAMPLE,2,3.536617,-4.090582,0.220539,3.567665,-4.064521,0.229797,3.537516,-4.068969,0.219986,3.551763,-4.066760,0.217913,0.040535,0.009258,0.021632,0.000553,0.028229,0.002626
57.184000,SAMPLE,2,3.554897,-4.086485,0.219535,3.585705,-4.060304,0.228849,3.556224,-4.065131,0.219369,3.569321,-4.062779,0.216861,0.040430,0.009315,0.021396,0.000166,0.027749,0.002674
57.284000,SAMPLE,2,3.571528,-4.082799,0.216670,3.604883,-4.055868,0.225691,3.574379,-4.061033,0.218067,3.587632,-4.058654,0.214156,0.042869,0.009022,0.021952,0.001398,0.029023,0.002514
57.373000,SAMPLE,2,3.588399,-4.079110,0.213764,3.619445,-4.052544,0.223165,3.592984,-4.056258,0.214872,3.601973,-4.055380,0.212004,0.040861,0.009401,0.023308,0.001108,0.027338,0.001759
57.471000,SAMPLE,2,3.607888,-4.074941,0.205806,3.638367,-4.048310,0.215407,3.611821,-4.052352,0.211665,3.620942,-4.051198,0.205330,0.040474,0.009601,0.022929,0.005859,0.027095,0.000476
57.566000,SAMPLE,2,3.626241,-4.071241,0.191254,3.657162,-4.044340,0.200276,3.632719,-4.048702,0.199374,3.639764,-4.047348,0.191059,0.040985,0.009022,0.023451,0.008120,0.027454,0.000195
57.650000,SAMPLE,2,3.642546,-4.068198,0.177502,3.671840,-4.041458,0.187644,3.632719,-4.048702,0.199374,3.654453,-4.044580,0.178403,0.039663,0.010142,0.021832,0.021872,0.026449,0.000901
57.737000,SAMPLE,2,3.660355,-4.065131,0.163399,3.687577,-4.038573,0.175012,3.652816,-4.045718,0.183159,3.670002,-4.041891,0.166628,0.038032,0.011614,0.020826,0.019760,0.025163,0.003230
57.825000,SAMPLE,2,3.677868,-4.062370,0.149030,3.706603,-4.035361,0.159223,3.688432,-4.038373,0.151745,3.689100,-4.038815,0.151028,0.039436,0.010193,0.026220,0.002715,0.026096,0.001997
57.917000,SAMPLE,2,3.692094,-4.060322,0.136715,3.720970,-4.033146,0.146591,3.688432,-4.038373,0.151745,3.703391,-4.036635,0.138533,0.039652,0.009877,0.022253,0.015031,0.026242,0.001819
58.005000,SAMPLE,2,3.710192,-4.057968,0.122030,3.740090,-4.030481,0.130802,3.707736,-4.035499,0.135518,3.722768,-4.033996,0.122772,0.040613,0.008772,0.022603,0.013488,0.027070,0.000742
58.102000,SAMPLE,2,3.728968,-4.055808,0.106557,3.758810,-4.028165,0.115012,3.726158,-4.032904,0.118500,3.741332,-4.031756,0.106775,0.040678,0.008456,0.023075,0.011943,0.027044,0.000218
58.199000,SAMPLE,2,3.748028,-4.053925,0.090451,3.773293,-4.026586,0.102381,3.745304,-4.030896,0.102756,3.756042,-4.030210,0.093982,0.037225,0.011930,0.023189,0.012305,0.025033,0.003530
58.273000,SAMPLE,2,3.761243,-4.052794,0.080659,3.789103,-4.025061,0.090299,3.764610,-4.028877,0.087143,3.771841,-4.028737,0.081253,0.039311,0.009640,0.024154,0.006484,0.026289,0.000593
58.369000,SAMPLE,2,3.779508,-4.051406,0.071115,3.807720,-4.023470,0.080444,3.785994,-4.027460,0.073869,3.791187,-4.027258,0.070689,0.039703,0.009329,0.024809,0.002755,0.026824,0.000425
58.457000,SAMPLE,2,3.796866,-4.050247,0.062304,3.822329,-4.022349,0.072865,3.802424,-4.025724,0.063834,3.805890,-4.026260,0.063110,0.037772,0.010561,0.025145,0.001530,0.025628,0.000806
58.544000,SAMPLE,2,3.814810,-4.049177,0.058459,3.842008,-4.020980,0.067905,3.822345,-4.024422,0.055499,3.825220,-4.024933,0.057269,0.039176,0.009446,0.025877,0.002959,0.026384,0.001190
58.628000,SAMPLE,2,3.828240,-4.048391,0.058459,3.857131,-4.019952,0.067905,3.822345,-4.024422,0.055499,3.840353,-4.024066,0.057269,0.040540,0.009446,0.024684,0.002959,0.027174,0.001190
58.725000,SAMPLE,2,3.847070,-4.047288,0.058459,3.875825,-4.018681,0.067905,3.840668,-4.023360,0.055290,3.858767,-4.022953,0.056886,0.040562,0.009446,0.024769,0.003168,0.027001,0.001573
58.816000,SAMPLE,2,3.866195,-4.046169,0.058459,3.891672,-4.017603,0.067905,3.858949,-4.022317,0.055414,3.874554,-4.021998,0.056612,0.038277,0.009446,0.024928,0.003045,0.025575,0.001846
58.908000,SAMPLE,2,3.883650,-4.045147,0.058459,3.910313,-4.016335,0.067905,3.878564,-4.021062,0.055414,3.893183,-4.020873,0.056389,0.039257,0.009446,0.024617,0.003045,0.026079,0.002069
59.007000,SAMPLE,2,3.900655,-4.044164,0.056993,3.929764,-4.015028,0.066388,3.896921,-4.020424,0.055345,3.913166,-4.019744,0.054936,0.041185,0.009395,0.024032,0.001649,0.027438,0.002057
59.104000,SAMPLE,2,3.920592,-4.043027,0.056993,3.949426,-4.013721,0.066388,3.917793,-4.017978,0.053682,3.932350,-4.018521,0.054695,0.041112,0.009395,0.025205,0.003312,0.027180,0.002298
59.195000,SAMPLE,2,3.938154,-4.042025,0.056993,3.964414,-4.012724,0.066388,3.938581,-4.018215,0.053885,3.947565,-4.017702,0.054542,0.039346,0.009395,0.023814,0.003108,0.026080,0.002451
59.292000,SAMPLE,2,3.957683,-4.040924,0.056050,3.983762,-4.011451,0.065246,3.956804,-4.017711,0.053723,3.967314,-4.016702,0.052979,0.039354,0.009195,0.023229,0.002328,0.026066,0.003072
59.389000,SAMPLE,2,3.977170,-4.039779,0.062798,4.003454,-4.010119,0.071396,3.974673,-4.016249,0.054465,3.986410,-4.015663,0.059558,0.039630,0.008598,0.023663,0.008332,0.025826,0.003239
59.484000,SAMPLE,2,3.992330,-4.038768,0.070566,4.022052,-4.008702,0.080870,3.994349,-4.014674,0.062160,4.004986,-4.014440,0.068811,0.042278,0.010303,0.024179,0.008406,0.027424,0.001755
59.585000,SAMPLE,2,4.011640,-4.037309,0.080134,4.041559,-4.007026,0.090343,4.012262,-4.013790,0.071696,4.024941,-4.012959,0.078466,0.042570,0.010209,0.023526,0.008439,0.027746,0.001669
59.682000,SAMPLE,2,4.030250,-4.035729,0.089419,4.060620,-4.005209,0.099817,4.033296,-4.011456,0.079923,4.043159,-4.011428,0.086705,0.043056,0.010398,0.024463,0.009496,0.027517,0.002713
59.775000,SAMPLE,2,4.048346,-4.034023,0.097528,4.075414,-4.003672,0.106496,4.051081,-4.009560,0.089325,4.058468,-4.009909,0.094419,0.040668,0.008968,0.024616,0.008203,0.026152,0.003109
59.873000,SAMPLE,2,4.068639,-4.031956,0.107636,4.095293,-4.001476,0.115470,4.068162,-4.008835,0.096507,4.078109,-4.008002,0.102591,0.040491,0.007834,0.023126,0.011129,0.025758,0.005045
59.973000,SAMPLE,2,4.088429,-4.029663,0.123649,4.114923,-3.999049,0.130877,4.089744,-4.005667,0.109154,4.097728,-4.005762,0.117620,0.040486,0.007228,0.024032,0.014495,0.025646,0.006029
60.072000,SAMPLE,2,4.104368,-4.027575,0.136038,4.133928,-3.996396,0.145517,4.110627,-4.003717,0.126375,4.116538,-4.003398,0.130849,0.042964,0.009479,0.024666,0.009663,0.027067,0.005189
60.153000,SAMPLE,2,4.121000,-4.025226,0.144580,4.149562,-3.994040,0.153464,4.130150,-4.001579,0.138701,4.132387,-4.001245,0.139262,0.042288,0.008884,0.025355,0.005879,0.026547,0.005318
60.253000,SAMPLE,2,4.140560,-4.022275,0.155867,4.168490,-3.991017,0.163988,4.149980,-3.998706,0.147889,4.151672,-3.998453,0.149667,0.041918,0.008121,0.025382,0.007978,0.026287,0.006200
60.342000,SAMPLE,2,4.157935,-4.019406,0.171762,4.187727,-3.987669,0.181054,4.169669,-3.996448,0.163247,4.171247,-3.995462,0.165804,0.043529,0.009292,0.025782,0.008515,0.027395,0.005958
60.443000,SAMPLE,2,4.174788,-4.016364,0.185499,4.207371,-3.983912,0.196843,4.188849,-3.992835,0.179501,4.191614,-3.991920,0.182366,0.045987,0.011345,0.027410,0.005998,0.029675,0.003132
60.540000,SAMPLE,2,4.194082,-4.012587,0.201446,4.226613,-3.979918,0.212633,4.208646,-3.988899,0.195424,4.211025,-3.988235,0.198237,0.046103,0.011187,0.027808,0.006022,0.029666,0.003209
60.630000,SAMPLE,2,4.211631,-4.008868,0.215410,4.241594,-3.976586,0.224364,4.208646,-3.988899,0.195424,4.226078,-3.985136,0.210868,0.044045,0.008955,0.020192,0.019985,0.027783,0.004541
60.727000,SAMPLE,2,4.230305,-4.004658,0.228275,4.261063,-3.972008,0.237554,4.223342,-3.984972,0.209264,4.244816,-3.980987,0.222921,0.044856,0.009278,0.020881,0.019011,0.027765,0.005355
60.827000,SAMPLE,2,4.249633,-4.000024,0.244473,4.280467,-3.967165,0.253543,4.242863,-3.979974,0.222728,4.264066,-3.976340,0.238679,0.045061,0.009070,0.021161,0.021745,0.027735,0.005794
60.925000,SAMPLE,2,4.268400,-3.995105,0.268169,4.299260,-3.962060,0.276833,4.261416,-3.976576,0.237033,4.282677,-3.971610,0.260159,0.045214,0.008664,0.019802,0.031136,0.027492,0.008011
61.026000,SAMPLE,2,4.284654,-3.990505,0.283548,4.318448,-3.956419,0.295122,4.301064,-3.965363,0.278465,4.301833,-3.966214,0.278986,0.047998,0.011574,0.030023,0.005083,0.029752,0.004562
61.119000,SAMPLE,2,4.302821,-3.985009,0.304556,4.333715,-3.951634,0.312517,4.320342,-3.959659,0.299969,4.317096,-3.961616,0.296049,0.045479,0.007961,0.030816,0.004587,0.027404,0.008507
61.218000,SAMPLE,2,4.321807,-3.978809,0.325903,4.352677,-3.945277,0.333822,4.320342,-3.959659,0.299969,4.336537,-3.955334,0.317877,0.045579,0.007919,0.019207,0.025935,0.027714,0.008026
61.310000,SAMPLE,2,4.339284,-3.972754,0.341087,4.371518,-3.938568,0.350059,4.339440,-3.954870,0.321367,4.355385,-3.949049,0.334204,0.046987,0.008972,0.017885,0.019720,0.028656,0.006883
61.404000,SAMPLE,2,4.357490,-3.966100,0.361869,4.390239,-3.931532,0.370898,4.356700,-3.947365,0.337357,4.373939,-3.942314,0.353997,0.047618,0.009029,0.018752,0.024512,0.028920,0.007872
61.503000,SAMPLE,2,4.373012,-3.960005,0.388069,4.408770,-3.924010,0.401872,4.373107,-3.940697,0.357072,4.391639,-3.935410,0.382160,0.050738,0.013803,0.019309,0.030997,0.030853,0.005909
61.599000,SAMPLE,2,4.390096,-3.952680,0.422806,4.422820,-3.917809,0.429662,4.392581,-3.934653,0.388921,4.404672,-3.930148,0.407137,0.047821,0.006856,0.018197,0.033885,0.026835,0.015668
61.694000,SAMPLE,2,4.406402,-3.944994,0.458198,4.440539,-3.909287,0.466798,4.407836,-3.927314,0.422606,4.421804,-3.922362,0.443474,0.049400,0.008600,0.017739,0.035593,0.027376,0.014725
61.793000,SAMPLE,2,4.424180,-3.935864,0.488877,4.458252,-3.900002,0.496935,4.425301,-3.918825,0.459661,4.439309,-3.913510,0.473638,0.049467,0.008058,0.017076,0.029216,0.026992,0.015239
61.887000,SAMPLE,2,4.440642,-3.926834,0.515846,4.475485,-3.890360,0.524288,4.441117,-3.909083,0.488730,4.455693,-3.904480,0.500501,0.050442,0.008442,0.017758,0.027116,0.026949,0.015345
61.983000,SAMPLE,2,4.456435,-3.917580,0.545242,4.492018,-3.880475,0.554209,4.458866,-3.901400,0.516322,4.472148,-3.895010,0.530750,0.051409,0.008967,0.016362,0.028920,0.027501,0.014492
62.078000,SAMPLE,2,4.469859,-3.909181,0.573490,4.505506,-3.871870,0.581748,4.474477,-3.890300,0.546446,4.484929,-3.886991,0.557345,0.051603,0.008259,0.019438,0.027043,0.026824,0.016145
62.178000,SAMPLE,2,4.485458,-3.898724,0.607574,4.521451,-3.860988,0.615685,4.490258,-3.880236,0.582730,4.500208,-3.876799,0.591629,0.052148,0.008111,0.019100,0.024844,0.026424,0.015945
62.277000,SAMPLE,2,4.501203,-3.887387,0.641489,4.537300,-3.849387,0.648722,4.506338,-3.868204,0.614031,4.516423,-3.865603,0.624366,0.052412,0.007233,0.019858,0.027458,0.026574,0.017123
62.371000,SAMPLE,2,4.516244,-3.875785,0.671676,4.553038,-3.837047,0.679856,4.522595,-3.858689,0.649540,4.530673,-3.854383,0.654087,0.053427,0.008180,0.018237,0.022136,0.025812,0.017589
62.456000,SAMPLE,2,4.529779,-3.864741,0.698205,4.565366,-3.826848,0.702843,4.538913,-3.846719,0.678646,4.543100,-3.844439,0.678201,0.051984,0.004638,0.020204,0.019559,0.024282,0.020005
62.545000,SAMPLE,2,4.540578,-3.855431,0.725284,4.580392,-3.813651,0.738770,4.553852,-3.835721,0.712040,4.558278,-3.831801,0.714829,0.057713,0.013485,0.023763,0.013244,0.029524,0.010455
62.645000,SAMPLE,2,4.554951,-3.842238,0.759770,4.594725,-3.800144,0.772056,4.568508,-3.821060,0.746966,4.572971,-3.818336,0.749613,0.057912,0.012286,0.025145,0.012805,0.029934,0.010157
62.721000,SAMPLE,2,4.565237,-3.832242,0.782605,4.605262,-3.789647,0.795043,4.568508,-3.821060,0.746966,4.583717,-3.808159,0.772613,0.058449,0.012438,0.011650,0.035639,0.030356,0.009991
62.822000,SAMPLE,2,4.578581,-3.818541,0.815543,4.618786,-3.775404,0.828048,4.581349,-3.807711,0.776649,4.597338,-3.794135,0.805624,0.058968,0.012505,0.011178,0.038894,0.030781,0.009919
62.919000,SAMPLE,2,4.591049,-3.804839,0.850280,4.629002,-3.763965,0.855838,4.607791,-3.781558,0.843270,4.607632,-3.783106,0.833991,0.055777,0.005558,0.028676,0.007010,0.027337,0.016289
63.005000,SAMPLE,2,4.601694,-3.792315,0.883137,4.640941,-3.749718,0.891375,4.607791,-3.781558,0.843270,4.619877,-3.768883,0.871437,0.057921,0.008238,0.012365,0.039867,0.029660,0.011700
63.099000,SAMPLE,2,4.613085,-3.777959,0.916787,4.650811,-3.737126,0.919964,4.618974,-3.769004,0.878729,4.629373,-3.757351,0.898725,0.055594,0.003177,0.010718,0.038058,0.026268,0.018062
63.186000,SAMPLE,2,4.620945,-3.767469,0.939597,4.662048,-3.721871,0.952501,4.630025,-3.754654,0.914380,4.640121,-3.743312,0.930843,0.061389,0.012904,0.015705,0.025217,0.030843,0.008755
63.281000,SAMPLE,2,4.631119,-3.753061,0.971833,4.672525,-3.706619,0.984788,4.639876,-3.737951,0.946629,4.650530,-3.728196,0.963944,0.062221,0.012955,0.017464,0.025204,0.031544,0.007889
63.378000,SAMPLE,2,4.641596,-3.737136,1.006570,4.681115,-3.693283,1.012577,4.647947,-3.724001,0.980080,4.658539,-3.715400,0.992169,0.059033,0.006008,0.014590,0.026490,0.027559,0.014401
63.473000,SAMPLE,2,4.650617,-3.722392,1.037613,4.690774,-3.677241,1.045014,4.659732,-3.707026,1.014996,4.667951,-3.699715,1.025502,0.060426,0.007401,0.017866,0.022616,0.028543,0.012110
63.554000,SAMPLE,2,4.658205,-3.709114,1.065487,4.697998,-3.664397,1.071204,4.670682,-3.692810,1.046921,4.675462,-3.687037,1.051292,0.059860,0.005717,0.020531,0.018566,0.028022,0.014195
63.639000,SAMPLE,2,4.664758,-3.696947,1.087627,4.705431,-3.650347,1.096312,4.670682,-3.692810,1.046921,4.682633,-3.673983,1.076232,0.061853,0.008685,0.007226,0.040705,0.029100,0.011395
63.739000,SAMPLE,2,4.673389,-3.679893,1.117185,4.713847,-3.633372,1.124733,4.677583,-3.675786,1.077233,4.690307,-3.658799,1.101382,0.061652,0.007548,0.005870,0.039952,0.027041,0.015803
63.824000,SAMPLE,2,4.680405,-3.665021,1.143032,4.721674,-3.616384,1.153154,4.685874,-3.661032,1.106522,4.697837,-3.642720,1.129709,0.063786,0.010122,0.006768,0.036509,0.028305,0.013323
63.923000,SAMPLE,2,4.688101,-3.647500,1.171451,4.729405,-3.598282,1.181575,4.693733,-3.644444,1.134898,4.705460,-3.625091,1.159085,0.064253,0.010124,0.006407,0.036553,0.028346,0.012366
64.018000,SAMPLE,2,4.694820,-3.631026,1.195023,4.734964,-3.584328,1.201041,4.702410,-3.626243,1.163768,4.710929,-3.611455,1.179695,0.061581,0.006018,0.008971,0.031255,0.025347,0.015328
64.115000,SAMPLE,2,4.700261,-3.616860,1.213797,4.741361,-3.567256,1.223146,4.710967,-3.608778,1.189881,4.717422,-3.594926,1.202061,0.064419,0.009348,0.013415,0.023916,0.027850,0.011737
64.206000,SAMPLE,2,4.706309,-3.600138,1.234134,4.747875,-3.548648,1.245251,4.716298,-3.592137,1.211533,4.723984,-3.576628,1.225110,0.066174,0.011117,0.012798,0.022600,0.029413,0.009024
64.300000,SAMPLE,2,4.712323,-3.582317,1.256902,4.753647,-3.530911,1.267356,4.723871,-3.573966,1.233370,4.728868,-3.562148,1.244293,0.065957,0.010454,0.014251,0.023532,0.026087,0.012609
64.387000,SAMPLE,2,4.717209,-3.566777,1.275676,4.758224,-3.515822,1.285041,4.730456,-3.556915,1.255492,4.734844,-3.543803,1.266846,0.065411,0.009365,0.016515,0.020184,0.028962,0.008830
64.479000,SAMPLE,2,4.722353,-3.549208,1.296676,4.762570,-3.500533,1.302725,4.736212,-3.538507,1.277607,4.739422,-3.528510,1.285697,0.063140,0.006049,0.017509,0.019069,0.026828,0.010979
64.576000,SAMPLE,2,4.726240,-3.534887,1.315244,4.767210,-3.482891,1.324830,4.741414,-3.520490,1.299770,4.744313,-3.510909,1.308776,0.066197,0.009586,0.020917,0.015474,0.030026,0.006468
64.672000,SAMPLE,2,4.730854,-3.516395,1.337556,4.771703,-3.464095,1.346935,4.744655,-3.503343,1.321884,4.748959,-3.491982,1.331685,0.066362,0.009379,0.018996,0.015673,0.030394,0.005872
64.764000,SAMPLE,2,4.734723,-3.499344,1.358114,4.775767,-3.445298,1.369041,4.748965,-3.484355,1.343813,4.753023,-3.473769,1.353575,0.067865,0.010927,0.020677,0.014301,0.031448,0.004538
64.861000,SAMPLE,2,4.738283,-3.481962,1.378869,4.779203,-3.427533,1.389496,4.751589,-3.467346,1.366661,4.756262,-3.457036,1.372976,0.068095,0.010627,0.019765,0.012208,0.030734,0.005893
64.944000,SAMPLE,2,4.741437,-3.465169,1.389505,4.781939,-3.412132,1.398830,4.754502,-3.449250,1.383993,4.758773,-3.442055,1.382382,0.066733,0.009325,0.020594,0.005512,0.028892,0.007123
65.043000,SAMPLE,2,4.744298,-3.449396,1.392834,4.785174,-3.393249,1.402777,4.754502,-3.449250,1.383993,4.762326,-3.423229,1.386329,0.069451,0.009943,0.010206,0.008842,0.031776,0.006505
65.138000,SAMPLE,2,4.747391,-3.431934,1.400057,4.787567,-3.378932,1.408954,4.761257,-3.412752,1.394873,4.764491,-3.409760,1.393063,0.066508,0.008896,0.023669,0.005184,0.028002,0.006994
65.232000,SAMPLE,2,4.750356,-3.413919,1.416771,4.790526,-3.359855,1.426172,4.765496,-3.393956,1.410045,4.767221,-3.390826,1.411930,0.067353,0.009401,0.025054,0.006726,0.028595,0.004841
65.330000,SAMPLE,2,4.753036,-3.395521,1.434862,4.793081,-3.341060,1.444298,4.768125,-3.374296,1.429419,4.769869,-3.372026,1.430296,0.067600,0.009437,0.026043,0.005443,0.028903,0.004566
65.428000,SAMPLE,2,4.755372,-3.377368,1.450796,4.795258,-3.322768,1.460088,4.770219,-3.356959,1.445192,4.772132,-3.353583,1.446514,0.067617,0.009292,0.025238,0.005603,0.029097,0.004282
65.525000,SAMPLE,2,4.757563,-3.357926,1.466742,4.797283,-3.303156,1.475877,4.773417,-3.337396,1.461043,4.774445,-3.334078,1.462303,0.067656,0.009135,0.025940,0.005700,0.029219,0.004439
65.625000,SAMPLE,2,4.759134,-3.341817,1.480637,4.798905,-3.284585,1.491667,4.773417,-3.337396,1.461043,4.776233,-3.316027,1.477850,0.069693,0.011030,0.014952,0.019594,0.030942,0.002787
65.725000,SAMPLE,2,4.760731,-3.322426,1.495642,4.800298,-3.265077,1.506006,4.773495,-3.319432,1.477584,4.777603,-3.296930,1.491597,0.069673,0.010364,0.013110,0.018058,0.030573,0.004045
65.821000,SAMPLE,2,4.762066,-3.303745,1.501536,4.801471,-3.245966,1.511196,4.776590,-3.301148,1.492029,4.778896,-3.279341,1.497048,0.069937,0.009660,0.014754,0.009507,0.029645,0.004488
65.916000,SAMPLE,2,4.763271,-3.285909,1.506880,4.802310,-3.231506,1.515543,4.777778,-3.281850,1.499203,4.779787,-3.265230,1.501084,0.066961,0.008663,0.015064,0.007677,0.026465,0.005796
66.009000,SAMPLE,2,4.764391,-3.267110,1.514719,4.803289,-3.212141,1.524017,4.778482,-3.263377,1.503790,4.780881,-3.245896,1.510715,0.067340,0.009298,0.014577,0.010930,0.026870,0.004005
66.103000,SAMPLE,2,4.765232,-3.252001,1.514627,4.804175,-3.192983,1.523775,4.778884,-3.244308,1.512225,4.781747,-3.227056,1.510785,0.070709,0.009147,0.015670,0.002402,0.029916,0.003842
66.197000,SAMPLE,2,4.766286,-3.233753,1.512018,4.804888,-3.178211,1.521659,4.781325,-3.225361,1.512254,4.782554,-3.212400,1.508657,0.067640,0.009641,0.017222,0.000236,0.026844,0.003361
66.292000,SAMPLE,2,4.767419,-3.214763,1.509776,4.805875,-3.158456,1.519417,4.783057,-3.206933,1.510215,4.783771,-3.192967,1.507056,0.068187,0.009641,0.017489,0.000439,0.027248,0.002720
66.384000,SAMPLE,2,4.768559,-3.196549,1.506744,4.806878,-3.139535,1.516259,4.784484,-3.187078,1.507375,4.785010,-3.174257,1.504196,0.068694,0.009515,0.018528,0.000631,0.027705,0.002548
66.471000,SAMPLE,2,4.769679,-3.179477,1.503871,4.807710,-3.124653,1.513733,4.784963,-3.167287,1.503620,4.785907,-3.159859,1.501929,0.066723,0.009862,0.019550,0.000251,0.025460,0.001941
66.570000,SAMPLE,2,4.771043,-3.159596,1.500681,4.808867,-3.104940,1.510575,4.785075,-3.149299,1.500860,4.787037,-3.140842,1.499059,0.066468,0.009893,0.017405,0.000179,0.024649,0.001622
66.669000,SAMPLE,2,4.772182,-3.143677,1.497997,4.810020,-3.086302,1.507417,4.788213,-3.130308,1.498141,4.788463,-3.121938,1.495962,0.068729,0.009420,0.020875,0.000144,0.027160,0.002035
66.760000,SAMPLE,2,4.773465,-3.126422,1.496051,4.811224,-3.067709,1.506009,4.786838,-3.111198,1.494450,4.789595,-3.103251,1.493885,0.069806,0.009958,0.020264,0.001601,0.028232,0.002166
66.852000,SAMPLE,2,4.774833,-3.107869,1.497996,4.812198,-3.052456,1.507714,4.789095,-3.091020,1.495651,4.790617,-3.087557,1.495662,0.066833,0.009719,0.022074,0.002345,0.025724,0.002334
66.944000,SAMPLE,2,4.776134,-3.090032,1.497996,4.813373,-3.033851,1.507714,4.791328,-3.072498,1.496489,4.791951,-3.069045,1.495822,0.067402,0.009719,0.023201,0.001507,0.026280,0.002174
67.044000,SAMPLE,2,4.777594,-3.069951,1.499646,4.814603,-3.014311,1.509214,4.792141,-3.053517,1.496351,4.793302,-3.049522,1.497735,0.066824,0.009569,0.021947,0.003295,0.025769,0.001910
67.144000,SAMPLE,2,4.778684,-3.053869,1.508172,4.815700,-2.995185,1.519714,4.794213,-3.034458,1.503181,4.794635,-3.030444,1.507440,0.069383,0.011543,0.024859,0.004990,0.028340,0.000732
67.230000,SAMPLE,2,4.779673,-3.036500,1.518672,4.816411,-2.979875,1.528388,4.794213,-3.034458,1.503181,4.795558,-3.015188,1.515335,0.067499,0.009715,0.014683,0.015491,0.026581,0.003338
67.321000,SAMPLE,2,4.780542,-3.018260,1.527672,4.817142,-2.960436,1.537862,4.793028,-3.014898,1.514788,4.796082,-2.999596,1.522819,0.068434,0.010189,0.012931,0.012884,0.024286,0.004854
67.420000,SAMPLE,2,4.781272,-2.999306,1.537146,4.817589,-2.945127,1.545441,4.799378,-2.997300,1.525689,4.797312,-2.981515,1.531712,0.065225,0.008294,0.018217,0.011457,0.023954,0.005434
67.518000,SAMPLE,2,4.781790,-2.980447,1.549367,4.817954,-2.926562,1.557414,4.796952,-2.958773,1.545273,4.797945,-2.963160,1.543615,0.064896,0.008047,0.026451,0.004094,0.023660,0.005752
67.608000,SAMPLE,2,4.782061,-2.965208,1.556756,4.818125,-2.906826,1.566888,4.796952,-2.958773,1.545273,4.798271,-2.942977,1.553390,0.068622,0.010132,0.016222,0.011483,0.027513,0.003367
67.702000,SAMPLE,2,4.782233,-2.947201,1.565851,4.818109,-2.887879,1.576362,4.797604,-2.938540,1.555239,4.798442,-2.923955,1.562857,0.069327,0.010511,0.017643,0.010612,0.028340,0.002994
67.803000,SAMPLE,2,4.782233,-2.927947,1.575703,4.817915,-2.869122,1.585835,4.798619,-2.920543,1.565079,4.798532,-2.905089,1.572392,0.068801,0.010132,0.017981,0.010624,0.028074,0.003311
67.899000,SAMPLE,2,4.782047,-2.908432,1.585177,4.817616,-2.853262,1.593414,4.797585,-2.902332,1.575984,4.798353,-2.889934,1.579936,0.065643,0.008237,0.016693,0.009193,0.024659,0.005241
67.991000,SAMPLE,2,4.781779,-2.893606,1.592756,4.817105,-2.834553,1.602888,4.797125,-2.882894,1.585234,4.797958,-2.871304,1.589696,0.068813,0.010132,0.018715,0.007522,0.027553,0.003060
68.090000,SAMPLE,2,4.781281,-2.874227,1.598707,4.816415,-2.815134,1.608409,4.797610,-2.864437,1.594773,4.797486,-2.851814,1.595886,0.068749,0.009702,0.019039,0.003934,0.027658,0.002821
68.185000,SAMPLE,2,4.780698,-2.854469,1.601960,4.815663,-2.795927,1.611567,4.797729,-2.844187,1.598780,4.797014,-2.832682,1.599350,0.068189,0.009607,0.019894,0.003180,0.027220,0.002610
68.275000,SAMPLE,2,4.780169,-2.838239,1.604802,4.815054,-2.781445,1.614093,4.797718,-2.824986,1.601391,4.796710,-2.818610,1.601901,0.066652,0.009291,0.021991,0.003411,0.025669,0.002901
68.361000,SAMPLE,2,4.779560,-2.820984,1.606728,4.814189,-2.762138,1.616304,4.796323,-2.806916,1.604580,4.796202,-2.803099,1.604575,0.068279,0.009575,0.021884,0.002149,0.024431,0.002154
68.461000,SAMPLE,2,4.778858,-2.801470,1.606728,4.813319,-2.743032,1.616304,4.794928,-2.788564,1.605802,4.795320,-2.780132,1.604808,0.067842,0.009575,0.020611,0.000927,0.026950,0.001920
68.554000,SAMPLE,2,4.778337,-2.786975,1.606729,4.812640,-2.728131,1.616304,4.794277,-2.769404,1.605861,4.794723,-2.765275,1.605009,0.068112,0.009575,0.023724,0.000868,0.027192,0.001720
68.648000,SAMPLE,2,4.777638,-2.767608,1.607779,4.811727,-2.708152,1.617604,4.792963,-2.750249,1.604869,4.794039,-2.745286,1.606009,0.068535,0.009825,0.023156,0.002909,0.027699,0.001770
68.745000,SAMPLE,2,4.776833,-2.747880,1.617653,4.810725,-2.688483,1.627854,4.792268,-2.729612,1.611066,4.793072,-2.726243,1.615472,0.068386,0.010200,0.023916,0.006587,0.027053,0.002181
68.843000,SAMPLE,2,4.775806,-2.729103,1.632193,4.809513,-2.669765,1.641935,4.792268,-2.729612,1.611066,4.792110,-2.707321,1.629104,0.068244,0.009742,0.016470,0.021127,0.027209,0.003089
68.931000,SAMPLE,2,4.774636,-2.711372,1.641090,4.808324,-2.653967,1.649764,4.792273,-2.710873,1.626999,4.791191,-2.691988,1.636538,0.066559,0.008674,0.017644,0.014091,0.025491,0.004552
69.022000,SAMPLE,2,4.773597,-2.697302,1.647514,4.806772,-2.635411,1.657688,4.789602,-2.692698,1.637524,4.789759,-2.674045,1.643843,0.070222,0.010174,0.016654,0.009989,0.028321,0.003671
69.122000,SAMPLE,2,4.772066,-2.677720,1.649654,4.805053,-2.615865,1.659662,4.789366,-2.673182,1.646962,4.788213,-2.654337,1.647515,0.070101,0.010007,0.017885,0.002692,0.028417,0.002140
69.209000,SAMPLE,2,4.770570,-2.659494,1.656915,4.803602,-2.600101,1.666341,4.788846,-2.654353,1.648472,4.787021,-2.638600,1.655270,0.067961,0.009426,0.018986,0.008443,0.026594,0.001645
69.310000,SAMPLE,2,4.768893,-2.641075,1.666388,4.801732,-2.581510,1.675814,4.786720,-2.635875,1.656232,4.785394,-2.620164,1.664569,0.068017,0.009426,0.018570,0.010156,0.026637,0.001820
69.408000,SAMPLE,2,4.766941,-2.621429,1.671921,4.799626,-2.562151,1.681209,4.784103,-2.616547,1.665704,4.783394,-2.600670,1.670640,0.067692,0.009288,0.017843,0.006217,0.026488,0.001282
69.492000,SAMPLE,2,4.765263,-2.605106,1.674637,4.797916,-2.546899,1.683735,4.783580,-2.597862,1.671330,4.781920,-2.585555,1.673175,0.066740,0.009098,0.019698,0.003308,0.025684,0.001462
69.588000,SAMPLE,2,4.763386,-2.587361,1.677763,4.795840,-2.528850,1.686893,4.781714,-2.578686,1.674620,4.780110,-2.567602,1.676366,0.066910,0.009130,0.020278,0.003144,0.025887,0.001398
69.687000,SAMPLE,2,4.761287,-2.568114,1.680920,4.793551,-2.509490,1.690051,4.779448,-2.560857,1.677646,4.778038,-2.548228,1.679540,0.066916,0.009131,0.019557,0.003274,0.026001,0.001380
69.774000,SAMPLE,2,4.759719,-2.554078,1.683259,4.791703,-2.494233,1.692577,4.778840,-2.542120,1.681012,4.776550,-2.533146,1.682101,0.067856,0.009319,0.022553,0.002247,0.026859,0.001157
69.866000,SAMPLE,2,4.757702,-2.536453,1.685542,4.789392,-2.475575,1.694820,4.776357,-2.521998,1.684215,4.774546,-2.514329,1.684666,0.068632,0.009278,0.023600,0.001326,0.027806,0.000876
69.960000,SAMPLE,2,4.755435,-2.516767,1.684752,4.787413,-2.459698,1.694472,4.774601,-2.503270,1.685016,4.772893,-2.498535,1.684727,0.065418,0.009720,0.023442,0.000264,0.025242,0.000025
70.056000,SAMPLE,2,4.753357,-2.498368,1.681658,4.785086,-2.440735,1.691314,4.771191,-2.482711,1.683027,4.770748,-2.479570,1.681726,0.065790,0.009657,0.023732,0.001370,0.025610,0.000068
70.156000,SAMPLE,2,4.751266,-2.479327,1.679402,4.782917,-2.422591,1.688725,4.769274,-2.465566,1.679419,4.768715,-2.460976,1.679123,0.064968,0.009323,0.022664,0.000017,0.025322,0.000278
70.242000,SAMPLE,2,4.749699,-2.464959,1.679402,4.780596,-2.403001,1.688725,4.769274,-2.465566,1.679419,4.766589,-2.441428,1.679123,0.069234,0.009323,0.019585,0.000017,0.028965,0.000278
70.338000,SAMPLE,2,4.747727,-2.446876,1.679402,4.778829,-2.388085,1.688725,4.767681,-2.444759,1.678395,4.765116,-2.426973,1.678977,0.066511,0.009323,0.020065,0.001007,0.026429,0.000425
70.418000,SAMPLE,2,4.745959,-2.430585,1.677711,4.777039,-2.372927,1.687304,4.764874,-2.426577,1.678630,4.763481,-2.412076,1.677647,0.065502,0.009593,0.019335,0.000919,0.025487,0.000064
70.517000,SAMPLE,2,4.743829,-2.410737,1.679603,4.774723,-2.353061,1.688196,4.763490,-2.407785,1.677180,4.761411,-2.392152,1.678518,0.065429,0.008593,0.019881,0.002424,0.025583,0.001085
70.611000,SAMPLE,2,4.741775,-2.392588,1.688081,4.772388,-2.333909,1.696801,4.760889,-2.387168,1.677839,4.759369,-2.373385,1.686277,0.066185,0.008721,0.019867,0.010242,0.026045,0.001804
70.709000,SAMPLE,2,4.739462,-2.373760,1.697779,4.769947,-2.315353,1.706275,4.758181,-2.368088,1.686310,4.757073,-2.354598,1.695439,0.065884,0.008496,0.019559,0.011469,0.026025,0.002340
70.804000,SAMPLE,2,4.737276,-2.356987,1.702246,4.767217,-2.295806,1.711670,4.755156,-2.351198,1.695894,4.754415,-2.335139,1.701149,0.068115,0.009424,0.018795,0.006352,0.027768,0.001097
70.895000,SAMPLE,2,4.735103,-2.340723,1.705025,4.765097,-2.280988,1.714196,4.750604,-2.330300,1.701143,4.752131,-2.320642,1.703441,0.066843,0.009171,0.018679,0.003882,0.026329,0.001584
70.986000,SAMPLE,2,4.732606,-2.322640,1.712058,4.762330,-2.262233,1.721409,4.749893,-2.312542,1.704629,4.749497,-2.302073,1.710608,0.067324,0.009351,0.020020,0.007430,0.026614,0.001451
71.076000,SAMPLE,2,4.729947,-2.304691,1.724806,4.759850,-2.246427,1.732325,4.748033,-2.293636,1.713314,4.747193,-2.286174,1.720801,0.065490,0.007519,0.021197,0.011492,0.025304,0.004005
71.165000,SAMPLE,2,4.727167,-2.287584,1.739332,4.756605,-2.227450,1.748114,4.743999,-2.275277,1.728591,4.744062,-2.267311,1.736280,0.066954,0.008782,0.020851,0.010741,0.026390,0.003052
71.263000,SAMPLE,2,4.724383,-2.271729,1.749121,4.753088,-2.208510,1.759509,4.741803,-2.254567,1.743390,4.740735,-2.248043,1.747739,0.069431,0.010388,0.024454,0.005731,0.028783,0.001382
71.357000,SAMPLE,2,4.721038,-2.253624,1.758026,4.750064,-2.192992,1.767088,4.734326,-2.235712,1.752434,4.737912,-2.232508,1.755318,0.067222,0.009062,0.022303,0.005592,0.027030,0.002708
71.456000,SAMPLE,2,4.717362,-2.234722,1.767879,4.746319,-2.174612,1.776562,4.734326,-2.235712,1.752434,4.734011,-2.214482,1.764246,0.066722,0.008683,0.016993,0.015445,0.026208,0.003633
71.556000,SAMPLE,2,4.713473,-2.215590,1.773420,4.742302,-2.155707,1.782385,4.729689,-2.201161,1.771424,4.730451,-2.196397,1.770644,0.066461,0.008965,0.021706,0.001996,0.025625,0.002776
71.642000,SAMPLE,2,4.709830,-2.198096,1.779957,4.738046,-2.136165,1.789427,4.724265,-2.181388,1.775993,4.726086,-2.176882,1.777443,0.068055,0.009471,0.022080,0.003964,0.026726,0.002514
71.738000,SAMPLE,2,4.705949,-2.180189,1.787762,4.734698,-2.121350,1.796256,4.723321,-2.161734,1.786088,4.722943,-2.162097,1.784022,0.065487,0.008494,0.025345,0.001673,0.024822,0.003740
71.817000,SAMPLE,2,4.702963,-2.166810,1.793576,4.731233,-2.106420,1.802235,4.723321,-2.161734,1.786088,4.719651,-2.146922,1.790986,0.066679,0.008659,0.020982,0.007487,0.025962,0.002590
71.903000,SAMPLE,2,4.699028,-2.149765,1.801278,4.726605,-2.087180,1.810709,4.718556,-2.144538,1.793110,4.715227,-2.127807,1.800504,0.068392,0.009431,0.020215,0.008168,0.027287,0.000773
71.999000,SAMPLE,2,4.695161,-2.133336,1.801277,4.723153,-2.073102,1.810717,4.715095,-2.124037,1.800256,4.712224,-2.114563,1.799567,0.066421,0.009439,0.021996,0.001022,0.025369,0.001710
72.098000,SAMPLE,2,4.690600,-2.113769,1.798019,4.718601,-2.054363,1.807559,4.709209,-2.107539,1.799975,4.707671,-2.095679,1.796706,0.065675,0.009540,0.019625,0.001956,0.024873,0.001312
72.199000,SAMPLE,2,4.686207,-2.094634,1.794795,4.714102,-2.035589,1.804401,4.705415,-2.087677,1.796583,4.703313,-2.076885,1.793758,0.065303,0.009606,0.020428,0.001789,0.024649,0.001036
72.292000,SAMPLE,2,4.682190,-2.076884,1.791732,4.709823,-2.017477,1.801243,4.701543,-2.066305,1.793303,4.699284,-2.058755,1.790877,0.065519,0.009511,0.022055,0.001571,0.024917,0.000855
72.387000,SAMPLE,2,4.678600,-2.060901,1.792692,4.705258,-1.998005,1.802141,4.698544,-2.050534,1.791043,4.695144,-2.039656,1.791182,0.068313,0.009448,0.022478,0.001649,0.026927,0.001510
72.486000,SAMPLE,2,4.674301,-2.041984,1.795882,4.700829,-1.979334,1.805298,4.693062,-2.032823,1.793668,4.690980,-2.021502,1.794455,0.068035,0.009417,0.020878,0.002214,0.026414,0.001427
72.577000,SAMPLE,2,4.670320,-2.024715,1.798186,4.697358,-1.964881,1.807320,4.690733,-2.013671,1.797362,4.687796,-2.006859,1.796648,0.065659,0.009133,0.023210,0.000824,0.024986,0.001538
72.674000,SAMPLE,2,4.665835,-2.005332,1.798186,4.692721,-1.945643,1.807320,4.686332,-1.994046,1.798114,4.683603,-1.987908,1.796925,0.065465,0.009133,0.023399,0.000073,0.024886,0.001262
72.774000,SAMPLE,2,4.661551,-1.986821,1.798186,4.688330,-1.927428,1.807320,4.681346,-1.976430,1.797995,4.679425,-1.969604,1.797122,0.065151,0.009133,0.022356,0.000192,0.024817,0.001064
72.873000,SAMPLE,2,4.657100,-1.967522,1.797231,4.683805,-1.908595,1.806109,4.674878,-1.955160,1.796727,4.674903,-1.950614,1.794889,0.064695,0.008878,0.021653,0.000504,0.024552,0.002342
72.965000,SAMPLE,2,4.653642,-1.952582,1.799470,4.679194,-1.889470,1.808885,4.671849,-1.938203,1.797038,4.670589,-1.931885,1.797550,0.068088,0.009415,0.023199,0.002432,0.026749,0.001920
73.050000,SAMPLE,2,4.649899,-1.936595,1.802249,4.675653,-1.874959,1.811412,4.671849,-1.938203,1.797038,4.667220,-1.917344,1.800076,0.066801,0.009162,0.022009,0.005211,0.025896,0.002173
73.148000,SAMPLE,2,4.645393,-1.917552,1.803196,4.671004,-1.856070,1.812233,4.663844,-1.901887,1.803782,4.662868,-1.898467,1.801312,0.066604,0.009037,0.024204,0.000586,0.025877,0.001884
73.247000,SAMPLE,2,4.640687,-1.897808,1.808298,4.666191,-1.836658,1.817241,4.663844,-1.901887,1.803782,4.658287,-1.878999,1.805207,0.066256,0.008942,0.023514,0.004516,0.025759,0.003092
73.320000,SAMPLE,2,4.637612,-1.885275,1.814741,4.662428,-1.821931,1.824820,4.658622,-1.879867,1.804056,4.654780,-1.864366,1.812563,0.068032,0.010079,0.021695,0.010685,0.027055,0.002177
73.419000,SAMPLE,2,4.633090,-1.867375,1.820307,4.658463,-1.806821,1.829127,4.653534,-1.860273,1.812501,4.650850,-1.848687,1.817228,0.065654,0.008820,0.021642,0.007806,0.025780,0.003080
73.516000,SAMPLE,2,4.628243,-1.848413,1.821223,4.653380,-1.787652,1.830201,4.648410,-1.840789,1.818753,4.645705,-1.828597,1.818769,0.065755,0.008978,0.021560,0.002470,0.026413,0.002454
73.605000,SAMPLE,2,4.624056,-1.832045,1.821223,4.648714,-1.770071,1.830201,4.642811,-1.823685,1.819834,4.641015,-1.810902,1.818977,0.066699,0.008978,0.020534,0.001389,0.027104,0.002246
73.705000,SAMPLE,2,4.619393,-1.813832,1.822564,4.643963,-1.752186,1.831651,4.640769,-1.809407,1.820794,4.636584,-1.793444,1.820332,0.066362,0.009087,0.021829,0.001770,0.026668,0.002232
73.802000,SAMPLE,2,4.614431,-1.794838,1.830958,4.638730,-1.732883,1.840185,4.636162,-1.788278,1.822058,4.631654,-1.773926,1.828149,0.066549,0.009227,0.022700,0.008901,0.027091,0.002809
73.895000,SAMPLE,2,4.610316,-1.779614,1.838822,4.634593,-1.718115,1.847764,4.630334,-1.769457,1.831191,4.627804,-1.759496,1.835584,0.066118,0.008943,0.022448,0.007630,0.026657,0.003238
73.986000,SAMPLE,2,4.605269,-1.761554,1.847016,4.629116,-1.699186,1.856188,4.625465,-1.751906,1.840939,4.622499,-1.740412,1.844351,0.066772,0.009172,0.022382,0.006077,0.027274,0.002666
74.076000,SAMPLE,2,4.600528,-1.744931,1.850058,4.624646,-1.684032,1.858938,4.620694,-1.732977,1.848438,4.618231,-1.725253,1.847620,0.065501,0.008880,0.023443,0.001621,0.026469,0.002438
74.176000,SAMPLE,2,4.595315,-1.726857,1.853248,4.619290,-1.666066,1.862096,4.614304,-1.714986,1.852017,4.612964,-1.707322,1.851253,0.065348,0.008848,0.022394,0.001230,0.026327,0.001995
74.271000,SAMPLE,2,4.589922,-1.708326,1.854003,4.613701,-1.647477,1.862980,4.609049,-1.695557,1.853927,4.607429,-1.688442,1.852784,0.065330,0.008977,0.022998,0.000076,0.026493,0.001218
74.340000,SAMPLE,2,4.586461,-1.696472,1.856571,4.610237,-1.635988,1.864930,4.603572,-1.676562,1.854536,4.604090,-1.676916,1.853784,0.064990,0.008359,0.026252,0.002035,0.026329,0.002787
74.431000,SAMPLE,2,4.581206,-1.678870,1.865476,4.604421,-1.617105,1.874359,4.598456,-1.658233,1.863046,4.598304,-1.657570,1.862954,0.065984,0.008883,0.026898,0.002430,0.027313,0.002523
74.523000,SAMPLE,2,4.575692,-1.661004,1.874761,4.598572,-1.598741,1.883833,4.593098,-1.639081,1.872675,4.592654,-1.639044,1.872427,0.066334,0.009072,0.027992,0.002086,0.027747,0.002333
74.622000,SAMPLE,2,4.569547,-1.641720,1.882774,4.592328,-1.579741,1.891706,4.593098,-1.639081,1.872675,4.586690,-1.619975,1.880947,0.066033,0.008933,0.023698,0.010099,0.027689,0.001827
74.720000,SAMPLE,2,4.564602,-1.626464,1.885650,4.586259,-1.561592,1.895101,4.585739,-1.620507,1.881878,4.581870,-1.605452,1.883918,0.068392,0.009451,0.021961,0.003772,0.027197,0.001732
74.811000,SAMPLE,2,4.559000,-1.609313,1.886661,4.581211,-1.546598,1.895638,4.580731,-1.603509,1.885114,4.575806,-1.586968,1.884659,0.066532,0.008977,0.022492,0.001547,0.027959,0.002002
74.910000,SAMPLE,2,4.552667,-1.589944,1.887761,4.574825,-1.527644,1.896788,4.575120,-1.584787,1.886290,4.569527,-1.567699,1.886959,0.066122,0.009027,0.023037,0.001470,0.027912,0.000801
75.000000,SAMPLE,2,4.546752,-1.572134,1.897052,4.568442,-1.509013,1.906772,4.568920,-1.565002,1.887599,4.564660,-1.552813,1.894573,0.066744,0.009720,0.023287,0.009453,0.026343,0.002478
75.094000,SAMPLE,2,4.540854,-1.555004,1.906952,4.563311,-1.494526,1.915001,4.563257,-1.547588,1.898038,4.558793,-1.535342,1.905214,0.064513,0.008049,0.023598,0.008914,0.026616,0.001737
75.191000,SAMPLE,2,4.535299,-1.539300,1.914060,4.556476,-1.475731,1.923325,4.556842,-1.529459,1.908768,4.552244,-1.516671,1.912643,0.067004,0.009265,0.023685,0.005291,0.028270,0.001416
75.290000,SAMPLE,2,4.528664,-1.520925,1.921015,4.549775,-1.457704,1.930198,4.550203,-1.510929,1.915889,4.545830,-1.498832,1.919392,0.066652,0.009183,0.023745,0.005126,0.027978,0.001623
75.388000,SAMPLE,2,4.521824,-1.502262,1.922284,4.542812,-1.439225,1.931272,4.543396,-1.493281,1.922328,4.539061,-1.480456,1.921400,0.066439,0.008988,0.023367,0.000043,0.027797,0.000885
75.484000,SAMPLE,2,4.515328,-1.484556,1.923376,4.535936,-1.420995,1.932672,4.536384,-1.474771,1.922421,4.532335,-1.462306,1.923595,0.066818,0.009297,0.023218,0.000955,0.028004,0.000219
75.582000,SAMPLE,2,4.508308,-1.465697,1.931970,4.528903,-1.402632,1.941251,4.529451,-1.453834,1.923459,4.525725,-1.444271,1.930491,0.066342,0.009281,0.024243,0.008512,0.027611,0.001479
75.680000,SAMPLE,2,4.501293,-1.447375,1.939944,4.523124,-1.387916,1.948180,4.523288,-1.435417,1.933878,4.520110,-1.429469,1.938070,0.063340,0.008236,0.025036,0.006066,0.025975,0.001874
75.777000,SAMPLE,2,4.495228,-1.431770,1.942847,4.515717,-1.369338,1.951812,4.515566,-1.417050,1.940642,4.513090,-1.410881,1.941205,0.065708,0.008965,0.025106,0.002205,0.027484,0.001642
75.874000,SAMPLE,2,4.488286,-1.414058,1.945373,4.508448,-1.351272,1.954370,4.508185,-1.398765,1.943845,4.505957,-1.392665,1.944504,0.065945,0.008997,0.025096,0.001528,0.027748,0.000869
75.968000,SAMPLE,2,4.481042,-1.395631,1.945373,4.500963,-1.332725,1.954370,4.500673,-1.380891,1.945235,4.498374,-1.373548,1.944639,0.065985,0.008997,0.024549,0.000138,0.028073,0.000734
76.068000,SAMPLE,2,4.473875,-1.377400,1.945373,4.493782,-1.314930,1.954370,4.494144,-1.362203,1.945467,4.491369,-1.355649,1.944797,0.065565,0.008997,0.025334,0.000094,0.027913,0.000576
76.159000,SAMPLE,2,4.467373,-1.360860,1.944634,4.488252,-1.301225,1.954054,4.486256,-1.347129,1.945608,4.485908,-1.341735,1.944797,0.063185,0.009420,0.023348,0.000974,0.026633,0.000163
76.253000,SAMPLE,2,4.461450,-1.345705,1.942038,4.480880,-1.282859,1.950896,4.480271,-1.325898,1.943346,4.478742,-1.323778,1.941965,0.065781,0.008858,0.027323,0.001309,0.027925,0.000073
76.352000,SAMPLE,2,4.454332,-1.327397,1.942445,4.473583,-1.264578,1.951501,4.472761,-1.308244,1.941923,4.471541,-1.305237,1.941898,0.065703,0.009056,0.026580,0.000522,0.028057,0.000547
76.452000,SAMPLE,2,4.447106,-1.308941,1.945013,4.466320,-1.246509,1.953964,4.466344,-1.293935,1.944714,4.464519,-1.287521,1.943970,0.065322,0.008951,0.024398,0.000299,0.027605,0.001043
76.549000,SAMPLE,2,4.439813,-1.290326,1.942739,4.458952,-1.228188,1.951691,4.459097,-1.272446,1.944012,4.457374,-1.269144,1.942320,0.065019,0.008951,0.026299,0.001273,0.027515,0.000419
76.651000,SAMPLE,2,4.432764,-1.272170,1.939455,4.452029,-1.210822,1.948533,4.451766,-1.255995,1.941409,4.450624,-1.251756,1.939163,0.064302,0.009078,0.024955,0.001954,0.027125,0.000293
76.743000,SAMPLE,2,4.426166,-1.254948,1.932600,4.444910,-1.192719,1.941306,4.451766,-1.255995,1.941409,4.443728,-1.233997,1.932140,0.064991,0.008706,0.025622,0.008809,0.027338,0.000460
76.836000,SAMPLE,2,4.419657,-1.237581,1.925847,4.439388,-1.178388,1.936077,4.437004,-1.218533,1.928796,4.438350,-1.220032,1.928160,0.062394,0.010231,0.025763,0.002949,0.025640,0.002313
76.931000,SAMPLE,2,4.414323,-1.223076,1.920519,4.432804,-1.160982,1.929104,4.430509,-1.201299,1.921967,4.431744,-1.202442,1.921807,0.064786,0.008584,0.027133,0.001448,0.027004,0.001288
77.025000,SAMPLE,2,4.407707,-1.204675,1.911235,4.425976,-1.142486,1.919630,4.430509,-1.201299,1.921967,4.424911,-1.183839,1.912366,0.064817,0.008395,0.023050,0.010732,0.027021,0.001131
77.123000,SAMPLE,2,4.401488,-1.186855,1.901761,4.419690,-1.124947,1.910156,4.424257,-1.182604,1.912629,4.418690,-1.166215,1.902942,0.064529,0.008395,0.023163,0.010868,0.026869,0.001181
77.222000,SAMPLE,2,4.395129,-1.167967,1.887995,4.413287,-1.106422,1.896212,4.412077,-1.146240,1.890482,4.412167,-1.146967,1.889265,0.064167,0.008217,0.027555,0.002487,0.027042,0.001270
77.299000,SAMPLE,2,4.390298,-1.152932,1.875201,4.409656,-1.095494,1.886738,4.412077,-1.146240,1.890482,4.408616,-1.136079,1.879791,0.060613,0.011537,0.022784,0.015281,0.024891,0.004590
77.398000,SAMPLE,2,4.385496,-1.137289,1.862502,4.403958,-1.077590,1.871698,4.405370,-1.128182,1.874732,4.402807,-1.117687,1.863651,0.062489,0.009196,0.021861,0.012230,0.026152,0.001149
77.491000,SAMPLE,2,4.380124,-1.118968,1.848595,4.398343,-1.059053,1.857409,4.399608,-1.110714,1.860416,4.397115,-1.098953,1.850074,0.062624,0.008814,0.021161,0.011821,0.026255,0.001479
77.590000,SAMPLE,2,4.374909,-1.100130,1.832806,4.393050,-1.040564,1.841620,4.393296,-1.089003,1.844408,4.391824,-1.080663,1.835040,0.062267,0.008814,0.021491,0.011602,0.025789,0.002234
77.689000,SAMPLE,2,4.370089,-1.081578,1.816846,4.388198,-1.022532,1.825830,4.388706,-1.072005,1.829183,4.386908,-1.062405,1.819314,0.061760,0.008984,0.020934,0.012337,0.025504,0.002468
77.779000,SAMPLE,2,4.365530,-1.062833,1.801804,4.384260,-1.007025,1.813198,4.385489,-1.053816,1.813637,4.383103,-1.046782,1.806762,0.058867,0.011395,0.021902,0.011833,0.023801,0.004958
77.877000,SAMPLE,2,4.361208,-1.043954,1.791501,4.379747,-0.988233,1.801309,4.381320,-1.033684,1.798105,4.378734,-1.027372,1.794354,0.058725,0.009808,0.022583,0.006604,0.024127,0.002853
77.956000,SAMPLE,2,4.358636,-1.032419,1.789096,4.376433,-0.973992,1.798020,4.377542,-1.015821,1.790250,4.375694,-1.013095,1.790549,0.061077,0.008923,0.025159,0.001153,0.025776,0.001452
78.055000,SAMPLE,2,4.354373,-1.013130,1.788082,4.372096,-0.955159,1.797009,4.372309,-0.995850,1.787707,4.371462,-0.994065,1.789286,0.060620,0.008927,0.024905,0.000374,0.025603,0.001204
78.143000,SAMPLE,2,4.350593,-0.996002,1.787387,4.367778,-0.936386,1.796125,4.368456,-0.977475,1.787512,4.367380,-0.974932,1.787442,0.062043,0.008738,0.025735,0.000125,0.026940,0.000055
78.236000,SAMPLE,2,4.346855,-0.978988,1.786700,4.364454,-0.921877,1.795798,4.368456,-0.977475,1.787512,4.364180,-0.960375,1.787847,0.059761,0.009098,0.021654,0.000812,0.025429,0.001147
78.327000,SAMPLE,2,4.342774,-0.960250,1.783637,4.360076,-0.902611,1.792641,4.365461,-0.958937,1.786208,4.360230,-0.941403,1.784486,0.060180,0.009004,0.022724,0.002571,0.025689,0.000849
78.427000,SAMPLE,2,4.338816,-0.941795,1.780448,4.355996,-0.884388,1.789483,4.359959,-0.941271,1.783841,4.356370,-0.923643,1.781326,0.059922,0.009035,0.021149,0.003394,0.025252,0.000879
78.527000,SAMPLE,2,4.335587,-0.926531,1.777773,4.352020,-0.866358,1.786325,4.354594,-0.920968,1.780839,4.352379,-0.905538,1.778191,0.062377,0.008551,0.019805,0.003066,0.026883,0.000418
78.624000,SAMPLE,2,4.331459,-0.906715,1.774544,4.347838,-0.847113,1.783167,4.350509,-0.903869,1.777947,4.348149,-0.886156,1.774988,0.061812,0.008623,0.019261,0.003404,0.026481,0.000445
78.711000,SAMPLE,2,4.327948,-0.889498,1.768087,4.344705,-0.832411,1.777433,4.346677,-0.884083,1.774280,4.344989,-0.871266,1.768333,0.059495,0.009345,0.019496,0.006192,0.024955,0.000246
78.805000,SAMPLE,2,4.324312,-0.870880,1.758992,4.340797,-0.813312,1.767959,4.344007,-0.865977,1.768898,4.341227,-0.852323,1.759703,0.059881,0.008967,0.020295,0.009906,0.025109,0.000711
78.900000,SAMPLE,2,4.320925,-0.852651,1.749898,4.337850,-0.798261,1.760380,4.339814,-0.846959,1.759369,4.338298,-0.837109,1.752416,0.056962,0.010482,0.019727,0.009472,0.023310,0.002519
78.999000,SAMPLE,2,4.317675,-0.834347,1.742713,4.334474,-0.780313,1.753406,4.335884,-0.827027,1.749956,4.334924,-0.818869,1.746006,0.056586,0.010694,0.019626,0.007244,0.023176,0.003294
79.098000,SAMPLE,2,4.314831,-0.817573,1.734565,4.331068,-0.761353,1.743933,4.332481,-0.811300,1.742955,4.331476,-0.799749,1.736675,0.058518,0.009367,0.018732,0.008390,0.024388,0.002110
79.190000,SAMPLE,2,4.311906,-0.799374,1.725565,4.327840,-0.742373,1.734459,4.329588,-0.791329,1.733673,4.328302,-0.780757,1.727352,0.059186,0.008894,0.019427,0.008108,0.024808,0.001787
79.270000,SAMPLE,2,4.309533,-0.783758,1.717418,4.325522,-0.728001,1.726880,4.327271,-0.771391,1.724112,4.326084,-0.766156,1.719875,0.058004,0.009462,0.021624,0.006694,0.024162,0.002457
79.369000,SAMPLE,2,4.306732,-0.764154,1.707714,4.322628,-0.709021,1.717406,4.324735,-0.753019,1.714684,4.323282,-0.746418,1.710100,0.057379,0.009692,0.021168,0.006970,0.024258,0.002386
79.468000,SAMPLE,2,4.304626,-0.748422,1.700630,4.319984,-0.690535,1.709233,4.320771,-0.733679,1.704735,4.320650,-0.727803,1.701680,0.059889,0.008603,0.021864,0.004105,0.026113,0.001050
79.555000,SAMPLE,2,4.302364,-0.730829,1.696094,4.317989,-0.676040,1.705641,4.318758,-0.715545,1.698705,4.318692,-0.712997,1.698523,0.056973,0.009547,0.022413,0.002611,0.024178,0.002429
79.645000,SAMPLE,2,4.300242,-0.713438,1.688020,4.315423,-0.656492,1.696535,4.317640,-0.695357,1.691421,4.316367,-0.693280,1.689562,0.058935,0.008515,0.025093,0.003401,0.025814,0.001541
79.740000,SAMPLE,2,4.298117,-0.694884,1.682689,4.313563,-0.641449,1.692025,4.317640,-0.695357,1.691421,4.314610,-0.678224,1.683983,0.055623,0.009336,0.019529,0.008732,0.023443,0.001294
79.837000,SAMPLE,2,4.296069,-0.676368,1.678186,4.311343,-0.622971,1.688067,4.311484,-0.658786,1.679829,4.312409,-0.659530,1.679646,0.055539,0.009881,0.023383,0.001643,0.023463,0.001459
79.925000,SAMPLE,2,4.294470,-0.661056,1.671772,4.309114,-0.603340,1.680164,4.311484,-0.658786,1.679829,4.310220,-0.639825,1.671736,0.059545,0.008393,0.017165,0.008058,0.026435,0.000036
80.024000,SAMPLE,2,4.292626,-0.642508,1.668237,4.307113,-0.584805,1.676730,4.309324,-0.638641,1.671438,4.308275,-0.621229,1.668261,0.059493,0.008493,0.017140,0.003201,0.026413,0.000024
80.120000,SAMPLE,2,4.290731,-0.622778,1.664016,4.305486,-0.569311,1.673754,4.307845,-0.619685,1.667812,4.306729,-0.605538,1.664650,0.055465,0.009737,0.017392,0.003795,0.023519,0.000634
80.214000,SAMPLE,2,4.289070,-0.604500,1.659746,4.303558,-0.550082,1.668796,4.306494,-0.600238,1.664270,4.304973,-0.586179,1.659729,0.056314,0.009050,0.017938,0.004524,0.024260,0.000017
80.302000,SAMPLE,2,4.287528,-0.586919,1.656778,4.301755,-0.531442,1.665638,4.304359,-0.580148,1.659391,4.303297,-0.567268,1.656627,0.057272,0.008860,0.018142,0.002613,0.025196,0.000151
80.392000,SAMPLE,2,4.286048,-0.569112,1.649678,4.300307,-0.515762,1.659409,4.302502,-0.562040,1.656197,4.301902,-0.551251,1.650066,0.055223,0.009731,0.017909,0.006519,0.023882,0.000389
80.492000,SAMPLE,2,4.284787,-0.552592,1.645196,4.298669,-0.496600,1.653875,4.300556,-0.543740,1.648263,4.300334,-0.532181,1.644235,0.057687,0.008679,0.018084,0.003067,0.025657,0.000961
80.571000,SAMPLE,2,4.283636,-0.536873,1.642480,4.297477,-0.482059,1.651348,4.299749,-0.524327,1.643304,4.299296,-0.518066,1.641898,0.056535,0.008868,0.020422,0.000824,0.024474,0.000583
80.669000,SAMPLE,2,4.282306,-0.517955,1.639417,4.295941,-0.462646,1.648191,4.299148,-0.504950,1.640325,4.298006,-0.498350,1.638797,0.056964,0.008773,0.021279,0.000907,0.025117,0.000620
80.764000,SAMPLE,2,4.281014,-0.498714,1.636259,4.294486,-0.443491,1.645033,4.295850,-0.484697,1.637158,4.296582,-0.479438,1.635816,0.056843,0.008773,0.020411,0.000899,0.024778,0.000443
80.863000,SAMPLE,2,4.279830,-0.480213,1.633038,4.293171,-0.425433,1.641875,4.296290,-0.466037,1.634142,4.295475,-0.461078,1.632697,0.056381,0.008837,0.021723,0.001104,0.024716,0.000341
80.962000,SAMPLE,2,4.278803,-0.463380,1.630322,4.291810,-0.405881,1.638717,4.294946,-0.448420,1.630927,4.294285,-0.440909,1.629446,0.058953,0.008394,0.022008,0.000605,0.027288,0.000876
81.059000,SAMPLE,2,4.277696,-0.444306,1.627165,4.290798,-0.390725,1.636191,4.293332,-0.428386,1.627972,4.293375,-0.425699,1.627001,0.055160,0.009026,0.022314,0.000807,0.024332,0.000164
81.158000,SAMPLE,2,4.276677,-0.425724,1.623975,4.289637,-0.372551,1.633033,4.292207,-0.411773,1.625375,4.292315,-0.407455,1.624016,0.054730,0.009058,0.020877,0.001400,0.024048,0.000041
81.252000,SAMPLE,2,4.275685,-0.406552,1.620912,4.288438,-0.352798,1.629875,4.289945,-0.390041,1.622160,4.291287,-0.387693,1.620858,0.055245,0.008963,0.021817,0.001248,0.024476,0.000054
81.350000,SAMPLE,2,4.274769,-0.387688,1.617722,4.287363,-0.334135,1.626717,4.289738,-0.371332,1.618131,4.290126,-0.369160,1.617876,0.055015,0.008994,0.022173,0.000408,0.024066,0.000153
81.435000,SAMPLE,2,4.274091,-0.372889,1.615322,4.286519,-0.318705,1.624191,4.288616,-0.351992,1.614598,4.289408,-0.353597,1.615349,0.055591,0.008868,0.025449,0.000725,0.024632,0.000027
81.528000,SAMPLE,2,4.273334,-0.355342,1.612449,4.285523,-0.299499,1.621033,4.287137,-0.332287,1.611512,4.288330,-0.333598,1.611842,0.057158,0.008584,0.026871,0.000937,0.026414,0.000607
81.619000,SAMPLE,2,4.272635,-0.337969,1.609449,4.284809,-0.284948,1.618506,4.287137,-0.332287,1.611512,4.287747,-0.319083,1.609316,0.054401,0.009058,0.015575,0.002063,0.024188,0.000133
81.719000,SAMPLE,2,4.271899,-0.318099,1.606228,4.283922,-0.265706,1.615348,4.287062,-0.314054,1.609334,4.286953,-0.299556,1.606284,0.053755,0.009121,0.015693,0.003106,0.023884,0.000056
81.816000,SAMPLE,2,4.271252,-0.299026,1.603101,4.283092,-0.246408,1.612191,4.288175,-0.294529,1.606576,4.286456,-0.280653,1.603426,0.053934,0.009089,0.017510,0.003474,0.023849,0.000324
81.910000,SAMPLE,2,4.270684,-0.280573,1.600007,4.282347,-0.227707,1.609033,4.287083,-0.275512,1.603417,4.285952,-0.261807,1.600382,0.054138,0.009026,0.017162,0.003410,0.024192,0.000375
82.008000,SAMPLE,2,4.270218,-0.263885,1.597354,4.281623,-0.207973,1.605875,4.285662,-0.257153,1.600209,4.285362,-0.241570,1.597193,0.057063,0.008521,0.016847,0.002854,0.026968,0.000161
82.100000,SAMPLE,2,4.269752,-0.245260,1.594259,4.281110,-0.192823,1.603348,4.285565,-0.237864,1.597003,4.285007,-0.226427,1.594750,0.053653,0.009089,0.017457,0.002744,0.024236,0.000490
82.187000,SAMPLE,2,4.269389,-0.228852,1.591481,4.280532,-0.174159,1.600191,4.285171,-0.217871,1.594009,4.284619,-0.207685,1.591690,0.055817,0.008710,0.019226,0.002528,0.026077,0.000209
82.283000,SAMPLE,2,4.269007,-0.208876,1.588291,4.279984,-0.154472,1.597033,4.284103,-0.197344,1.590350,4.284194,-0.188290,1.588642,0.055501,0.008741,0.018997,0.002059,0.025582,0.000351
82.371000,SAMPLE,2,4.268737,-0.192105,1.585449,4.279612,-0.139571,1.594506,4.284890,-0.180247,1.587693,4.283943,-0.173429,1.586116,0.053647,0.009057,0.020038,0.002244,0.024083,0.000667
82.468000,SAMPLE,2,4.268529,-0.176454,1.582765,4.279204,-0.121133,1.591348,4.283968,-0.161194,1.584604,4.283786,-0.155429,1.583282,0.056341,0.008583,0.021707,0.001839,0.025977,0.000517
82.567000,SAMPLE,2,4.268317,-0.156042,1.579513,4.278830,-0.101432,1.588191,4.281194,-0.142983,1.580635,4.283285,-0.135757,1.579993,0.055613,0.008678,0.018340,0.001122,0.025210,0.000480
82.658000,SAMPLE,2,4.268189,-0.138446,1.576544,4.278588,-0.086444,1.585664,4.283241,-0.122159,1.577219,4.283177,-0.120547,1.577301,0.053031,0.009120,0.022177,0.000675,0.023345,0.000757
82.747000,SAMPLE,2,4.268111,-0.120061,1.573576,4.278332,-0.067120,1.582506,4.283559,-0.103495,1.574835,4.283130,-0.100869,1.574153,0.053919,0.008930,0.022651,0.001259,0.024371,0.000577
82.844000,SAMPLE,2,4.268087,-0.104083,1.570955,4.278137,-0.047931,1.579348,4.283443,-0.083100,1.572085,4.283132,-0.080994,1.570962,0.057044,0.008393,0.026002,0.001130,0.027557,0.000007
82.939000,SAMPLE,2,4.268111,-0.086336,1.567892,4.278031,-0.033426,1.576822,4.281086,-0.065720,1.567832,4.283143,-0.066510,1.568436,0.053832,0.008930,0.024360,0.000060,0.024880,0.000544
83.032000,SAMPLE,2,4.268195,-0.067540,1.564829,4.277947,-0.014163,1.573664,4.283392,-0.047195,1.564219,4.282976,-0.047048,1.565170,0.054260,0.008835,0.025394,0.000610,0.025267,0.000341
83.132000,SAMPLE,2,4.268343,-0.047865,1.561608,4.277921,0.005079,1.570506,4.283392,-0.047195,1.564219,4.283171,-0.027908,1.561829,0.053804,0.008898,0.015064,0.002611,0.024863,0.000221
83.223000,SAMPLE,2,4.268536,-0.029880,1.558577,4.277957,0.023784,1.567348,4.283058,-0.027771,1.561739,4.283338,-0.009615,1.558778,0.054485,0.008772,0.014675,0.003162,0.025095,0.000201
83.324000,SAMPLE,2,4.268822,-0.009217,1.555324,4.278057,0.043784,1.564191,4.286277,0.012567,1.556530,4.283672,0.010038,1.556008,0.053799,0.008866,0.027914,0.001206,0.024316,0.000684
83.422000,SAMPLE,2,4.269093,0.006931,1.552640,4.278211,0.062604,1.561033,4.286277,0.012567,1.556530,4.284273,0.029049,1.552939,0.056415,0.008393,0.018085,0.003890,0.026827,0.000299
83.520000,SAMPLE,2,4.269468,0.025875,1.549388,4.278372,0.077172,1.558506,4.282729,0.047621,1.548659,4.284411,0.043360,1.550293,0.052063,0.009119,0.025470,0.000728,0.023000,0.000906
83.613000,SAMPLE,2,4.269889,0.044287,1.546451,4.278646,0.096959,1.555348,4.282729,0.047621,1.548659,4.284668,0.063635,1.546846,0.053395,0.008898,0.013266,0.002209,0.024347,0.000396
83.703000,SAMPLE,2,4.270359,0.062480,1.543388,4.278964,0.115662,1.552191,4.285548,0.067470,1.545886,4.285219,0.081850,1.543745,0.053873,0.008803,0.015988,0.002498,0.024414,0.000357
83.784000,SAMPLE,2,4.270825,0.078800,1.541746,4.279274,0.131364,1.550548,4.286510,0.087509,1.543105,4.285820,0.098329,1.541730,0.053239,0.008803,0.017941,0.001360,0.024621,0.000016
83.881000,SAMPLE,2,4.271301,0.095183,1.541746,4.279671,0.151002,1.550548,4.286958,0.106259,1.542139,4.286492,0.117892,1.541805,0.056443,0.008803,0.019178,0.000393,0.027321,0.000059
83.979000,SAMPLE,2,4.271835,0.113566,1.541746,4.279965,0.165483,1.550548,4.287186,0.127207,1.541908,4.286967,0.132569,1.541823,0.052550,0.008803,0.020536,0.000162,0.024291,0.000077
84.078000,SAMPLE,2,4.272411,0.133377,1.541745,4.280355,0.184764,1.550548,4.287758,0.144810,1.541803,4.287584,0.152071,1.541817,0.051997,0.008803,0.019137,0.000058,0.024076,0.000072
84.175000,SAMPLE,2,4.272969,0.152569,1.541745,4.280746,0.204054,1.550548,4.288906,0.164956,1.540664,4.288260,0.170976,1.541588,0.052069,0.008803,0.020184,0.001082,0.023929,0.000157
84.275000,SAMPLE,2,4.273525,0.171687,1.541745,4.281123,0.222693,1.550548,4.288665,0.182580,1.541071,4.288805,0.189161,1.541488,0.051568,0.008803,0.018651,0.000674,0.023212,0.000257
84.375000,SAMPLE,2,4.274113,0.191931,1.541745,4.281524,0.242489,1.550548,4.288637,0.201449,1.541133,4.289343,0.209436,1.541425,0.051098,0.008803,0.017365,0.000612,0.023202,0.000320
84.475000,SAMPLE,2,4.274576,0.207841,1.541745,4.281904,0.261232,1.550548,4.288745,0.221768,1.540935,4.289788,0.228279,1.541336,0.053891,0.008803,0.019868,0.000810,0.025478,0.000409
84.569000,SAMPLE,2,4.275103,0.225980,1.541745,4.282276,0.279607,1.550548,4.290403,0.240568,1.542107,4.290345,0.246454,1.541486,0.054105,0.008803,0.021140,0.000362,0.025525,0.000259
84.668000,SAMPLE,2,4.275671,0.245519,1.541745,4.282675,0.299319,1.550548,4.291307,0.259125,1.542109,4.290986,0.266168,1.541601,0.054254,0.008803,0.020728,0.000364,0.025709,0.000145
84.766000,SAMPLE,2,4.276219,0.264396,1.541745,4.283053,0.317989,1.550548,4.292036,0.279677,1.541735,4.291624,0.285457,1.541623,0.054027,0.008803,0.021992,0.000010,0.026093,0.000122
84.863000,SAMPLE,2,4.276774,0.283471,1.541745,4.283449,0.337522,1.550548,4.292258,0.297589,1.541716,4.292242,0.305558,1.541639,0.054461,0.008804,0.020954,0.000029,0.026965,0.000106
84.959000,SAMPLE,2,4.277320,0.302273,1.541745,4.283760,0.352876,1.550548,4.292004,0.319259,1.541448,4.292623,0.321155,1.541605,0.051011,0.008804,0.022453,0.000297,0.024304,0.000140
85.059000,SAMPLE,2,4.277886,0.321728,1.541745,4.284135,0.371399,1.550548,4.292290,0.336345,1.541224,4.293079,0.339827,1.541535,0.050063,0.008804,0.020521,0.000521,0.023631,0.000210
85.157000,SAMPLE,2,4.278368,0.338321,1.541745,4.284536,0.391216,1.550548,4.292952,0.354763,1.541108,4.293592,0.359482,1.541455,0.053253,0.008804,0.021978,0.000637,0.026068,0.000289
85.255000,SAMPLE,2,4.278923,0.357398,1.541745,4.284916,0.409960,1.550548,4.294556,0.374071,1.540922,4.294209,0.378144,1.541352,0.052902,0.008804,0.022856,0.000822,0.025770,0.000393
85.349000,SAMPLE,2,4.279454,0.375684,1.541745,4.285289,0.428377,1.550548,4.294925,0.391901,1.540935,4.294793,0.396571,1.541271,0.053015,0.008804,0.022413,0.000809,0.025915,0.000473
85.448000,SAMPLE,2,4.280032,0.395570,1.541745,4.285688,0.448110,1.550548,4.295265,0.412917,1.541142,4.295376,0.416301,1.541247,0.052843,0.008804,0.023085,0.000603,0.025792,0.000498
85.547000,SAMPLE,2,4.280583,0.414542,1.541745,4.286066,0.466769,1.550548,4.296330,0.432485,1.541715,4.295925,0.434883,1.541247,0.052514,0.008804,0.023873,0.000029,0.025478,0.000498
85.645000,SAMPLE,2,4.281049,0.430565,1.541744,4.286461,0.486281,1.550548,4.296892,0.448835,1.541951,4.296595,0.454005,1.541450,0.055977,0.008804,0.024182,0.000206,0.028126,0.000294
85.743000,SAMPLE,2,4.281610,0.449852,1.541744,4.286849,0.505445,1.550548,4.296892,0.448835,1.541951,4.297157,0.473155,1.541450,0.055839,0.008804,0.015316,0.000206,0.028013,0.000294
85.840000,SAMPLE,2,4.282139,0.468056,1.541744,4.287215,0.523526,1.550548,4.298271,0.486962,1.540926,4.297578,0.487243,1.541413,0.055702,0.008804,0.024854,0.000818,0.024628,0.000331
85.939000,SAMPLE,2,4.282703,0.487467,1.541744,4.287533,0.539207,1.550548,4.298481,0.506722,1.540671,4.298236,0.506570,1.541320,0.051964,0.008804,0.024894,0.001073,0.024620,0.000425
86.031000,SAMPLE,2,4.283226,0.505461,1.541744,4.287919,0.558266,1.550548,4.299351,0.526350,1.540494,4.298832,0.525548,1.541197,0.053013,0.008804,0.026389,0.001250,0.025437,0.000547
86.131000,SAMPLE,2,4.283774,0.524283,1.541744,4.288291,0.576641,1.550548,4.299321,0.543636,1.540516,4.299453,0.544488,1.540963,0.052553,0.008804,0.024825,0.001228,0.025576,0.000781
86.211000,SAMPLE,2,4.284253,0.540781,1.541744,4.288611,0.592438,1.550548,4.299321,0.543636,1.540516,4.299924,0.560271,1.540963,0.051840,0.008804,0.015336,0.001228,0.025009,0.000781
86.312000,SAMPLE,2,4.284721,0.556881,1.541744,4.288990,0.611139,1.550548,4.299697,0.562625,1.540066,4.300437,0.578302,1.540788,0.054426,0.008804,0.016040,0.001678,0.026568,0.000956
86.405000,SAMPLE,2,4.285263,0.575535,1.541744,4.289362,0.629515,1.550548,4.300052,0.581204,1.539926,4.300943,0.596655,1.540627,0.054135,0.008805,0.015838,0.001818,0.026305,0.001117
86.495000,SAMPLE,2,4.285774,0.593096,1.541744,4.289682,0.645343,1.550548,4.300256,0.599430,1.539833,4.301349,0.612759,1.540484,0.052393,0.008805,0.015807,0.001910,0.025084,0.001260
86.583000,SAMPLE,2,4.286273,0.610268,1.541744,4.290060,0.664013,1.550548,4.300565,0.620043,1.540121,4.301796,0.631326,1.540418,0.053878,0.008805,0.017315,0.001623,0.026161,0.001325
86.671000,SAMPLE,2,4.286779,0.627691,1.541744,4.290378,0.679694,1.550548,4.300748,0.638796,1.540653,4.302102,0.646584,1.540469,0.052127,0.008805,0.017845,0.001090,0.024325,0.001274
86.752000,SAMPLE,2,4.287186,0.641676,1.541744,4.290697,0.695459,1.550549,4.301626,0.658109,1.540480,4.302480,0.662274,1.540474,0.053898,0.008805,0.021876,0.001264,0.025655,0.001270
86.852000,SAMPLE,2,4.287746,0.660942,1.541744,4.291076,0.714171,1.550549,4.302260,0.677550,1.540529,4.302965,0.680980,1.540487,0.053333,0.008805,0.022056,0.001215,0.025162,0.001257
86.951000,SAMPLE,2,4.288308,0.680338,1.542533,4.291467,0.733577,1.551307,4.303570,0.696270,1.540824,4.303571,0.700516,1.541182,0.053333,0.008773,0.022062,0.001709,0.025301,0.001351
87.032000,SAMPLE,2,4.288764,0.696857,1.543276,4.291758,0.748985,1.552064,4.303570,0.696270,1.540824,4.304014,0.715878,1.542445,0.052214,0.008789,0.014817,0.002451,0.024379,0.000831
87.131000,SAMPLE,2,4.289292,0.716019,1.543276,4.292108,0.767687,1.552064,4.305444,0.735611,1.542862,4.304618,0.734082,1.542525,0.051745,0.008789,0.025392,0.000413,0.023689,0.000750
87.223000,SAMPLE,2,4.289699,0.731221,1.545178,4.292455,0.787137,1.554401,4.305444,0.735611,1.542862,4.305257,0.753834,1.544480,0.055983,0.009223,0.016346,0.002316,0.027448,0.000698
87.318000,SAMPLE,2,4.290172,0.750281,1.546163,4.292699,0.802493,1.555001,4.305468,0.754499,1.544558,4.305678,0.769255,1.545126,0.052272,0.008838,0.015867,0.001605,0.024504,0.001038
87.417000,SAMPLE,2,4.290633,0.768992,1.546163,4.292987,0.820743,1.555001,4.305395,0.772269,1.546016,4.306076,0.786903,1.545300,0.051804,0.008838,0.015121,0.000148,0.023649,0.000863
87.514000,SAMPLE,2,4.291111,0.788396,1.546163,4.293289,0.839867,1.555001,4.305613,0.792420,1.545288,4.306488,0.805906,1.545300,0.051517,0.008838,0.015049,0.000875,0.023303,0.000863
87.611000,SAMPLE,2,4.291565,0.806802,1.546163,4.293585,0.858570,1.555001,4.305949,0.810711,1.545300,4.306889,0.824693,1.545302,0.051808,0.008838,0.014906,0.000863,0.023557,0.000861
87.710000,SAMPLE,2,4.291943,0.822180,1.546676,4.293873,0.876968,1.555759,4.307383,0.830719,1.544253,4.307411,0.843035,1.545730,0.054821,0.009083,0.017643,0.002423,0.025965,0.000946
87.806000,SAMPLE,2,4.292377,0.841357,1.549240,4.294141,0.896703,1.558128,4.307718,0.849601,1.545166,4.307922,0.863468,1.548154,0.055374,0.008887,0.017415,0.004074,0.027028,0.001086
87.906000,SAMPLE,2,4.292793,0.860638,1.549240,4.294378,0.915354,1.558128,4.307431,0.868118,1.548047,4.308263,0.881678,1.548136,0.054739,0.008887,0.016439,0.001193,0.026116,0.001105
88.006000,SAMPLE,2,4.293218,0.880417,1.549998,4.294623,0.934889,1.559012,4.307311,0.884432,1.549087,4.308557,0.900672,1.549586,0.054490,0.009014,0.014654,0.000911,0.025408,0.000412
88.104000,SAMPLE,2,4.293608,0.899800,1.550804,4.294837,0.954056,1.559675,4.309092,0.909571,1.549297,4.308992,0.919018,1.550029,0.054270,0.008871,0.018309,0.001507,0.024617,0.000775
88.198000,SAMPLE,2,4.293959,0.917387,1.550804,4.294999,0.968571,1.559675,4.309195,0.926679,1.549985,4.309308,0.933972,1.550021,0.051194,0.008871,0.017845,0.000819,0.022597,0.000783
88.294000,SAMPLE,2,4.294344,0.936614,1.550804,4.295214,0.987917,1.559675,4.309564,0.944580,1.550060,4.309725,0.953863,1.550028,0.051311,0.008871,0.017178,0.000744,0.023111,0.000776
88.385000,SAMPLE,2,4.294647,0.951748,1.550804,4.295428,1.007158,1.559675,4.309910,0.963579,1.549758,4.310129,0.973243,1.549978,0.055416,0.008871,0.019312,0.001046,0.026490,0.000826
88.484000,SAMPLE,2,4.295029,0.970946,1.551474,4.295633,1.025884,1.560591,4.310501,0.982276,1.549779,4.310559,0.992747,1.550573,0.054941,0.009117,0.019176,0.001695,0.026766,0.000901
88.582000,SAMPLE,2,4.295384,0.990833,1.553881,4.295806,1.045567,1.562801,4.310939,1.001395,1.551540,4.310960,1.012399,1.553042,0.054736,0.008921,0.018802,0.002341,0.026602,0.000839
88.662000,SAMPLE,2,4.295613,1.004337,1.553881,4.295925,1.060451,1.562801,4.311813,1.020357,1.553149,4.311307,1.027263,1.553060,0.056114,0.008921,0.022784,0.000732,0.027783,0.000821
88.749000,SAMPLE,2,4.295886,1.020470,1.553880,4.296044,1.075271,1.562801,4.312129,1.038534,1.553021,4.311647,1.042209,1.553050,0.054801,0.008921,0.024293,0.000860,0.026851,0.000830
88.849000,SAMPLE,2,4.296230,1.040815,1.553880,4.296201,1.094997,1.562801,4.313196,1.057754,1.553279,4.311996,1.061869,1.553050,0.054182,0.008921,0.023975,0.000601,0.026303,0.000830
88.933000,SAMPLE,2,4.296505,1.057056,1.553880,4.296321,1.109965,1.562801,4.313196,1.057754,1.553279,4.312404,1.076316,1.553090,0.052910,0.008921,0.016706,0.000601,0.024975,0.000790
89.028000,SAMPLE,2,4.296808,1.074968,1.553880,4.296468,1.128385,1.562801,4.312606,1.095935,1.553245,4.312736,1.095713,1.553161,0.053419,0.008921,0.026253,0.000635,0.026155,0.000719
89.126000,SAMPLE,2,4.297141,1.094638,1.553880,4.296626,1.148079,1.562801,4.313192,1.116242,1.553486,4.313099,1.115859,1.553221,0.053444,0.008921,0.026914,0.000394,0.026552,0.000659
89.220000,SAMPLE,2,4.297443,1.112521,1.553880,4.296746,1.163121,1.562801,4.313192,1.116242,1.553486,4.313361,1.130804,1.553221,0.050605,0.008921,0.016182,0.000394,0.024242,0.000659
89.309000,SAMPLE,2,4.297695,1.128105,1.555813,4.296887,1.182384,1.564854,4.313361,1.135041,1.553323,4.313685,1.150248,1.555136,0.054284,0.009041,0.017133,0.002490,0.027313,0.000678
89.407000,SAMPLE,2,4.297964,1.146931,1.556641,4.296988,1.201583,1.565612,4.314077,1.154327,1.555429,4.314019,1.169414,1.555701,0.054662,0.008971,0.017729,0.001212,0.027627,0.000940
89.505000,SAMPLE,2,4.298226,1.165445,1.556641,4.297082,1.219699,1.565612,4.314729,1.173962,1.556187,4.314365,1.187607,1.555792,0.054266,0.008971,0.018571,0.000454,0.027415,0.000849
89.602000,SAMPLE,2,4.298503,1.184990,1.556641,4.297184,1.239299,1.565612,4.314658,1.191912,1.556139,4.314689,1.207728,1.555855,0.054325,0.008971,0.017575,0.000502,0.027911,0.000786
89.688000,SAMPLE,2,4.298744,1.202019,1.556641,4.297263,1.254604,1.565612,4.314907,1.211535,1.556289,4.314930,1.222961,1.555938,0.052605,0.008971,0.018756,0.000352,0.026467,0.000703
89.782000,SAMPLE,2,4.298951,1.216661,1.556641,4.297357,1.272719,1.565612,4.314919,1.230560,1.556502,4.315178,1.241092,1.556046,0.056081,0.008971,0.021169,0.000138,0.029329,0.000594
89.880000,SAMPLE,2,4.299226,1.236037,1.556640,4.297438,1.288361,1.565612,4.316367,1.246947,1.555350,4.315542,1.256083,1.555905,0.052355,0.008971,0.020319,0.001290,0.025847,0.000735
89.976000,SAMPLE,2,4.299489,1.254636,1.556640,4.297537,1.307487,1.565612,4.316298,1.267131,1.555596,4.315898,1.275077,1.555845,0.052888,0.008971,0.020945,0.001044,0.026213,0.000795
90.054000,SAMPLE,2,4.299710,1.270037,1.555426,4.297615,1.322161,1.564762,4.316531,1.285463,1.555594,4.316178,1.289771,1.554796,0.052166,0.009336,0.022824,0.000168,0.025702,0.000630
90.153000,SAMPLE,2,4.300095,1.290244,1.548278,4.297802,1.341939,1.557680,4.316764,1.304580,1.550499,4.316568,1.309397,1.548224,0.051745,0.009402,0.021986,0.002221,0.025263,0.000054
90.253000,SAMPLE,2,4.300513,1.306489,1.541031,4.298113,1.360662,1.549657,4.316764,1.304580,1.550499,4.317035,1.328107,1.540750,0.054226,0.008626,0.016363,0.009468,0.027209,0.000280
90.350000,SAMPLE,2,4.301152,1.324972,1.531557,4.298590,1.379035,1.540183,4.318861,1.342811,1.534493,4.317714,1.346166,1.531989,0.054124,0.008626,0.025136,0.002936,0.026898,0.000432
90.449000,SAMPLE,2,4.302016,1.345205,1.525865,4.299259,1.398750,1.534751,4.318861,1.342811,1.534493,4.318642,1.365408,1.526257,0.053616,0.008886,0.017015,0.008628,0.026165,0.000392
90.549000,SAMPLE,2,4.302904,1.364292,1.522644,4.299961,1.417411,1.531593,4.321150,1.360862,1.527228,4.319783,1.383453,1.523276,0.053200,0.008949,0.018566,0.004584,0.025536,0.000632
90.646000,SAMPLE,2,4.303888,1.384036,1.519455,4.300756,1.436889,1.528435,4.321946,1.400527,1.519931,4.321056,1.402881,1.519953,0.052946,0.008981,0.024456,0.000476,0.025493,0.000498
90.740000,SAMPLE,2,4.304862,1.402460,1.516423,4.301427,1.452253,1.525909,4.323715,1.419804,1.516587,4.321851,1.418229,1.517426,0.049912,0.009486,0.025618,0.000164,0.023179,0.001003
90.820000,SAMPLE,2,4.305558,1.415001,1.514244,4.302274,1.470486,1.522751,4.324255,1.437847,1.513374,4.323248,1.437133,1.513854,0.055583,0.008507,0.029522,0.000871,0.028333,0.000390
90.915000,SAMPLE,2,4.306664,1.434008,1.511149,4.303046,1.486130,1.520225,4.324255,1.437847,1.513374,4.324159,1.452854,1.511328,0.052248,0.009076,0.018005,0.002224,0.025714,0.000179
91.011000,SAMPLE,2,4.307855,1.453436,1.507960,4.304050,1.505367,1.517067,4.324821,1.456095,1.510653,4.325372,1.471888,1.508160,0.052071,0.009107,0.017173,0.002693,0.025443,0.000200
91.105000,SAMPLE,2,4.309017,1.471448,1.504928,4.305086,1.524076,1.513909,4.326346,1.475370,1.507141,4.326639,1.490286,1.505047,0.052774,0.008981,0.017768,0.002212,0.025796,0.000119
91.198000,SAMPLE,2,4.310069,1.487105,1.502434,4.306008,1.539901,1.511383,4.328219,1.494570,1.503996,4.327852,1.506074,1.502438,0.052953,0.008949,0.019625,0.001562,0.026002,0.000004
91.290000,SAMPLE,2,4.311326,1.505091,1.500018,4.307146,1.558572,1.508951,4.329575,1.515243,1.501040,4.329295,1.524893,1.499882,0.053644,0.008933,0.020883,0.001021,0.026739,0.000136
91.388000,SAMPLE,2,4.312644,1.523455,1.497745,4.308303,1.576978,1.506583,4.330685,1.533514,1.499050,4.330733,1.543589,1.497315,0.053698,0.008838,0.020655,0.001306,0.027066,0.000430
91.485000,SAMPLE,2,4.314183,1.543710,1.492105,4.309643,1.596933,1.500975,4.332984,1.551425,1.496091,4.332383,1.563034,1.491672,0.053417,0.008870,0.020323,0.003986,0.026545,0.000433
91.572000,SAMPLE,2,4.315500,1.560286,1.491395,4.310708,1.612032,1.500343,4.334360,1.571196,1.491100,4.333710,1.577700,1.490537,0.051967,0.008948,0.021788,0.000295,0.025196,0.000858
91.660000,SAMPLE,2,4.316877,1.577550,1.490433,4.311735,1.626585,1.499933,4.334874,1.591304,1.490899,4.334923,1.592731,1.490604,0.049304,0.009500,0.022650,0.000466,0.023582,0.000171
91.753000,SAMPLE,2,4.318153,1.593148,1.487938,4.313166,1.646312,1.496775,4.336111,1.609587,1.488534,4.336559,1.612998,1.487415,0.053398,0.008837,0.024346,0.000596,0.027070,0.000523
91.839000,SAMPLE,2,4.319542,1.609609,1.485159,4.314295,1.661281,1.494249,4.338579,1.628978,1.484606,4.337817,1.627892,1.484889,0.051937,0.009089,0.027158,0.000553,0.025850,0.000270
91.938000,SAMPLE,2,4.321163,1.628118,1.481957,4.315717,1.679435,1.491091,4.340807,1.646273,1.481170,4.339507,1.646267,1.481675,0.051605,0.009134,0.026749,0.000787,0.025804,0.000282
92.035000,SAMPLE,2,4.322935,1.647831,1.480393,4.317314,1.699203,1.489512,4.343027,1.666121,1.479477,4.341679,1.666431,1.480152,0.051678,0.009119,0.027170,0.000916,0.026406,0.000241
92.124000,SAMPLE,2,4.324490,1.664714,1.477456,4.318822,1.717361,1.486354,4.343027,1.666121,1.479477,4.343343,1.684481,1.476995,0.052951,0.008898,0.018591,0.002020,0.027316,0.000462
92.208000,SAMPLE,2,4.326089,1.681503,1.473541,4.320160,1.732904,1.482928,4.344417,1.684436,1.476278,4.344959,1.700025,1.474327,0.051741,0.009387,0.018561,0.002737,0.026441,0.000786
92.308000,SAMPLE,2,4.327840,1.698775,1.465536,4.321977,1.752546,1.473770,4.346186,1.704893,1.471844,4.346963,1.719215,1.465319,0.054090,0.008234,0.019339,0.006308,0.027991,0.000216
92.398000,SAMPLE,2,4.329755,1.716316,1.458769,4.323429,1.767042,1.468541,4.348298,1.724325,1.462580,4.348710,1.734247,1.460237,0.051119,0.009772,0.020199,0.003812,0.026093,0.001469
92.491000,SAMPLE,2,4.331856,1.734270,1.450053,4.325495,1.786257,1.459067,4.350457,1.742809,1.455604,4.351055,1.753746,1.450600,0.052375,0.009014,0.020467,0.005551,0.027348,0.000547
92.591000,SAMPLE,2,4.334424,1.754620,1.440295,4.327790,1.805881,1.449593,4.353474,1.762469,1.445886,4.353679,1.773412,1.440945,0.051689,0.009298,0.020604,0.005591,0.026906,0.000650
92.677000,SAMPLE,2,4.336641,1.770996,1.431958,4.329656,1.820733,1.442014,4.354759,1.781274,1.436610,4.355673,1.788269,1.433262,0.050226,0.010056,0.020830,0.004652,0.025702,0.001304
92.772000,SAMPLE,2,4.339414,1.790162,1.422661,4.332233,1.839908,1.432541,4.358842,1.800034,1.427087,4.358532,1.807173,1.424058,0.050262,0.009880,0.021792,0.004426,0.025591,0.001397
92.871000,SAMPLE,2,4.341873,1.806352,1.418242,4.334947,1.858947,1.427033,4.361157,1.817977,1.418534,4.361511,1.826039,1.418499,0.053049,0.008791,0.022517,0.000293,0.027807,0.000257
92.968000,SAMPLE,2,4.344764,1.824963,1.414989,4.337580,1.876934,1.423875,4.364108,1.837561,1.414954,4.364408,1.844012,1.415027,0.052465,0.008886,0.023084,0.000035,0.027363,0.000038
93.064000,SAMPLE,2,4.347730,1.843497,1.408197,4.340495,1.896210,1.416509,4.367561,1.857526,1.410987,4.367564,1.863122,1.407892,0.053207,0.008312,0.024292,0.002790,0.027902,0.000305
93.151000,SAMPLE,2,4.350698,1.861118,1.399481,4.342912,1.911376,1.408930,4.372103,1.877073,1.402507,4.370096,1.878259,1.400313,0.050858,0.009449,0.026697,0.003026,0.025886,0.000832
93.249000,SAMPLE,2,4.354132,1.880444,1.391491,4.346095,1.930321,1.400707,4.374053,1.897512,1.392564,4.373649,1.897092,1.392255,0.050521,0.009215,0.026233,0.001073,0.025653,0.000763
93.348000,SAMPLE,2,4.357210,1.897121,1.383533,4.349556,1.950019,1.391133,4.378409,1.916458,1.385337,4.377525,1.917233,1.382761,0.053449,0.007600,0.028693,0.001804,0.028586,0.000772
93.448000,SAMPLE,2,4.361076,1.916850,1.371111,4.353096,1.968879,1.379159,4.383643,1.935743,1.372511,4.381585,1.936436,1.370153,0.052638,0.008048,0.029432,0.001400,0.028359,0.000958
93.536000,SAMPLE,2,4.364556,1.933579,1.361812,4.355979,1.983374,1.371030,4.383643,1.935743,1.372511,4.384624,1.951071,1.360574,0.050529,0.009218,0.019209,0.010699,0.026621,0.001238
93.637000,SAMPLE,2,4.368873,1.953590,1.354691,4.359974,2.002778,1.364057,4.390128,1.974060,1.352561,4.389439,1.969863,1.352235,0.049986,0.009366,0.029509,0.002129,0.026225,0.002456
93.719000,SAMPLE,2,4.372382,1.969365,1.348930,4.363100,2.017502,1.358578,4.390128,1.974060,1.352561,4.392779,1.984941,1.346716,0.049024,0.009647,0.018357,0.003631,0.025664,0.002214
93.819000,SAMPLE,2,4.376659,1.987958,1.340253,4.367001,2.035312,1.350804,4.398689,1.991294,1.344642,4.397304,2.002290,1.338743,0.048329,0.010551,0.022281,0.004389,0.025132,0.001511
93.917000,SAMPLE,2,4.380526,2.004238,1.335739,4.371401,2.054660,1.344778,4.399303,2.010538,1.339892,4.401753,2.021133,1.333406,0.051241,0.009038,0.019805,0.004153,0.027130,0.002333
94.013000,SAMPLE,2,4.384938,2.022534,1.332613,4.375677,2.073118,1.341620,4.404372,2.027677,1.334028,4.406309,2.039451,1.330598,0.051425,0.009006,0.020103,0.001415,0.027256,0.002015
94.111000,SAMPLE,2,4.389656,2.041889,1.330604,4.380168,2.092294,1.339654,4.411859,2.048926,1.329790,4.411468,2.058895,1.328415,0.051290,0.009050,0.023292,0.000814,0.027658,0.002189
94.212000,SAMPLE,2,4.394673,2.062045,1.322055,4.384822,2.111745,1.331388,4.416387,2.066791,1.327553,4.416787,2.078761,1.319851,0.050667,0.009333,0.022226,0.005498,0.027721,0.002204
94.310000,SAMPLE,2,4.399557,2.080901,1.312392,4.389410,2.130172,1.321914,4.420632,2.087185,1.319056,4.421864,2.097570,1.310575,0.050305,0.009522,0.021993,0.006664,0.027847,0.001817
94.410000,SAMPLE,2,4.404759,2.100301,1.305169,4.394269,2.149008,1.314941,4.426470,2.105541,1.309829,4.427385,2.117004,1.302307,0.049824,0.009772,0.022335,0.004660,0.028124,0.002862
94.506000,SAMPLE,2,4.409010,2.115763,1.299795,4.399198,2.167586,1.307967,4.429947,2.124136,1.302171,4.432545,2.135425,1.295345,0.052744,0.008172,0.022549,0.002376,0.030667,0.004450
94.603000,SAMPLE,2,4.413982,2.133420,1.294706,4.404128,2.185696,1.303993,4.435353,2.141798,1.295110,4.437942,2.153967,1.291177,0.053196,0.009287,0.022955,0.000404,0.031564,0.003530
94.699000,SAMPLE,2,4.419347,2.152313,1.292717,4.408357,2.201127,1.302130,4.441470,2.159867,1.291090,4.442780,2.170019,1.288628,0.050036,0.009413,0.023377,0.001627,0.029371,0.004089
94.791000,SAMPLE,2,4.424517,2.170321,1.289654,4.413510,2.219731,1.298972,4.447299,2.179981,1.289024,4.448417,2.188783,1.285780,0.050622,0.009318,0.024745,0.000630,0.030201,0.003874
94.891000,SAMPLE,2,4.429867,2.188719,1.286419,4.418555,2.237721,1.295814,4.451158,2.197005,1.285912,4.453748,2.206817,1.282886,0.050291,0.009396,0.022846,0.000507,0.029963,0.003532
94.986000,SAMPLE,2,4.435465,2.207654,1.279169,4.424043,2.256954,1.288691,4.458760,2.215244,1.283174,4.459620,2.225622,1.277079,0.050605,0.009522,0.024501,0.004005,0.030105,0.002090
95.080000,SAMPLE,2,4.440847,2.225382,1.272505,4.428367,2.271723,1.283562,4.465510,2.235165,1.274661,4.464521,2.240571,1.271747,0.047992,0.011057,0.026532,0.002156,0.028127,0.000758
95.172000,SAMPLE,2,4.445168,2.239315,1.269057,4.433739,2.289674,1.278417,4.470029,2.253318,1.267506,4.470222,2.258302,1.265815,0.051639,0.009360,0.028533,0.001551,0.031436,0.003243
95.262000,SAMPLE,2,4.450841,2.257493,1.266910,4.439521,2.308819,1.276017,4.476989,2.271346,1.265363,4.476607,2.277565,1.263944,0.052560,0.009107,0.029591,0.001547,0.032661,0.002966
95.357000,SAMPLE,2,4.456522,2.275513,1.263815,4.443995,2.323489,1.273491,4.484652,2.290404,1.261611,4.481787,2.292369,1.261322,0.049585,0.009675,0.031828,0.002204,0.030372,0.002493
95.457000,SAMPLE,2,4.462614,2.294720,1.263991,4.449761,2.342277,1.273370,4.484652,2.290404,1.261611,4.487796,2.311158,1.262164,0.049263,0.009379,0.022456,0.002380,0.030072,0.001827
95.546000,SAMPLE,2,4.468025,2.311799,1.263991,4.455548,2.361157,1.273370,4.493338,2.308772,1.257477,4.494381,2.329149,1.261203,0.050910,0.009379,0.025493,0.006514,0.031553,0.002788
95.645000,SAMPLE,2,4.472832,2.326972,1.263991,4.461009,2.378971,1.273370,4.500108,2.327250,1.259109,4.500613,2.346112,1.260769,0.053326,0.009379,0.027278,0.004882,0.033737,0.003222
95.743000,SAMPLE,2,4.478781,2.345739,1.263976,4.466740,2.397670,1.273370,4.509153,2.364030,1.260825,4.507329,2.365072,1.260823,0.053308,0.009394,0.035455,0.003151,0.034479,0.003152
95.844000,SAMPLE,2,4.484970,2.365191,1.260718,4.472535,2.416471,1.269891,4.516205,2.382980,1.258696,4.513926,2.384450,1.256343,0.052766,0.009173,0.035946,0.002022,0.034776,0.004375
95.940000,SAMPLE,2,4.490690,2.382878,1.255173,4.478094,2.434199,1.264333,4.516205,2.382980,1.258696,4.519695,2.402056,1.251185,0.052845,0.009160,0.025515,0.003523,0.034772,0.003988
96.034000,SAMPLE,2,4.496513,2.400655,1.253596,4.482827,2.449130,1.263322,4.521257,2.401797,1.254051,4.524795,2.416986,1.251105,0.050370,0.009726,0.024770,0.000454,0.032658,0.002492
96.133000,SAMPLE,2,4.502768,2.419608,1.250407,4.488845,2.467982,1.260164,4.527896,2.420814,1.249208,4.531118,2.435301,1.247814,0.050338,0.009757,0.025156,0.001200,0.032404,0.002593
96.232000,SAMPLE,2,4.508999,2.438300,1.248827,4.494734,2.486234,1.258107,4.534244,2.439989,1.245510,4.537486,2.453624,1.245334,0.050012,0.009280,0.025302,0.003317,0.032347,0.003493
96.332000,SAMPLE,2,4.514455,2.454631,1.247911,4.500892,2.505263,1.257449,4.553266,2.476646,1.241939,4.544929,2.472567,1.244516,0.052417,0.009538,0.044620,0.005972,0.035361,0.003395
96.428000,SAMPLE,2,4.520473,2.472650,1.249234,4.506725,2.523301,1.258817,4.553266,2.476646,1.241939,4.551956,2.490841,1.245020,0.052483,0.009584,0.033035,0.007295,0.036360,0.004214
96.524000,SAMPLE,2,4.526281,2.490128,1.250907,4.512397,2.540937,1.260522,4.558856,2.494040,1.243861,4.558648,2.508566,1.246551,0.052672,0.009615,0.032809,0.007046,0.037251,0.004356
96.623000,SAMPLE,2,4.532766,2.509705,1.249752,4.518505,2.559982,1.259272,4.561566,2.511284,1.245653,4.565223,2.527394,1.246147,0.052260,0.009520,0.028843,0.004100,0.036965,0.003605
96.723000,SAMPLE,2,4.537951,2.525226,1.246268,4.524404,2.578187,1.254564,4.567277,2.530362,1.245342,4.571440,2.545409,1.241952,0.054666,0.008297,0.029773,0.000926,0.039101,0.004315
96.819000,SAMPLE,2,4.544080,2.543264,1.242148,4.529019,2.592194,1.251638,4.572184,2.548379,1.243827,4.576038,2.559059,1.239117,0.051195,0.009490,0.028566,0.001679,0.035649,0.003031
96.910000,SAMPLE,2,4.550156,2.561067,1.241080,4.535238,2.611003,1.250699,4.580062,2.565751,1.237950,4.582670,2.577660,1.238227,0.052117,0.009619,0.030271,0.003130,0.036504,0.002853
97.008000,SAMPLE,2,4.556047,2.578235,1.239459,4.541128,2.628723,1.249088,4.593215,2.585427,1.234388,4.589479,2.594443,1.235914,0.052647,0.009629,0.037858,0.005071,0.037154,0.003545
97.094000,SAMPLE,2,4.561710,2.594724,1.240817,4.546018,2.643426,1.250478,4.599732,2.603275,1.232935,4.595779,2.610141,1.237273,0.051167,0.009661,0.038972,0.007882,0.037395,0.003544
97.188000,SAMPLE,2,4.567911,2.612786,1.239853,4.552245,2.662155,1.249422,4.603188,2.622536,1.233506,4.602678,2.628851,1.235771,0.051794,0.009569,0.036600,0.006347,0.038299,0.004082
97.279000,SAMPLE,2,4.572504,2.626199,1.242082,4.556969,2.676392,1.251699,4.611530,2.640079,1.232900,4.608364,2.643430,1.237520,0.052542,0.009617,0.041421,0.009182,0.039785,0.004562
97.375000,SAMPLE,2,4.578631,2.644245,1.244593,4.562990,2.694712,1.254288,4.617929,2.656849,1.234806,4.614690,2.661781,1.240677,0.052835,0.009695,0.041270,0.009786,0.040097,0.003915
97.462000,SAMPLE,2,4.584368,2.661159,1.241548,4.569235,2.713712,1.250428,4.623806,2.675715,1.235824,4.622243,2.680430,1.236035,0.054688,0.008879,0.042039,0.005724,0.042496,0.005513
97.545000,SAMPLE,2,4.589858,2.677094,1.236294,4.574089,2.728238,1.245751,4.633234,2.694901,1.231443,4.627271,2.694841,1.232509,0.053519,0.009458,0.046888,0.004851,0.041409,0.003785
97.639000,SAMPLE,2,4.595970,2.694544,1.233474,4.578869,2.742323,1.242975,4.639772,2.712021,1.225879,4.632989,2.708932,1.227758,0.050747,0.009501,0.047159,0.007595,0.039717,0.005715
97.739000,SAMPLE,2,4.602686,2.713665,1.232864,4.585259,2.761108,1.242317,4.647253,2.729755,1.224934,4.640470,2.727917,1.225235,0.050542,0.009453,0.047382,0.007930,0.040383,0.007629
97.809000,SAMPLE,2,4.606607,2.724812,1.232035,4.590107,2.775336,1.241820,4.647253,2.729755,1.224934,4.646336,2.742193,1.224264,0.053149,0.009785,0.040945,0.007101,0.043365,0.007771
97.905000,SAMPLE,2,4.612319,2.740978,1.230488,4.596100,2.792844,1.240304,4.653608,2.748559,1.224711,4.653405,2.760126,1.223068,0.054342,0.009816,0.041979,0.005777,0.045329,0.007420
98.005000,SAMPLE,2,4.619240,2.760460,1.226788,4.602613,2.811754,1.236359,4.661730,2.766036,1.221376,4.660766,2.778261,1.218939,0.053921,0.009571,0.042855,0.005413,0.045181,0.007850
98.098000,SAMPLE,2,4.625450,2.777666,1.222781,4.607676,2.826231,1.232983,4.670129,2.785990,1.217123,4.666861,2.792677,1.215475,0.051715,0.010202,0.045448,0.005658,0.044048,0.007306
98.194000,SAMPLE,2,4.631958,2.795510,1.219576,4.613875,2.843789,1.229825,4.675502,2.802502,1.215154,4.673774,2.809671,1.212732,0.051554,0.010249,0.044102,0.004422,0.044149,0.006844
98.282000,SAMPLE,2,4.637012,2.809256,1.217271,4.620593,2.862627,1.226667,4.681666,2.820589,1.212099,4.681392,2.828794,1.209677,0.055840,0.009396,0.046070,0.005172,0.048490,0.007594
98.383000,SAMPLE,2,4.643941,2.827941,1.214018,4.627081,2.880642,1.223509,4.688131,2.839543,1.208393,4.688642,2.847094,1.206506,0.055332,0.009491,0.045688,0.005626,0.048631,0.007512
98.479000,SAMPLE,2,4.650713,2.846003,1.210752,4.632122,2.894513,1.220983,4.695416,2.857040,1.205269,4.694454,2.861379,1.203975,0.051950,0.010231,0.046045,0.005483,0.046365,0.006776
98.575000,SAMPLE,2,4.657454,2.863831,1.207752,4.639006,2.913290,1.217825,4.695416,2.857040,1.205269,4.701651,2.880039,1.200817,0.052788,0.010073,0.038564,0.002483,0.047075,0.006934
98.670000,SAMPLE,2,4.664310,2.881802,1.205510,4.645692,2.931356,1.215362,4.705892,2.893030,1.201174,4.708454,2.897885,1.199148,0.052936,0.009852,0.043071,0.004335,0.046982,0.006361
98.766000,SAMPLE,2,4.669825,2.896186,1.204229,4.652221,2.948907,1.214343,4.715406,2.912572,1.198207,4.715302,2.915416,1.197622,0.055582,0.010115,0.048436,0.006021,0.049376,0.006606
98.863000,SAMPLE,2,4.677018,2.914991,1.207028,4.659073,2.967383,1.217212,4.723179,2.930134,1.198582,4.722859,2.933799,1.200263,0.055380,0.010184,0.048581,0.008447,0.049550,0.006765
98.946000,SAMPLE,2,4.682490,2.929420,1.209649,4.664202,2.981333,1.219738,4.730522,2.946788,1.201712,4.728627,2.947876,1.202698,0.055040,0.010089,0.051076,0.007937,0.049691,0.006951
99.045000,SAMPLE,2,4.689541,2.948249,1.215278,4.670867,2.999698,1.225296,4.736451,2.963186,1.206897,4.735898,2.966248,1.206976,0.054733,0.010018,0.049231,0.008381,0.049729,0.008302
99.141000,SAMPLE,2,4.696317,2.966509,1.215126,4.677520,3.018190,1.225112,4.741553,2.981804,1.209540,4.742841,2.984651,1.207373,0.054993,0.009986,0.047751,0.005586,0.049936,0.007752
99.237000,SAMPLE,2,4.701764,2.981139,1.213515,4.682621,3.032318,1.223501,4.741553,2.981804,1.209540,4.748161,2.998619,1.205479,0.054643,0.009986,0.039794,0.003975,0.049580,0.008036
99.337000,SAMPLE,2,4.708762,2.999920,1.215698,4.689171,3.050456,1.225585,4.758103,3.018585,1.208167,4.755475,3.016395,1.207761,0.054201,0.009888,0.052754,0.007531,0.049533,0.007936
99.437000,SAMPLE,2,4.715529,3.018257,1.218918,4.695669,3.068613,1.228743,4.764955,3.036924,1.211362,4.762724,3.035060,1.211109,0.054130,0.009825,0.052834,0.007557,0.050097,0.007810
99.525000,SAMPLE,2,4.721281,3.033999,1.222905,4.701936,3.086315,1.233251,4.764955,3.036924,1.211362,4.769326,3.052685,1.215266,0.055778,0.010346,0.043772,0.011543,0.051551,0.007639
99.624000,SAMPLE,2,4.728231,3.053316,1.226410,4.708515,3.105202,1.236512,4.772120,3.053408,1.215683,4.776434,3.071077,1.218546,0.055505,0.010102,0.043889,0.010728,0.051371,0.007864
99.716000,SAMPLE,2,4.733612,3.068317,1.226410,4.713557,3.119720,1.236512,4.778241,3.072368,1.219443,4.781619,3.084766,1.218719,0.055176,0.010102,0.044813,0.006968,0.050747,0.007691
99.813000,SAMPLE,2,4.739838,3.085675,1.227077,4.719672,3.137330,1.237175,4.782483,3.090685,1.220406,4.787801,3.102084,1.219708,0.055452,0.010098,0.042937,0.006671,0.050691,0.007368
99.907000,SAMPLE,2,4.746474,3.104294,1.228803,4.726195,3.156237,1.238983,4.791183,3.108456,1.220967,4.794883,3.121181,1.221978,0.055761,0.010180,0.044903,0.007836,0.051270,0.006825
99.991000,SAMPLE,2,4.752160,3.120242,1.227514,4.731218,3.170795,1.237959,4.797818,3.126191,1.222532,4.800470,3.136199,1.221075,0.054719,0.010446,0.046044,0.004982,0.050878,0.006439
100.083000,SAMPLE,2,4.757330,3.134693,1.228304,4.737326,3.188452,1.238767,4.804037,3.144517,1.220870,4.806999,3.153927,1.222189,0.057361,0.010463,0.047729,0.007433,0.053263,0.006114
100.169000,SAMPLE,2,4.763092,3.150884,1.229030,4.742535,3.203581,1.239241,4.809935,3.162555,1.222761,4.812482,3.169098,1.222298,0.056565,0.010211,0.048276,0.006269,0.052642,0.006732
100.260000,SAMPLE,2,4.769201,3.168092,1.230314,4.748775,3.221749,1.240535,4.809935,3.162555,1.222761,4.819013,3.187108,1.223561,0.057413,0.010221,0.041109,0.007553,0.053318,0.006753
100.350000,SAMPLE,2,4.775165,3.184939,1.231858,4.753634,3.235929,1.241735,4.823965,3.197730,1.224094,4.823867,3.200466,1.224652,0.055350,0.009877,0.050448,0.007764,0.051117,0.007206
100.442000,SAMPLE,2,4.780449,3.199995,1.234066,4.760062,3.254868,1.244343,4.830994,3.216919,1.227832,4.830834,3.219165,1.227291,0.058538,0.010277,0.053303,0.006234,0.053909,0.006775
100.539000,SAMPLE,2,4.786813,3.218176,1.234066,4.764984,3.269405,1.244343,4.837308,3.234681,1.228113,4.835996,3.233596,1.227291,0.055686,0.010277,0.053124,0.005953,0.051543,0.006775
100.639000,SAMPLE,2,4.793157,3.236304,1.235276,4.770937,3.286993,1.245093,4.843120,3.252672,1.228221,4.842408,3.251250,1.227441,0.055346,0.009818,0.052576,0.007055,0.051469,0.007834
100.733000,SAMPLE,2,4.799592,3.254811,1.235542,4.777311,3.305950,1.246193,4.849525,3.270338,1.230932,4.849188,3.270263,1.229587,0.055782,0.010652,0.052291,0.004609,0.051947,0.005955
100.830000,SAMPLE,2,4.805794,3.272570,1.233963,4.783467,3.324192,1.244551,4.849525,3.270338,1.230932,4.855640,3.288325,1.227313,0.056243,0.010588,0.043788,0.003031,0.052277,0.006650
100.923000,SAMPLE,2,4.810874,3.287049,1.233797,4.789466,3.341887,1.244551,4.859092,3.289460,1.229356,4.862342,3.306107,1.227688,0.058869,0.010754,0.048278,0.004441,0.054883,0.006109
101.017000,SAMPLE,2,4.817203,3.305157,1.234682,4.794586,3.357046,1.245120,4.866614,3.304915,1.228563,4.868070,3.320579,1.228351,0.056604,0.010438,0.049412,0.006118,0.053153,0.006331
101.112000,SAMPLE,2,4.823149,3.322179,1.235366,4.800684,3.375107,1.245783,4.872826,3.323826,1.229781,4.874972,3.338826,1.229019,0.057498,0.010417,0.049705,0.005585,0.054431,0.006346
101.208000,SAMPLE,2,4.829143,3.339395,1.236109,4.806561,3.392588,1.246572,4.879012,3.342000,1.230300,4.881510,3.356305,1.230396,0.057788,0.010463,0.049937,0.005810,0.055029,0.005713
101.302000,SAMPLE,2,4.835624,3.357969,1.232473,4.812953,3.411539,1.242772,4.884259,3.359238,1.230640,4.888205,3.374596,1.226543,0.058170,0.010300,0.048651,0.001832,0.055147,0.005930
101.402000,SAMPLE,2,4.842200,3.376494,1.226633,4.819166,3.429639,1.237114,4.891239,3.378876,1.226870,4.894875,3.392649,1.220748,0.057921,0.010482,0.049098,0.000237,0.055097,0.005885
101.503000,SAMPLE,2,4.847629,3.391540,1.223808,4.825348,3.447349,1.234657,4.896328,3.398479,1.221363,4.901386,3.410678,1.218827,0.060092,0.010848,0.049190,0.002445,0.057062,0.004981
101.598000,SAMPLE,2,4.854387,3.410207,1.221182,4.830634,3.462451,1.232180,4.902596,3.414940,1.219431,4.906708,3.425307,1.216471,0.057389,0.010998,0.048441,0.001751,0.054456,0.004712
101.693000,SAMPLE,2,4.861369,3.429100,1.211983,4.837300,3.481117,1.223141,4.910703,3.435121,1.215298,4.913570,3.443688,1.208291,0.057316,0.011158,0.049700,0.003316,0.054201,0.003691
101.787000,SAMPLE,2,4.867851,3.446164,1.204469,4.843938,3.499178,1.215067,4.917781,3.453656,1.206899,4.920461,3.461672,1.201639,0.058158,0.010598,0.050488,0.002430,0.054847,0.002830
101.874000,SAMPLE,2,4.874422,3.463204,1.201306,4.849533,3.514168,1.212251,4.925250,3.472801,1.199553,4.926304,3.476581,1.198862,0.056716,0.010946,0.051726,0.001752,0.053579,0.002444
101.972000,SAMPLE,2,4.880421,3.478632,1.197778,4.856401,3.532401,1.208043,4.931280,3.492286,1.196555,4.933470,3.495208,1.193898,0.058891,0.010265,0.052659,0.001223,0.055578,0.003880
102.053000,SAMPLE,2,4.887125,3.495536,1.188536,4.862141,3.547336,1.199617,4.938602,3.510081,1.189551,4.939462,3.510513,1.184849,0.057511,0.011081,0.053493,0.001015,0.054438,0.003687
102.141000,SAMPLE,2,4.893662,3.511617,1.180612,4.869478,3.565942,1.190446,4.945562,3.528619,1.179865,4.947038,3.529413,1.176294,0.059465,0.009834,0.054615,0.000747,0.056265,0.004318
102.239000,SAMPLE,2,4.901586,3.530624,1.170949,4.875474,3.580776,1.182867,4.953293,3.547188,1.170319,4.953229,3.544166,1.168715,0.056542,0.011918,0.054296,0.000630,0.053390,0.002234
102.324000,SAMPLE,2,4.908700,3.547204,1.158855,4.883147,3.599245,1.169920,4.953293,3.547188,1.170319,4.961123,3.562901,1.156284,0.057976,0.011065,0.044594,0.011465,0.054723,0.002571
102.424000,SAMPLE,2,4.915427,3.562328,1.145434,4.890761,3.616825,1.154130,4.961608,3.565090,1.158357,4.968979,3.580658,1.140887,0.059819,0.008697,0.046263,0.012924,0.056602,0.004546
102.516000,SAMPLE,2,4.923464,3.579721,1.131126,4.897247,3.631232,1.142149,4.970768,3.583524,1.143063,4.975598,3.594953,1.129293,0.057800,0.011023,0.047456,0.011938,0.054314,0.001832
102.610000,SAMPLE,2,4.931715,3.597046,1.121649,4.905567,3.649199,1.132241,4.979350,3.600506,1.127790,4.984358,3.613042,1.119675,0.058341,0.010591,0.047761,0.006141,0.055020,0.001974
102.704000,SAMPLE,2,4.940243,3.614587,1.114758,4.914024,3.667067,1.125167,4.987468,3.618843,1.117830,4.993219,3.631105,1.111209,0.058665,0.010409,0.047417,0.003072,0.055491,0.003549
102.800000,SAMPLE,2,4.948940,3.632167,1.107784,4.922476,3.684611,1.118193,4.997087,3.636456,1.109516,5.001984,3.648439,1.104139,0.058743,0.010409,0.048338,0.001732,0.055485,0.003645
102.885000,SAMPLE,2,4.956822,3.647739,1.095087,4.929548,3.698963,1.106464,5.005718,3.653748,1.102434,5.009460,3.662908,1.093592,0.058032,0.011378,0.049264,0.007347,0.054780,0.001495
102.984000,SAMPLE,2,4.964750,3.662864,1.081234,4.938657,3.716768,1.089938,5.012844,3.671015,1.087265,5.018464,3.680325,1.077227,0.059887,0.008704,0.048780,0.006031,0.056481,0.004007
103.065000,SAMPLE,2,4.973024,3.678181,1.070808,4.946129,3.730916,1.080838,5.022851,3.690074,1.072157,5.025917,3.694302,1.069131,0.059198,0.010030,0.051227,0.001349,0.055295,0.001677
103.156000,SAMPLE,2,4.982091,3.694596,1.060463,4.953499,3.744606,1.072359,5.033102,3.707252,1.062546,5.033634,3.708248,1.060385,0.057606,0.011897,0.052557,0.002084,0.053321,0.000078
103.242000,SAMPLE,2,4.991251,3.710672,1.045341,4.963204,3.762093,1.055935,5.042657,3.724748,1.047627,5.043643,3.725943,1.044065,0.058573,0.010594,0.053298,0.002286,0.054572,0.001276
103.339000,SAMPLE,2,4.999694,3.725027,1.032631,4.971168,3.775970,1.043541,5.042657,3.724748,1.047627,5.051749,3.739738,1.031697,0.058386,0.010910,0.042963,0.014997,0.054093,0.000934
103.436000,SAMPLE,2,5.010292,3.742512,1.020334,4.981349,3.793185,1.031212,5.052332,3.742322,1.032589,5.061888,3.756767,1.019958,0.058356,0.010878,0.042041,0.012256,0.053529,0.000375
103.529000,SAMPLE,2,5.020213,3.758520,1.012344,4.991326,3.809675,1.022938,5.063692,3.758775,1.019025,5.072211,3.773301,1.011309,0.058748,0.010594,0.043480,0.006681,0.054058,0.001036
103.610000,SAMPLE,2,5.029195,3.772802,1.005545,4.999560,3.823086,1.016609,5.074269,3.776217,1.009516,5.080882,3.786997,1.004392,0.058367,0.011064,0.045202,0.003971,0.053600,0.001153
103.697000,SAMPLE,2,5.038599,3.787493,0.997114,5.007752,3.836213,1.009030,5.084812,3.793365,1.002311,5.089457,3.800418,0.996778,0.057665,0.011916,0.046584,0.005198,0.052475,0.000336
103.793000,SAMPLE,2,5.047850,3.801688,0.989906,5.018485,3.853089,1.000407,5.095466,3.810282,0.992832,5.100578,3.817542,0.987276,0.059198,0.010501,0.048385,0.002926,0.055060,0.002630
103.885000,SAMPLE,2,5.058331,3.817592,0.986519,5.029161,3.869664,0.996920,5.106810,3.826984,0.985130,5.111646,3.834242,0.983524,0.059685,0.010401,0.049380,0.001389,0.055854,0.002995
103.983000,SAMPLE,2,5.068866,3.833422,0.979301,5.039390,3.885375,0.989417,5.117655,3.843559,0.982024,5.122405,3.850370,0.977058,0.059732,0.010116,0.049831,0.002723,0.056158,0.002243
104.073000,SAMPLE,2,5.079540,3.849123,0.967898,5.048166,3.898589,0.979438,5.129780,3.859633,0.972924,5.131622,3.863742,0.966605,0.058576,0.011540,0.051327,0.005026,0.054094,0.001293
104.167000,SAMPLE,2,5.090259,3.864501,0.956449,5.059113,3.914682,0.967514,5.141112,3.875563,0.960265,5.143056,3.879940,0.954382,0.059061,0.011066,0.052042,0.003817,0.055008,0.002067
104.265000,SAMPLE,2,5.100092,3.878324,0.949296,5.070403,3.930909,0.959441,5.152628,3.891790,0.949441,5.154876,3.896314,0.946045,0.060387,0.010145,0.054234,0.000145,0.057662,0.003250
104.337000,SAMPLE,2,5.108819,3.890452,0.944388,5.077250,3.940636,0.955207,5.152628,3.891790,0.949441,5.161783,3.905868,0.941366,0.059288,0.010819,0.043829,0.005054,0.055162,0.003022
104.428000,SAMPLE,2,5.119566,3.905205,0.936980,5.088524,3.956462,0.947383,5.162087,3.908109,0.941702,5.172748,3.921122,0.934325,0.059925,0.010402,0.042620,0.004721,0.055512,0.002656
104.514000,SAMPLE,2,5.130392,3.919769,0.925913,5.097779,3.969203,0.937354,5.175213,3.924141,0.934370,5.182462,3.934145,0.924753,0.059223,0.011441,0.045034,0.008457,0.054018,0.001160
104.608000,SAMPLE,2,5.142063,3.935183,0.919218,5.109674,3.985281,0.930280,5.186043,3.939650,0.922988,5.194690,3.950349,0.917305,0.059656,0.011062,0.044206,0.003770,0.054769,0.001913
104.706000,SAMPLE,2,5.154071,3.950839,0.915478,5.121498,4.001044,0.926057,5.201625,3.956038,0.916305,5.206888,3.965831,0.912364,0.059846,0.010578,0.047837,0.000827,0.054904,0.003115
104.804000,SAMPLE,2,5.164385,3.964223,0.911629,5.133402,4.016827,0.921283,5.213248,3.971790,0.911740,5.219496,3.981814,0.907749,0.061050,0.009654,0.049445,0.000111,0.057850,0.003880
104.900000,SAMPLE,2,5.176623,3.979834,0.899844,5.143142,4.029521,0.911204,5.223865,3.987794,0.906694,5.229285,3.994378,0.898086,0.059915,0.011359,0.047908,0.006849,0.054634,0.001758
104.995000,SAMPLE,2,5.188727,3.994945,0.891800,5.155471,4.045268,0.902580,5.233662,4.003622,0.895419,5.241723,4.010333,0.888830,0.060319,0.010781,0.045766,0.003619,0.055185,0.002970
105.081000,SAMPLE,2,5.200312,4.009253,0.889266,5.167721,4.060730,0.899875,5.246638,4.019517,0.887691,5.254119,4.025934,0.885906,0.060927,0.010609,0.047450,0.001575,0.056334,0.003360
105.174000,SAMPLE,2,5.212043,4.023677,0.885269,5.177274,4.072742,0.896922,5.260121,4.033971,0.886122,5.263690,4.037750,0.883300,0.060136,0.011654,0.049168,0.000854,0.053531,0.001969
105.254000,SAMPLE,2,5.220195,4.033613,0.882648,5.187287,4.085222,0.893146,5.272260,4.050165,0.880741,5.273865,4.050099,0.879774,0.061207,0.010498,0.054633,0.001907,0.056145,0.002874
105.354000,SAMPLE,2,5.233345,4.049554,0.879395,5.199851,4.100783,0.889988,5.285167,4.066021,0.877650,5.286577,4.065934,0.876851,0.061206,0.010593,0.054375,0.001745,0.055695,0.002545
105.453000,SAMPLE,2,5.246361,4.065187,0.872253,5.212484,4.116287,0.882941,5.297565,4.081370,0.873061,5.299785,4.081994,0.869453,0.061309,0.010688,0.053700,0.000808,0.056005,0.002800
105.543000,SAMPLE,2,5.258321,4.079305,0.863443,5.225039,4.131421,0.873467,5.312795,4.096224,0.863331,5.313087,4.097490,0.859896,0.061837,0.010025,0.057041,0.000111,0.057705,0.003547
105.638000,SAMPLE,2,5.270513,4.093433,0.854064,5.234722,4.142891,0.865888,5.312795,4.096224,0.863331,5.322872,4.108789,0.852317,0.061050,0.011825,0.042374,0.009268,0.054564,0.001747
105.728000,SAMPLE,2,5.280413,4.104735,0.849649,5.247271,4.157533,0.860004,5.325099,4.111289,0.853664,5.335946,4.123670,0.846628,0.062338,0.010355,0.045164,0.004015,0.058672,0.003021
105.825000,SAMPLE,2,5.293691,4.119791,0.846459,5.260158,4.172454,0.856846,5.349311,4.140171,0.842229,5.349069,4.138706,0.843021,0.062433,0.010387,0.059237,0.004230,0.058520,0.003438
105.903000,SAMPLE,2,5.304172,4.131627,0.845591,5.270045,4.183860,0.856070,5.349311,4.140171,0.842229,5.359202,4.150092,0.843494,0.062394,0.010478,0.045940,0.003363,0.058045,0.002097
106.001000,SAMPLE,2,5.317394,4.146451,0.837189,5.282970,4.198650,0.847162,5.362333,4.153060,0.841640,5.371989,4.164320,0.833619,0.062529,0.009973,0.045422,0.004451,0.057445,0.003570
106.101000,SAMPLE,2,5.330612,4.160945,0.824941,5.295362,4.212521,0.835412,5.374969,4.168849,0.832896,5.384537,4.178200,0.821771,0.062472,0.010470,0.045055,0.007954,0.056618,0.003170
106.199000,SAMPLE,2,5.341002,4.172082,0.815154,5.304922,4.222992,0.826333,5.390406,4.182986,0.821926,5.394558,4.188776,0.813764,0.062399,0.011179,0.050593,0.006772,0.056098,0.001390
106.299000,SAMPLE,2,5.352878,4.184533,0.802907,5.316302,4.235192,0.814359,5.400084,4.196030,0.808403,5.405542,4.200530,0.803141,0.062483,0.011452,0.048586,0.005497,0.055040,0.000234
106.391000,SAMPLE,2,5.362777,4.194676,0.792830,5.326706,4.246086,0.803335,5.413112,4.206644,0.797100,5.416129,4.211210,0.791977,0.062802,0.010505,0.051738,0.004270,0.055855,0.000853
106.472000,SAMPLE,2,5.371328,4.203288,0.784967,5.334761,4.254374,0.795757,5.425028,4.218939,0.787224,5.424573,4.219582,0.784572,0.062824,0.010790,0.055934,0.002257,0.055683,0.000395
106.567000,SAMPLE,2,5.380990,4.212854,0.775683,5.344383,4.264104,0.786283,5.435203,4.229145,0.777459,5.434633,4.229437,0.775185,0.062981,0.010600,0.056608,0.001776,0.056148,0.000498
106.660000,SAMPLE,2,5.389874,4.221491,0.766683,5.351698,4.271378,0.778704,5.445304,4.238933,0.767993,5.442626,4.237101,0.767326,0.062818,0.012021,0.058109,0.001310,0.055013,0.000643
106.752000,SAMPLE,2,5.398533,4.229758,0.757588,5.360573,4.280053,0.769230,5.454428,4.245911,0.758640,5.452120,4.245884,0.757641,0.063012,0.011642,0.058183,0.001052,0.055961,0.000053
106.850000,SAMPLE,2,5.405655,4.236442,0.749725,5.368930,4.288067,0.759757,5.460591,4.253977,0.749300,5.460768,4.254010,0.748025,0.063355,0.010032,0.057667,0.000425,0.057846,0.001700
106.938000,SAMPLE,2,5.413123,4.243337,0.741009,5.375233,4.294011,0.752178,5.468217,4.262877,0.740229,5.467112,4.259864,0.740446,0.063273,0.011168,0.058457,0.000780,0.056462,0.000563
107.030000,SAMPLE,2,5.420571,4.250093,0.732954,5.382952,4.301167,0.743554,5.468217,4.262877,0.740229,5.475040,4.267290,0.730935,0.063433,0.010600,0.049331,0.007276,0.057119,0.002019
107.122000,SAMPLE,2,5.427580,4.256360,0.725119,5.390128,4.307717,0.735230,5.477524,4.271220,0.730654,5.482372,4.274046,0.723583,0.063563,0.010111,0.052108,0.005534,0.057576,0.001536
107.220000,SAMPLE,2,5.434965,4.262844,0.716906,5.395768,4.312780,0.728251,5.484989,4.278559,0.722885,5.488378,4.279575,0.716877,0.063482,0.011345,0.052435,0.005979,0.055972,0.000030
107.305000,SAMPLE,2,5.440244,4.267420,0.710388,5.402354,4.318616,0.720578,5.493304,4.283648,0.713869,5.495419,4.285632,0.708005,0.063692,0.010190,0.055486,0.003481,0.058103,0.002382
107.386000,SAMPLE,2,5.445530,4.271934,0.703864,5.407432,4.323043,0.714299,5.499236,4.289983,0.706839,5.500689,4.290272,0.701938,0.063747,0.010435,0.056658,0.002975,0.058127,0.001926
107.485000,SAMPLE,2,5.451546,4.277020,0.698914,5.413184,4.328010,0.709401,5.507267,4.296252,0.698419,5.506854,4.295511,0.697255,0.063810,0.010487,0.058946,0.000495,0.058316,0.001659
107.573000,SAMPLE,2,5.455108,4.279990,0.686939,5.416256,4.330628,0.698825,5.512606,4.300345,0.692809,5.510398,4.298464,0.687509,0.063825,0.011886,0.060994,0.005870,0.058294,0.000570
107.655000,SAMPLE,2,5.456095,4.280789,0.666880,5.417103,4.331333,0.680899,5.515960,4.302060,0.675909,5.511663,4.299387,0.671036,0.063837,0.014019,0.063532,0.009029,0.058598,0.004157
107.747000,SAMPLE,2,5.456500,4.281100,0.641301,5.417103,4.331333,0.647841,5.518876,4.303872,0.647722,5.512510,4.299920,0.638293,0.063840,0.006540,0.066402,0.006421,0.059087,0.003008
107.833000,SAMPLE,2,5.457019,4.281475,0.609291,5.417103,4.331333,0.619299,5.518731,4.303415,0.611460,5.512510,4.299920,0.609135,0.063869,0.010008,0.065496,0.002169,0.058476,0.000155
107.926000,SAMPLE,2,5.457590,4.281859,0.574901,5.417103,4.331333,0.584562,5.518731,4.303415,0.611460,5.513242,4.300336,0.574836,0.063929,0.009661,0.064830,0.036559,0.058639,0.000065
108.019000,SAMPLE,2,5.458149,4.282208,0.541901,5.417103,4.331333,0.556772,5.518774,4.303408,0.575801,5.513903,4.300714,0.548588,0.064016,0.014871,0.064224,0.033900,0.058744,0.006686
108.118000,SAMPLE,2,5.458725,4.282542,0.508614,5.417103,4.331333,0.522835,5.518871,4.303548,0.541201,5.514488,4.301048,0.513768,0.064133,0.014221,0.063709,0.032586,0.058753,0.005154
108.219000,SAMPLE,2,5.459246,4.282823,0.479064,5.417103,4.331333,0.493967,5.519730,4.303820,0.508892,5.515117,4.301385,0.486181,0.064260,0.014903,0.064026,0.029827,0.058874,0.007117
108.302000,SAMPLE,2,5.459595,4.283000,0.459454,5.417103,4.331333,0.465546,5.520358,4.304601,0.479720,5.515734,4.301763,0.457615,0.064356,0.006092,0.064488,0.020266,0.059191,0.001839
108.401000,SAMPLE,2,5.460119,4.283250,0.430464,5.417103,4.331333,0.437125,5.521337,4.304809,0.450791,5.516394,4.302122,0.428980,0.064517,0.006661,0.064904,0.020327,0.059356,0.001484
108.498000,SAMPLE,2,5.460568,4.283450,0.405846,5.417103,4.331333,0.417749,5.522715,4.306469,0.421922,5.517156,4.302646,0.410692,0.064669,0.011903,0.066273,0.016076,0.059755,0.004846
108.593000,SAMPLE,2,5.460977,4.283620,0.383741,5.417103,4.331333,0.395643,5.522753,4.305741,0.397588,5.517815,4.303010,0.387790,0.064819,0.011903,0.065618,0.013847,0.060055,0.004050
108.686000,SAMPLE,2,5.461363,4.283771,0.362962,5.417103,4.331333,0.373538,5.520706,4.305127,0.376347,5.518163,4.303265,0.366037,0.064970,0.010576,0.063069,0.013385,0.060051,0.003076
108.784000,SAMPLE,2,5.461783,4.283925,0.340635,5.417103,4.331333,0.351433,5.522549,4.305767,0.354181,5.518678,4.303559,0.343370,0.065145,0.010797,0.064573,0.013545,0.060188,0.002735
108.885000,SAMPLE,2,5.462142,4.284049,0.321625,5.417103,4.331333,0.329328,5.521559,4.305899,0.333734,5.519025,4.303840,0.321966,0.065302,0.007703,0.063307,0.012109,0.060227,0.000341
108.965000,SAMPLE,2,5.462443,4.284146,0.305825,5.417103,4.331333,0.315075,5.519196,4.306827,0.311634,5.519045,4.304198,0.308532,0.065439,0.009250,0.061117,0.005809,0.060049,0.002707
109.058000,SAMPLE,2,5.462739,4.284237,0.290351,5.417103,4.331333,0.302443,5.519236,4.306890,0.295229,5.519045,4.304198,0.295900,0.065579,0.012092,0.060869,0.004878,0.059740,0.005549
109.155000,SAMPLE,2,5.463045,4.284326,0.274404,5.417103,4.331333,0.286654,5.519236,4.306890,0.295229,5.519068,4.304521,0.279982,0.065729,0.012250,0.060552,0.020826,0.059552,0.005579
109.251000,SAMPLE,2,5.463343,4.284408,0.258930,5.417103,4.331333,0.270864,5.518944,4.305535,0.280372,5.519053,4.304644,0.264890,0.065880,0.011934,0.059480,0.021442,0.059271,0.005960
109.335000,SAMPLE,2,5.463563,4.284465,0.247562,5.417103,4.331333,0.258233,5.520024,4.307372,0.263654,5.519168,4.304968,0.252026,0.065994,0.010671,0.060931,0.016092,0.059265,0.004464
109.421000,SAMPLE,2,5.463843,4.284533,0.233193,5.417103,4.331333,0.242443,5.520981,4.306217,0.248119,5.519384,4.305116,0.236095,0.066143,0.009250,0.061115,0.014926,0.059232,0.002902
109.514000,SAMPLE,2,5.464144,4.284602,0.217720,5.417103,4.331333,0.229812,5.524325,4.306704,0.231016,5.519983,4.305309,0.223704,0.066307,0.012092,0.064111,0.013296,0.059554,0.005985
109.604000,SAMPLE,2,5.464394,4.284656,0.204959,5.417103,4.331333,0.215422,5.526522,4.307164,0.215164,5.520739,4.305523,0.207938,0.066447,0.010463,0.066080,0.010205,0.060085,0.002979
109.698000,SAMPLE,2,5.464549,4.284688,0.197022,5.417103,4.331333,0.207567,5.526440,4.307543,0.200694,5.521402,4.305758,0.199159,0.066536,0.010545,0.065976,0.003672,0.060632,0.002137
109.798000,SAMPLE,2,5.464735,4.284724,0.187549,5.417103,4.331333,0.198093,5.526243,4.305969,0.191021,5.521968,4.305783,0.188876,0.066643,0.010545,0.065074,0.003472,0.060985,0.001327
109.897000,SAMPLE,2,5.464923,4.284759,0.177980,5.417103,4.331333,0.188620,5.529012,4.306846,0.180523,5.522812,4.305910,0.178887,0.066753,0.010640,0.067788,0.002543,0.061632,0.000907
109.993000,SAMPLE,2,5.465108,4.284791,0.168601,5.417103,4.331333,0.179146,5.528308,4.306741,0.171082,5.523455,4.306008,0.168665,0.066863,0.010545,0.066903,0.002481,0.062085,0.000064
110.092000,SAMPLE,2,5.465299,4.284822,0.158938,5.417103,4.331333,0.169672,5.528184,4.306865,0.161700,5.524011,4.306108,0.158597,0.066978,0.010734,0.066637,0.002762,0.062451,0.000341
110.182000,SAMPLE,2,5.465473,4.284850,0.150127,5.417103,4.331333,0.160199,5.527627,4.306236,0.152235,5.524437,4.306123,0.148639,0.067085,0.010071,0.065731,0.002107,0.062684,0.001489
110.214000,P2,2,5.465525,4.284857,0.147512,5.417103,4.331333,0.158404,5.527627,4.306236,0.152235,5.524437,4.306123,0.146744,0.067117,0.010892,0.065679,0.004723,0.062633,0.000768
110.280000,SAMPLE,3,5.466379,4.284983,0.142967,5.417893,4.331457,0.153225,5.527911,4.307349,0.142796,5.525836,4.306411,0.141589,0.067162,0.010258,0.065470,0.000171,0.063200,0.001378
110.380000,SAMPLE,3,5.470730,4.285585,0.130971,5.423237,4.332238,0.137951,5.528987,4.307036,0.135890,5.531570,4.307213,0.126157,0.066575,0.006980,0.062080,0.004918,0.064570,0.004814
110.475000,SAMPLE,3,5.480497,4.286759,0.107950,5.431270,4.333271,0.118172,5.534340,4.307648,0.119948,5.539762,4.308185,0.105578,0.067725,0.010223,0.057753,0.011998,0.063019,0.002371
110.574000,SAMPLE,3,5.496199,4.288190,0.073312,5.445919,4.334757,0.084249,5.545875,4.308417,0.092101,5.553781,4.309505,0.075606,0.068532,0.010936,0.053636,0.018788,0.061401,0.002293
110.670000,SAMPLE,3,5.515896,4.289227,0.031991,5.465130,4.335965,0.042062,5.562711,4.310597,0.054133,5.572946,4.310708,0.034417,0.069005,0.010070,0.051462,0.022141,0.060960,0.002426
110.767000,SAMPLE,3,5.536687,4.289473,-0.007713,5.485124,4.336399,0.002309,5.583543,4.311306,0.011743,5.593244,4.311060,-0.006773,0.069719,0.010022,0.051692,0.019456,0.060536,0.000940
110.862000,SAMPLE,3,5.553994,4.289086,-0.038190,5.504510,4.336106,-0.034167,5.603773,4.312154,-0.025510,5.612264,4.310838,-0.042531,0.068260,0.004023,0.054865,0.012680,0.062198,0.004342
110.948000,SAMPLE,3,5.570851,4.288137,-0.074875,5.519353,4.335347,-0.068125,5.603773,4.312154,-0.025510,5.627230,4.310010,-0.076373,0.069863,0.006750,0.040752,0.049365,0.060474,0.001499
111.045000,SAMPLE,3,5.590878,4.286205,-0.117037,5.538747,4.333603,-0.110378,5.624697,4.309065,-0.063665,5.646334,4.308220,-0.116939,0.070456,0.006659,0.040821,0.053373,0.059666,0.000099
111.135000,SAMPLE,3,5.610455,4.283522,-0.155137,5.554618,4.331580,-0.142720,5.667852,4.305048,-0.149243,5.662211,4.306235,-0.147092,0.073671,0.012417,0.061301,0.005894,0.056521,0.008045
111.233000,SAMPLE,3,5.630578,4.280043,-0.186242,5.574364,4.328404,-0.174720,5.667852,4.305048,-0.149243,5.682616,4.302875,-0.179022,0.074155,0.011523,0.044885,0.036999,0.056826,0.007220
111.333000,SAMPLE,3,5.651018,4.275887,-0.215516,5.593790,4.324692,-0.203141,5.707627,4.298220,-0.212174,5.702635,4.299061,-0.208295,0.075213,0.012375,0.060855,0.003342,0.056581,0.007221
111.430000,SAMPLE,3,5.667590,4.272074,-0.235928,5.613026,4.320468,-0.227709,5.726099,4.294680,-0.237851,5.722535,4.294619,-0.233184,0.072933,0.008219,0.062724,0.001923,0.059391,0.002744
111.515000,SAMPLE,3,5.686226,4.267391,-0.256707,5.628580,4.316718,-0.245393,5.726099,4.294680,-0.237851,5.738489,4.290768,-0.251747,0.075870,0.011314,0.048317,0.018856,0.057253,0.004960
111.614000,SAMPLE,3,5.704828,4.262299,-0.276910,5.647428,4.311779,-0.266499,5.745743,4.288946,-0.260266,5.757187,4.285793,-0.272789,0.075782,0.010411,0.048827,0.016643,0.057389,0.004120
111.714000,SAMPLE,3,5.725023,4.256332,-0.299828,5.666668,4.306321,-0.288104,5.762766,4.283391,-0.279818,5.775685,4.280420,-0.293055,0.076838,0.011724,0.046441,0.020010,0.056098,0.006773
111.811000,SAMPLE,3,5.744554,4.250003,-0.326423,5.685763,4.300376,-0.314993,5.784938,4.275126,-0.303161,5.794516,4.274293,-0.318914,0.077419,0.011429,0.047561,0.023262,0.055554,0.007509
111.910000,SAMPLE,3,5.760757,4.244348,-0.344491,5.704708,4.293966,-0.336304,5.803831,4.273549,-0.328430,5.813653,4.268059,-0.340352,0.074856,0.008187,0.052039,0.016061,0.057967,0.004140
111.999000,SAMPLE,3,5.778499,4.237829,-0.359623,5.719777,4.288587,-0.349278,5.825265,4.263941,-0.350726,5.829596,4.262239,-0.354780,0.077619,0.010345,0.053562,0.008897,0.056628,0.004843
112.099000,SAMPLE,3,5.797377,4.230532,-0.379820,5.737867,4.281816,-0.368515,5.842470,4.257541,-0.367436,5.848230,4.255125,-0.375006,0.078560,0.011306,0.052563,0.012384,0.056488,0.004814
112.199000,SAMPLE,3,5.816390,4.222692,-0.402367,5.756100,4.274540,-0.390620,5.861432,4.252091,-0.386371,5.866339,4.248166,-0.395851,0.079519,0.011748,0.053788,0.015996,0.056070,0.006517
112.296000,SAMPLE,3,5.834437,4.214783,-0.422909,5.774043,4.266921,-0.411825,5.879091,4.244448,-0.408397,5.884845,4.240389,-0.418632,0.079786,0.011084,0.053609,0.014512,0.056539,0.004278
112.382000,SAMPLE,3,5.850938,4.207213,-0.437515,5.791998,4.258904,-0.427970,5.898021,4.235301,-0.428795,5.903353,4.232062,-0.435348,0.078396,0.009545,0.054824,0.008720,0.058007,0.002166
112.475000,SAMPLE,3,5.865089,4.200488,-0.449830,5.806350,4.252247,-0.440601,5.916087,4.225537,-0.444624,5.918341,4.224901,-0.448536,0.078290,0.009229,0.056818,0.005207,0.058582,0.001294
112.566000,SAMPLE,3,5.882406,4.191967,-0.464830,5.824372,4.243575,-0.456391,5.934441,4.217371,-0.460312,5.936921,4.215821,-0.464758,0.077662,0.008440,0.057905,0.004518,0.059505,0.000072
112.666000,SAMPLE,3,5.901055,4.182423,-0.482294,5.842253,4.234616,-0.473580,5.951924,4.207720,-0.476129,5.955625,4.206170,-0.482474,0.078624,0.008713,0.056812,0.006164,0.059513,0.000181
112.757000,SAMPLE,3,5.918139,4.173263,-0.501565,5.856429,4.227198,-0.490138,5.968361,4.200191,-0.494713,5.970006,4.198619,-0.499535,0.081958,0.011426,0.056986,0.006851,0.057733,0.002030
112.855000,SAMPLE,3,5.935854,4.163367,-0.516157,5.873996,4.217639,-0.505425,5.986342,4.190226,-0.512433,5.987775,4.188846,-0.515800,0.082291,0.010732,0.057188,0.003723,0.057836,0.000357
112.942000,SAMPLE,3,5.949062,4.155783,-0.527699,5.891429,4.207836,-0.521065,6.003986,4.180016,-0.525912,6.005406,4.178802,-0.531299,0.077660,0.006634,0.060033,0.001787,0.060864,0.003600
113.037000,SAMPLE,3,5.966083,4.145627,-0.548720,5.905237,4.199752,-0.538512,6.003986,4.180016,-0.525912,6.019147,4.170607,-0.548720,0.081436,0.010208,0.051179,0.022808,0.058650,0.000000
113.130000,SAMPLE,3,5.983234,4.134885,-0.570604,5.922291,4.189306,-0.560617,6.021470,4.170207,-0.546118,6.036034,4.160316,-0.569447,0.081704,0.009987,0.052054,0.024486,0.058605,0.001157
113.226000,SAMPLE,3,5.999718,4.124056,-0.591044,5.938706,4.178751,-0.581322,6.038913,4.158769,-0.568445,6.052741,4.149466,-0.590364,0.081939,0.009722,0.052357,0.022599,0.058797,0.000680
113.321000,SAMPLE,3,6.015932,4.112991,-0.606781,5.955086,4.167798,-0.597388,6.056600,4.148034,-0.591202,6.065546,4.141027,-0.602316,0.081890,0.009393,0.053684,0.015579,0.056988,0.004465
113.421000,SAMPLE,3,6.030084,4.103022,-0.621260,5.971391,4.156508,-0.614828,6.072087,4.137464,-0.608110,6.084591,4.127883,-0.621537,0.079408,0.006432,0.054318,0.013150,0.059908,0.000277
113.507000,SAMPLE,3,6.045136,4.092027,-0.641176,5.984227,4.147279,-0.632288,6.087773,4.124118,-0.623681,6.097724,4.118147,-0.639354,0.082235,0.008887,0.053364,0.017494,0.058717,0.001821
113.607000,SAMPLE,3,6.060241,4.080499,-0.662839,5.999387,4.135913,-0.654393,6.104217,4.111380,-0.645168,6.112899,4.106471,-0.660888,0.082304,0.008445,0.053735,0.017671,0.058715,0.001951
113.706000,SAMPLE,3,6.074867,4.068825,-0.684152,6.013426,4.124903,-0.675099,6.121856,4.101523,-0.667574,6.127482,4.095145,-0.681407,0.083185,0.009053,0.057246,0.016578,0.058831,0.002745
113.800000,SAMPLE,3,6.089398,4.056776,-0.699927,6.028214,4.112861,-0.691138,6.137849,4.090799,-0.688480,6.139766,4.085566,-0.694271,0.083000,0.008789,0.059203,0.011447,0.058015,0.005657
113.900000,SAMPLE,3,6.105193,4.043255,-0.716348,6.043258,4.100216,-0.706928,6.152665,4.078185,-0.704542,6.158530,4.070037,-0.713944,0.084145,0.009421,0.058938,0.011807,0.059683,0.002405
113.996000,SAMPLE,3,6.117893,4.032019,-0.733182,6.055217,4.089841,-0.722943,6.164947,4.065904,-0.719709,6.170538,4.059715,-0.729272,0.085274,0.010239,0.057985,0.013473,0.059486,0.003910
114.092000,SAMPLE,3,6.132472,4.018605,-0.754846,6.069911,4.076587,-0.745049,6.180643,4.051795,-0.739874,6.185341,4.046439,-0.750865,0.085299,0.009797,0.058498,0.014972,0.059748,0.003981
114.184000,SAMPLE,3,6.146046,4.005565,-0.774971,6.083888,4.063408,-0.765904,6.195683,4.037163,-0.761894,6.199851,4.032672,-0.772375,0.084909,0.009067,0.058841,0.013077,0.060247,0.002597
114.280000,SAMPLE,3,6.159794,3.991913,-0.788956,6.094995,4.052604,-0.777004,6.211308,4.025182,-0.781869,6.211309,4.021842,-0.782479,0.088783,0.011952,0.061323,0.007086,0.059578,0.006477
114.377000,SAMPLE,3,6.173995,3.977385,-0.804745,6.109144,4.038469,-0.792793,6.224373,4.010726,-0.794946,6.225403,4.007652,-0.798268,0.089090,0.011952,0.060412,0.009799,0.059657,0.006477
114.473000,SAMPLE,3,6.185136,3.965655,-0.817850,6.122578,4.024620,-0.808583,6.238205,3.997538,-0.811104,6.239169,3.993932,-0.814126,0.085967,0.009268,0.061911,0.006747,0.060985,0.003724
114.570000,SAMPLE,3,6.197576,3.952170,-0.834072,6.135362,4.011009,-0.825572,6.251989,3.982776,-0.827302,6.252510,3.979857,-0.831636,0.085631,0.008499,0.062429,0.006770,0.061516,0.002435
114.670000,SAMPLE,3,6.211237,3.936782,-0.855284,6.148600,3.996356,-0.846136,6.251989,3.982776,-0.827302,6.265659,3.965181,-0.852588,0.086444,0.009148,0.061450,0.027981,0.061386,0.002696
114.768000,SAMPLE,3,6.224073,3.921793,-0.869711,6.161237,3.981874,-0.860425,6.280624,3.953269,-0.865939,6.279086,3.950464,-0.867371,0.086937,0.009286,0.064720,0.003771,0.062036,0.002339
114.866000,SAMPLE,3,6.236050,3.907377,-0.885491,6.173177,3.967764,-0.876215,6.292619,3.938378,-0.880362,6.291804,3.935681,-0.883806,0.087175,0.009277,0.064507,0.005129,0.062528,0.001685
114.963000,SAMPLE,3,6.249036,3.891229,-0.901596,6.185857,3.952297,-0.892004,6.304028,3.923220,-0.895331,6.304656,3.920142,-0.899376,0.087869,0.009592,0.063620,0.006266,0.062686,0.002220
115.055000,SAMPLE,3,6.260430,3.876618,-0.914697,6.195701,3.939938,-0.903686,6.316427,3.907578,-0.911106,6.314911,3.907351,-0.912423,0.090550,0.011011,0.063987,0.003591,0.062552,0.002274
115.149000,SAMPLE,3,6.269989,3.864055,-0.926636,6.207485,3.924767,-0.917975,6.327886,3.892554,-0.924291,6.327043,3.891731,-0.927253,0.087136,0.008661,0.064531,0.002346,0.063411,0.000616
115.244000,SAMPLE,3,6.282027,3.847764,-0.942584,6.219320,3.909038,-0.933765,6.339573,3.876314,-0.940043,6.339059,3.875672,-0.943070,0.087673,0.008819,0.064239,0.002541,0.063494,0.000486
115.336000,SAMPLE,3,6.293074,3.832357,-0.953747,6.228645,3.896297,-0.943186,6.339573,3.876314,-0.940043,6.348274,3.862851,-0.953701,0.090771,0.010561,0.063988,0.013704,0.063063,0.000046
115.436000,SAMPLE,3,6.304608,3.815979,-0.960973,6.240029,3.880484,-0.950209,6.353108,3.858269,-0.953753,6.359789,3.846848,-0.958812,0.091276,0.010764,0.064349,0.007220,0.063228,0.002161
115.536000,SAMPLE,3,6.316321,3.799041,-0.970636,6.251582,3.864158,-0.959683,6.364223,3.842083,-0.961271,6.371467,3.830251,-0.968392,0.091823,0.010953,0.064398,0.009365,0.063365,0.002245
115.632000,SAMPLE,3,6.325348,3.785742,-0.978499,6.262572,3.848313,-0.969157,6.385051,3.809858,-0.980579,6.382537,3.813939,-0.978372,0.088633,0.009343,0.064390,0.002079,0.063763,0.000127
115.727000,SAMPLE,3,6.335823,3.769985,-0.990933,6.273625,3.831999,-0.982572,6.385051,3.809858,-0.980579,6.393775,3.796969,-0.992523,0.087831,0.008360,0.063350,0.010354,0.063927,0.001590
115.827000,SAMPLE,3,6.346920,3.752750,-1.005880,6.284594,3.815276,-0.997012,6.395889,3.793120,-0.992901,6.404845,3.779695,-1.007385,0.088284,0.008868,0.063464,0.012979,0.063886,0.001505
115.927000,SAMPLE,3,6.357961,3.735162,-1.014190,6.295382,3.798435,-1.004946,6.407055,3.775760,-1.008195,6.415486,3.762689,-1.016387,0.088992,0.009244,0.063706,0.005995,0.063771,0.002197
116.026000,SAMPLE,3,6.369072,3.717108,-1.024138,6.306025,3.781502,-1.014420,6.419354,3.758438,-1.017047,6.426176,3.745552,-1.025619,0.090119,0.009718,0.065088,0.007091,0.063796,0.001481
116.126000,SAMPLE,3,6.379589,3.699639,-1.033706,6.316507,3.764468,-1.023893,6.427379,3.743149,-1.024877,6.436174,3.728989,-1.034199,0.090456,0.009813,0.064630,0.008829,0.063744,0.000492
116.215000,SAMPLE,3,6.387191,3.686770,-1.041001,6.324460,3.751294,-1.031472,6.437255,3.726851,-1.033978,6.444122,3.715511,-1.041738,0.089991,0.009529,0.064132,0.007023,0.063775,0.000737
116.314000,SAMPLE,3,6.397342,3.669241,-1.050664,6.334483,3.734365,-1.040946,6.448586,3.708717,-1.044095,6.454328,3.697992,-1.051296,0.090512,0.009718,0.064685,0.006569,0.063827,0.000632
116.413000,SAMPLE,3,6.407363,3.651552,-1.060327,6.344394,3.717260,-1.050420,6.458990,3.691349,-1.054154,6.464371,3.680434,-1.060948,0.091009,0.009908,0.065185,0.006173,0.063907,0.000620
116.511000,SAMPLE,3,6.416872,3.634370,-1.071241,6.353853,3.700564,-1.061043,6.469290,3.673632,-1.063793,6.474222,3.662820,-1.071936,0.091395,0.010198,0.065491,0.007448,0.064019,0.000695
116.603000,SAMPLE,3,6.426079,3.617213,-1.084810,6.363482,3.683035,-1.075191,6.479706,3.656711,-1.074799,6.484113,3.644896,-1.085187,0.090834,0.009619,0.066603,0.010010,0.064299,0.000377
116.699000,SAMPLE,3,6.434978,3.600222,-1.090590,6.370972,3.669075,-1.080428,6.490221,3.638386,-1.089009,6.492109,3.630132,-1.092516,0.094008,0.010162,0.067144,0.001580,0.064487,0.001926
116.797000,SAMPLE,3,6.442171,3.586368,-1.093211,6.379790,3.652495,-1.083586,6.499786,3.622084,-1.094861,6.501201,3.613324,-1.095870,0.090908,0.009625,0.067787,0.001650,0.064893,0.002659
116.894000,SAMPLE,3,6.451076,3.569046,-1.100075,6.388808,3.635354,-1.090507,6.508218,3.604604,-1.099302,6.510521,3.595647,-1.102721,0.090962,0.009568,0.067303,0.000773,0.065125,0.002646
116.986000,SAMPLE,3,6.459846,3.551617,-1.109360,6.397830,3.617836,-1.099980,6.517333,3.586323,-1.107251,6.519682,3.577840,-1.112329,0.090724,0.009380,0.067151,0.002109,0.065330,0.002969
117.081000,SAMPLE,3,6.468252,3.534511,-1.118644,6.406500,3.600599,-1.109454,6.525744,3.569042,-1.116650,6.528504,3.560199,-1.121899,0.090448,0.009190,0.067065,0.001994,0.065499,0.003255
117.180000,SAMPLE,3,6.477152,3.515975,-1.126757,6.413569,3.586245,-1.116383,6.536173,3.550556,-1.125767,6.535728,3.545917,-1.129111,0.094766,0.010374,0.068406,0.000990,0.065785,0.002354
117.275000,SAMPLE,3,6.483750,3.501997,-1.133613,6.421895,3.569061,-1.124157,6.544893,3.532589,-1.132988,6.544318,3.528364,-1.136612,0.091234,0.009457,0.068369,0.000625,0.066058,0.002999
117.361000,SAMPLE,3,6.490578,3.487223,-1.142140,6.429548,3.552886,-1.133630,6.551337,3.515045,-1.142691,6.552078,3.511677,-1.146158,0.089645,0.008510,0.066825,0.000551,0.066183,0.004018
117.460000,SAMPLE,3,6.498787,3.469096,-1.147876,6.437810,3.535066,-1.138533,6.558608,3.499150,-1.150929,6.558890,3.496705,-1.151267,0.089834,0.009343,0.066947,0.003053,0.066141,0.003390
117.556000,SAMPLE,3,6.506506,3.451874,-1.150971,6.444205,3.521161,-1.141059,6.566512,3.481779,-1.154336,6.566860,3.479024,-1.154528,0.093177,0.009912,0.067044,0.003364,0.066179,0.003556
117.655000,SAMPLE,3,6.514298,3.434357,-1.154182,6.451940,3.504211,-1.144217,6.575376,3.464419,-1.157368,6.574658,3.461879,-1.157741,0.093638,0.009965,0.068075,0.003187,0.066338,0.003559
117.754000,SAMPLE,3,6.521346,3.418369,-1.157830,6.460185,3.485989,-1.148375,6.582325,3.447199,-1.160445,6.582812,3.443548,-1.161931,0.091177,0.009455,0.067452,0.002615,0.066423,0.004101
117.850000,SAMPLE,3,6.528993,3.400779,-1.163475,6.468019,3.468426,-1.154083,6.589769,3.431182,-1.166414,6.590382,3.425949,-1.168089,0.091071,0.009392,0.067957,0.002939,0.066349,0.004615
117.950000,SAMPLE,3,6.536447,3.383367,-1.168123,6.475539,3.451310,-1.158541,6.589769,3.431182,-1.166414,6.597627,3.409336,-1.172919,0.091248,0.009583,0.071620,0.001709,0.066463,0.004795
118.040000,SAMPLE,3,6.543808,3.366050,-1.168982,6.483540,3.432980,-1.159330,6.597916,3.412241,-1.173709,6.603658,3.395393,-1.174216,0.090066,0.009652,0.071142,0.004726,0.066656,0.005234
118.131000,SAMPLE,3,6.550873,3.349426,-1.168982,6.489670,3.418933,-1.159330,6.603820,3.394165,-1.174758,6.610934,3.377898,-1.174320,0.092612,0.009652,0.069318,0.005776,0.066468,0.005338
118.226000,SAMPLE,3,6.557894,3.332904,-1.169774,6.497141,3.401808,-1.160088,6.612389,3.375504,-1.175589,6.618138,3.360778,-1.175191,0.091862,0.009686,0.069170,0.005815,0.066380,0.005418
118.321000,SAMPLE,3,6.564321,3.317690,-1.172395,6.503477,3.387207,-1.162615,6.620517,3.359407,-1.175985,6.624324,3.346440,-1.177742,0.092383,0.009780,0.069988,0.003590,0.066535,0.005348
118.420000,SAMPLE,3,6.571815,3.299806,-1.175616,6.510971,3.369805,-1.165772,6.629405,3.340603,-1.178441,6.631826,3.329071,-1.180784,0.092746,0.009844,0.070577,0.002825,0.066766,0.005168
118.514000,SAMPLE,3,6.579144,3.282154,-1.179961,6.518264,3.352717,-1.169680,6.635735,3.322013,-1.181987,6.639016,3.311812,-1.183927,0.093196,0.010281,0.069219,0.002025,0.066815,0.003966
118.609000,SAMPLE,3,6.586366,3.264423,-1.187416,6.525993,3.334271,-1.177672,6.643560,3.306191,-1.184238,6.646715,3.293492,-1.191543,0.092323,0.009743,0.070822,0.003178,0.066985,0.004127
118.696000,SAMPLE,3,6.592729,3.248631,-1.186924,6.531872,3.320072,-1.177751,6.648477,3.287275,-1.191958,6.652271,3.279337,-1.192864,0.093847,0.009173,0.067833,0.005034,0.066993,0.005940
118.791000,SAMPLE,3,6.598687,3.233932,-1.184830,6.539241,3.302376,-1.175257,6.654497,3.269992,-1.191871,6.659125,3.261661,-1.190314,0.090656,0.009573,0.066446,0.007041,0.066496,0.005484
118.879000,SAMPLE,3,6.605464,3.217256,-1.184830,6.545406,3.287611,-1.175257,6.661791,3.252536,-1.190002,6.665035,3.246609,-1.190260,0.092503,0.009573,0.066464,0.005172,0.066410,0.005430
118.968000,SAMPLE,3,6.612212,3.200643,-1.185619,6.552842,3.269796,-1.176078,6.669955,3.234002,-1.190103,6.672252,3.228536,-1.190862,0.091143,0.009542,0.066686,0.004484,0.066203,0.005243
119.061000,SAMPLE,3,6.619152,3.183491,-1.187117,6.560022,3.252524,-1.177657,6.677746,3.216784,-1.191693,6.679388,3.210866,-1.193314,0.090895,0.009460,0.067392,0.004576,0.066164,0.006197
119.155000,SAMPLE,3,6.626260,3.165808,-1.190124,6.566133,3.237736,-1.180183,6.685315,3.199458,-1.194509,6.685456,3.195961,-1.195709,0.093750,0.009941,0.067969,0.004385,0.066433,0.005585
119.251000,SAMPLE,3,6.633016,3.148853,-1.193187,6.573340,3.220156,-1.183341,6.692377,3.180572,-1.197495,6.692516,3.178249,-1.198724,0.092980,0.009846,0.067304,0.004307,0.066366,0.005537
119.350000,SAMPLE,3,6.638755,3.134334,-1.195332,6.580258,3.203129,-1.185772,6.692377,3.180572,-1.197495,6.699199,3.161060,-1.201251,0.090303,0.009559,0.070804,0.002163,0.066089,0.005919
119.449000,SAMPLE,3,6.646231,3.115329,-1.196508,6.587756,3.184588,-1.186891,6.706254,3.145390,-1.201094,6.706446,3.142901,-1.200803,0.090643,0.009618,0.067130,0.004586,0.066228,0.004294
119.546000,SAMPLE,3,6.653261,3.097499,-1.193694,6.594967,3.166805,-1.184036,6.713565,3.126624,-1.199964,6.713538,3.125075,-1.198428,0.090562,0.009658,0.066969,0.006271,0.066286,0.004735
119.645000,SAMPLE,3,6.660299,3.079804,-1.191819,6.602054,3.149471,-1.182328,6.719331,3.108717,-1.197289,6.720435,3.107473,-1.197270,0.090808,0.009491,0.065733,0.005470,0.066196,0.005452
119.739000,SAMPLE,3,6.667548,3.061533,-1.194624,6.608099,3.134657,-1.184578,6.726702,3.090860,-1.199021,6.726129,3.092721,-1.199539,0.094241,0.010046,0.066025,0.004397,0.066366,0.004915
119.838000,SAMPLE,3,6.673534,3.046319,-1.197340,6.615288,3.116900,-1.187736,6.733589,3.071444,-1.201767,6.733093,3.074742,-1.202601,0.091510,0.009604,0.065099,0.004427,0.065994,0.005261
119.935000,SAMPLE,3,6.680595,3.028217,-1.200498,6.622483,3.098962,-1.190893,6.740152,3.053357,-1.204997,6.740155,3.056161,-1.205618,0.091553,0.009604,0.064645,0.004500,0.065789,0.005120
120.035000,SAMPLE,3,6.687895,3.009400,-1.199673,6.629893,3.080386,-1.190288,6.740152,3.053357,-1.204997,6.747303,3.037151,-1.204664,0.091669,0.009385,0.068286,0.005324,0.065570,0.004991
120.126000,SAMPLE,3,6.694790,2.991760,-1.196673,6.637350,3.061828,-1.187130,6.747550,3.037183,-1.205000,6.754332,3.018936,-1.201693,0.090603,0.009543,0.069620,0.008327,0.065450,0.005020
120.222000,SAMPLE,3,6.702253,2.972789,-1.195947,6.644848,3.043287,-1.186436,6.755248,3.017975,-1.202398,6.761477,3.000613,-1.201317,0.090913,0.009511,0.069644,0.006451,0.065434,0.005370
120.320000,SAMPLE,3,6.708261,2.957518,-1.195947,6.652213,3.025078,-1.186436,6.762843,2.999333,-1.201812,6.768532,2.982646,-1.201409,0.087782,0.009511,0.068758,0.005865,0.065300,0.005462
120.403000,SAMPLE,3,6.714851,2.940768,-1.195947,6.657826,3.011201,-1.186436,6.768410,2.981498,-1.200893,6.773756,2.968995,-1.201312,0.090624,0.009511,0.067286,0.004946,0.065319,0.005365
120.500000,SAMPLE,3,6.721134,2.924798,-1.196686,6.664786,2.993987,-1.187446,6.775852,2.964085,-1.200460,6.779029,2.955467,-1.201149,0.089231,0.009240,0.067360,0.003774,0.065516,0.004463
120.600000,SAMPLE,3,6.728378,2.906270,-1.198533,6.672042,2.975927,-1.188954,6.783988,2.947450,-1.201765,6.787740,2.933476,-1.202821,0.089587,0.009579,0.069197,0.003233,0.065299,0.004289
120.701000,SAMPLE,3,6.735687,2.887626,-1.195588,6.679390,2.957699,-1.186007,6.791493,2.927779,-1.203225,6.795065,2.914981,-1.200065,0.089887,0.009581,0.068751,0.007637,0.065376,0.004477
120.798000,SAMPLE,3,6.742944,2.869238,-1.193977,6.685340,2.943028,-1.185028,6.796209,2.911058,-1.200661,6.800778,2.900147,-1.199033,0.093612,0.008950,0.067720,0.006683,0.065576,0.005056
120.892000,SAMPLE,3,6.748913,2.854177,-1.192935,6.692811,2.924681,-1.183417,6.802855,2.893275,-1.198931,6.808042,2.881348,-1.198500,0.090101,0.009518,0.066621,0.005996,0.065073,0.005565
120.984000,SAMPLE,3,6.755329,2.838048,-1.191420,6.699863,2.907436,-1.181681,6.811044,2.873356,-1.196371,6.814503,2.864832,-1.196431,0.088832,0.009739,0.065960,0.004950,0.064954,0.005010
121.075000,SAMPLE,3,6.762321,2.820527,-1.192219,6.705797,2.892963,-1.182528,6.819305,2.857197,-1.195342,6.820322,2.850611,-1.196055,0.091879,0.009691,0.067763,0.003123,0.065339,0.003836
121.167000,SAMPLE,3,6.769169,2.803238,-1.195188,6.713253,2.874654,-1.185686,6.826901,2.836457,-1.197866,6.827785,2.831876,-1.199196,0.090702,0.009502,0.066607,0.002678,0.065238,0.004008
121.260000,SAMPLE,3,6.775481,2.787162,-1.198188,6.720040,2.857835,-1.188844,6.833399,2.818550,-1.200974,6.834533,2.814631,-1.202331,0.089824,0.009344,0.065877,0.002786,0.065129,0.004143
121.360000,SAMPLE,3,6.781518,2.771717,-1.197350,6.725879,2.843301,-1.187986,6.839487,2.801867,-1.203320,6.840277,2.799723,-1.202055,0.090664,0.009363,0.065341,0.005971,0.065092,0.004706
121.452000,SAMPLE,3,6.788527,2.753907,-1.194284,6.733303,2.824946,-1.184828,6.847145,2.783405,-1.200553,6.847551,2.781104,-1.199086,0.089979,0.009455,0.065621,0.006270,0.064988,0.004802
121.548000,SAMPLE,3,6.795307,2.736832,-1.191937,6.740565,2.807149,-1.182492,6.854235,2.763996,-1.197375,6.854707,2.762805,-1.197226,0.089113,0.009445,0.064888,0.005439,0.064830,0.005289
121.643000,SAMPLE,3,6.802630,2.718436,-1.191937,6.748138,2.788638,-1.182492,6.861639,2.745983,-1.196962,6.862304,2.743531,-1.197176,0.088870,0.009445,0.065122,0.005025,0.064736,0.005240
121.723000,SAMPLE,3,6.808517,2.703649,-1.191937,6.753929,2.774482,-1.182492,6.861639,2.745983,-1.196962,6.867859,2.729360,-1.197176,0.089427,0.009445,0.067928,0.005025,0.064673,0.005240
121.816000,SAMPLE,3,6.815211,2.686792,-1.193516,6.759614,2.760556,-1.184071,6.870063,2.728359,-1.198845,6.873228,2.716187,-1.199147,0.092369,0.009445,0.068822,0.005330,0.065039,0.005631
121.916000,SAMPLE,3,6.821259,2.671501,-1.194734,6.766891,2.742652,-1.185318,6.877320,2.708005,-1.199969,6.880289,2.698330,-1.200082,0.089545,0.009416,0.066898,0.005235,0.064841,0.005347
122.008000,SAMPLE,3,6.828233,2.653903,-1.191202,6.774437,2.724130,-1.181315,6.884097,2.691258,-1.201092,6.887815,2.679300,-1.195700,0.088463,0.009887,0.067203,0.009890,0.064769,0.004497
122.101000,SAMPLE,3,6.835512,2.635805,-1.186576,6.781975,2.705901,-1.176957,6.891221,2.671933,-1.197224,6.895429,2.660166,-1.191814,0.088202,0.009619,0.066398,0.010648,0.064680,0.005238
122.197000,SAMPLE,3,6.842556,2.618414,-1.185903,6.788065,2.691265,-1.176515,6.898391,2.653877,-1.192945,6.901484,2.645061,-1.192026,0.090975,0.009388,0.066146,0.007042,0.064673,0.006123
122.295000,SAMPLE,3,6.850053,2.599906,-1.185903,6.795477,2.673450,-1.176515,6.905403,2.636319,-1.192154,6.908710,2.627031,-1.192049,0.091582,0.009388,0.066254,0.006251,0.064625,0.006146
122.383000,SAMPLE,3,6.855454,2.586572,-1.186398,6.802870,2.655674,-1.177431,6.912785,2.616345,-1.191933,6.915847,2.609039,-1.193290,0.086834,0.008967,0.064601,0.005535,0.064437,0.006892
122.478000,SAMPLE,3,6.862575,2.568892,-1.189398,6.808984,2.640888,-1.179957,6.920843,2.601518,-1.193908,6.921815,2.594604,-1.195563,0.089752,0.009441,0.066780,0.004510,0.064579,0.006165
122.577000,SAMPLE,3,6.870157,2.549965,-1.188843,6.816595,2.622393,-1.179592,6.927574,2.583988,-1.196242,6.929120,2.576503,-1.195744,0.090081,0.009251,0.066740,0.007399,0.064660,0.006901
122.661000,SAMPLE,3,6.876619,2.533948,-1.184883,6.824125,2.604229,-1.174834,6.933490,2.565452,-1.193239,6.936317,2.558310,-1.191473,0.087721,0.010049,0.065014,0.008356,0.064478,0.006591
122.753000,SAMPLE,3,6.883760,2.516503,-1.180595,6.830257,2.589644,-1.171457,6.933490,2.565452,-1.193239,6.942213,2.543594,-1.187947,0.090621,0.009137,0.069779,0.012644,0.064426,0.007352
122.849000,SAMPLE,3,6.891087,2.498723,-1.178953,6.837942,2.571477,-1.169752,6.948132,2.526865,-1.184277,6.949218,2.525825,-1.185457,0.090097,0.009200,0.063609,0.005324,0.064138,0.006505
122.941000,SAMPLE,3,6.896734,2.485078,-1.178384,6.845351,2.554038,-1.168994,6.948132,2.526865,-1.184277,6.956355,2.508273,-1.184194,0.085998,0.009390,0.066242,0.005893,0.063975,0.005810
123.038000,SAMPLE,3,6.904106,2.467207,-1.182511,6.851453,2.539624,-1.172860,6.964095,2.490806,-1.185693,6.962186,2.494216,-1.188769,0.089535,0.009651,0.064464,0.003182,0.064053,0.006258
123.138000,SAMPLE,3,6.911458,2.448984,-1.192363,6.858645,2.522288,-1.182334,6.964095,2.490806,-1.185693,6.969365,2.476422,-1.197678,0.090347,0.010030,0.067229,0.006671,0.064079,0.005315
123.238000,SAMPLE,3,6.918834,2.430154,-1.203460,6.865861,2.504405,-1.192607,6.978550,2.457249,-1.204511,6.976595,2.458461,-1.207426,0.091210,0.010853,0.065575,0.001051,0.064324,0.003966
123.329000,SAMPLE,3,6.925369,2.412892,-1.213674,6.872880,2.486421,-1.203781,6.978550,2.457249,-1.204511,6.983606,2.440313,-1.218378,0.090341,0.009892,0.069251,0.009162,0.064370,0.004704
123.428000,SAMPLE,3,6.931746,2.395552,-1.223242,6.879316,2.469442,-1.213255,6.984995,2.439397,-1.216176,6.989982,2.423200,-1.227438,0.090601,0.009987,0.068977,0.007065,0.064466,0.004196
123.528000,SAMPLE,3,6.937909,2.378298,-1.231349,6.885441,2.452814,-1.221478,6.991354,2.423130,-1.225901,6.995972,2.406826,-1.235249,0.091135,0.009870,0.069759,0.005448,0.064693,0.003901
123.623000,SAMPLE,3,6.943133,2.363474,-1.231538,6.892112,2.434452,-1.221636,6.998513,2.404508,-1.234891,7.002529,2.388601,-1.235537,0.087412,0.009902,0.068925,0.003353,0.064492,0.003999
123.720000,SAMPLE,3,6.949510,2.345452,-1.230559,6.897305,2.420211,-1.221036,7.003291,2.383040,-1.236368,7.007448,2.374047,-1.235189,0.091183,0.009523,0.065615,0.005809,0.064610,0.004630
123.818000,SAMPLE,3,6.956091,2.326809,-1.232885,6.904020,2.401764,-1.223089,7.010366,2.368529,-1.234789,7.013975,2.355667,-1.237515,0.091267,0.009796,0.068456,0.001904,0.064678,0.004630
123.915000,SAMPLE,3,6.962512,2.308446,-1.236075,6.910566,2.383613,-1.226247,7.017345,2.349723,-1.236024,7.020227,2.338126,-1.240004,0.091370,0.009828,0.068633,0.000051,0.064899,0.003929
124.011000,SAMPLE,3,6.968599,2.290847,-1.240680,6.916836,2.366046,-1.230505,7.023139,2.330494,-1.240123,7.026191,2.320853,-1.243324,0.091292,0.010175,0.067428,0.000557,0.064941,0.002644
124.111000,SAMPLE,3,6.974106,2.274517,-1.252013,6.923329,2.347386,-1.243463,7.028983,2.313961,-1.244506,7.032515,2.302240,-1.255126,0.088815,0.008550,0.067582,0.007507,0.064655,0.003113
124.208000,SAMPLE,3,6.979724,2.256925,-1.272620,6.929001,2.330115,-1.264502,7.035407,2.295322,-1.256754,7.038140,2.285019,-1.274593,0.089048,0.008118,0.067638,0.015866,0.064820,0.001973
124.305000,SAMPLE,3,6.985406,2.237680,-1.294946,6.934688,2.311402,-1.286607,7.044061,2.274910,-1.279425,7.044094,2.266392,-1.295051,0.089483,0.008339,0.069473,0.015521,0.065335,0.000105
124.404000,SAMPLE,3,6.990653,2.218328,-1.317494,6.939860,2.292945,-1.308713,7.048530,2.256129,-1.301486,7.049512,2.247166,-1.317517,0.090264,0.008781,0.069127,0.016007,0.065544,0.000023
124.503000,SAMPLE,3,6.995338,2.199360,-1.340070,6.944514,2.274785,-1.330818,7.050220,2.240434,-1.321713,7.053956,2.229281,-1.337886,0.090951,0.009252,0.068550,0.018356,0.065812,0.002183
124.603000,SAMPLE,3,6.999198,2.182208,-1.358518,6.948986,2.255627,-1.351373,7.059839,2.218843,-1.347151,7.058692,2.210828,-1.357343,0.088947,0.007144,0.070848,0.011367,0.066020,0.001175
124.701000,SAMPLE,3,7.003140,2.163154,-1.375044,6.952893,2.237420,-1.367400,7.062142,2.199258,-1.367367,7.062729,2.191777,-1.374571,0.089668,0.007644,0.069172,0.007677,0.066107,0.000473
124.796000,SAMPLE,3,7.006679,2.144587,-1.389102,6.955964,2.222040,-1.379131,7.066611,2.181066,-1.382576,7.065996,2.175910,-1.387514,0.092580,0.009971,0.070161,0.006526,0.067079,0.001588
124.890000,SAMPLE,3,7.010065,2.125467,-1.403118,6.959599,2.202630,-1.393421,7.070006,2.161623,-1.396379,7.069739,2.155764,-1.402131,0.092201,0.009697,0.070000,0.006739,0.066924,0.000986
124.991000,SAMPLE,3,7.013174,2.106169,-1.419381,6.962753,2.184204,-1.409210,7.073641,2.140475,-1.410632,7.072976,2.137316,-1.417103,0.092906,0.010171,0.069521,0.008749,0.067427,0.002278
125.090000,SAMPLE,3,7.016063,2.086156,-1.435558,6.965728,2.164980,-1.425000,7.076670,2.121967,-1.426339,7.076136,2.116598,-1.434032,0.093525,0.010558,0.070396,0.009219,0.067346,0.001526
125.186000,SAMPLE,3,7.018143,2.070103,-1.448670,6.968370,2.145952,-1.440789,7.079356,2.102673,-1.441983,7.078879,2.096453,-1.450694,0.090721,0.007881,0.069339,0.006687,0.066207,0.002025
125.284000,SAMPLE,3,7.020344,2.050907,-1.464775,6.970650,2.127365,-1.456578,7.081609,2.084426,-1.457701,7.081236,2.076751,-1.467189,0.091189,0.008197,0.069835,0.007074,0.066149,0.002414
125.383000,SAMPLE,3,7.022314,2.030920,-1.480565,6.972739,2.107803,-1.472368,7.083267,2.066973,-1.473893,7.083273,2.057532,-1.482427,0.091481,0.008197,0.070817,0.006672,0.066514,0.001862
125.477000,SAMPLE,3,7.023892,2.012209,-1.491038,6.974155,2.092711,-1.480900,7.084656,2.046989,-1.488986,7.084611,2.042524,-1.490879,0.094629,0.010139,0.070014,0.002052,0.067866,0.000160
125.569000,SAMPLE,3,7.025320,1.993900,-1.494512,6.975836,2.073585,-1.484768,7.086496,2.027690,-1.496618,7.086194,2.022924,-1.495610,0.093800,0.009744,0.069887,0.002106,0.067439,0.001098
125.667000,SAMPLE,3,7.026833,1.973693,-1.497701,6.977523,2.053657,-1.487926,7.088996,2.009459,-1.500473,7.087671,2.002979,-1.498768,0.093945,0.009776,0.071718,0.002772,0.067520,0.001066
125.756000,SAMPLE,3,7.027914,1.958684,-1.500070,6.978827,2.037710,-1.490452,7.088814,1.989685,-1.503514,7.088947,1.987814,-1.501626,0.093030,0.009618,0.068337,0.003445,0.067628,0.001557
125.848000,SAMPLE,3,7.029229,1.939912,-1.500986,6.980417,2.017773,-1.491368,7.091325,1.966122,-1.505488,7.090402,1.967384,-1.503143,0.091897,0.009618,0.067401,0.004502,0.067058,0.002157
125.932000,SAMPLE,3,7.030408,1.922924,-1.502802,6.981630,2.002410,-1.493136,7.091658,1.947880,-1.506623,7.091438,1.952051,-1.504406,0.093260,0.009666,0.066140,0.003821,0.067625,0.001604
126.030000,SAMPLE,3,7.031641,1.904572,-1.504889,6.983026,1.984275,-1.495121,7.093250,1.930173,-1.508171,7.092627,1.933494,-1.506451,0.093359,0.009768,0.066717,0.003282,0.067496,0.001562
126.121000,SAMPLE,3,7.032769,1.886534,-1.512556,6.984423,1.964851,-1.503476,7.094078,1.912311,-1.515379,7.093653,1.917553,-1.512561,0.092037,0.009080,0.066507,0.002823,0.068330,0.000005
126.211000,SAMPLE,3,7.033740,1.868542,-1.521367,6.985397,1.949556,-1.511055,7.094078,1.912311,-1.515379,7.094717,1.897691,-1.522548,0.094341,0.010312,0.074541,0.005987,0.067585,0.001182
126.310000,SAMPLE,3,7.034597,1.849463,-1.529366,6.986425,1.930911,-1.519328,7.095212,1.893116,-1.524740,7.095580,1.878920,-1.531077,0.094627,0.010037,0.074698,0.004626,0.067724,0.001712
126.402000,SAMPLE,3,7.035234,1.833862,-1.530081,6.987435,1.910936,-1.520447,7.096500,1.873211,-1.532686,7.096425,1.859212,-1.532829,0.090693,0.009635,0.072814,0.002604,0.066234,0.002747
126.494000,SAMPLE,3,7.035994,1.815202,-1.530081,6.988199,1.895776,-1.520447,7.096859,1.853084,-1.533798,7.097036,1.843419,-1.533005,0.093684,0.009635,0.071690,0.003716,0.067249,0.002923
126.584000,SAMPLE,3,7.036697,1.797965,-1.530081,6.989123,1.877442,-1.520447,7.097300,1.834300,-1.533840,7.097721,1.824798,-1.533163,0.092628,0.009634,0.070661,0.003758,0.066663,0.003082
126.677000,SAMPLE,3,7.037442,1.779674,-1.530081,6.989919,1.861630,-1.520447,7.098091,1.818282,-1.533926,7.098296,1.809683,-1.533312,0.094737,0.009634,0.071895,0.003845,0.067851,0.003231
126.763000,SAMPLE,3,7.038136,1.762636,-1.530081,6.990873,1.842707,-1.520447,7.099158,1.796199,-1.534000,7.099034,1.790950,-1.533444,0.092979,0.009634,0.069643,0.003919,0.067159,0.003363
126.863000,SAMPLE,3,7.038786,1.746687,-1.530628,6.991814,1.823983,-1.521426,7.098637,1.776923,-1.533724,7.099640,1.771670,-1.534763,0.090449,0.009202,0.067055,0.003097,0.065783,0.004135
126.959000,SAMPLE,3,7.039568,1.726470,-1.533192,6.992578,1.808117,-1.523605,7.099211,1.758294,-1.535845,7.100102,1.755728,-1.537140,0.094203,0.009587,0.067603,0.002653,0.067234,0.003948
127.054000,SAMPLE,3,7.040227,1.708935,-1.533192,6.993461,1.789412,-1.523605,7.100447,1.736637,-1.536673,7.100732,1.737023,-1.537140,0.093079,0.009587,0.066286,0.003481,0.066706,0.003948
127.151000,SAMPLE,3,7.040930,1.689867,-1.535411,6.994360,1.770064,-1.525815,7.100447,1.736637,-1.536673,7.101355,1.717408,-1.538945,0.092738,0.009596,0.075694,0.001261,0.066405,0.003534
127.228000,SAMPLE,3,7.041452,1.674605,-1.537906,6.995034,1.754647,-1.528342,7.100427,1.700558,-1.539385,7.101550,1.701749,-1.540776,0.092527,0.009564,0.064433,0.001479,0.065943,0.002870
127.320000,SAMPLE,3,7.042025,1.656364,-1.540938,6.995808,1.735716,-1.531500,7.100427,1.700558,-1.539385,7.101990,1.686598,-1.543302,0.091829,0.009438,0.073238,0.001553,0.067156,0.002365
127.410000,SAMPLE,3,7.042552,1.638373,-1.541585,6.996422,1.719907,-1.532036,7.100928,1.682641,-1.542576,7.102384,1.667408,-1.543674,0.093678,0.009549,0.073263,0.000991,0.066505,0.002088
127.491000,SAMPLE,3,7.042948,1.624512,-1.543285,6.997012,1.704486,-1.533742,7.101324,1.661779,-1.543829,7.102658,1.651853,-1.544970,0.092228,0.009543,0.069257,0.000544,0.065672,0.001685
127.589000,SAMPLE,3,7.043449,1.605796,-1.544138,6.997691,1.685793,-1.534594,7.102700,1.643509,-1.546225,7.103106,1.633095,-1.546232,0.092160,0.009543,0.070235,0.002088,0.065606,0.002095
127.682000,SAMPLE,3,7.043939,1.586858,-1.546419,6.998378,1.666290,-1.537026,7.103760,1.624922,-1.547440,7.103614,1.614433,-1.548114,0.091571,0.009393,0.070905,0.001021,0.065738,0.001695
127.777000,SAMPLE,3,7.044319,1.570911,-1.547058,6.998889,1.650961,-1.537563,7.104771,1.604320,-1.549802,7.104051,1.599298,-1.548944,0.092043,0.009495,0.069069,0.002744,0.066134,0.001886
127.877000,SAMPLE,3,7.044761,1.551680,-1.549252,6.999494,1.632371,-1.539678,7.105649,1.585788,-1.550671,7.104597,1.580420,-1.551036,0.092521,0.009573,0.069790,0.001419,0.066380,0.001784
127.969000,SAMPLE,3,7.045148,1.533109,-1.550074,7.000092,1.612654,-1.540595,7.106838,1.566991,-1.553798,7.105188,1.560592,-1.552058,0.091419,0.009479,0.070381,0.003724,0.066031,0.001984
128.069000,SAMPLE,3,7.045530,1.514006,-1.551660,7.000642,1.593978,-1.542174,7.107767,1.546655,-1.554802,7.105787,1.541661,-1.553709,0.091709,0.009486,0.070281,0.003142,0.066300,0.002049
128.161000,SAMPLE,3,7.045868,1.496263,-1.552456,7.001170,1.575417,-1.543185,7.108571,1.528420,-1.555974,7.106387,1.522631,-1.555389,0.090902,0.009271,0.070467,0.003518,0.066013,0.002933
128.250000,SAMPLE,3,7.046181,1.477940,-1.554453,7.001587,1.559654,-1.545016,7.109412,1.508457,-1.558371,7.106937,1.506623,-1.557068,0.093090,0.009437,0.070210,0.003918,0.067186,0.002615
128.350000,SAMPLE,3,7.046444,1.461847,-1.554453,7.002069,1.540976,-1.545016,7.109412,1.508457,-1.558371,7.107193,1.487993,-1.557068,0.090723,0.009437,0.078342,0.003918,0.066137,0.002615
128.448000,SAMPLE,3,7.046738,1.442923,-1.556695,7.002527,1.522561,-1.547353,7.109933,1.471489,-1.559056,7.108004,1.469780,-1.559227,0.091087,0.009342,0.069352,0.002362,0.066894,0.002532
128.531000,SAMPLE,3,7.046968,1.425920,-1.557390,7.002889,1.506744,-1.547953,7.109933,1.471489,-1.559056,7.108179,1.453991,-1.559858,0.092062,0.009437,0.077725,0.001667,0.067341,0.002469
128.620000,SAMPLE,3,7.047197,1.408705,-1.558068,7.003234,1.491663,-1.548174,7.109779,1.452292,-1.561508,7.108511,1.438782,-1.560161,0.093888,0.009894,0.076265,0.003441,0.068294,0.002093
128.713000,SAMPLE,3,7.047427,1.389751,-1.558787,7.003651,1.472426,-1.549311,7.110412,1.433280,-1.561777,7.108915,1.419230,-1.560971,0.093549,0.009476,0.076563,0.002990,0.068190,0.002184
128.814000,SAMPLE,3,7.047630,1.372727,-1.559339,7.004075,1.452641,-1.549942,7.110944,1.410325,-1.564149,7.109305,1.399332,-1.562212,0.091013,0.009396,0.073636,0.004810,0.067168,0.002874
128.903000,SAMPLE,3,7.047808,1.354992,-1.561865,7.004427,1.434444,-1.552406,7.110594,1.391338,-1.564586,7.109565,1.380732,-1.565060,0.090524,0.009459,0.072548,0.002721,0.066906,0.003195
128.997000,SAMPLE,3,7.047974,1.336404,-1.561865,7.004716,1.418742,-1.552406,7.111770,1.373733,-1.567260,7.109890,1.365001,-1.565478,0.093009,0.009459,0.073915,0.005396,0.068201,0.003613
129.091000,SAMPLE,3,7.048146,1.317099,-1.561864,7.005080,1.398955,-1.552405,7.111770,1.355141,-1.566853,7.110196,1.344993,-1.565728,0.092494,0.009459,0.074130,0.004989,0.068031,0.003863
129.183000,SAMPLE,3,7.048280,1.300237,-1.564279,7.005397,1.380811,-1.554805,7.111370,1.334182,-1.567279,7.110406,1.326904,-1.568306,0.091275,0.009474,0.071642,0.003000,0.067607,0.004026
129.280000,SAMPLE,3,7.048377,1.284200,-1.564873,7.005639,1.365192,-1.555374,7.111658,1.317514,-1.570131,7.110570,1.311038,-1.569016,0.091576,0.009499,0.071515,0.005258,0.067737,0.004143
129.380000,SAMPLE,3,7.048493,1.264558,-1.564873,7.005935,1.346026,-1.555374,7.112943,1.297171,-1.570508,7.110871,1.292179,-1.569296,0.091914,0.009499,0.072232,0.005635,0.068219,0.004423
129.478000,SAMPLE,3,7.048602,1.246212,-1.564872,7.006216,1.327796,-1.555374,7.112076,1.279204,-1.569779,7.111035,1.274024,-1.569384,0.091938,0.009499,0.071536,0.004907,0.068348,0.004512
129.562000,SAMPLE,3,7.048703,1.228858,-1.565655,7.006517,1.308125,-1.556353,7.111812,1.260712,-1.570068,7.111146,1.254741,-1.570144,0.089794,0.009302,0.070693,0.004413,0.067595,0.004489
129.660000,SAMPLE,3,7.048787,1.210011,-1.566412,7.006726,1.293116,-1.556921,7.111250,1.240999,-1.571643,7.111152,1.239516,-1.570421,0.093143,0.009491,0.069727,0.005231,0.068992,0.004008
129.755000,SAMPLE,3,7.048871,1.190980,-1.566412,7.006994,1.273791,-1.556921,7.111930,1.222936,-1.571621,7.111236,1.219437,-1.570635,0.092797,0.009491,0.070694,0.005209,0.068551,0.004223
129.838000,SAMPLE,3,7.048930,1.177326,-1.566869,7.007213,1.257940,-1.557363,7.111954,1.202934,-1.571702,7.111238,1.203648,-1.570635,0.090769,0.009506,0.068028,0.004833,0.067640,0.003766
129.931000,SAMPLE,3,7.048984,1.159427,-1.568465,7.007442,1.239710,-1.559005,7.111954,1.202934,-1.571702,7.111296,1.185416,-1.572098,0.090394,0.009460,0.076538,0.003237,0.067514,0.003633
130.029000,SAMPLE,3,7.049014,1.139814,-1.569400,7.007656,1.220280,-1.559858,7.112571,1.183695,-1.572599,7.111410,1.166062,-1.573331,0.090472,0.009542,0.077234,0.003199,0.067692,0.003931
130.112000,SAMPLE,3,7.049038,1.123056,-1.569400,7.007825,1.204849,-1.559858,7.112072,1.165752,-1.574594,7.111433,1.150657,-1.573565,0.091589,0.009542,0.076134,0.005194,0.068228,0.004166
130.206000,SAMPLE,3,7.049060,1.105351,-1.570340,7.008027,1.186197,-1.560742,7.112045,1.145659,-1.574634,7.111440,1.131946,-1.575027,0.090663,0.009598,0.074778,0.004295,0.067812,0.004688
130.305000,SAMPLE,3,7.049058,1.088755,-1.570997,7.008212,1.166640,-1.561405,7.111974,1.128067,-1.575995,7.111412,1.112814,-1.576231,0.087946,0.009592,0.074188,0.004998,0.066834,0.005234
130.401000,SAMPLE,3,7.049054,1.069081,-1.570997,7.008392,1.147483,-1.561405,7.112247,1.107355,-1.576308,7.111433,1.097726,-1.576243,0.088319,0.009592,0.073879,0.005311,0.068642,0.005246
130.502000,SAMPLE,3,7.049050,1.050354,-1.570997,7.008562,1.129410,-1.561405,7.112303,1.088459,-1.576220,7.111422,1.075689,-1.576235,0.088821,0.009592,0.073843,0.005223,0.067321,0.005238
130.588000,SAMPLE,3,7.049047,1.033082,-1.570997,7.008707,1.113937,-1.561405,7.112469,1.069805,-1.576210,7.111464,1.059879,-1.576227,0.090360,0.009592,0.073287,0.005213,0.067926,0.005230
130.687000,SAMPLE,3,7.049041,1.014059,-1.571959,7.008880,1.095275,-1.562258,7.112160,1.051132,-1.576422,7.111448,1.041152,-1.576892,0.090603,0.009702,0.073202,0.004462,0.068034,0.004933
130.784000,SAMPLE,3,7.049010,0.995450,-1.572497,7.009027,1.076749,-1.562921,7.112027,1.035350,-1.577166,7.111407,1.023010,-1.577961,0.090599,0.009576,0.074587,0.004669,0.068213,0.005464
130.876000,SAMPLE,3,7.048984,0.980060,-1.572497,7.009152,1.060939,-1.562921,7.112311,1.014295,-1.577226,7.111421,1.007616,-1.577816,0.090156,0.009576,0.071988,0.004729,0.068248,0.005319
130.976000,SAMPLE,3,7.048950,0.960759,-1.573175,7.009299,1.042171,-1.563458,7.111186,0.994793,-1.576858,7.111282,0.988709,-1.578270,0.090555,0.009717,0.070934,0.003684,0.068312,0.005095
131.075000,SAMPLE,3,7.048887,0.940926,-1.574084,7.009424,1.022846,-1.564468,7.111923,0.975080,-1.580084,7.111199,0.968964,-1.579633,0.090929,0.009616,0.071694,0.005999,0.068330,0.005549
131.168000,SAMPLE,3,7.048825,0.922031,-1.574084,7.009549,1.003120,-1.564468,7.112021,0.955514,-1.579906,7.111132,0.949130,-1.579681,0.090100,0.009616,0.071519,0.005821,0.067946,0.005597
131.260000,SAMPLE,3,7.048777,0.907493,-1.574084,7.009664,0.984973,-1.564468,7.111377,0.940102,-1.578332,7.111031,0.931688,-1.579418,0.086793,0.009616,0.070584,0.004247,0.066791,0.005334
131.355000,SAMPLE,3,7.048715,0.888820,-1.574085,7.009763,0.969331,-1.564468,7.111056,0.920051,-1.578521,7.110916,0.915531,-1.579255,0.089438,0.009616,0.069726,0.004437,0.067693,0.005171
131.455000,SAMPLE,3,7.048651,0.869168,-1.574085,7.009885,0.950058,-1.564468,7.110837,0.900589,-1.578695,7.110754,0.896352,-1.579255,0.089699,0.009616,0.069674,0.004610,0.067792,0.005171
131.547000,SAMPLE,3,7.048579,0.851174,-1.575514,7.009991,0.931300,-1.565858,7.110985,0.880755,-1.579751,7.110652,0.877929,-1.580284,0.088934,0.009657,0.069061,0.004237,0.067594,0.004770
131.648000,SAMPLE,3,7.048516,0.831154,-1.570480,7.010120,0.911585,-1.560800,7.110796,0.860912,-1.578458,7.110510,0.858150,-1.576421,0.089126,0.009680,0.069025,0.007978,0.067617,0.005941
131.747000,SAMPLE,3,7.048609,0.812513,-1.560911,7.010394,0.892934,-1.551326,7.110627,0.840674,-1.569945,7.110482,0.839288,-1.567155,0.089039,0.009585,0.068113,0.009034,0.067418,0.006244
131.836000,SAMPLE,3,7.048832,0.794867,-1.557381,7.010718,0.878222,-1.547697,7.111271,0.822473,-1.562798,7.110575,0.824552,-1.561576,0.091656,0.009684,0.068270,0.005417,0.068508,0.004195
131.929000,SAMPLE,3,7.049030,0.779035,-1.559539,7.011156,0.858479,-1.550066,7.111271,0.822473,-1.562798,7.110813,0.804601,-1.563910,0.088010,0.009473,0.075900,0.003259,0.066863,0.004371
132.026000,SAMPLE,3,7.049215,0.759887,-1.562760,7.011515,0.839799,-1.553223,7.110378,0.803260,-1.564260,7.110862,0.785811,-1.567136,0.088359,0.009537,0.074981,0.001500,0.066875,0.004376
132.124000,SAMPLE,3,7.049346,0.740328,-1.564468,7.011832,0.820222,-1.554831,7.111386,0.784523,-1.567897,7.110960,0.766079,-1.569436,0.088263,0.009636,0.076172,0.003429,0.066779,0.004968
132.221000,SAMPLE,3,7.049513,0.720716,-1.560100,7.012191,0.800552,-1.550489,7.111782,0.766473,-1.568986,7.111124,0.747032,-1.564577,0.088129,0.009611,0.077273,0.008886,0.066996,0.004477
132.317000,SAMPLE,3,7.049665,0.705824,-1.561813,7.012477,0.786081,-1.552266,7.110976,0.747429,-1.566408,7.111170,0.733554,-1.567217,0.088455,0.009548,0.074094,0.004595,0.067467,0.005403
132.411000,SAMPLE,3,7.049831,0.686563,-1.560657,7.012828,0.766779,-1.551023,7.111601,0.726619,-1.567426,7.111288,0.714163,-1.565363,0.088339,0.009633,0.073621,0.006769,0.067370,0.004707
132.507000,SAMPLE,3,7.050100,0.667495,-1.551934,7.013286,0.747542,-1.542287,7.111899,0.710640,-1.566545,7.111470,0.695515,-1.557684,0.088107,0.009648,0.075370,0.014610,0.067464,0.005750
132.602000,SAMPLE,3,7.050506,0.650114,-1.542745,7.013887,0.729447,-1.532813,7.111583,0.689584,-1.557719,7.111730,0.677583,-1.548936,0.087377,0.009932,0.072720,0.014975,0.067104,0.006192
132.695000,SAMPLE,3,7.051122,0.631298,-1.533555,7.014543,0.713777,-1.525234,7.111817,0.670513,-1.546977,7.112056,0.662372,-1.542086,0.090225,0.008321,0.072261,0.013421,0.068399,0.008531
132.796000,SAMPLE,3,7.051777,0.615345,-1.526378,7.015499,0.694716,-1.516710,7.112645,0.650919,-1.537680,7.112685,0.643411,-1.532851,0.087269,0.009668,0.070501,0.011301,0.067063,0.006473
132.893000,SAMPLE,3,7.052600,0.597319,-1.524641,7.016511,0.676429,-1.514900,7.114175,0.633874,-1.529881,7.113556,0.624833,-1.531976,0.086952,0.009741,0.071609,0.005240,0.066878,0.007335
132.985000,SAMPLE,3,7.053502,0.578402,-1.521609,7.017644,0.656724,-1.511742,7.113195,0.614811,-1.528955,7.114286,0.604929,-1.528496,0.086141,0.009867,0.069921,0.007346,0.066321,0.006886
133.086000,SAMPLE,3,7.054457,0.559594,-1.518420,7.018774,0.638106,-1.508584,7.114095,0.596348,-1.526829,7.114982,0.587158,-1.525510,0.086240,0.009836,0.070054,0.008409,0.066506,0.007091
133.170000,SAMPLE,3,7.055347,0.543052,-1.515704,7.019760,0.622600,-1.506058,7.115355,0.577558,-1.524229,7.115677,0.571829,-1.523100,0.087145,0.009646,0.069221,0.008525,0.066841,0.007397
133.270000,SAMPLE,3,7.056483,0.523043,-1.512483,7.021068,0.602907,-1.502900,7.115355,0.577558,-1.524229,7.116640,0.552169,-1.519943,0.087364,0.009583,0.080236,0.011746,0.066837,0.007460
133.364000,SAMPLE,3,7.057586,0.504366,-1.510855,7.022381,0.583836,-1.501163,7.115630,0.558040,-1.522544,7.117464,0.533915,-1.517927,0.086919,0.009692,0.079057,0.011689,0.066772,0.007072
133.460000,SAMPLE,3,7.058612,0.487664,-1.508140,7.023774,0.564307,-1.498005,7.119414,0.518519,-1.515918,7.118572,0.518798,-1.515322,0.084189,0.010135,0.068183,0.007779,0.067561,0.007182
133.555000,SAMPLE,3,7.059817,0.468912,-1.505045,7.024907,0.549044,-1.495479,7.120252,0.498350,-1.513072,7.119783,0.498591,-1.512100,0.087406,0.009566,0.067223,0.008027,0.066908,0.007055
133.651000,SAMPLE,3,7.061034,0.450846,-1.502752,7.026343,0.530383,-1.493079,7.120252,0.498350,-1.513072,7.120903,0.479930,-1.509573,0.086774,0.009674,0.075917,0.010320,0.066560,0.006821
133.751000,SAMPLE,3,7.062401,0.430787,-1.502752,7.027876,0.510695,-1.493079,7.120106,0.478794,-1.511191,7.121991,0.460125,-1.509888,0.087048,0.009674,0.075063,0.008438,0.066421,0.007135
133.850000,SAMPLE,3,7.063790,0.410891,-1.497397,7.029417,0.491272,-1.488350,7.121784,0.458838,-1.511539,7.123114,0.440948,-1.506320,0.087422,0.009048,0.075248,0.014142,0.066504,0.008922
133.949000,SAMPLE,3,7.065037,0.394816,-1.489345,7.031091,0.472135,-1.478876,7.123320,0.436638,-1.509188,7.124361,0.421662,-1.497773,0.084443,0.010469,0.071735,0.019844,0.065115,0.008428
134.034000,SAMPLE,3,7.066563,0.377052,-1.480818,7.032620,0.456208,-1.471297,7.124665,0.415850,-1.499088,7.125534,0.405486,-1.490814,0.086127,0.009521,0.069865,0.018270,0.065468,0.009995
134.123000,SAMPLE,3,7.068194,0.359785,-1.472197,7.034621,0.437070,-1.461823,7.126638,0.399754,-1.490235,7.127212,0.386189,-1.481582,0.084263,0.010374,0.070804,0.018037,0.064656,0.009385
134.204000,SAMPLE,3,7.069802,0.344183,-1.464120,7.036303,0.422229,-1.454244,7.127275,0.382148,-1.480123,7.128610,0.370861,-1.473740,0.084931,0.009876,0.068880,0.016003,0.064576,0.009619
134.298000,SAMPLE,3,7.071893,0.325224,-1.457495,7.038204,0.406342,-1.449166,7.130787,0.363311,-1.469634,7.130375,0.354990,-1.468878,0.087835,0.008330,0.070137,0.012139,0.065621,0.011382
134.393000,SAMPLE,3,7.074005,0.307359,-1.448495,7.040631,0.387232,-1.439692,7.132110,0.343577,-1.462636,7.132532,0.335516,-1.458949,0.086565,0.008804,0.068468,0.014141,0.064948,0.010454
134.487000,SAMPLE,3,7.075896,0.292468,-1.440727,7.043162,0.368720,-1.430218,7.134666,0.327504,-1.453567,7.134862,0.316867,-1.449175,0.082982,0.010509,0.068422,0.012840,0.063815,0.008448
134.585000,SAMPLE,3,7.078558,0.272817,-1.432253,7.046054,0.348931,-1.422194,7.136770,0.307929,-1.444032,7.137489,0.296909,-1.440445,0.082764,0.010059,0.067982,0.011779,0.063665,0.008192
134.675000,SAMPLE,3,7.081096,0.254859,-1.427752,7.048322,0.333933,-1.418644,7.139014,0.288650,-1.436637,7.139554,0.281877,-1.437439,0.085597,0.009108,0.067054,0.008885,0.064399,0.009687
134.765000,SAMPLE,3,7.083663,0.237316,-1.425208,7.051319,0.314712,-1.415637,7.141252,0.271129,-1.431295,7.142252,0.262568,-1.432856,0.083883,0.009572,0.066782,0.006087,0.063799,0.007648
134.860000,SAMPLE,3,7.086400,0.218478,-1.428058,7.054253,0.295791,-1.418544,7.144855,0.250419,-1.432222,7.144495,0.247285,-1.434688,0.083730,0.009514,0.066612,0.004164,0.064845,0.006630
134.959000,SAMPLE,3,7.088980,0.200322,-1.431248,7.056432,0.281472,-1.421071,7.146453,0.231953,-1.435770,7.146947,0.229219,-1.437846,0.087434,0.010177,0.065602,0.004522,0.064770,0.006598
135.048000,SAMPLE,3,7.091010,0.185813,-1.432395,7.059286,0.262421,-1.422966,7.146453,0.231953,-1.435770,7.149464,0.210352,-1.439968,0.082917,0.009430,0.072131,0.003375,0.063395,0.007573
135.143000,SAMPLE,3,7.093578,0.167265,-1.433912,7.062098,0.243439,-1.424576,7.151487,0.190961,-1.440393,7.151956,0.190990,-1.441546,0.082423,0.009336,0.062570,0.006481,0.063015,0.007634
135.236000,SAMPLE,3,7.095983,0.149709,-1.435353,7.064248,0.228785,-1.425587,7.153668,0.172217,-1.441633,7.153867,0.176229,-1.442178,0.085206,0.009767,0.061920,0.006280,0.063670,0.006824
135.330000,SAMPLE,3,7.098596,0.130516,-1.433867,7.067135,0.208995,-1.424394,7.153668,0.172217,-1.441633,7.156403,0.155921,-1.441236,0.084550,0.009472,0.069079,0.007766,0.063143,0.007369
135.430000,SAMPLE,3,7.101351,0.111122,-1.424752,7.070017,0.189991,-1.415605,7.155699,0.153021,-1.442486,7.158759,0.137056,-1.432801,0.084865,0.009147,0.068623,0.017734,0.062994,0.008049
135.527000,SAMPLE,3,7.104110,0.092939,-1.416804,7.072995,0.171514,-1.407431,7.162012,0.115182,-1.424523,7.161640,0.117204,-1.424363,0.084511,0.009372,0.062027,0.007719,0.062437,0.007560
135.612000,SAMPLE,3,7.106394,0.078359,-1.414198,7.075588,0.155928,-1.404616,7.162012,0.115182,-1.424523,7.163962,0.101586,-1.421574,0.083462,0.009583,0.066703,0.010325,0.062077,0.007375
135.693000,SAMPLE,3,7.108854,0.062896,-1.412624,7.078079,0.141179,-1.403039,7.164096,0.096449,-1.420629,7.166224,0.086212,-1.418875,0.084115,0.009585,0.064633,0.008004,0.061927,0.006251
135.781000,SAMPLE,3,7.111507,0.046036,-1.418270,7.081125,0.122926,-1.409244,7.166975,0.077834,-1.419494,7.168987,0.067573,-1.424749,0.082675,0.009025,0.063936,0.001224,0.061383,0.006479
135.869000,SAMPLE,3,7.114204,0.027978,-1.426985,7.083602,0.107364,-1.416823,7.169591,0.059704,-1.427236,7.171181,0.052016,-1.432081,0.085081,0.010162,0.063830,0.000251,0.061840,0.005095
135.965000,SAMPLE,3,7.116392,0.012447,-1.434849,7.086374,0.088929,-1.426297,7.171760,0.041764,-1.437167,7.173568,0.033758,-1.441443,0.082163,0.008551,0.062651,0.002318,0.061018,0.006595
136.056000,SAMPLE,3,7.118676,-0.004806,-1.442775,7.088433,0.074401,-1.433026,7.174946,0.022508,-1.446446,7.175435,0.019069,-1.448893,0.084784,0.009749,0.062549,0.003671,0.061576,0.006118
136.156000,SAMPLE,3,7.121184,-0.024423,-1.443081,7.091133,0.054775,-1.433626,7.176993,0.002695,-1.450599,7.177831,-0.001096,-1.449030,0.084708,0.009455,0.062049,0.007518,0.061262,0.005949
136.246000,SAMPLE,3,7.123414,-0.041600,-1.440144,7.093715,0.036281,-1.430468,7.179454,-0.015670,-1.447843,7.180134,-0.019952,-1.446005,0.083352,0.009676,0.061748,0.007698,0.060711,0.005860
136.345000,SAMPLE,3,7.125991,-0.061094,-1.439343,7.096462,0.016917,-1.429805,7.182015,-0.034379,-1.445790,7.182569,-0.039255,-1.445453,0.083413,0.009538,0.062068,0.006447,0.060647,0.006111
136.428000,SAMPLE,3,7.128182,-0.077666,-1.439343,7.098622,0.001701,-1.429805,7.182015,-0.034379,-1.445790,7.184490,-0.054502,-1.445453,0.084693,0.009538,0.069078,0.006447,0.060886,0.006111
136.524000,SAMPLE,3,7.130218,-0.093068,-1.439343,7.101240,-0.016746,-1.429805,7.186009,-0.073291,-1.446285,7.186664,-0.073009,-1.445749,0.081639,0.009538,0.059193,0.006942,0.059904,0.006407
136.616000,SAMPLE,3,7.132600,-0.110995,-1.437996,7.103440,-0.032168,-1.428416,7.186009,-0.073291,-1.446285,7.188609,-0.088466,-1.445118,0.084048,0.009580,0.065377,0.008289,0.060371,0.007122
136.700000,SAMPLE,3,7.134956,-0.128558,-1.436607,7.105645,-0.047505,-1.427026,7.188311,-0.091543,-1.444558,7.190459,-0.103647,-1.443750,0.086190,0.009581,0.064937,0.007951,0.060837,0.007143
136.798000,SAMPLE,3,7.137377,-0.146490,-1.436607,7.108336,-0.066090,-1.427025,7.190479,-0.111653,-1.443566,7.192723,-0.122290,-1.443718,0.085484,0.009582,0.063509,0.006959,0.060405,0.007112
136.897000,SAMPLE,3,7.140020,-0.166020,-1.435087,7.111107,-0.085217,-1.426125,7.192806,-0.129822,-1.443502,7.195093,-0.141639,-1.443680,0.085820,0.008962,0.064005,0.008415,0.060228,0.008593
136.997000,SAMPLE,3,7.142788,-0.185716,-1.426317,7.114031,-0.104811,-1.418083,7.195814,-0.150257,-1.441181,7.197535,-0.160866,-1.436267,0.085864,0.008233,0.063788,0.014864,0.060122,0.009950
137.074000,SAMPLE,3,7.144501,-0.197250,-1.420348,7.116364,-0.119596,-1.410504,7.197675,-0.168525,-1.432466,7.199476,-0.175690,-1.428689,0.082594,0.009844,0.060437,0.012118,0.059052,0.008341
137.173000,SAMPLE,3,7.147496,-0.216378,-1.411730,7.119552,-0.138743,-1.402081,7.200741,-0.187645,-1.422826,7.202279,-0.195119,-1.420183,0.082511,0.009649,0.060503,0.011096,0.058763,0.008453
137.272000,SAMPLE,3,7.150600,-0.235499,-1.408159,7.122817,-0.157695,-1.398567,7.203808,-0.206606,-1.416556,7.205246,-0.214492,-1.416378,0.082615,0.009591,0.060547,0.008397,0.058545,0.008219
137.348000,SAMPLE,3,7.152965,-0.249803,-1.405696,7.125388,-0.172366,-1.396041,7.203808,-0.206606,-1.416556,7.207543,-0.229156,-1.413852,0.082200,0.009654,0.066716,0.010860,0.058353,0.008156
137.441000,SAMPLE,3,7.156091,-0.268237,-1.398847,7.128842,-0.191574,-1.388652,7.208923,-0.246479,-1.409222,7.210455,-0.247542,-1.407464,0.081362,0.010195,0.057137,0.010375,0.058170,0.008618
137.528000,SAMPLE,3,7.159227,-0.285742,-1.388021,7.131818,-0.207295,-1.378773,7.213052,-0.265578,-1.397641,7.212905,-0.263195,-1.398228,0.083097,0.009248,0.057478,0.009620,0.058221,0.010208
137.615000,SAMPLE,3,7.161875,-0.299870,-1.384145,7.134731,-0.222063,-1.374644,7.213052,-0.265578,-1.397641,7.215571,-0.278400,-1.392541,0.082406,0.009501,0.061604,0.013496,0.057828,0.008396
137.704000,SAMPLE,3,7.165211,-0.317613,-1.386308,7.138557,-0.241415,-1.377065,7.215700,-0.285667,-1.391416,7.218994,-0.298143,-1.394420,0.080725,0.009243,0.059746,0.005108,0.057198,0.008112
137.795000,SAMPLE,3,7.168395,-0.334810,-1.389213,7.141457,-0.256293,-1.379591,7.218849,-0.304919,-1.393348,7.221563,-0.313425,-1.396631,0.083010,0.009622,0.058643,0.004134,0.057308,0.007418
137.888000,SAMPLE,3,7.171532,-0.352026,-1.391654,7.144970,-0.274590,-1.382117,7.222937,-0.324759,-1.397222,7.224703,-0.331739,-1.399538,0.081865,0.009537,0.058189,0.005568,0.056910,0.007884
137.975000,SAMPLE,3,7.174738,-0.369712,-1.390301,7.147972,-0.290306,-1.381167,7.226000,-0.342091,-1.398662,7.227349,-0.347326,-1.398370,0.083796,0.009133,0.058230,0.008361,0.057176,0.008069
138.068000,SAMPLE,3,7.178198,-0.388291,-1.382051,7.151758,-0.309655,-1.372991,7.229187,-0.360419,-1.396006,7.230621,-0.366373,-1.391342,0.082962,0.009060,0.058110,0.013955,0.056821,0.009292
138.164000,SAMPLE,3,7.181795,-0.406677,-1.374295,7.155626,-0.328504,-1.364917,7.232256,-0.380170,-1.386581,7.234186,-0.386100,-1.382697,0.082437,0.009378,0.057000,0.012286,0.056287,0.008402
138.260000,SAMPLE,3,7.185009,-0.422702,-1.371495,7.158920,-0.344161,-1.362141,7.236109,-0.399207,-1.379426,7.237196,-0.401815,-1.379908,0.082761,0.009354,0.056243,0.007931,0.056211,0.008413
138.343000,SAMPLE,3,7.188422,-0.439481,-1.368685,7.162951,-0.363052,-1.358983,7.236109,-0.399207,-1.379426,7.240750,-0.420408,-1.376658,0.080562,0.009701,0.062418,0.010741,0.055695,0.007974
138.440000,SAMPLE,3,7.192146,-0.457514,-1.366252,7.166918,-0.381374,-1.356804,7.238418,-0.419422,-1.375780,7.244153,-0.438854,-1.374602,0.080210,0.009448,0.059933,0.009528,0.055253,0.008350
138.539000,SAMPLE,3,7.196261,-0.477187,-1.361091,7.170337,-0.397005,-1.352978,7.246361,-0.456287,-1.371618,7.246941,-0.453853,-1.371467,0.084269,0.008113,0.054284,0.010528,0.055794,0.010377
138.630000,SAMPLE,3,7.199448,-0.491901,-1.354357,7.174597,-0.415845,-1.344604,7.250403,-0.475473,-1.362456,7.250756,-0.473005,-1.363025,0.080013,0.009752,0.053537,0.008100,0.054677,0.008668
138.725000,SAMPLE,3,7.203451,-0.509947,-1.351378,7.178941,-0.434569,-1.341952,7.250403,-0.475473,-1.362456,7.254726,-0.492156,-1.360764,0.079264,0.009427,0.058249,0.011078,0.054273,0.009386
138.825000,SAMPLE,3,7.207942,-0.529958,-1.346794,7.183512,-0.454039,-1.336704,7.254441,-0.493410,-1.359209,7.258805,-0.511389,-1.355572,0.079753,0.010090,0.059144,0.012415,0.054147,0.008778
138.915000,SAMPLE,3,7.212000,-0.547420,-1.337889,7.187135,-0.468985,-1.329125,7.257813,-0.514006,-1.356387,7.262002,-0.526702,-1.348150,0.082282,0.008764,0.056704,0.018499,0.054125,0.010261
139.005000,SAMPLE,3,7.216313,-0.565351,-1.332734,7.191912,-0.488070,-1.323352,7.263172,-0.533228,-1.346199,7.266458,-0.546303,-1.342667,0.081041,0.009382,0.056813,0.013465,0.053641,0.009933
139.098000,SAMPLE,3,7.220771,-0.583606,-1.329702,7.195808,-0.503415,-1.320825,7.264750,-0.548468,-1.338795,7.269649,-0.560997,-1.339643,0.083987,0.008877,0.056292,0.009093,0.053854,0.009941
139.182000,SAMPLE,3,7.224086,-0.596955,-1.324403,7.200733,-0.522473,-1.313746,7.268735,-0.568306,-1.337484,7.273632,-0.579273,-1.333491,0.078057,0.010657,0.053050,0.013081,0.052607,0.009088
139.275000,SAMPLE,3,7.228742,-0.615122,-1.315213,7.204740,-0.537484,-1.306167,7.274255,-0.587088,-1.327440,7.277080,-0.593959,-1.325847,0.081263,0.009046,0.053454,0.012226,0.052767,0.010634
139.371000,SAMPLE,3,7.233830,-0.634320,-1.308290,7.210041,-0.556769,-1.299244,7.278457,-0.602086,-1.318661,7.281837,-0.612931,-1.319733,0.081118,0.009046,0.055050,0.010371,0.052556,0.011443
139.461000,SAMPLE,3,7.238386,-0.651009,-1.301119,7.215270,-0.575232,-1.291470,7.284521,-0.626922,-1.314168,7.286510,-0.631368,-1.312457,0.079224,0.009649,0.052044,0.013049,0.051978,0.011338
139.540000,SAMPLE,3,7.242862,-0.667142,-1.299467,7.219646,-0.590447,-1.290059,7.284521,-0.626922,-1.314168,7.289551,-0.642846,-1.311562,0.080131,0.009407,0.057906,0.014701,0.052632,0.012096
139.634000,SAMPLE,3,7.247209,-0.682694,-1.296909,7.224098,-0.605815,-1.287533,7.293258,-0.663301,-1.305101,7.294365,-0.661713,-1.307838,0.080278,0.009376,0.049965,0.008192,0.051612,0.010929
139.731000,SAMPLE,3,7.252262,-0.700575,-1.293814,7.229443,-0.624070,-1.284375,7.298365,-0.681078,-1.301871,7.299206,-0.680139,-1.304180,0.079836,0.009439,0.050056,0.008057,0.051200,0.010366
139.831000,SAMPLE,3,7.257850,-0.720163,-1.292870,7.234946,-0.642706,-1.283523,7.298365,-0.681078,-1.301871,7.304313,-0.699124,-1.302491,0.080773,0.009347,0.056294,0.009002,0.051004,0.009621
139.930000,SAMPLE,3,7.263395,-0.739480,-1.287717,7.240641,-0.661878,-1.278844,7.307929,-0.719400,-1.298280,7.309429,-0.717910,-1.298292,0.080869,0.008873,0.048852,0.010563,0.050836,0.010575
140.029000,SAMPLE,3,7.268984,-0.758363,-1.278148,7.246413,-0.680763,-1.269370,7.312592,-0.739070,-1.288906,7.314627,-0.737043,-1.288823,0.080816,0.008778,0.047685,0.010758,0.050376,0.010674
140.120000,SAMPLE,3,7.273179,-0.772086,-1.270736,7.250877,-0.694929,-1.261791,7.312592,-0.739070,-1.288906,7.318586,-0.751627,-1.281268,0.080316,0.008945,0.051414,0.018171,0.049803,0.010533
140.217000,SAMPLE,3,7.279130,-0.791009,-1.262286,7.257048,-0.713953,-1.253167,7.318394,-0.756657,-1.279431,7.324210,-0.770914,-1.271784,0.080158,0.009119,0.052170,0.017144,0.049356,0.009498
140.317000,SAMPLE,3,7.285162,-0.809814,-1.258650,7.263109,-0.732271,-1.249575,7.324085,-0.774699,-1.270732,7.329749,-0.789268,-1.268075,0.080618,0.009075,0.052422,0.012082,0.049093,0.009425
140.408000,SAMPLE,3,7.291043,-0.827994,-1.257818,7.269330,-0.750913,-1.248533,7.329486,-0.793556,-1.266915,7.335481,-0.808172,-1.267349,0.080081,0.009285,0.051612,0.009097,0.048658,0.009531
140.501000,SAMPLE,3,7.296579,-0.845100,-1.257818,7.275398,-0.769084,-1.248533,7.333388,-0.815381,-1.265447,7.340693,-0.826421,-1.266994,0.078911,0.009285,0.047309,0.007629,0.047906,0.009176
140.593000,SAMPLE,3,7.302087,-0.862124,-1.258839,7.280120,-0.783233,-1.249196,7.339362,-0.831916,-1.266573,7.344726,-0.840450,-1.267591,0.081892,0.009643,0.047979,0.007734,0.047832,0.008752
140.686000,SAMPLE,3,7.306990,-0.877321,-1.257266,7.286439,-0.802208,-1.247554,7.344882,-0.849040,-1.267706,7.350571,-0.860089,-1.266670,0.077873,0.009712,0.047282,0.010440,0.046864,0.009404
140.784000,SAMPLE,3,7.313055,-0.895779,-1.248745,7.292872,-0.821145,-1.238659,7.350001,-0.866407,-1.264113,7.356264,-0.878998,-1.258292,0.077315,0.010086,0.047199,0.015368,0.046353,0.009547
140.878000,SAMPLE,3,7.318990,-0.913302,-1.239556,7.297938,-0.835655,-1.231081,7.356490,-0.886071,-1.254736,7.360769,-0.893570,-1.250764,0.080450,0.008475,0.046345,0.015181,0.046204,0.011209
140.978000,SAMPLE,3,7.325631,-0.932408,-1.234836,7.304550,-0.854151,-1.225623,7.356490,-0.886071,-1.254736,7.367017,-0.912258,-1.245291,0.081048,0.009214,0.055673,0.019900,0.046030,0.010454
141.077000,SAMPLE,3,7.332087,-0.950848,-1.233289,7.311094,-0.872313,-1.224075,7.347870,-0.922463,-1.240206,7.367499,-0.928285,-1.242623,0.081293,0.009214,0.032478,0.006917,0.041990,0.009334
141.172000,SAMPLE,3,7.337450,-0.966070,-1.229266,7.317723,-0.890590,-1.219625,7.354326,-0.939941,-1.238298,7.371857,-0.946808,-1.238074,0.078015,0.009640,0.031104,0.009032,0.039431,0.008808
141.266000,SAMPLE,3,7.343738,-0.983503,-1.220123,7.324611,-0.909108,-1.210031,7.361958,-0.956335,-1.229184,7.376600,-0.964842,-1.228226,0.076814,0.010093,0.032712,0.009060,0.037791,0.008103
141.365000,SAMPLE,3,7.350771,-1.002447,-1.210460,7.331759,-0.927787,-1.200557,7.367465,-0.972446,-1.219614,7.381662,-0.982764,-1.218598,0.077042,0.009903,0.034333,0.009154,0.036629,0.008138
141.465000,SAMPLE,3,7.357713,-1.020618,-1.201997,7.338775,-0.945625,-1.192533,7.374864,-0.992252,-1.209916,7.387105,-1.000551,-1.209606,0.077346,0.009464,0.033148,0.007919,0.035589,0.007609
141.558000,SAMPLE,3,7.364478,-1.038074,-1.200907,7.344621,-0.960304,-1.191683,7.381537,-1.009952,-1.204630,7.392698,-1.015339,-1.208953,0.080265,0.009224,0.032892,0.003723,0.036239,0.008046
141.651000,SAMPLE,3,7.371203,-1.055416,-1.200907,7.351754,-0.978209,-1.191683,7.389688,-1.028518,-1.205657,7.398206,-1.032613,-1.208156,0.079619,0.009224,0.032638,0.004750,0.035344,0.007249
141.748000,SAMPLE,3,7.377618,-1.071964,-1.200907,7.358482,-0.995097,-1.191683,7.389688,-1.028518,-1.205657,7.403642,-1.049041,-1.207703,0.079213,0.009224,0.045091,0.004750,0.034679,0.006795
141.847000,SAMPLE,3,7.383686,-1.087544,-1.196738,7.365735,-1.013215,-1.186625,7.395027,-1.043360,-1.207144,7.409206,-1.065753,-1.202897,0.076466,0.010113,0.045616,0.010406,0.033557,0.006159
141.946000,SAMPLE,3,7.391085,-1.106135,-1.187164,7.373319,-1.031722,-1.177152,7.409881,-1.080712,-1.195224,7.415113,-1.084014,-1.193570,0.076505,0.010013,0.031617,0.008059,0.032660,0.006406
142.037000,SAMPLE,3,7.397806,-1.122586,-1.179404,7.379270,-1.045902,-1.170373,7.409881,-1.080712,-1.195224,7.420814,-1.098286,-1.185991,0.078893,0.009031,0.043581,0.015820,0.033465,0.006587
142.119000,SAMPLE,3,7.404184,-1.137995,-1.178135,7.385388,-1.060310,-1.168896,7.416265,-1.100513,-1.184980,7.426024,-1.112703,-1.184198,0.079927,0.009239,0.039381,0.006845,0.033416,0.006063
142.218000,SAMPLE,3,7.411748,-1.156259,-1.178135,7.392940,-1.078077,-1.168896,7.423355,-1.117749,-1.182235,7.432814,-1.130673,-1.183852,0.080413,0.009239,0.040221,0.004100,0.033142,0.005717
142.305000,SAMPLE,3,7.418539,-1.172585,-1.173396,7.400646,-1.096144,-1.164433,7.431290,-1.133711,-1.182234,7.439937,-1.148853,-1.178770,0.078508,0.008963,0.040912,0.008838,0.031954,0.005375
142.403000,SAMPLE,3,7.424916,-1.187611,-1.165343,7.408433,-1.114005,-1.154959,7.438435,-1.153700,-1.177313,7.447124,-1.167055,-1.169390,0.075430,0.010384,0.036506,0.011970,0.030261,0.004047
142.496000,SAMPLE,3,7.432429,-1.204899,-1.156249,7.414899,-1.128501,-1.147381,7.446910,-1.169854,-1.168616,7.452898,-1.181039,-1.162401,0.078383,0.008868,0.037919,0.012368,0.031438,0.006152
142.590000,SAMPLE,3,7.439933,-1.221734,-1.145817,7.422874,-1.145967,-1.136707,7.454874,-1.189639,-1.157894,7.460288,-1.198456,-1.152160,0.077664,0.009110,0.035403,0.012077,0.030923,0.006343
142.678000,SAMPLE,3,7.447470,-1.238088,-1.131435,7.429623,-1.160299,-1.124391,7.461458,-1.205823,-1.148210,7.466771,-1.212853,-1.139791,0.079810,0.007044,0.035167,0.016775,0.031770,0.008356
142.777000,SAMPLE,3,7.456073,-1.256095,-1.119859,7.438225,-1.177958,-1.112125,7.470537,-1.222573,-1.133393,7.474068,-1.229471,-1.130231,0.080150,0.007733,0.036509,0.013535,0.032135,0.010372
142.875000,SAMPLE,3,7.463157,-1.270578,-1.111806,7.446848,-1.195218,-1.102652,7.479337,-1.241767,-1.121674,7.482179,-1.246626,-1.120574,0.077105,0.009154,0.033044,0.009868,0.030586,0.008768
142.975000,SAMPLE,3,7.471456,-1.287171,-1.102048,7.455146,-1.211440,-1.093178,7.487252,-1.255322,-1.112439,7.489980,-1.262393,-1.110993,0.077467,0.008870,0.035551,0.010391,0.030937,0.008945
143.075000,SAMPLE,3,7.479402,-1.302679,-1.092290,7.463104,-1.226640,-1.083704,7.494056,-1.271515,-1.102364,7.497572,-1.277620,-1.100980,0.077766,0.008586,0.034437,0.010074,0.030953,0.008690
143.173000,SAMPLE,3,7.488102,-1.319192,-1.078611,7.471977,-1.243143,-1.070441,7.502160,-1.286581,-1.093106,7.506208,-1.294408,-1.087983,0.077740,0.008170,0.035512,0.014495,0.030693,0.009372
143.270000,SAMPLE,3,7.497230,-1.335900,-1.062663,7.481340,-1.259954,-1.054652,7.510726,-1.305045,-1.077915,7.515109,-1.311364,-1.072086,0.077591,0.008011,0.033678,0.015252,0.030359,0.009422
143.361000,SAMPLE,3,7.503982,-1.347859,-1.051455,7.490420,-1.275678,-1.040562,7.519090,-1.321748,-1.062273,7.523484,-1.326939,-1.058654,0.073444,0.010893,0.030167,0.010818,0.028600,0.007199
143.455000,SAMPLE,3,7.512310,-1.362263,-1.041763,7.497365,-1.287420,-1.032773,7.528437,-1.337730,-1.050168,7.530184,-1.338774,-1.050812,0.076321,0.008990,0.029359,0.008405,0.029516,0.009049
143.550000,SAMPLE,3,7.520075,-1.375412,-1.032668,7.505688,-1.301220,-1.023299,7.536951,-1.351353,-1.040712,7.538078,-1.352691,-1.040773,0.075574,0.009369,0.029387,0.008043,0.028988,0.008105
143.641000,SAMPLE,3,7.527427,-1.387606,-1.023574,7.513556,-1.313991,-1.013825,7.536951,-1.351353,-1.040712,7.545682,-1.365559,-1.031300,0.074911,0.009748,0.037483,0.017138,0.028623,0.007726
143.741000,SAMPLE,3,7.535108,-1.400078,-1.013816,7.521214,-1.326161,-1.004352,7.544526,-1.364278,-1.032021,7.552936,-1.377665,-1.021966,0.075211,0.009464,0.037018,0.018205,0.028638,0.008151
143.837000,SAMPLE,3,7.540903,-1.409306,-1.006047,7.527032,-1.335234,-0.996773,7.559877,-1.388165,-1.012366,7.558442,-1.386571,-1.014330,0.075359,0.009275,0.028406,0.006318,0.028713,0.008282
143.926000,SAMPLE,3,7.547350,-1.419382,-0.997852,7.533940,-1.345810,-0.988399,7.559877,-1.388165,-1.012366,7.565339,-1.397448,-1.005491,0.074785,0.009454,0.033636,0.014513,0.028367,0.007639
144.023000,SAMPLE,3,7.553614,-1.429022,-0.991022,7.540476,-1.355659,-0.981475,7.564050,-1.400440,-1.002117,7.571385,-1.407477,-0.998547,0.074530,0.009547,0.030428,0.011095,0.027928,0.007525
144.123000,SAMPLE,3,7.559900,-1.438580,-0.986163,7.546755,-1.365010,-0.976554,7.572176,-1.409043,-0.994727,7.577410,-1.416788,-0.992303,0.074735,0.009608,0.031987,0.008564,0.027956,0.006141
144.221000,SAMPLE,3,7.565777,-1.447378,-0.978326,7.552685,-1.373707,-0.968954,7.578614,-1.418366,-0.991750,7.583196,-1.425563,-0.984085,0.074825,0.009372,0.031725,0.013424,0.027916,0.005760
144.304000,SAMPLE,3,7.570043,-1.453696,-0.975243,7.557356,-1.380485,-0.965304,7.583915,-1.424626,-0.982369,7.587701,-1.432071,-0.981137,0.074302,0.009938,0.032210,0.007127,0.027918,0.005894
144.405000,SAMPLE,3,7.575228,-1.461304,-0.971379,7.562767,-1.388262,-0.962094,7.589410,-1.433108,-0.978487,7.592938,-1.439683,-0.977357,0.074098,0.009286,0.031561,0.007108,0.027948,0.005978
144.500000,SAMPLE,3,7.580306,-1.468722,-0.968022,7.567989,-1.395733,-0.957741,7.594881,-1.440013,-0.973981,7.597744,-1.446462,-0.973529,0.074020,0.010281,0.032196,0.005958,0.028276,0.005507
144.600000,SAMPLE,3,7.585199,-1.475790,-0.964159,7.571876,-1.401236,-0.954857,7.599408,-1.449079,-0.970842,7.601517,-1.452005,-0.970739,0.075735,0.009302,0.030255,0.006683,0.028844,0.006579
144.691000,SAMPLE,3,7.589740,-1.482322,-0.961949,7.576745,-1.408106,-0.952836,7.604085,-1.455301,-0.967858,7.606365,-1.459004,-0.967804,0.075345,0.009113,0.030593,0.005910,0.028638,0.005856
144.789000,SAMPLE,3,7.593099,-1.487116,-0.953373,7.580352,-1.413152,-0.944878,7.609189,-1.461937,-0.965093,7.609984,-1.464091,-0.960275,0.075054,0.008495,0.029880,0.011720,0.028552,0.006902
144.881000,SAMPLE,3,7.594572,-1.489169,-0.939260,7.582339,-1.415862,-0.926070,7.611351,-1.470846,-0.956488,7.611807,-1.467287,-0.944111,0.074321,0.013190,0.024845,0.017227,0.027854,0.004850
144.970000,SAMPLE,3,7.594562,-1.489163,-0.913528,7.582473,-1.416040,-0.903344,7.612601,-1.471807,-0.935157,7.611950,-1.467892,-0.922831,0.074116,0.010184,0.025033,0.021629,0.027474,0.009303
145.060000,SAMPLE,3,7.594122,-1.488614,-0.878293,7.582473,-1.416040,-0.864886,7.613458,-1.471396,-0.903398,7.612122,-1.468307,-0.892767,0.073503,0.013407,0.025890,0.025105,0.027136,0.014474
145.159000,SAMPLE,3,7.593496,-1.487894,-0.830617,7.582473,-1.416040,-0.826409,7.613458,-1.471396,-0.903398,7.612122,-1.468307,-0.845609,0.072695,0.004207,0.025897,0.072781,0.027030,0.014993
145.250000,SAMPLE,3,7.592843,-1.487212,-0.783406,7.582473,-1.416040,-0.776725,7.613949,-1.469651,-0.861447,7.612313,-1.468495,-0.801058,0.071924,0.006681,0.027456,0.078040,0.027008,0.017652
145.344000,SAMPLE,3,7.592283,-1.486675,-0.744564,7.582473,-1.416040,-0.729357,7.610824,-1.469402,-0.762650,7.612248,-1.468797,-0.755491,0.071313,0.015207,0.025340,0.018086,0.026800,0.010927
145.438000,SAMPLE,3,7.591647,-1.486114,-0.702180,7.582473,-1.416040,-0.694709,7.610155,-1.469011,-0.717274,7.612074,-1.468872,-0.721959,0.070672,0.007470,0.025199,0.015094,0.026730,0.019779
145.532000,SAMPLE,3,7.591023,-1.485606,-0.661948,7.582473,-1.416040,-0.653657,7.610541,-1.467457,-0.675894,7.611852,-1.468887,-0.680044,0.070090,0.008292,0.026653,0.013946,0.026709,0.018096
145.634000,SAMPLE,3,7.590345,-1.485101,-0.619664,7.582473,-1.416040,-0.612604,7.610230,-1.466881,-0.634707,7.611700,-1.468719,-0.638219,0.069508,0.007060,0.026970,0.015043,0.026915,0.018555
145.722000,SAMPLE,3,7.589785,-1.484715,-0.585662,7.582473,-1.416040,-0.575444,7.610230,-1.466881,-0.634707,7.611528,-1.468502,-0.599772,0.069063,0.010218,0.027130,0.049046,0.027122,0.014110
145.819000,SAMPLE,3,7.589205,-1.484345,-0.551272,7.582473,-1.416040,-0.547654,7.609475,-1.465629,-0.596561,7.611281,-1.468157,-0.572707,0.068636,0.003618,0.027589,0.045289,0.027374,0.021435
145.907000,SAMPLE,3,7.588740,-1.484067,-0.524177,7.582473,-1.416040,-0.512917,7.607954,-1.465367,-0.561556,7.610891,-1.467829,-0.537185,0.068315,0.011260,0.026812,0.037378,0.027465,0.013008
145.995000,SAMPLE,3,7.588212,-1.483772,-0.493914,7.582473,-1.416040,-0.485878,7.607490,-1.465603,-0.526564,7.610491,-1.467567,-0.508706,0.067975,0.008036,0.026491,0.032650,0.027549,0.014792
146.091000,SAMPLE,3,7.587707,-1.483509,-0.465448,7.582473,-1.416040,-0.457062,7.606917,-1.464611,-0.493135,7.610060,-1.467211,-0.480149,0.067672,0.008386,0.026948,0.027687,0.027664,0.014701
146.177000,SAMPLE,3,7.587247,-1.483285,-0.439869,7.582473,-1.416040,-0.434325,7.606120,-1.464665,-0.464585,7.609597,-1.466912,-0.456628,0.067415,0.005544,0.026513,0.024716,0.027706,0.016759
146.273000,SAMPLE,3,7.586812,-1.483087,-0.415996,7.582473,-1.416040,-0.405904,7.606401,-1.464117,-0.436112,7.609221,-1.466582,-0.427556,0.067188,0.010092,0.027269,0.020116,0.027831,0.011561
146.361000,SAMPLE,3,7.586398,-1.482910,-0.393446,7.582473,-1.416040,-0.381491,7.606042,-1.464745,-0.408119,7.608846,-1.466366,-0.402024,0.066985,0.011955,0.026755,0.014673,0.027886,0.008578
146.462000,SAMPLE,3,7.585979,-1.482741,-0.370898,7.582473,-1.416040,-0.359386,7.604888,-1.462188,-0.385558,7.608378,-1.465872,-0.379313,0.066794,0.011513,0.027928,0.014660,0.028041,0.008415
146.558000,SAMPLE,3,7.585574,-1.482589,-0.349235,7.582473,-1.416040,-0.341702,7.604023,-1.462783,-0.363535,7.607874,-1.465514,-0.360357,0.066621,0.007534,0.027068,0.014299,0.028086,0.011122
146.652000,SAMPLE,3,7.585174,-1.482448,-0.328014,7.582473,-1.416040,-0.319596,7.603683,-1.462332,-0.341145,7.607874,-1.465514,-0.338252,0.066463,0.008418,0.027335,0.013131,0.028320,0.010238
146.737000,SAMPLE,3,7.584804,-1.482326,-0.308562,7.582473,-1.416040,-0.301912,7.603521,-1.462328,-0.319122,7.607365,-1.465128,-0.321138,0.066327,0.006649,0.027391,0.010561,0.028368,0.012577
146.834000,SAMPLE,3,7.584518,-1.482237,-0.293598,7.582473,-1.416040,-0.283444,7.603708,-1.462427,-0.299085,7.606910,-1.464796,-0.301916,0.066229,0.010155,0.027580,0.005487,0.028382,0.008317
146.930000,SAMPLE,3,7.584218,-1.482149,-0.277967,7.582473,-1.416040,-0.267654,7.602785,-1.462945,-0.283423,7.606531,-1.464516,-0.285591,0.066132,0.010313,0.026711,0.005456,0.028439,0.007624
147.029000,SAMPLE,3,7.583905,-1.482062,-0.261704,7.582473,-1.416040,-0.251865,7.602785,-1.462945,-0.283423,7.606087,-1.464330,-0.269391,0.066038,0.009839,0.026868,0.021720,0.028399,0.007687
147.120000,SAMPLE,3,7.583624,-1.481989,-0.247177,7.582473,-1.416040,-0.239233,7.603059,-1.462733,-0.268304,7.605720,-1.464136,-0.257164,0.065959,0.007944,0.027359,0.021126,0.028407,0.009986
147.212000,SAMPLE,3,7.583329,-1.481917,-0.232019,7.582473,-1.416040,-0.223444,7.602231,-1.462080,-0.252455,7.605308,-1.463894,-0.241083,0.065883,0.008576,0.027401,0.020436,0.028424,0.009064
147.300000,SAMPLE,3,7.583043,-1.481852,-0.217335,7.582473,-1.416040,-0.207654,7.601934,-1.461505,-0.236407,7.604910,-1.463611,-0.228166,0.065814,0.009681,0.027765,0.019072,0.028476,0.010831
147.400000,SAMPLE,3,7.582800,-1.481800,-0.204922,7.582473,-1.416040,-0.195723,7.601875,-1.462318,-0.220611,7.604551,-1.463458,-0.212143,0.065761,0.009199,0.027265,0.015689,0.028451,0.007220
147.494000,SAMPLE,3,7.582604,-1.481760,-0.194919,7.582473,-1.416040,-0.185775,7.602288,-1.460598,-0.207054,7.604277,-1.463112,-0.202361,0.065720,0.009144,0.028901,0.012135,0.028591,0.007442
147.588000,SAMPLE,3,7.582427,-1.481726,-0.185919,7.582473,-1.416040,-0.176302,7.601653,-1.461636,-0.197695,7.603967,-1.462938,-0.192723,0.065686,0.009618,0.027807,0.011776,0.028582,0.006804
147.683000,SAMPLE,3,7.582249,-1.481693,-0.176825,7.582473,-1.416040,-0.166828,7.602790,-1.461056,-0.188551,7.603826,-1.462711,-0.183543,0.065654,0.009997,0.029117,0.011726,0.028738,0.006718
147.782000,SAMPLE,3,7.582054,-1.481659,-0.166972,7.582473,-1.416040,-0.157354,7.602093,-1.462014,-0.179305,7.603622,-1.462629,-0.173985,0.065621,0.009618,0.028062,0.012332,0.028763,0.007013
147.870000,SAMPLE,3,7.581907,-1.481635,-0.159488,7.582473,-1.416040,-0.149775,7.601617,-1.461992,-0.169941,7.603385,-1.462554,-0.166359,0.065598,0.009713,0.027827,0.010453,0.028730,0.006871
147.963000,SAMPLE,3,7.581736,-1.481608,-0.150867,7.582473,-1.416040,-0.140302,7.600367,-1.461962,-0.159893,7.603029,-1.462484,-0.156738,0.065573,0.010565,0.027076,0.009026,0.028620,0.005871
148.054000,SAMPLE,3,7.581558,-1.481582,-0.141867,7.582473,-1.416040,-0.132723,7.601050,-1.462746,-0.150340,7.602795,-1.462515,-0.149024,0.065549,0.009144,0.027106,0.008474,0.028540,0.007157
148.058000,P3,3,7.581558,-1.481582,-0.141867,7.582473,-1.416040,-0.132723,7.601050,-1.462746,-0.150340,7.602795,-1.462515,-0.149024,0.065549,0.009144,0.027106,0.008474,0.028540,0.007157
