sim_time,event,waypoint,gt_x,gt_y,gt_yaw,odom_x,odom_y,odom_yaw,icp_x,icp_y,icp_yaw,ekf_x,ekf_y,ekf_yaw,odom_position_error,odom_yaw_error,icp_position_error,icp_yaw_error,ekf_position_error,ekf_yaw_error
13.987000,START,0,0.000000,-0.000000,0.000000,-0.000000,0.000000,0.000000,0.015548,0.022790,-0.000007,0.015548,0.022790,-0.000007,0.000000,0.000000,0.027588,0.000007,0.027588,0.000007
13.988000,SAMPLE,1,0.000000,-0.000000,0.000000,-0.000000,0.000000,0.000000,0.015548,0.022790,-0.000007,0.015548,0.022790,-0.000007,0.000000,0.000000,0.027588,0.000007,0.027588,0.000007
14.077000,SAMPLE,1,0.000040,-0.000000,-0.000174,-0.000000,0.000000,0.000000,0.015548,0.022790,-0.000007,0.015548,0.022790,-0.000007,0.000040,0.000174,0.027566,0.000167,0.027566,0.000167
14.175000,SAMPLE,1,0.000693,-0.000001,-0.008350,0.000526,-0.000001,-0.007650,0.016262,0.023597,-0.001864,0.016003,0.022883,-0.008981,0.000167,0.000700,0.028271,0.006485,0.027534,0.000631
14.270000,SAMPLE,1,0.001051,-0.000007,-0.026250,0.000526,-0.000001,-0.025800,0.016450,0.023956,-0.013831,0.016057,0.023012,-0.026992,0.000525,0.000450,0.028485,0.012419,0.027478,0.000742
14.361000,SAMPLE,1,0.001847,-0.000043,-0.053275,0.000863,-0.000018,-0.054450,0.017085,0.025441,-0.035574,0.016603,0.023289,-0.052545,0.000984,0.001175,0.029693,0.017700,0.027607,0.000730
14.462000,SAMPLE,1,0.004492,-0.000229,-0.093349,0.002627,-0.000142,-0.093550,0.018712,0.026053,-0.068773,0.018431,0.023508,-0.091952,0.001868,0.000201,0.029882,0.024576,0.027527,0.001397
14.547000,SAMPLE,1,0.005181,-0.000306,-0.127999,0.002627,-0.000142,-0.132600,0.019604,0.026533,-0.112227,0.018571,0.023871,-0.129476,0.002560,0.004601,0.030469,0.015772,0.027637,0.001477
14.641000,SAMPLE,1,0.006309,-0.000483,-0.185099,0.002627,-0.000142,-0.190700,0.021511,0.027667,-0.166589,0.018921,0.024325,-0.185782,0.003698,0.005601,0.031993,0.018510,0.027830,0.000683
14.737000,SAMPLE,1,0.007582,-0.000764,-0.244499,0.002637,-0.000144,-0.238700,0.022814,0.026992,-0.225673,0.018942,0.024320,-0.233782,0.004984,0.005799,0.031661,0.018826,0.027536,0.010717
14.836000,SAMPLE,1,0.009772,-0.001380,-0.305099,0.003652,-0.000423,-0.298700,0.023718,0.026399,-0.285670,0.020828,0.024601,-0.293239,0.006194,0.006399,0.031084,0.019429,0.028236,0.011860
14.928000,SAMPLE,1,0.011477,-0.001962,-0.353099,0.004648,-0.000763,-0.358700,0.023718,0.026399,-0.285670,0.021828,0.024272,-0.353239,0.006934,0.005601,0.030890,0.067429,0.028203,0.000140
15.026000,SAMPLE,1,0.013587,-0.002813,-0.413699,0.005622,-0.001162,-0.418700,0.026667,0.026318,-0.345518,0.023386,0.024133,-0.411756,0.008134,0.005001,0.031932,0.068181,0.028672,0.001942
15.125000,SAMPLE,1,0.015153,-0.003549,-0.475499,0.005995,-0.001333,-0.478700,0.028372,0.024512,-0.405474,0.024347,0.024019,-0.470555,0.009422,0.003201,0.031019,0.070025,0.029061,0.004944
15.213000,SAMPLE,1,0.017332,-0.004776,-0.530710,0.006983,-0.001891,-0.526700,0.029490,0.020992,-0.465166,0.026076,0.023055,-0.517527,0.010744,0.004010,0.028492,0.065544,0.029172,0.013183
15.305000,SAMPLE,1,0.021734,-0.007531,-0.588310,0.010557,-0.004115,-0.586700,0.031316,0.020093,-0.525071,0.030223,0.020587,-0.576660,0.011688,0.001610,0.029239,0.063239,0.029371,0.011649
15.401000,SAMPLE,1,0.025529,-0.010216,-0.647110,0.013472,-0.006173,-0.646700,0.035741,0.018338,-0.585186,0.033737,0.018374,-0.635999,0.012717,0.000410,0.030326,0.061923,0.029745,0.011110
15.500000,SAMPLE,1,0.029503,-0.013405,-0.698125,0.016364,-0.008482,-0.694700,0.041426,0.015908,-0.645705,0.037664,0.015763,-0.683563,0.014031,0.003425,0.031645,0.052419,0.030288,0.014562
15.597000,SAMPLE,1,0.037396,-0.020458,-0.756940,0.023355,-0.014700,-0.754700,0.045449,0.012303,-0.705718,0.045620,0.009312,-0.743211,0.015176,0.002240,0.033736,0.051222,0.030885,0.013729
15.692000,SAMPLE,1,0.048484,-0.031596,-0.816940,0.033604,-0.024958,-0.814700,0.054973,0.005331,-0.765636,0.056516,-0.000531,-0.800550,0.016293,0.002240,0.037493,0.051304,0.032086,0.016390
15.790000,SAMPLE,1,0.059365,-0.043919,-0.878486,0.043482,-0.036089,-0.874700,0.064986,-0.009092,-0.827310,0.067221,-0.012093,-0.861068,0.017708,0.003786,0.035277,0.051176,0.032781,0.017418
15.875000,SAMPLE,1,0.067483,-0.054187,-0.925689,0.051870,-0.046632,-0.922700,0.075505,-0.020612,-0.887130,0.076266,-0.022880,-0.911611,0.017345,0.002989,0.034520,0.038559,0.032515,0.014078
15.968000,SAMPLE,1,0.078031,-0.069126,-0.984911,0.062432,-0.061520,-0.982700,0.085373,-0.034672,-0.947664,0.087495,-0.038115,-0.973178,0.017355,0.002211,0.035228,0.037246,0.032423,0.011733
16.066000,SAMPLE,1,0.088189,-0.085424,-1.043148,0.072280,-0.077262,-1.042100,0.096841,-0.055198,-1.009712,0.097801,-0.054199,-1.031212,0.017880,0.001048,0.031440,0.033436,0.032672,0.011936
16.152000,SAMPLE,1,0.096397,-0.100320,-1.091701,0.079289,-0.089889,-1.085482,0.106554,-0.070513,-1.067390,0.105446,-0.067668,-1.075334,0.020038,0.006220,0.031490,0.024311,0.033882,0.016367
16.242000,SAMPLE,1,0.104772,-0.117585,-1.148452,0.088124,-0.107829,-1.142263,0.116075,-0.087901,-1.122549,0.115026,-0.086653,-1.137171,0.019296,0.006189,0.031763,0.025904,0.032587,0.011281
16.336000,SAMPLE,1,0.112243,-0.135590,-1.204858,0.094247,-0.122095,-1.187963,0.116075,-0.087901,-1.122549,0.121267,-0.100811,-1.184094,0.022494,0.016895,0.047843,0.082309,0.035931,0.020765
16.424000,SAMPLE,1,0.117262,-0.149434,-1.241803,0.100786,-0.139562,-1.237192,0.131548,-0.123547,-1.236405,0.128160,-0.118265,-1.231422,0.019206,0.004611,0.029567,0.005398,0.033019,0.010380
16.520000,SAMPLE,1,0.123463,-0.169187,-1.290568,0.105717,-0.154782,-1.276787,0.138208,-0.142075,-1.286354,0.133606,-0.134080,-1.271253,0.022856,0.013781,0.030862,0.004214,0.036543,0.019315
16.614000,SAMPLE,1,0.128338,-0.187499,-1.331372,0.110704,-0.172579,-1.318624,0.138208,-0.142075,-1.286354,0.139093,-0.152748,-1.316591,0.023099,0.012749,0.046484,0.045019,0.036377,0.014782
16.713000,SAMPLE,1,0.132899,-0.207918,-1.369711,0.115310,-0.192040,-1.356861,0.147221,-0.179019,-1.366893,0.144142,-0.172992,-1.357803,0.023695,0.012850,0.032254,0.002818,0.036691,0.011908
16.806000,SAMPLE,1,0.136519,-0.227301,-1.403836,0.119192,-0.211530,-1.392197,0.147221,-0.179019,-1.366893,0.148306,-0.193130,-1.394234,0.023429,0.011639,0.049454,0.036944,0.036148,0.009603
16.904000,SAMPLE,1,0.139054,-0.243947,-1.434440,0.122303,-0.230870,-1.428234,0.151323,-0.201449,-1.401407,0.151747,-0.213021,-1.429257,0.021251,0.006206,0.044234,0.033033,0.033430,0.005183
16.997000,SAMPLE,1,0.141456,-0.263420,-1.461005,0.124339,-0.246273,-1.449824,0.153939,-0.223023,-1.437938,0.153972,-0.229108,-1.450572,0.024228,0.011181,0.042282,0.023067,0.036523,0.010433
17.093000,SAMPLE,1,0.143337,-0.281979,-1.477900,0.126445,-0.265060,-1.467489,0.157076,-0.242390,-1.463645,0.156298,-0.248551,-1.468928,0.023908,0.010410,0.041905,0.014255,0.035853,0.008972
17.181000,SAMPLE,1,0.144873,-0.299741,-1.490302,0.128283,-0.284129,-1.481079,0.159230,-0.261390,-1.480229,0.158327,-0.268722,-1.485220,0.022781,0.009223,0.040951,0.010072,0.033812,0.005082
17.271000,SAMPLE,1,0.146258,-0.318631,-1.504465,0.129611,-0.300011,-1.493411,0.160050,-0.282060,-1.493772,0.159710,-0.284710,-1.497667,0.024977,0.011055,0.039085,0.010693,0.036490,0.006798
17.357000,SAMPLE,1,0.147312,-0.335636,-1.513197,0.130721,-0.315149,-1.501489,0.161788,-0.299666,-1.507525,0.160772,-0.299873,-1.505772,0.026362,0.011707,0.038774,0.005672,0.038212,0.007425
17.440000,SAMPLE,1,0.148079,-0.349748,-1.519829,0.132011,-0.335107,-1.510963,0.162749,-0.318911,-1.517122,0.161867,-0.315820,-1.513689,0.021737,0.008865,0.034148,0.002707,0.036623,0.006139
17.529000,SAMPLE,1,0.148924,-0.367830,-1.528544,0.132881,-0.350588,-1.518542,0.162749,-0.318911,-1.517122,0.162962,-0.335594,-1.523804,0.023551,0.010002,0.050834,0.011423,0.035160,0.004740
17.627000,SAMPLE,1,0.149622,-0.386365,-1.538018,0.133753,-0.368904,-1.528016,0.163264,-0.338342,-1.526979,0.163747,-0.354221,-1.533875,0.023595,0.010002,0.049923,0.011039,0.035110,0.004143
17.722000,SAMPLE,1,0.150145,-0.404950,-1.547207,0.134474,-0.387901,-1.537489,0.165247,-0.376332,-1.546002,0.164497,-0.374360,-1.544593,0.023157,0.009718,0.032358,0.001206,0.033790,0.002614
17.819000,SAMPLE,1,0.150507,-0.424084,-1.556681,0.134922,-0.403052,-1.545068,0.165247,-0.376332,-1.546002,0.164851,-0.389513,-1.552172,0.026177,0.011613,0.049974,0.010679,0.037428,0.004509
17.916000,SAMPLE,1,0.150713,-0.444012,-1.562891,0.135340,-0.422500,-1.552142,0.166368,-0.395264,-1.555712,0.165303,-0.409282,-1.558956,0.026440,0.010749,0.051199,0.007179,0.037669,0.003935
18.015000,SAMPLE,1,0.150837,-0.461009,-1.563051,0.135693,-0.442497,-1.552876,0.166311,-0.416319,-1.563238,0.165593,-0.429644,-1.560020,0.023917,0.010174,0.047293,0.000187,0.034663,0.003031
18.115000,SAMPLE,1,0.151050,-0.479590,-1.554985,0.136104,-0.461419,-1.544766,0.166804,-0.436144,-1.564079,0.165920,-0.448872,-1.553154,0.023528,0.010219,0.046214,0.009094,0.034127,0.001831
18.203000,SAMPLE,1,0.151346,-0.496271,-1.551443,0.136614,-0.479580,-1.541003,0.166757,-0.454266,-1.555467,0.166325,-0.467402,-1.550077,0.022262,0.010440,0.044743,0.004025,0.032524,0.001366
18.285000,SAMPLE,1,0.151699,-0.513350,-1.548727,0.137109,-0.495499,-1.538476,0.167269,-0.470727,-1.551978,0.166755,-0.483638,-1.547898,0.023055,0.010251,0.045378,0.003251,0.033309,0.000829
18.377000,SAMPLE,1,0.152102,-0.530497,-1.545759,0.137602,-0.510185,-1.535950,0.167455,-0.490172,-1.548814,0.167158,-0.498608,-1.545657,0.024957,0.009809,0.043149,0.003055,0.035265,0.000101
18.460000,SAMPLE,1,0.152424,-0.542797,-1.543580,0.138118,-0.524492,-1.533424,0.167086,-0.511230,-1.544876,0.167532,-0.512919,-1.543131,0.023232,0.010156,0.034805,0.001297,0.033480,0.000449
18.554000,SAMPLE,1,0.152944,-0.561868,-1.543531,0.138847,-0.543931,-1.533361,0.167776,-0.529996,-1.543652,0.167989,-0.532752,-1.542996,0.022814,0.010171,0.035154,0.000121,0.032773,0.000535
18.648000,SAMPLE,1,0.153441,-0.580062,-1.543531,0.139534,-0.562297,-1.533361,0.167869,-0.548952,-1.543499,0.168429,-0.551236,-1.543095,0.022561,0.010171,0.034293,0.000032,0.032490,0.000437
18.745000,SAMPLE,1,0.153957,-0.598980,-1.543531,0.140251,-0.581441,-1.533361,0.169029,-0.567604,-1.543428,0.168978,-0.570532,-1.543158,0.022259,0.010170,0.034808,0.000103,0.032170,0.000373
18.844000,SAMPLE,1,0.154495,-0.618709,-1.543531,0.140975,-0.600764,-1.533361,0.169158,-0.587199,-1.543343,0.169479,-0.589968,-1.543194,0.022468,0.010170,0.034756,0.000188,0.032413,0.000337
18.925000,SAMPLE,1,0.154846,-0.631589,-1.543531,0.141538,-0.615785,-1.533361,0.170056,-0.605347,-1.543285,0.169892,-0.604909,-1.543194,0.020661,0.010170,0.030331,0.000246,0.030630,0.000337
19.021000,SAMPLE,1,0.155368,-0.651163,-1.546276,0.142236,-0.634973,-1.537042,0.170056,-0.605347,-1.543285,0.170426,-0.624197,-1.546541,0.020846,0.009234,0.048112,0.002991,0.030885,0.000265
19.118000,SAMPLE,1,0.155744,-0.669876,-1.554997,0.142701,-0.650450,-1.544571,0.170194,-0.623833,-1.544896,0.170749,-0.639539,-1.553808,0.023398,0.010426,0.048257,0.010101,0.033845,0.001189
19.212000,SAMPLE,1,0.155971,-0.687572,-1.562137,0.143121,-0.668466,-1.551645,0.170107,-0.643753,-1.554027,0.170936,-0.658175,-1.560829,0.023025,0.010492,0.046043,0.008110,0.032987,0.001308
19.310000,SAMPLE,1,0.156051,-0.707847,-1.571705,0.143408,-0.688401,-1.561118,0.170512,-0.662142,-1.561471,0.171019,-0.678044,-1.570064,0.023195,0.010587,0.047938,0.010234,0.033351,0.001641
19.402000,SAMPLE,1,0.155954,-0.726027,-1.580705,0.143502,-0.707348,-1.570592,0.171229,-0.682569,-1.570962,0.170974,-0.697520,-1.579704,0.022449,0.010113,0.046064,0.009744,0.032222,0.001002
19.499000,SAMPLE,1,0.155739,-0.742361,-1.586194,0.143455,-0.722979,-1.575921,0.171497,-0.701565,-1.580345,0.170876,-0.713234,-1.585039,0.022947,0.010273,0.043734,0.005849,0.032826,0.001155
19.595000,SAMPLE,1,0.155406,-0.761349,-1.591758,0.143313,-0.742452,-1.581645,0.170008,-0.720597,-1.586661,0.170478,-0.732524,-1.590268,0.022435,0.010113,0.043289,0.005097,0.032527,0.001490
19.695000,SAMPLE,1,0.154929,-0.780424,-1.598724,0.143039,-0.760850,-1.588492,0.171160,-0.740311,-1.593653,0.170161,-0.750860,-1.597399,0.022902,0.010232,0.043272,0.005071,0.033258,0.001325
19.795000,SAMPLE,1,0.154352,-0.799921,-1.601945,0.142672,-0.779836,-1.591650,0.169299,-0.757953,-1.599500,0.169537,-0.770003,-1.600719,0.023234,0.010295,0.044550,0.002445,0.033551,0.001226
19.890000,SAMPLE,1,0.153714,-0.819463,-1.604565,0.142226,-0.799758,-1.594458,0.169238,-0.777773,-1.602508,0.168905,-0.789819,-1.602977,0.022810,0.010107,0.044487,0.002057,0.033310,0.001588
19.974000,SAMPLE,1,0.153194,-0.835543,-1.600280,0.141893,-0.814522,-1.591134,0.167957,-0.797467,-1.604343,0.168322,-0.804998,-1.600825,0.023866,0.009146,0.040838,0.004063,0.034087,0.000545
20.071000,SAMPLE,1,0.152726,-0.854464,-1.590901,0.141598,-0.833615,-1.581661,0.167528,-0.816096,-1.597516,0.167735,-0.824142,-1.592234,0.023634,0.009241,0.041125,0.006614,0.033834,0.001333
20.163000,SAMPLE,1,0.152471,-0.870004,-1.583228,0.141478,-0.853014,-1.572187,0.167186,-0.836207,-1.588095,0.167351,-0.843982,-1.582697,0.020236,0.011041,0.036861,0.004868,0.029975,0.000531
20.255000,SAMPLE,1,0.152332,-0.887252,-1.574637,0.141512,-0.867751,-1.564758,0.166982,-0.853288,-1.578675,0.167217,-0.858718,-1.575118,0.022302,0.009879,0.036989,0.004038,0.032183,0.000481
20.345000,SAMPLE,1,0.152295,-0.906256,-1.571118,0.141672,-0.887635,-1.561047,0.166675,-0.872555,-1.572387,0.167038,-0.877665,-1.572069,0.021438,0.010071,0.036641,0.001269,0.032168,0.000951
20.436000,SAMPLE,1,0.152308,-0.920796,-1.568687,0.141839,-0.902770,-1.558521,0.166964,-0.892275,-1.569198,0.167033,-0.892781,-1.569543,0.020845,0.010166,0.032067,0.000511,0.031650,0.000856
20.512000,SAMPLE,1,0.152356,-0.935114,-1.566161,0.142034,-0.917190,-1.555995,0.166964,-0.892275,-1.569198,0.167061,-0.907247,-1.566951,0.020683,0.010166,0.045261,0.003037,0.031509,0.000790
20.610000,SAMPLE,1,0.152481,-0.955197,-1.562971,0.142361,-0.937124,-1.552837,0.167075,-0.910436,-1.565937,0.167177,-0.927492,-1.563607,0.020713,0.010135,0.047081,0.002966,0.031362,0.000635
20.702000,SAMPLE,1,0.152654,-0.973703,-1.559877,0.142731,-0.956068,-1.549679,0.168246,-0.931818,-1.563081,0.167461,-0.946502,-1.560465,0.020235,0.010198,0.044693,0.003205,0.030969,0.000589
20.801000,SAMPLE,1,0.152873,-0.991377,-1.556813,0.143145,-0.974306,-1.546521,0.167942,-0.949510,-1.559809,0.167713,-0.964131,-1.557425,0.019649,0.010292,0.044497,0.002995,0.031025,0.000612
20.901000,SAMPLE,1,0.153150,-1.010335,-1.557462,0.143598,-0.992710,-1.547613,0.168006,-0.968420,-1.556834,0.167943,-0.979098,-1.557906,0.020046,0.009849,0.044470,0.000628,0.034563,0.000444
20.995000,SAMPLE,1,0.153307,-1.026315,-1.565505,0.143899,-1.008013,-1.555537,0.168329,-0.986640,-1.557775,0.168188,-0.998589,-1.566472,0.020579,0.009968,0.042424,0.007730,0.031468,0.000967
21.083000,SAMPLE,1,0.153252,-1.045074,-1.583450,0.144021,-1.028012,-1.575629,0.168572,-1.006324,-1.568992,0.168223,-1.018557,-1.586507,0.019399,0.007821,0.041669,0.014458,0.030452,0.003058
21.181000,SAMPLE,1,0.152704,-1.065477,-1.614256,0.143651,-1.047334,-1.606521,0.168143,-1.025901,-1.590855,0.167715,-1.038223,-1.616161,0.020276,0.007734,0.042481,0.023401,0.031114,0.001905
21.271000,SAMPLE,1,0.151567,-1.083948,-1.651995,0.142870,-1.062534,-1.638795,0.167753,-1.045275,-1.624022,0.166981,-1.053421,-1.648119,0.023112,0.013200,0.041924,0.027973,0.034197,0.003876
21.357000,SAMPLE,1,0.149620,-1.102758,-1.697584,0.141474,-1.078472,-1.678537,0.166578,-1.066743,-1.667652,0.165698,-1.069520,-1.685759,0.025615,0.019047,0.039807,0.029932,0.036922,0.011825
21.443000,SAMPLE,1,0.147330,-1.118224,-1.739387,0.138778,-1.098287,-1.734866,0.163960,-1.086417,-1.720977,0.163115,-1.089461,-1.740585,0.021694,0.004521,0.035892,0.018409,0.032809,0.001199
21.542000,SAMPLE,1,0.143136,-1.139158,-1.797045,0.134943,-1.117913,-1.791418,0.159209,-1.107838,-1.779371,0.159244,-1.109411,-1.796214,0.022770,0.005626,0.035204,0.017673,0.033828,0.000830
21.641000,SAMPLE,1,0.137728,-1.160102,-1.848739,0.131117,-1.133448,-1.832116,0.154763,-1.126274,-1.832723,0.155421,-1.124947,-1.837162,0.027462,0.016624,0.037876,0.016017,0.039357,0.011578
21.729000,SAMPLE,1,0.132072,-1.178493,-1.890845,0.125520,-1.152647,-1.877608,0.149410,-1.145722,-1.878488,0.149801,-1.144313,-1.881477,0.026664,0.013237,0.037075,0.012356,0.038505,0.009367
21.826000,SAMPLE,1,0.126481,-1.194371,-1.927718,0.119250,-1.170993,-1.921526,0.149410,-1.145722,-1.878488,0.143535,-1.162817,-1.925279,0.024471,0.006192,0.053781,0.049230,0.035868,0.002439
21.916000,SAMPLE,1,0.119719,-1.211600,-1.960948,0.113978,-1.184788,-1.949271,0.142972,-1.165975,-1.924205,0.138198,-1.177020,-1.952715,0.027419,0.011677,0.051209,0.036743,0.039208,0.008233
22.009000,SAMPLE,1,0.111856,-1.230063,-1.984369,0.106348,-1.203275,-1.973639,0.134848,-1.185140,-1.960006,0.130307,-1.196016,-1.977826,0.027349,0.010730,0.050465,0.024363,0.038725,0.006543
22.105000,SAMPLE,1,0.103718,-1.248237,-1.997732,0.098416,-1.221497,-1.987458,0.127694,-1.203597,-1.984093,0.122195,-1.214589,-1.993724,0.027262,0.010274,0.050672,0.013639,0.038388,0.004008
22.197000,SAMPLE,1,0.097611,-1.261580,-2.001605,0.092242,-1.235352,-1.991534,0.119090,-1.221012,-1.998231,0.115523,-1.229146,-1.998766,0.026772,0.010070,0.045903,0.003374,0.037052,0.002839
22.285000,SAMPLE,1,0.089817,-1.278599,-1.997545,0.084103,-1.253621,-1.986905,0.111270,-1.238529,-2.001841,0.107084,-1.247583,-1.995655,0.025624,0.010639,0.045452,0.004297,0.035498,0.001890
22.370000,SAMPLE,1,0.082667,-1.294467,-1.991414,0.077701,-1.268227,-1.981526,0.102421,-1.256649,-1.995587,0.100365,-1.262277,-1.990789,0.026707,0.009887,0.042667,0.004174,0.036735,0.000625
22.466000,SAMPLE,1,0.075158,-1.311423,-1.984597,0.070157,-1.285734,-1.974503,0.095145,-1.273860,-1.988012,0.092514,-1.279927,-1.983870,0.026172,0.010095,0.042549,0.003414,0.035961,0.000728
22.565000,SAMPLE,1,0.067073,-1.330026,-1.978784,0.062370,-1.304155,-1.968679,0.087091,-1.292481,-1.980999,0.084449,-1.298447,-1.977741,0.026294,0.010105,0.042547,0.002215,0.036044,0.001043
22.663000,SAMPLE,1,0.059180,-1.348246,-1.980537,0.054668,-1.322442,-1.970442,0.080101,-1.312120,-1.979038,0.076651,-1.316930,-1.979296,0.026196,0.010095,0.041747,0.001499,0.035859,0.001241
22.758000,SAMPLE,1,0.052906,-1.362662,-1.983025,0.048567,-1.336856,-1.972792,0.072365,-1.329753,-1.980849,0.070442,-1.331605,-1.982207,0.026167,0.010233,0.038231,0.002177,0.035665,0.000819
22.850000,SAMPLE,1,0.045031,-1.380421,-1.994370,0.040643,-1.355220,-1.984471,0.064214,-1.347740,-1.989514,0.062194,-1.350497,-1.993246,0.025580,0.009899,0.037895,0.004856,0.034496,0.001124
22.944000,SAMPLE,1,0.036853,-1.398375,-2.000823,0.032533,-1.373501,-1.990861,0.055436,-1.366551,-1.999782,0.053907,-1.368885,-1.999902,0.025246,0.009962,0.036852,0.001040,0.034066,0.000921
23.040000,SAMPLE,1,0.028794,-1.415872,-2.004549,0.026175,-1.387689,-1.993387,0.047395,-1.384515,-2.003112,0.047439,-1.382988,-2.002428,0.028305,0.011162,0.036459,0.001437,0.037802,0.002121
23.122000,SAMPLE,1,0.022888,-1.428522,-2.011031,0.018285,-1.405043,-2.001529,0.047395,-1.384515,-2.003112,0.039366,-1.400547,-2.010241,0.023926,0.009502,0.050372,0.007919,0.032468,0.000790
23.211000,SAMPLE,1,0.014989,-1.445205,-2.014622,0.011581,-1.419571,-2.004516,0.039055,-1.403120,-2.010430,0.032503,-1.415324,-2.013064,0.025860,0.010106,0.048479,0.004191,0.034635,0.001558
23.310000,SAMPLE,1,0.006307,-1.463356,-2.020659,0.003133,-1.437699,-2.010553,0.030549,-1.420557,-2.014707,0.023876,-1.433574,-2.018412,0.025852,0.010106,0.049188,0.005951,0.034577,0.002246
23.408000,SAMPLE,1,-0.002227,-1.480824,-2.029645,-0.005235,-1.455271,-2.019576,0.021921,-1.439175,-2.020427,0.015317,-1.451410,-2.027906,0.025729,0.010069,0.048143,0.009218,0.034248,0.001738
23.502000,SAMPLE,1,-0.011024,-1.498499,-2.036829,-0.013968,-1.473264,-2.027000,0.013567,-1.456601,-2.029553,0.006224,-1.469931,-2.035681,0.025407,0.009829,0.048581,0.007276,0.033371,0.001148
23.593000,SAMPLE,1,-0.019700,-1.515600,-2.042307,-0.021061,-1.487606,-2.032179,0.004298,-1.475068,-2.036665,-0.000992,-1.484406,-2.041083,0.028027,0.010128,0.047103,0.005642,0.036374,0.001224
23.690000,SAMPLE,1,-0.026784,-1.529476,-2.043918,-0.029533,-1.504624,-2.033947,-0.004885,-1.492916,-2.041933,-0.009707,-1.501609,-2.043863,0.025003,0.009970,0.042617,0.001985,0.032683,0.000055
23.772000,SAMPLE,1,-0.034439,-1.544383,-2.046424,-0.036632,-1.518795,-2.036174,-0.013763,-1.510523,-2.044153,-0.016912,-1.515797,-2.045199,0.025681,0.010251,0.039674,0.002271,0.033531,0.001225
23.863000,SAMPLE,1,-0.041288,-1.557730,-2.042264,-0.043819,-1.533167,-2.031216,-0.022302,-1.525297,-2.045638,-0.024302,-1.530051,-2.040308,0.024693,0.011048,0.037582,0.003374,0.032475,0.001956
23.962000,SAMPLE,1,-0.047691,-1.570435,-2.032601,-0.050009,-1.545794,-2.021742,-0.029496,-1.539864,-2.037389,-0.030656,-1.542525,-2.031748,0.024750,0.010859,0.035576,0.004788,0.032698,0.000853
24.061000,SAMPLE,1,-0.054503,-1.584262,-2.026555,-0.056678,-1.559699,-2.016368,-0.034224,-1.551325,-2.028391,-0.037331,-1.556221,-2.025702,0.024659,0.010186,0.038679,0.001836,0.032880,0.000852
24.155000,SAMPLE,1,-0.061251,-1.598013,-2.028102,-0.062282,-1.571417,-2.018000,-0.040965,-1.568076,-2.026871,-0.042939,-1.568194,-2.027231,0.026616,0.010102,0.036163,0.001232,0.034993,0.000872
24.254000,SAMPLE,1,-0.066854,-1.609405,-2.027943,-0.067673,-1.582676,-2.017261,-0.047363,-1.580833,-2.027264,-0.048438,-1.579818,-2.027778,0.026741,0.010683,0.034586,0.000679,0.034850,0.000165
24.353000,SAMPLE,1,-0.071609,-1.619062,-2.028147,-0.073156,-1.594105,-2.017811,-0.053746,-1.590345,-2.028745,-0.054044,-1.591163,-2.028019,0.025005,0.010336,0.033819,0.000598,0.032968,0.000127
24.452000,SAMPLE,1,-0.076924,-1.629844,-2.029692,-0.078252,-1.604722,-2.019297,-0.058413,-1.599783,-2.028666,-0.059406,-1.602017,-2.028401,0.025157,0.010394,0.035303,0.001026,0.032882,0.001291
24.552000,SAMPLE,1,-0.081444,-1.639029,-2.025264,-0.082611,-1.613818,-2.014955,-0.063687,-1.608950,-2.027941,-0.064091,-1.611334,-2.024680,0.025238,0.010309,0.034929,0.002676,0.032682,0.000584
24.639000,SAMPLE,1,-0.086394,-1.649160,-2.026880,-0.086835,-1.622700,-2.015432,-0.068709,-1.619459,-2.024981,-0.068401,-1.620182,-2.024207,0.026463,0.011448,0.034567,0.001899,0.034109,0.002673
24.739000,SAMPLE,1,-0.091912,-1.660319,-2.032800,-0.092088,-1.633630,-2.021139,-0.073602,-1.630911,-2.030886,-0.073751,-1.630902,-2.030515,0.026689,0.011661,0.034642,0.001914,0.034571,0.002285
24.826000,SAMPLE,1,-0.095840,-1.668158,-2.036950,-0.096941,-1.643583,-2.026497,-0.073602,-1.630911,-2.030886,-0.078642,-1.640736,-2.036744,0.024599,0.010453,0.043380,0.006064,0.032369,0.000207
24.927000,SAMPLE,1,-0.100534,-1.677490,-2.038227,-0.101574,-1.653035,-2.028255,-0.083112,-1.653266,-2.036162,-0.083306,-1.650586,-2.037642,0.024477,0.009971,0.029839,0.002064,0.031948,0.000584
25.025000,SAMPLE,1,-0.105400,-1.687030,-2.046797,-0.106202,-1.662337,-2.036592,-0.088589,-1.662695,-2.044782,-0.087947,-1.660106,-2.046568,0.024706,0.010205,0.029577,0.002015,0.032086,0.000229
25.123000,SAMPLE,1,-0.109931,-1.695772,-2.051216,-0.110474,-1.670793,-2.040913,-0.088589,-1.662695,-2.044782,-0.092364,-1.668835,-2.049911,0.024986,0.010303,0.039365,0.006434,0.032159,0.001305
25.224000,SAMPLE,1,-0.113839,-1.703205,-2.058971,-0.114734,-1.679089,-2.049213,-0.093203,-1.671566,-2.049155,-0.096758,-1.677368,-2.058977,0.024132,0.009758,0.037773,0.009816,0.030973,0.000006
25.310000,SAMPLE,1,-0.117479,-1.710029,-2.062481,-0.117845,-1.685065,-2.052187,-0.097546,-1.679399,-2.057813,-0.100012,-1.683559,-2.061808,0.024967,0.010294,0.036544,0.004668,0.031714,0.000673
25.410000,SAMPLE,1,-0.121265,-1.717084,-2.062619,-0.121472,-1.691994,-2.052145,-0.101217,-1.686521,-2.061866,-0.103737,-1.690601,-2.062857,0.025090,0.010475,0.036551,0.000753,0.031758,0.000237
25.510000,SAMPLE,1,-0.124763,-1.723654,-2.058990,-0.124866,-1.698534,-2.048553,-0.105492,-1.693182,-2.062001,-0.107333,-1.697254,-2.060112,0.025120,0.010438,0.036054,0.003010,0.031635,0.001122
25.606000,SAMPLE,1,-0.128224,-1.730146,-2.062117,-0.128264,-1.705072,-2.051711,-0.108666,-1.700335,-2.058605,-0.110870,-1.703970,-2.062864,0.025074,0.010406,0.035654,0.003511,0.031406,0.000747
25.689000,SAMPLE,1,-0.131901,-1.736981,-2.067733,-0.131490,-1.711224,-2.056487,-0.112126,-1.706883,-2.061660,-0.114242,-1.710329,-2.067042,0.025761,0.011246,0.036013,0.006072,0.031971,0.000691
25.789000,SAMPLE,1,-0.136034,-1.744518,-2.076435,-0.136168,-1.719967,-2.066863,-0.116418,-1.715477,-2.069117,-0.119129,-1.719392,-2.078096,0.024552,0.009571,0.035046,0.007318,0.030284,0.001662
25.887000,SAMPLE,1,-0.140885,-1.753178,-2.086013,-0.140837,-1.728496,-2.075837,-0.121057,-1.722439,-2.078444,-0.124002,-1.728069,-2.086910,0.024682,0.010176,0.036579,0.007568,0.030258,0.000898
25.985000,SAMPLE,1,-0.147858,-1.765402,-2.089879,-0.147551,-1.740580,-2.079495,-0.125661,-1.730945,-2.086371,-0.131016,-1.740394,-2.090329,0.024824,0.010385,0.040987,0.003509,0.030150,0.000450
26.080000,SAMPLE,1,-0.156778,-1.780944,-2.093471,-0.154584,-1.753154,-2.082021,-0.132812,-1.743364,-2.089842,-0.137997,-1.752576,-2.092817,0.027876,0.011450,0.044572,0.003629,0.034021,0.000655
26.177000,SAMPLE,1,-0.166763,-1.798077,-2.105008,-0.164422,-1.770507,-2.092479,-0.142644,-1.760301,-2.095022,-0.147842,-1.769574,-2.101651,0.027669,0.012529,0.044819,0.009985,0.034211,0.003356
26.267000,SAMPLE,1,-0.176597,-1.814427,-2.119000,-0.174524,-1.787768,-2.107768,-0.152562,-1.778119,-2.108793,-0.157889,-1.786557,-2.115569,0.026740,0.011231,0.043543,0.010207,0.033567,0.003431
26.364000,SAMPLE,1,-0.185351,-1.828646,-2.125382,-0.184761,-1.804790,-2.115216,-0.162776,-1.795014,-2.122039,-0.168051,-1.803226,-2.123830,0.023863,0.010166,0.040506,0.003343,0.030748,0.001551
26.464000,SAMPLE,1,-0.195961,-1.845742,-2.125698,-0.194932,-1.821569,-2.114989,-0.173135,-1.813381,-2.125846,-0.178276,-1.819974,-2.123388,0.024195,0.010709,0.039601,0.000148,0.031253,0.002310
26.553000,SAMPLE,1,-0.205789,-1.861620,-2.125688,-0.203182,-1.835217,-2.114979,-0.183420,-1.830819,-2.124084,-0.186486,-1.833575,-2.123423,0.026531,0.010709,0.038066,0.001603,0.034045,0.002265
26.640000,SAMPLE,1,-0.214645,-1.875865,-2.127865,-0.211046,-1.848175,-2.117505,-0.183420,-1.830819,-2.124084,-0.194455,-1.846469,-2.125949,0.027923,0.010360,0.054810,0.003780,0.035661,0.001916
26.727000,SAMPLE,1,-0.222231,-1.888075,-2.124498,-0.220878,-1.864384,-2.112963,-0.193156,-1.845252,-2.126553,-0.204380,-1.862567,-2.123220,0.023730,0.011535,0.051760,0.002055,0.031134,0.001278
26.820000,SAMPLE,1,-0.231845,-1.903797,-2.115935,-0.231114,-1.881566,-2.105071,-0.202557,-1.861431,-2.124813,-0.214374,-1.879057,-2.116149,0.022243,0.010864,0.051504,0.008878,0.030288,0.000215
26.911000,SAMPLE,1,-0.241783,-1.920208,-2.115195,-0.239255,-1.895340,-2.104576,-0.214853,-1.878081,-2.115764,-0.222720,-1.892627,-2.115343,0.024996,0.010619,0.049999,0.000568,0.033528,0.000148
27.008000,SAMPLE,1,-0.251685,-1.936508,-2.118290,-0.249152,-1.912026,-2.107734,-0.225074,-1.894769,-2.114855,-0.232795,-1.909037,-2.118293,0.024613,0.010556,0.049501,0.003436,0.033339,0.000003
27.098000,SAMPLE,1,-0.260823,-1.951448,-2.121290,-0.256716,-1.924698,-2.110261,-0.232105,-1.912298,-2.117699,-0.240149,-1.921624,-2.120580,0.027064,0.011030,0.048554,0.003591,0.036289,0.000710
27.188000,SAMPLE,1,-0.269166,-1.965018,-2.121761,-0.265718,-1.939699,-2.111271,-0.244795,-1.926162,-2.121648,-0.249512,-1.936507,-2.122443,0.025553,0.010490,0.045867,0.000113,0.034629,0.000682
27.280000,SAMPLE,1,-0.277394,-1.978471,-2.116720,-0.275769,-1.956550,-2.104213,-0.253618,-1.940849,-2.121162,-0.257945,-1.949990,-2.117802,0.021981,0.012507,0.044505,0.004442,0.034488,0.001082
27.374000,SAMPLE,1,-0.286912,-1.994368,-2.103160,-0.283826,-1.970373,-2.092495,-0.263062,-1.958306,-2.111906,-0.268145,-1.966883,-2.103974,0.024193,0.010665,0.043236,0.008746,0.033282,0.000814
27.474000,SAMPLE,1,-0.297077,-2.011811,-2.095149,-0.293696,-1.987732,-2.084505,-0.273822,-1.975024,-2.098422,-0.278384,-1.984246,-2.094959,0.024315,0.010644,0.043521,0.003273,0.033305,0.000190
27.571000,SAMPLE,1,-0.306509,-2.028131,-2.094414,-0.302971,-2.004181,-2.083850,-0.283285,-1.991976,-2.094227,-0.287702,-2.000292,-2.094437,0.024209,0.010564,0.042971,0.000186,0.033596,0.000023
27.667000,SAMPLE,1,-0.316056,-2.044793,-2.086666,-0.312308,-2.020886,-2.076211,-0.292410,-2.008219,-2.092008,-0.297373,-2.017109,-2.087568,0.024200,0.010456,0.043552,0.005341,0.033399,0.000902
27.755000,SAMPLE,1,-0.325015,-2.060716,-2.080151,-0.320011,-2.034909,-2.070832,-0.302095,-2.025749,-2.082630,-0.305094,-2.030827,-2.081747,0.026287,0.009319,0.041809,0.002479,0.035919,0.001597
27.849000,SAMPLE,1,-0.332657,-2.074544,-2.070109,-0.329504,-2.052513,-2.058579,-0.312357,-2.043722,-2.074578,-0.314959,-2.048601,-2.068920,0.022256,0.011530,0.036906,0.004469,0.031405,0.001189
27.939000,SAMPLE,1,-0.341436,-2.090898,-2.058217,-0.336921,-2.066690,-2.048097,-0.320928,-2.061082,-2.060186,-0.322540,-2.062691,-2.058289,0.024626,0.010120,0.036188,0.001969,0.033952,0.000072
28.038000,SAMPLE,1,-0.350924,-2.108966,-2.048554,-0.346044,-2.084487,-2.039708,-0.330928,-2.078662,-2.051940,-0.331810,-2.080422,-2.049034,0.024960,0.008846,0.036306,0.003386,0.034352,0.000480
28.130000,SAMPLE,1,-0.359364,-2.125603,-2.031354,-0.354930,-2.102405,-2.021718,-0.339439,-2.096851,-2.035424,-0.340944,-2.098491,-2.032246,0.023618,0.009636,0.034981,0.004070,0.032777,0.000892
28.229000,SAMPLE,1,-0.366386,-2.139989,-2.018091,-0.363239,-2.119912,-2.005929,-0.339439,-2.096851,-2.035424,-0.349460,-2.115887,-2.016456,0.020322,0.012162,0.050862,0.017333,0.029452,0.001634
28.324000,SAMPLE,1,-0.374356,-2.156967,-2.000175,-0.371346,-2.137768,-1.987689,-0.356256,-2.133872,-2.000788,-0.357579,-2.134174,-1.997764,0.019433,0.012485,0.029342,0.000614,0.028301,0.002411
28.417000,SAMPLE,1,-0.382252,-2.174567,-1.984701,-0.377732,-2.152438,-1.975058,-0.356256,-2.133872,-2.000788,-0.364136,-2.148769,-1.985132,0.022586,0.009643,0.048289,0.016087,0.031524,0.000431
28.514000,SAMPLE,1,-0.389476,-2.191369,-1.969060,-0.385034,-2.169876,-1.959268,-0.363269,-2.150878,-1.984636,-0.371143,-2.165292,-1.970472,0.021947,0.009791,0.048232,0.015576,0.031876,0.001413
28.611000,SAMPLE,1,-0.396462,-2.208386,-1.950572,-0.392094,-2.187572,-1.940663,-0.370267,-2.167595,-1.968899,-0.378219,-2.182866,-1.951978,0.021267,0.009909,0.048478,0.018327,0.031370,0.001406
28.707000,SAMPLE,1,-0.403497,-2.226535,-1.931713,-0.399092,-2.206184,-1.921553,-0.377635,-2.185237,-1.950416,-0.385336,-2.201582,-1.931580,0.020823,0.010160,0.048728,0.018703,0.030862,0.000133
28.800000,SAMPLE,1,-0.408861,-2.241028,-1.918607,-0.404211,-2.220451,-1.908921,-0.385576,-2.203252,-1.931490,-0.390523,-2.215550,-1.919536,0.021096,0.009686,0.044376,0.012883,0.031391,0.000929
28.893000,SAMPLE,1,-0.414716,-2.257560,-1.903781,-0.410358,-2.238396,-1.893132,-0.392536,-2.222007,-1.915459,-0.396899,-2.233475,-1.904173,0.019654,0.010649,0.041904,0.011678,0.029959,0.000392
28.988000,SAMPLE,1,-0.420723,-2.275367,-1.888149,-0.416331,-2.256753,-1.877342,-0.398670,-2.239837,-1.899500,-0.403093,-2.251924,-1.888102,0.019124,0.010807,0.041817,0.011351,0.029332,0.000047
29.083000,SAMPLE,1,-0.426026,-2.291942,-1.872517,-0.421596,-2.273856,-1.861553,-0.403576,-2.257103,-1.883909,-0.408384,-2.268757,-1.872717,0.018621,0.010965,0.041446,0.011391,0.029134,0.000199
29.180000,SAMPLE,1,-0.431406,-2.309789,-1.853143,-0.425867,-2.288509,-1.846671,-0.409639,-2.274190,-1.868452,-0.412888,-2.283694,-1.857878,0.021989,0.006472,0.041726,0.015309,0.031998,0.004735
29.273000,SAMPLE,1,-0.435526,-2.324519,-1.834082,-0.430943,-2.307298,-1.823011,-0.415317,-2.293437,-1.846683,-0.418134,-2.302118,-1.835193,0.017820,0.011072,0.037074,0.012600,0.028360,0.001111
29.352000,SAMPLE,1,-0.439219,-2.338701,-1.816192,-0.434521,-2.321703,-1.805326,-0.420820,-2.310162,-1.824769,-0.421953,-2.316239,-1.818055,0.017636,0.010866,0.033956,0.008577,0.028331,0.001863
29.452000,SAMPLE,1,-0.443860,-2.358234,-1.790025,-0.438937,-2.341208,-1.780121,-0.425080,-2.326530,-1.801865,-0.426672,-2.335674,-1.792950,0.017723,0.009904,0.036848,0.011840,0.028361,0.002925
29.535000,SAMPLE,1,-0.447330,-2.374938,-1.760734,-0.442050,-2.356870,-1.753455,-0.429641,-2.345710,-1.771230,-0.429953,-2.350105,-1.767445,0.018824,0.007279,0.034164,0.010496,0.030309,0.006711
29.627000,SAMPLE,1,-0.449827,-2.388762,-1.737818,-0.445158,-2.375186,-1.724416,-0.429641,-2.345710,-1.771230,-0.433402,-2.367946,-1.739214,0.014356,0.013402,0.047549,0.033412,0.026515,0.001396
29.704000,SAMPLE,1,-0.452350,-2.404875,-1.713944,-0.447426,-2.391024,-1.701679,-0.432414,-2.365115,-1.740855,-0.435853,-2.383401,-1.716787,0.014700,0.012265,0.044478,0.026911,0.027079,0.002842
29.796000,SAMPLE,1,-0.454719,-2.423120,-1.683849,-0.449325,-2.406911,-1.676842,-0.435809,-2.383063,-1.711671,-0.437976,-2.398233,-1.692466,0.017083,0.007007,0.044296,0.027822,0.029995,0.008617
29.895000,SAMPLE,1,-0.456511,-2.441990,-1.647977,-0.451028,-2.426309,-1.640437,-0.436985,-2.402499,-1.679373,-0.439875,-2.416614,-1.658033,0.016612,0.007540,0.044055,0.031396,0.030343,0.010056
29.982000,SAMPLE,1,-0.457641,-2.459611,-1.620872,-0.452127,-2.446278,-1.610729,-0.439481,-2.423552,-1.644495,-0.441266,-2.435945,-1.628859,0.014428,0.010143,0.040374,0.023623,0.028779,0.007987
30.079000,SAMPLE,1,-0.458226,-2.475348,-1.595374,-0.452551,-2.461788,-1.586292,-0.440997,-2.442322,-1.613723,-0.441949,-2.450743,-1.605679,0.014700,0.009081,0.037250,0.018349,0.029501,0.010305
30.163000,SAMPLE,1,-0.458423,-2.491031,-1.571216,-0.452574,-2.480892,-1.557871,-0.440821,-2.461309,-1.584232,-0.442177,-2.469806,-1.576441,0.011705,0.013345,0.034544,0.013016,0.026729,0.005226
30.254000,SAMPLE,1,-0.458194,-2.509093,-1.544384,-0.452185,-2.496887,-1.534934,-0.441228,-2.480326,-1.556295,-0.441987,-2.485634,-1.553125,0.013605,0.009450,0.033398,0.011911,0.028513,0.008741
30.346000,SAMPLE,1,-0.457398,-2.527585,-1.509905,-0.451119,-2.516858,-1.499118,-0.441142,-2.496191,-1.524501,-0.441362,-2.505624,-1.517704,0.012430,0.010787,0.035353,0.014596,0.027193,0.007799
30.441000,SAMPLE,1,-0.455892,-2.546815,-1.474368,-0.449340,-2.536777,-1.463582,-0.440011,-2.517045,-1.488698,-0.440021,-2.524042,-1.483809,0.011987,0.010787,0.033741,0.014330,0.027758,0.009441
30.528000,SAMPLE,1,-0.454245,-2.561500,-1.443276,-0.447371,-2.552655,-1.431408,-0.438702,-2.536383,-1.450035,-0.438440,-2.539963,-1.452493,0.011202,0.011868,0.029537,0.006759,0.026714,0.009217
30.623000,SAMPLE,1,-0.451621,-2.579565,-1.409724,-0.444268,-2.572252,-1.396158,-0.435063,-2.556011,-1.413729,-0.435570,-2.559220,-1.415160,0.010371,0.013566,0.028792,0.004005,0.025914,0.005437
30.713000,SAMPLE,1,-0.448491,-2.596945,-1.373985,-0.441319,-2.587634,-1.365868,-0.435063,-2.556011,-1.413729,-0.432953,-2.574748,-1.384371,0.011753,0.008117,0.043081,0.039743,0.027095,0.010385
30.808000,SAMPLE,1,-0.444614,-2.614496,-1.332687,-0.436956,-2.606568,-1.323121,-0.432583,-2.571788,-1.376243,-0.429297,-2.592418,-1.343027,0.011022,0.009566,0.044370,0.043556,0.026871,0.010340
30.906000,SAMPLE,1,-0.439699,-2.633120,-1.294375,-0.431776,-2.625470,-1.285326,-0.427965,-2.590178,-1.333516,-0.424283,-2.611180,-1.303181,0.011013,0.009049,0.044516,0.039142,0.026814,0.008806
31.001000,SAMPLE,1,-0.435107,-2.648469,-1.265443,-0.425811,-2.644559,-1.249889,-0.423976,-2.608779,-1.295823,-0.418595,-2.630094,-1.267082,0.010085,0.015554,0.041221,0.030379,0.024704,0.001638
31.095000,SAMPLE,1,-0.429171,-2.666110,-1.226162,-0.420520,-2.659658,-1.217429,-0.418428,-2.628315,-1.260368,-0.413766,-2.644638,-1.235003,0.010791,0.008733,0.039292,0.034206,0.026426,0.008841
31.189000,SAMPLE,1,-0.422765,-2.682922,-1.186841,-0.413440,-2.677718,-1.176776,-0.411858,-2.646740,-1.220020,-0.407197,-2.662174,-1.194223,0.010678,0.010064,0.037790,0.033179,0.025939,0.007383
31.289000,SAMPLE,1,-0.415224,-2.700592,-1.146624,-0.405633,-2.695534,-1.137874,-0.404726,-2.664102,-1.180466,-0.399851,-2.679491,-1.156293,0.010843,0.008751,0.037969,0.033841,0.026107,0.009669
31.388000,SAMPLE,1,-0.407097,-2.717687,-1.107351,-0.397153,-2.712970,-1.099371,-0.397372,-2.681408,-1.140658,-0.391916,-2.696344,-1.117387,0.011006,0.007980,0.037560,0.033308,0.026192,0.010036
31.479000,SAMPLE,1,-0.400947,-2.729523,-1.075330,-0.390443,-2.725615,-1.066529,-0.390479,-2.698049,-1.102655,-0.385433,-2.708931,-1.083342,0.011207,0.008801,0.033168,0.027325,0.025781,0.008012
31.570000,SAMPLE,1,-0.391982,-2.745372,-1.036664,-0.380464,-2.742849,-1.025826,-0.381576,-2.714509,-1.061435,-0.376027,-2.725862,-1.043812,0.011791,0.010837,0.032570,0.024771,0.025203,0.007148
31.664000,SAMPLE,1,-0.382284,-2.761152,-1.002790,-0.369794,-2.759764,-0.990563,-0.372126,-2.729322,-1.023485,-0.366330,-2.741790,-1.010120,0.012567,0.012227,0.033412,0.020695,0.025088,0.007330
31.762000,SAMPLE,1,-0.371869,-2.776873,-0.968356,-0.358931,-2.775734,-0.956626,-0.362387,-2.744160,-0.988422,-0.356133,-2.757069,-0.975217,0.012988,0.011729,0.034059,0.020066,0.025295,0.006861
31.846000,SAMPLE,1,-0.362566,-2.790039,-0.942501,-0.349983,-2.788112,-0.932984,-0.351614,-2.758714,-0.956163,-0.347397,-2.769713,-0.951954,0.012730,0.009516,0.033184,0.013663,0.025362,0.009453
31.930000,SAMPLE,1,-0.354270,-2.801171,-0.917256,-0.340547,-2.800494,-0.905708,-0.339655,-2.775118,-0.923816,-0.338807,-2.780992,-0.925504,0.013739,0.011548,0.029873,0.006560,0.025423,0.008248
32.016000,SAMPLE,1,-0.344514,-2.813522,-0.886340,-0.331302,-2.811956,-0.877918,-0.339655,-2.775118,-0.923816,-0.329918,-2.791952,-0.897391,0.013304,0.008422,0.038710,0.037476,0.026044,0.011051
32.110000,SAMPLE,1,-0.333085,-2.827029,-0.850388,-0.318862,-2.826385,-0.840682,-0.330938,-2.789283,-0.889485,-0.318480,-2.805798,-0.862710,0.014238,0.009707,0.037807,0.039097,0.025770,0.012321
32.205000,SAMPLE,1,-0.320492,-2.840900,-0.816648,-0.305266,-2.841053,-0.805945,-0.318710,-2.802836,-0.851723,-0.305556,-2.820069,-0.827170,0.015227,0.010703,0.038106,0.035075,0.025633,0.010522
32.299000,SAMPLE,1,-0.307847,-2.853948,-0.786072,-0.294347,-2.852134,-0.780255,-0.304728,-2.816662,-0.816956,-0.295115,-2.830625,-0.800759,0.013621,0.005817,0.037417,0.030883,0.026572,0.014687
32.398000,SAMPLE,1,-0.297184,-2.864379,-0.762171,-0.281074,-2.864907,-0.751795,-0.290265,-2.828477,-0.785765,-0.282236,-2.842706,-0.771640,0.016118,0.010376,0.036563,0.023595,0.026328,0.009469
32.489000,SAMPLE,1,-0.283716,-2.876854,-0.733026,-0.266313,-2.878275,-0.721124,-0.277773,-2.841029,-0.756356,-0.267979,-2.855478,-0.740655,0.017461,0.011902,0.036315,0.023329,0.026544,0.007629
32.584000,SAMPLE,1,-0.270057,-2.888830,-0.707645,-0.252022,-2.890505,-0.695774,-0.264336,-2.854104,-0.726428,-0.254219,-2.867177,-0.713946,0.018113,0.011871,0.035194,0.018783,0.026827,0.006302
32.679000,SAMPLE,1,-0.255760,-2.900764,-0.682521,-0.240228,-2.900161,-0.675889,-0.250972,-2.866296,-0.702268,-0.242815,-2.876436,-0.693717,0.015544,0.006632,0.034799,0.019747,0.027558,0.011196
32.766000,SAMPLE,1,-0.242766,-2.911069,-0.658079,-0.224543,-2.912381,-0.647547,-0.236462,-2.879453,-0.675123,-0.227792,-2.888358,-0.665000,0.018271,0.010532,0.032239,0.017044,0.027204,0.006920
32.858000,SAMPLE,1,-0.228905,-2.921494,-0.631079,-0.212350,-2.921386,-0.624811,-0.219849,-2.891869,-0.646877,-0.215900,-2.897191,-0.642053,0.016555,0.006269,0.030978,0.015797,0.027564,0.010974
32.950000,SAMPLE,1,-0.217587,-2.929570,-0.608444,-0.197525,-2.931760,-0.596739,-0.206009,-2.901559,-0.618430,-0.201397,-2.907419,-0.613457,0.020181,0.011704,0.030310,0.009986,0.027437,0.005014
33.034000,SAMPLE,1,-0.203376,-2.939259,-0.588438,-0.184208,-2.940628,-0.578555,-0.191146,-2.911985,-0.593730,-0.188251,-2.916539,-0.595247,0.019217,0.009883,0.029891,0.005291,0.027294,0.006808
33.117000,SAMPLE,1,-0.189549,-2.948300,-0.569208,-0.171056,-2.949056,-0.560871,-0.191146,-2.911985,-0.593730,-0.175626,-2.924634,-0.577269,0.018509,0.008337,0.036350,0.024522,0.027458,0.008061
33.211000,SAMPLE,1,-0.174463,-2.957727,-0.547546,-0.155270,-2.958732,-0.538766,-0.175331,-2.922058,-0.571586,-0.160310,-2.934065,-0.554917,0.019219,0.008780,0.035679,0.024040,0.027571,0.007371
33.306000,SAMPLE,1,-0.161042,-2.965750,-0.529816,-0.138100,-2.968740,-0.516061,-0.159865,-2.931451,-0.549608,-0.143309,-2.943983,-0.531829,0.023136,0.013756,0.034319,0.019792,0.028076,0.002012
33.397000,SAMPLE,1,-0.146418,-2.974071,-0.503760,-0.125214,-2.975867,-0.493837,-0.142879,-2.941715,-0.526795,-0.130481,-2.951026,-0.508715,0.021279,0.009924,0.032549,0.023035,0.028018,0.004955
33.496000,SAMPLE,1,-0.130652,-2.982482,-0.477869,-0.109307,-2.984154,-0.468066,-0.127459,-2.950734,-0.498805,-0.114666,-2.959323,-0.481498,0.021411,0.009803,0.031908,0.020936,0.028140,0.003629
33.586000,SAMPLE,1,-0.113974,-2.990951,-0.463116,-0.091382,-2.993024,-0.452392,-0.112809,-2.959161,-0.475007,-0.097509,-2.968005,-0.465245,0.022688,0.010724,0.031812,0.011890,0.028242,0.002128
33.674000,SAMPLE,1,-0.098579,-2.998539,-0.451218,-0.077472,-2.999706,-0.442224,-0.095382,-2.968227,-0.461535,-0.084392,-2.974443,-0.454609,0.021140,0.008994,0.030480,0.010317,0.027963,0.003391
33.771000,SAMPLE,1,-0.082711,-3.006077,-0.435760,-0.061086,-3.007306,-0.426434,-0.079633,-2.974544,-0.447288,-0.068558,-2.981816,-0.439226,0.021660,0.009326,0.031683,0.011528,0.028087,0.003466
33.867000,SAMPLE,1,-0.068042,-3.012793,-0.422855,-0.042909,-3.015393,-0.411145,-0.062105,-2.983288,-0.431463,-0.051132,-2.989707,-0.423759,0.025267,0.011711,0.030096,0.008608,0.028616,0.000904
33.958000,SAMPLE,1,-0.052079,-3.019883,-0.413244,-0.028989,-3.021393,-0.403066,-0.044050,-2.991220,-0.417814,-0.037689,-2.995524,-0.415700,0.023139,0.010179,0.029767,0.004570,0.028293,0.002455
34.044000,SAMPLE,1,-0.035253,-3.027126,-0.399179,-0.010534,-3.029101,-0.387947,-0.025864,-2.998656,-0.405090,-0.019690,-3.003120,-0.401738,0.024797,0.011231,0.029977,0.005911,0.028609,0.002559
34.138000,SAMPLE,1,-0.018697,-3.033968,-0.384337,0.003874,-3.034885,-0.375316,-0.008248,-3.007960,-0.389092,-0.005420,-3.009104,-0.389106,0.022590,0.009021,0.028028,0.004755,0.028187,0.004770
34.236000,SAMPLE,1,-0.001793,-3.040653,-0.369039,0.021065,-3.041504,-0.359576,0.008874,-3.014079,-0.373619,0.011232,-3.015810,-0.374315,0.022873,0.009463,0.028635,0.004580,0.028050,0.005275
34.328000,SAMPLE,1,0.015168,-3.047094,-0.355786,0.038861,-3.048068,-0.346237,0.025742,-3.021134,-0.360365,0.028913,-3.022483,-0.360621,0.023713,0.009550,0.028031,0.004579,0.028189,0.004834
34.416000,SAMPLE,1,0.028997,-3.052141,-0.343944,0.053936,-3.053399,-0.333605,0.025742,-3.021134,-0.360365,0.043890,-3.028051,-0.347989,0.024971,0.010339,0.031177,0.016421,0.028323,0.004045
34.511000,SAMPLE,1,0.046302,-3.058190,-0.328471,0.071947,-3.059482,-0.317816,0.043253,-3.027370,-0.344605,0.061361,-3.034202,-0.332155,0.025677,0.010655,0.030971,0.016135,0.028323,0.003685
34.609000,SAMPLE,1,0.064847,-3.064367,-0.315807,0.090989,-3.065597,-0.304995,0.060910,-3.032814,-0.329435,0.079798,-3.040300,-0.319446,0.026170,0.010813,0.031797,0.013627,0.028333,0.003639
34.701000,SAMPLE,1,0.082479,-3.070041,-0.306618,0.109369,-3.071290,-0.295521,0.080255,-3.039831,-0.316366,0.098076,-3.046156,-0.309402,0.026920,0.011097,0.030292,0.009748,0.028527,0.002784
34.797000,SAMPLE,1,0.098990,-3.075188,-0.297539,0.123121,-3.075419,-0.287942,0.098214,-3.045388,-0.306355,0.111418,-3.050266,-0.301599,0.024132,0.009596,0.029811,0.008817,0.027850,0.004060
34.897000,SAMPLE,1,0.118399,-3.081060,-0.290291,0.142310,-3.081017,-0.280968,0.115763,-3.051208,-0.297252,0.130125,-3.055955,-0.294023,0.023911,0.009322,0.029968,0.006962,0.027708,0.003732
34.992000,SAMPLE,1,0.132974,-3.085353,-0.282617,0.160539,-3.086185,-0.271495,0.135194,-3.056296,-0.290989,0.148016,-3.061165,-0.284689,0.027578,0.011122,0.029142,0.008372,0.028484,0.002072
35.091000,SAMPLE,1,0.150827,-3.090446,-0.272954,0.178258,-3.091028,-0.262021,0.153536,-3.062904,-0.280237,0.165407,-3.066191,-0.275090,0.027437,0.010933,0.027675,0.007283,0.028301,0.002136
35.181000,SAMPLE,1,0.168130,-3.095222,-0.266903,0.196679,-3.095892,-0.256134,0.170741,-3.065970,-0.271933,0.183507,-3.071038,-0.269626,0.028556,0.010768,0.029367,0.005031,0.028658,0.002723
35.281000,SAMPLE,1,0.185928,-3.100078,-0.265071,0.214848,-3.100638,-0.254050,0.187885,-3.071984,-0.267406,0.201228,-3.075869,-0.267309,0.028926,0.011021,0.028161,0.002335,0.028638,0.002238
35.373000,SAMPLE,1,0.202827,-3.104637,-0.261517,0.228750,-3.104228,-0.251424,0.207486,-3.076317,-0.265074,0.214624,-3.079366,-0.264053,0.025926,0.010093,0.028701,0.003557,0.027889,0.002535
35.462000,SAMPLE,1,0.218543,-3.108785,-0.254236,0.248142,-3.109121,-0.242555,0.224263,-3.081077,-0.259847,0.234172,-3.084468,-0.255194,0.029601,0.011680,0.028292,0.005611,0.028907,0.000958
35.553000,SAMPLE,1,0.235107,-3.113029,-0.248397,0.263112,-3.112779,-0.237592,0.243190,-3.085942,-0.250918,0.248689,-3.088118,-0.249690,0.028006,0.010805,0.028268,0.002521,0.028374,0.001293
35.651000,SAMPLE,1,0.253443,-3.117636,-0.242950,0.281620,-3.117214,-0.232084,0.260628,-3.090480,-0.246267,0.267262,-3.092816,-0.243532,0.028180,0.010865,0.028090,0.003317,0.028408,0.000583
35.738000,SAMPLE,1,0.270895,-3.121944,-0.241750,0.297194,-3.120880,-0.230884,0.260628,-3.090480,-0.246267,0.281977,-3.096419,-0.243434,0.026320,0.010865,0.033096,0.004517,0.027827,0.001685
35.834000,SAMPLE,1,0.289252,-3.126458,-0.239865,0.315640,-3.125209,-0.229305,0.277931,-3.096118,-0.241661,0.299210,-3.100758,-0.241818,0.026417,0.010560,0.032384,0.001796,0.027562,0.001952
35.931000,SAMPLE,1,0.307678,-3.130937,-0.236749,0.334160,-3.129500,-0.226147,0.317275,-3.104743,-0.237863,0.317399,-3.105167,-0.238633,0.026521,0.010601,0.027897,0.001114,0.027543,0.001884
36.018000,SAMPLE,1,0.322717,-3.134546,-0.234223,0.349388,-3.132984,-0.223621,0.317275,-3.104743,-0.237863,0.332528,-3.108776,-0.235962,0.026717,0.010601,0.030295,0.003641,0.027574,0.001740
36.108000,SAMPLE,1,0.338662,-3.138328,-0.231475,0.367798,-3.137140,-0.220463,0.336078,-3.108916,-0.234764,0.350798,-3.113053,-0.232696,0.029160,0.011012,0.029525,0.003289,0.028037,0.001221
36.198000,SAMPLE,1,0.355849,-3.142360,-0.230083,0.382592,-3.140441,-0.219200,0.354050,-3.112944,-0.232120,0.365101,-3.116332,-0.231563,0.026812,0.010883,0.029472,0.002037,0.027624,0.001480
36.288000,SAMPLE,1,0.374410,-3.146724,-0.233415,0.402111,-3.144802,-0.222058,0.372630,-3.117554,-0.230951,0.384987,-3.120954,-0.234345,0.027768,0.011357,0.029224,0.002464,0.027856,0.000931
36.380000,SAMPLE,1,0.389835,-3.150452,-0.241089,0.417294,-3.148290,-0.229637,0.391039,-3.123789,-0.234834,0.399489,-3.124567,-0.240915,0.027545,0.011452,0.026690,0.006254,0.027628,0.000174
36.475000,SAMPLE,1,0.406593,-3.154650,-0.249854,0.435243,-3.152574,-0.238961,0.411091,-3.128182,-0.244281,0.417068,-3.128996,-0.248687,0.028725,0.010894,0.026847,0.005574,0.027710,0.001167
36.572000,SAMPLE,1,0.426034,-3.159653,-0.253649,0.454665,-3.157348,-0.242737,0.429894,-3.132302,-0.252089,0.436583,-3.134002,-0.252644,0.028723,0.010912,0.027623,0.001560,0.027736,0.001005
36.670000,SAMPLE,1,0.444737,-3.164532,-0.256486,0.473560,-3.162058,-0.245495,0.449693,-3.137212,-0.255396,0.456108,-3.139065,-0.256072,0.028929,0.010991,0.027766,0.001090,0.027890,0.000414
36.766000,SAMPLE,1,0.463919,-3.169562,-0.258012,0.492960,-3.166920,-0.247303,0.467798,-3.142185,-0.256276,0.475912,-3.144266,-0.257403,0.029161,0.010710,0.027650,0.001736,0.027995,0.000609
36.857000,SAMPLE,1,0.482313,-3.174495,-0.266526,0.508460,-3.170889,-0.254434,0.487387,-3.146623,-0.262607,0.491360,-3.148293,-0.264462,0.026395,0.012091,0.028331,0.003919,0.027721,0.002063
36.952000,SAMPLE,1,0.499872,-3.179374,-0.275620,0.526713,-3.175729,-0.263908,0.507440,-3.151446,-0.272068,0.509682,-3.153179,-0.273937,0.027088,0.011712,0.028935,0.003552,0.027971,0.001684
37.050000,SAMPLE,1,0.515572,-3.183873,-0.281303,0.545106,-3.180779,-0.270476,0.525262,-3.157576,-0.280588,0.528224,-3.158464,-0.280351,0.029696,0.010827,0.028025,0.000715,0.028384,0.000952
37.142000,SAMPLE,1,0.533593,-3.189109,-0.284335,0.563783,-3.185988,-0.273634,0.544017,-3.162394,-0.284034,0.547344,-3.163942,-0.283837,0.030351,0.010700,0.028676,0.000301,0.028679,0.000498
37.240000,SAMPLE,1,0.551552,-3.194376,-0.284646,0.577908,-3.189962,-0.273861,0.562339,-3.167700,-0.285928,0.561367,-3.168043,-0.284363,0.026724,0.010786,0.028775,0.001282,0.028103,0.000283
37.328000,SAMPLE,1,0.569209,-3.199528,-0.284346,0.597128,-3.195341,-0.273208,0.562339,-3.167700,-0.285928,0.580678,-3.173621,-0.284504,0.028231,0.011138,0.032561,0.001582,0.028332,0.000157
37.422000,SAMPLE,1,0.587660,-3.204951,-0.287473,0.615780,-3.200599,-0.276366,0.578520,-3.173062,-0.284621,0.599003,-3.179016,-0.287684,0.028455,0.011107,0.033173,0.002852,0.028308,0.000212
37.517000,SAMPLE,1,0.602119,-3.209246,-0.290062,0.629902,-3.204623,-0.278892,0.597263,-3.178373,-0.288509,0.612819,-3.183114,-0.290367,0.028164,0.011170,0.031253,0.001553,0.028238,0.000305
37.612000,SAMPLE,1,0.619780,-3.214541,-0.291387,0.648131,-3.209866,-0.280250,0.614866,-3.182725,-0.291340,0.630506,-3.188290,-0.290938,0.028734,0.011137,0.032194,0.000046,0.028357,0.000449
37.708000,SAMPLE,1,0.637132,-3.219725,-0.289998,0.666254,-3.215061,-0.278861,0.633436,-3.189672,-0.292301,0.648392,-3.193710,-0.289420,0.029493,0.011137,0.030280,0.002303,0.028347,0.000577
37.801000,SAMPLE,1,0.654082,-3.224785,-0.289777,0.683741,-3.220067,-0.278418,0.652128,-3.194756,-0.290796,0.666374,-3.199075,-0.289040,0.030032,0.011359,0.030092,0.001019,0.028497,0.000737
37.897000,SAMPLE,1,0.672715,-3.230320,-0.288483,0.699118,-3.224449,-0.277313,0.669908,-3.200477,-0.290072,0.681652,-3.203668,-0.288096,0.027049,0.011169,0.029974,0.001589,0.028110,0.000387
37.991000,SAMPLE,1,0.690173,-3.235500,-0.288483,0.717271,-3.229616,-0.277313,0.689139,-3.206045,-0.289145,0.700123,-3.209174,-0.288290,0.027730,0.011169,0.029473,0.000662,0.028144,0.000193
38.087000,SAMPLE,1,0.705338,-3.239990,-0.286226,0.735641,-3.234828,-0.274963,0.706840,-3.211584,-0.289127,0.718471,-3.214672,-0.287452,0.030740,0.011262,0.028446,0.002902,0.028522,0.001227
38.185000,SAMPLE,1,0.724705,-3.245700,-0.287931,0.754775,-3.240238,-0.276889,0.725939,-3.217003,-0.287379,0.737422,-3.220296,-0.289332,0.030561,0.011041,0.028724,0.000551,0.028409,0.001401
38.285000,SAMPLE,1,0.743047,-3.251163,-0.291120,0.772871,-3.245411,-0.280047,0.744735,-3.221862,-0.289967,0.755382,-3.225585,-0.292368,0.030373,0.011073,0.029350,0.001153,0.028397,0.001248
38.380000,SAMPLE,1,0.761112,-3.256594,-0.291435,0.787476,-3.249623,-0.280474,0.762807,-3.226364,-0.292560,0.770036,-3.229822,-0.293196,0.027269,0.010962,0.030277,0.001125,0.028219,0.001761
38.479000,SAMPLE,1,0.780657,-3.262443,-0.291498,0.806699,-3.255141,-0.279718,0.781351,-3.233495,-0.290990,0.789617,-3.235732,-0.292080,0.027047,0.011780,0.028956,0.000508,0.028174,0.000582
38.571000,SAMPLE,1,0.798088,-3.267700,-0.294467,0.825378,-3.260537,-0.282863,0.800270,-3.239277,-0.292787,0.808086,-3.241335,-0.294799,0.028214,0.011604,0.028506,0.001680,0.028197,0.000332
38.665000,SAMPLE,1,0.813514,-3.272400,-0.297056,0.844170,-3.266032,-0.286021,0.818348,-3.244463,-0.296573,0.826716,-3.247017,-0.297933,0.031311,0.011035,0.028352,0.000484,0.028612,0.000877
38.757000,SAMPLE,1,0.831351,-3.277889,-0.300193,0.859514,-3.270565,-0.288547,0.837196,-3.249528,-0.299805,0.841889,-3.251607,-0.300453,0.029100,0.011646,0.028957,0.000388,0.028317,0.000260
38.844000,SAMPLE,1,0.848089,-3.283126,-0.305447,0.877640,-3.276012,-0.294155,0.856043,-3.255710,-0.305268,0.859736,-3.257145,-0.305673,0.030395,0.011292,0.028546,0.000179,0.028472,0.000226
38.930000,SAMPLE,1,0.863681,-3.288082,-0.308298,0.891456,-3.280217,-0.296682,0.872489,-3.261347,-0.308064,0.873625,-3.261543,-0.308202,0.028867,0.011617,0.028148,0.000235,0.028341,0.000096
39.027000,SAMPLE,1,0.882267,-3.294032,-0.311393,0.910472,-3.286063,-0.299839,0.872489,-3.261347,-0.308064,0.892340,-3.267544,-0.311334,0.029309,0.011554,0.034116,0.003329,0.028338,0.000059
39.118000,SAMPLE,1,0.896384,-3.298594,-0.313816,0.924948,-3.290558,-0.302366,0.892087,-3.267239,-0.311368,0.906734,-3.272165,-0.313866,0.029673,0.011450,0.031648,0.002448,0.028383,0.000050
39.211000,SAMPLE,1,0.914579,-3.304469,-0.309797,0.944040,-3.296482,-0.298324,0.911091,-3.273627,-0.314677,0.925825,-3.278359,-0.311058,0.030525,0.011474,0.031038,0.004880,0.028429,0.001261
39.310000,SAMPLE,1,0.933244,-3.310431,-0.308968,0.962587,-3.302172,-0.297532,0.931309,-3.279068,-0.311125,0.944005,-3.284076,-0.310475,0.030483,0.011437,0.031423,0.002157,0.028467,0.001506
39.405000,SAMPLE,1,0.950903,-3.316068,-0.308968,0.980128,-3.307551,-0.297532,0.947003,-3.285548,-0.309439,0.960940,-3.289558,-0.310276,0.030440,0.011437,0.030768,0.000471,0.028346,0.001308
39.496000,SAMPLE,1,0.967732,-3.321442,-0.308984,0.994741,-3.312032,-0.297532,0.964475,-3.290634,-0.309618,0.975632,-3.294254,-0.310153,0.028601,0.011452,0.030980,0.000634,0.028313,0.001170
39.579000,SAMPLE,1,0.981790,-3.325919,-0.306645,1.010040,-3.316715,-0.295582,0.984602,-3.296588,-0.309633,0.991030,-3.299119,-0.309054,0.029712,0.011063,0.029466,0.002988,0.028349,0.002409
39.673000,SAMPLE,1,0.999823,-3.331539,-0.297591,1.028694,-3.322304,-0.286337,1.002978,-3.302645,-0.304142,1.009603,-3.304953,-0.301055,0.030312,0.011254,0.029065,0.006551,0.028327,0.003464
39.762000,SAMPLE,1,1.017206,-3.336846,-0.296330,1.047888,-3.327926,-0.285147,1.020886,-3.309535,-0.295423,1.028703,-3.310939,-0.298222,0.031952,0.011183,0.027557,0.000907,0.028343,0.001892
39.858000,SAMPLE,1,1.035794,-3.342565,-0.300856,1.062769,-3.332316,-0.288300,1.040298,-3.314280,-0.298842,1.043527,-3.315468,-0.301104,0.028857,0.012556,0.028642,0.002014,0.028179,0.000248
39.956000,SAMPLE,1,1.050405,-3.347141,-0.305236,1.080433,-3.337618,-0.293808,1.058000,-3.320271,-0.304243,1.061492,-3.321119,-0.306941,0.031501,0.011429,0.027922,0.000994,0.028285,0.001705
40.047000,SAMPLE,1,1.069040,-3.353009,-0.305782,1.099507,-3.343384,-0.294166,1.076312,-3.325690,-0.305429,1.080372,-3.327062,-0.307708,0.031951,0.011616,0.028270,0.000353,0.028313,0.001926
40.148000,SAMPLE,1,1.087065,-3.358696,-0.306511,1.117540,-3.348845,-0.294958,1.094799,-3.332114,-0.306283,1.098652,-3.332912,-0.307809,0.032027,0.011553,0.027684,0.000229,0.028267,0.001297
40.234000,SAMPLE,1,1.102255,-3.363503,-0.306796,1.131238,-3.353007,-0.295084,1.094799,-3.332114,-0.306283,1.112295,-3.337250,-0.307809,0.030825,0.011711,0.032263,0.000513,0.028108,0.001013
40.324000,SAMPLE,1,1.119382,-3.368963,-0.309778,1.149438,-3.358571,-0.298242,1.113625,-3.338388,-0.306074,1.130711,-3.343192,-0.310635,0.031801,0.011536,0.031112,0.003704,0.028152,0.000857
40.421000,SAMPLE,1,1.138206,-3.375040,-0.316136,1.168379,-3.364447,-0.304761,1.150657,-3.349340,-0.314395,1.150144,-3.349401,-0.316428,0.031978,0.011376,0.028557,0.001741,0.028282,0.000292
40.518000,SAMPLE,1,1.156308,-3.381054,-0.324834,1.182821,-3.369050,-0.312339,1.150657,-3.349340,-0.314395,1.164536,-3.354158,-0.324007,0.029103,0.012495,0.032214,0.010439,0.028126,0.000827
40.615000,SAMPLE,1,1.172469,-3.386526,-0.327939,1.201809,-3.375228,-0.316292,1.168627,-3.355559,-0.323921,1.183523,-3.360564,-0.328573,0.031441,0.011647,0.031205,0.004019,0.028217,0.000634
40.701000,SAMPLE,1,1.189477,-3.392339,-0.330845,1.220288,-3.381308,-0.319450,1.187758,-3.361567,-0.327720,1.201907,-3.366784,-0.331445,0.032726,0.011395,0.030821,0.003125,0.028418,0.000601
40.792000,SAMPLE,1,1.205832,-3.397983,-0.333813,1.234213,-3.385933,-0.321976,1.206043,-3.368346,-0.330779,1.215789,-3.371575,-0.333724,0.030833,0.011837,0.029638,0.003033,0.028223,0.000089
40.883000,SAMPLE,1,1.222899,-3.403954,-0.340640,1.252410,-3.392058,-0.328984,1.223879,-3.374475,-0.333921,1.234112,-3.377960,-0.340196,0.031819,0.011656,0.029495,0.006719,0.028309,0.000444
40.980000,SAMPLE,1,1.238878,-3.409706,-0.349814,1.267527,-3.397299,-0.337816,1.242098,-3.381294,-0.342810,1.249668,-3.383583,-0.348511,0.031220,0.011998,0.028595,0.007004,0.028264,0.001303
41.080000,SAMPLE,1,1.258328,-3.416893,-0.356572,1.286369,-3.404007,-0.344939,1.261148,-3.387755,-0.352966,1.268902,-3.390656,-0.356108,0.030859,0.011632,0.029274,0.003606,0.028287,0.000463
41.176000,SAMPLE,1,1.276584,-3.423678,-0.354556,1.305174,-3.410754,-0.343221,1.279887,-3.395257,-0.356192,1.288018,-3.397824,-0.354586,0.031376,0.011335,0.028612,0.001636,0.028270,0.000030
41.273000,SAMPLE,1,1.294205,-3.430170,-0.351398,1.322987,-3.417088,-0.340063,1.298122,-3.401727,-0.353164,1.306070,-3.404499,-0.351399,0.031615,0.011335,0.028712,0.001766,0.028280,0.000001
41.367000,SAMPLE,1,1.311337,-3.436408,-0.346256,1.340943,-3.423393,-0.334705,1.315533,-3.407849,-0.350208,1.323940,-3.411020,-0.346572,0.032341,0.011551,0.028866,0.003952,0.028344,0.000316
41.467000,SAMPLE,1,1.330738,-3.443387,-0.345562,1.359740,-3.429910,-0.333758,1.333908,-3.413509,-0.345142,1.342401,-3.417533,-0.345273,0.031981,0.011804,0.030046,0.000419,0.028363,0.000288
41.557000,SAMPLE,1,1.344326,-3.448297,-0.347961,1.374056,-3.434894,-0.336284,1.351704,-3.419887,-0.346906,1.356494,-3.422494,-0.347746,0.032612,0.011677,0.029352,0.001055,0.028528,0.000216
41.640000,SAMPLE,1,1.359557,-3.453842,-0.349263,1.388041,-3.439799,-0.337800,1.369279,-3.426929,-0.349859,1.370344,-3.427529,-0.349640,0.031758,0.011463,0.028616,0.000595,0.028438,0.000377
41.739000,SAMPLE,1,1.378496,-3.460706,-0.346524,1.406881,-3.446385,-0.334705,1.388762,-3.433314,-0.347811,1.389011,-3.434297,-0.347155,0.031794,0.011818,0.029253,0.001287,0.028425,0.000631
41.838000,SAMPLE,1,1.397769,-3.467706,-0.351742,1.425762,-3.452982,-0.338947,1.407603,-3.440574,-0.349981,1.407781,-3.441003,-0.351119,0.031629,0.012794,0.028859,0.001760,0.028519,0.000623
41.938000,SAMPLE,1,1.416560,-3.474703,-0.360763,1.444107,-3.459546,-0.348395,1.425628,-3.447495,-0.359090,1.426321,-3.447813,-0.360487,0.031441,0.012369,0.028679,0.001674,0.028606,0.000276
42.038000,SAMPLE,1,1.432675,-3.480805,-0.362329,1.462884,-3.466402,-0.350637,1.444113,-3.454638,-0.363299,1.445025,-3.454898,-0.363171,0.033467,0.011692,0.028558,0.000969,0.028700,0.000842
42.134000,SAMPLE,1,1.450913,-3.487751,-0.365487,1.481143,-3.473113,-0.353795,1.444113,-3.454638,-0.363299,1.463011,-3.461772,-0.366354,0.033587,0.011692,0.033804,0.002188,0.028658,0.000867
42.216000,SAMPLE,1,1.466452,-3.493722,-0.368329,1.495020,-3.478257,-0.356321,1.462954,-3.460027,-0.366388,1.476759,-3.466855,-0.368881,0.032485,0.012008,0.033876,0.001941,0.028776,0.000552
42.311000,SAMPLE,1,1.483042,-3.500173,-0.374258,1.512898,-3.484963,-0.362434,1.481064,-3.466968,-0.369490,1.494730,-3.473656,-0.375029,0.033508,0.011824,0.033264,0.004768,0.028979,0.000771
42.410000,SAMPLE,1,1.502243,-3.507822,-0.384016,1.531496,-3.492115,-0.371908,1.498521,-3.474911,-0.374737,1.512750,-3.480743,-0.383701,0.033203,0.012108,0.033120,0.009279,0.029045,0.000314
42.503000,SAMPLE,1,1.516599,-3.513686,-0.391657,1.549263,-3.499142,-0.380632,1.517212,-3.482073,-0.383941,1.530608,-3.487953,-0.392862,0.035756,0.011026,0.031618,0.007717,0.029299,0.001205
42.595000,SAMPLE,1,1.534213,-3.521001,-0.395302,1.564108,-3.505110,-0.383618,1.533317,-3.490621,-0.392489,1.545270,-3.494218,-0.395681,0.033856,0.011684,0.030393,0.002813,0.028975,0.000379
42.687000,SAMPLE,1,1.551033,-3.528048,-0.398091,1.581970,-3.512351,-0.386429,1.551988,-3.497522,-0.395825,1.562865,-3.501637,-0.398629,0.034691,0.011662,0.030541,0.002266,0.028939,0.000538
42.780000,SAMPLE,1,1.567854,-3.535123,-0.398351,1.595230,-3.517746,-0.386429,1.570190,-3.505317,-0.398314,1.576146,-3.507298,-0.398571,0.032425,0.011922,0.029898,0.000037,0.029035,0.000220
42.870000,SAMPLE,1,1.584856,-3.542308,-0.401256,1.613608,-3.525254,-0.389366,1.586476,-3.511929,-0.398903,1.594044,-3.514865,-0.400793,0.033429,0.011890,0.030422,0.002353,0.028939,0.000463
42.970000,SAMPLE,1,1.600717,-3.549062,-0.404054,1.632021,-3.532843,-0.392924,1.604678,-3.519590,-0.401872,1.612249,-3.522621,-0.403799,0.035256,0.011130,0.029737,0.002182,0.028846,0.000255
43.058000,SAMPLE,1,1.617285,-3.556224,-0.412011,1.646004,-3.538695,-0.400016,1.622275,-3.527520,-0.407486,1.626129,-3.528647,-0.410576,0.033646,0.011995,0.029135,0.004525,0.028961,0.001435
43.147000,SAMPLE,1,1.634378,-3.563733,-0.415500,1.664409,-3.546522,-0.403832,1.640607,-3.535831,-0.413876,1.644852,-3.536948,-0.415456,0.034613,0.011669,0.028589,0.001625,0.028759,0.000044
43.244000,SAMPLE,1,1.652589,-3.571821,-0.421835,1.682780,-3.554427,-0.410197,1.640607,-3.535831,-0.413876,1.663135,-3.545054,-0.421877,0.034843,0.011637,0.037933,0.007959,0.028770,0.000043
43.329000,SAMPLE,1,1.666357,-3.578058,-0.429129,1.697005,-3.560676,-0.417776,1.661702,-3.544557,-0.418561,1.677098,-3.551336,-0.428804,0.035234,0.011353,0.033823,0.010568,0.028800,0.000325
43.429000,SAMPLE,1,1.683877,-3.586174,-0.438264,1.714843,-3.568696,-0.426850,1.697742,-3.560471,-0.437341,1.694600,-3.559292,-0.436843,0.035557,0.011414,0.029205,0.000922,0.028942,0.001421
43.523000,SAMPLE,1,1.701317,-3.594389,-0.442161,1.733031,-3.577014,-0.431258,1.697742,-3.560471,-0.437341,1.713077,-3.567925,-0.440356,0.036162,0.010903,0.034106,0.004819,0.028959,0.001805
43.619000,SAMPLE,1,1.719917,-3.603307,-0.453516,1.747540,-3.583758,-0.439984,1.715462,-3.568904,-0.441752,1.727806,-3.574916,-0.449144,0.033841,0.013532,0.034690,0.011764,0.029466,0.004372
43.713000,SAMPLE,1,1.737518,-3.612032,-0.465787,1.765574,-3.592406,-0.453203,1.732478,-3.577716,-0.451209,1.745488,-3.583576,-0.461686,0.034239,0.012585,0.034685,0.014578,0.029551,0.004102
43.807000,SAMPLE,1,1.752318,-3.619556,-0.475906,1.783506,-3.601262,-0.465026,1.750930,-3.586040,-0.464891,1.763151,-3.592424,-0.474046,0.036158,0.010879,0.033545,0.011014,0.029215,0.001860
43.902000,SAMPLE,1,1.769316,-3.628399,-0.482707,1.800739,-3.609987,-0.472000,1.768775,-3.595121,-0.476603,1.780501,-3.601381,-0.481642,0.036419,0.010707,0.033283,0.006104,0.029241,0.001065
44.001000,SAMPLE,1,1.786867,-3.637687,-0.489401,1.818190,-3.618978,-0.478013,1.787254,-3.604125,-0.483722,1.794780,-3.608801,-0.487254,0.036486,0.011387,0.033564,0.005678,0.029950,0.002147
44.098000,SAMPLE,1,1.804744,-3.647245,-0.493040,1.832388,-3.626356,-0.480539,1.804607,-3.613425,-0.489827,1.813156,-3.618527,-0.490979,0.034648,0.012501,0.033821,0.003213,0.029924,0.002061
44.194000,SAMPLE,1,1.822125,-3.656678,-0.501811,1.850085,-3.635674,-0.489192,1.820845,-3.623041,-0.493444,1.830841,-3.628096,-0.499776,0.034970,0.012619,0.033661,0.008367,0.029881,0.002035
44.291000,SAMPLE,1,1.839024,-3.666051,-0.511190,1.867194,-3.644885,-0.498666,1.838193,-3.632866,-0.502473,1.848247,-3.637782,-0.509400,0.035236,0.012524,0.033195,0.008717,0.029735,0.001790
44.388000,SAMPLE,1,1.853471,-3.674230,-0.519148,1.884252,-3.654280,-0.508139,1.854587,-3.642541,-0.512024,1.865131,-3.647426,-0.518654,0.036681,0.011009,0.031709,0.007124,0.029231,0.000494
44.480000,SAMPLE,1,1.869872,-3.683702,-0.528243,1.897879,-3.661938,-0.515718,1.873704,-3.651895,-0.521564,1.878962,-3.655309,-0.526064,0.035469,0.012524,0.032037,0.006679,0.029813,0.002179
44.572000,SAMPLE,1,1.886079,-3.693256,-0.537337,1.914784,-3.671626,-0.525192,1.890222,-3.661710,-0.531584,1.895820,-3.665159,-0.535506,0.035942,0.012145,0.031816,0.005754,0.029738,0.001832
44.669000,SAMPLE,1,1.903164,-3.703523,-0.543541,1.931667,-3.681498,-0.531674,1.907696,-3.671659,-0.540879,1.913241,-3.675526,-0.542270,0.036021,0.011867,0.032185,0.002662,0.029755,0.001271
44.761000,SAMPLE,1,1.917063,-3.711945,-0.546099,1.948773,-3.691595,-0.534421,1.924687,-3.681919,-0.544807,1.930315,-3.685790,-0.544918,0.037678,0.011678,0.030979,0.001292,0.029321,0.001180
44.857000,SAMPLE,1,1.932307,-3.721218,-0.547623,1.961814,-3.699321,-0.535905,1.940880,-3.691836,-0.546776,1.943744,-3.693912,-0.547040,0.036744,0.011718,0.030607,0.000847,0.029604,0.000583
44.945000,SAMPLE,1,1.947406,-3.730446,-0.548374,1.978548,-3.709281,-0.536418,1.957509,-3.701746,-0.549163,1.960508,-3.704086,-0.548048,0.037654,0.011955,0.030426,0.000789,0.029436,0.000326
45.037000,SAMPLE,1,1.963625,-3.740335,-0.548174,1.992306,-3.717448,-0.536042,1.957509,-3.701746,-0.549163,1.974166,-3.712420,-0.548521,0.036694,0.012131,0.039071,0.000989,0.029839,0.000348
45.132000,SAMPLE,1,1.980454,-3.750697,-0.556326,2.009463,-3.727726,-0.544150,1.972580,-3.712607,-0.546715,1.990616,-3.722626,-0.554990,0.037002,0.012176,0.038895,0.009612,0.029854,0.001336
45.224000,SAMPLE,1,1.996820,-3.760958,-0.562174,2.026533,-3.738148,-0.550471,2.007639,-3.733350,-0.561726,2.007110,-3.733010,-0.560015,0.037459,0.011703,0.029652,0.000448,0.029782,0.002159
45.315000,SAMPLE,1,2.009830,-3.769147,-0.560816,2.040173,-3.746512,-0.549113,2.007639,-3.733350,-0.561726,2.020718,-3.741566,-0.559072,0.037855,0.011703,0.035863,0.000910,0.029652,0.001744
45.407000,SAMPLE,1,2.027403,-3.780167,-0.557937,2.057240,-3.756939,-0.546424,2.025438,-3.743733,-0.560859,2.037825,-3.752189,-0.556405,0.037813,0.011513,0.036487,0.002922,0.029856,0.001531
45.504000,SAMPLE,1,2.043422,-3.790066,-0.549487,2.074376,-3.767251,-0.537650,2.042235,-3.754331,-0.558195,2.055346,-3.762956,-0.547257,0.038453,0.011837,0.035755,0.008708,0.029617,0.002230
45.597000,SAMPLE,1,2.059351,-3.799757,-0.542251,2.087739,-3.775177,-0.531871,2.059318,-3.765102,-0.549539,2.068636,-3.771039,-0.542283,0.037551,0.010380,0.034655,0.007288,0.030181,0.000032
45.689000,SAMPLE,1,2.071949,-3.807298,-0.537412,2.104106,-3.784723,-0.525705,2.075767,-3.775511,-0.541764,2.084951,-3.780868,-0.537328,0.039291,0.011707,0.032016,0.004352,0.029455,0.000084
45.778000,SAMPLE,1,2.087458,-3.816526,-0.534656,2.117641,-3.792563,-0.523405,2.091973,-3.785538,-0.537497,2.098490,-3.788994,-0.534552,0.038539,0.011251,0.031316,0.002841,0.029659,0.000104
45.863000,SAMPLE,1,2.101937,-3.825019,-0.526620,2.134225,-3.802029,-0.514632,2.108752,-3.795627,-0.531400,2.115053,-3.798819,-0.525561,0.039636,0.011988,0.030171,0.004780,0.029300,0.001059
45.959000,SAMPLE,1,2.118353,-3.834531,-0.524738,2.147758,-3.809660,-0.513021,2.126655,-3.804682,-0.524778,2.129012,-3.806807,-0.523954,0.038513,0.011717,0.030982,0.000040,0.029702,0.000784
46.046000,SAMPLE,1,2.133415,-3.843260,-0.525855,2.164363,-3.819024,-0.514176,2.126655,-3.804682,-0.524778,2.145599,-3.816394,-0.525217,0.039310,0.011678,0.039166,0.001077,0.029500,0.000638
46.137000,SAMPLE,1,2.149304,-3.852460,-0.523884,2.178302,-3.826880,-0.512150,2.158661,-3.824208,-0.524393,2.158946,-3.824085,-0.523167,0.038667,0.011734,0.029761,0.000509,0.029968,0.000717
46.237000,SAMPLE,1,2.164008,-3.860955,-0.523863,2.195717,-3.836671,-0.512118,2.176583,-3.834435,-0.523681,2.176635,-3.834356,-0.522533,0.039940,0.011745,0.029350,0.000182,0.029444,0.001331
46.332000,SAMPLE,1,2.179384,-3.869805,-0.520778,2.211422,-3.845467,-0.508961,2.191321,-3.843531,-0.521294,2.192336,-3.843372,-0.519363,0.040234,0.011817,0.028859,0.000516,0.029436,0.001415
46.425000,SAMPLE,1,2.196000,-3.879303,-0.517746,2.228902,-3.855184,-0.505803,2.191321,-3.843531,-0.521294,2.209577,-3.853319,-0.516577,0.040795,0.011944,0.036077,0.003547,0.029317,0.001169
46.508000,SAMPLE,1,2.210561,-3.887571,-0.514597,2.242568,-3.862730,-0.502876,2.207698,-3.852929,-0.517922,2.222952,-3.861001,-0.513309,0.040515,0.011721,0.034759,0.003325,0.029317,0.001288
46.600000,SAMPLE,1,2.226989,-3.896772,-0.506097,2.256613,-3.870394,-0.495811,2.224570,-3.863058,-0.514236,2.236673,-3.868860,-0.506484,0.039665,0.010287,0.033801,0.008139,0.029544,0.000387
46.698000,SAMPLE,1,2.243770,-3.905971,-0.496624,2.273803,-3.879588,-0.486337,2.242217,-3.872068,-0.505444,2.253914,-3.878370,-0.497168,0.039976,0.010287,0.033939,0.008820,0.029406,0.000545
46.792000,SAMPLE,1,2.258075,-3.913636,-0.486072,2.291068,-3.888596,-0.474263,2.259892,-3.881331,-0.495996,2.271063,-3.887589,-0.486196,0.041419,0.011809,0.032356,0.009924,0.029105,0.000124
46.891000,SAMPLE,1,2.274965,-3.922348,-0.465158,2.308433,-3.897292,-0.453342,2.277767,-3.890261,-0.482424,2.288187,-3.896424,-0.466435,0.041808,0.011816,0.032209,0.017266,0.029101,0.001277
46.980000,SAMPLE,1,2.290413,-3.929902,-0.443937,2.325004,-3.905143,-0.431237,2.295147,-3.898946,-0.460785,2.301817,-3.903048,-0.448520,0.042539,0.012700,0.031316,0.016848,0.029175,0.004584
47.080000,SAMPLE,1,2.307445,-3.937770,-0.421848,2.338965,-3.911414,-0.413553,2.311827,-3.906940,-0.438746,2.319462,-3.911227,-0.426238,0.041087,0.008295,0.031140,0.016899,0.029136,0.004390
47.178000,SAMPLE,1,2.324772,-3.945321,-0.398792,2.356901,-3.919053,-0.391447,2.329120,-3.915027,-0.416363,2.336600,-3.918865,-0.405687,0.041500,0.007344,0.030604,0.017571,0.028980,0.006895
47.272000,SAMPLE,1,2.338132,-3.950775,-0.375703,2.373611,-3.925684,-0.363908,2.346049,-3.922449,-0.392219,2.353169,-3.925754,-0.379395,0.043455,0.011795,0.029412,0.016516,0.029192,0.003692
47.371000,SAMPLE,1,2.356336,-3.957717,-0.353007,2.392322,-3.932566,-0.341211,2.360133,-3.929123,-0.366049,2.370708,-3.932698,-0.357370,0.043905,0.011796,0.028846,0.013042,0.028854,0.004363
47.471000,SAMPLE,1,2.374119,-3.964045,-0.330460,2.410246,-3.938708,-0.319105,2.377031,-3.935469,-0.344549,2.387999,-3.939036,-0.335350,0.044126,0.011354,0.028723,0.014090,0.028602,0.004890
47.567000,SAMPLE,1,2.391124,-3.969676,-0.308591,2.427920,-3.944332,-0.297000,2.395676,-3.941263,-0.322261,2.405823,-3.944971,-0.312468,0.044679,0.011591,0.028776,0.013670,0.028748,0.003877
47.654000,SAMPLE,1,2.408133,-3.974912,-0.288475,2.443260,-3.948879,-0.279316,2.412980,-3.947454,-0.300266,2.421040,-3.949759,-0.294163,0.043722,0.009159,0.027883,0.011791,0.028272,0.005688
47.741000,SAMPLE,1,2.424058,-3.979474,-0.269632,2.461731,-3.953962,-0.258011,2.432294,-3.953021,-0.278200,2.439355,-3.955093,-0.272554,0.045499,0.011621,0.027706,0.008568,0.028783,0.002922
47.826000,SAMPLE,1,2.437430,-3.983083,-0.257507,2.476535,-3.957761,-0.244932,2.450580,-3.957249,-0.260046,2.454218,-3.959164,-0.259396,0.046588,0.012576,0.028988,0.002539,0.029222,0.001889
47.918000,SAMPLE,1,2.455548,-3.987711,-0.242507,2.492082,-3.961543,-0.232300,2.450580,-3.957249,-0.260046,2.469263,-3.962973,-0.246888,0.044939,0.010207,0.030864,0.017538,0.028285,0.004381
48.016000,SAMPLE,1,2.473250,-3.991951,-0.227349,2.511026,-3.965869,-0.216511,2.469398,-3.962446,-0.244558,2.487581,-3.967410,-0.231256,0.045905,0.010839,0.029755,0.017209,0.028419,0.003907
48.106000,SAMPLE,1,2.490727,-3.995871,-0.215241,2.529663,-3.969826,-0.203616,2.488336,-3.967435,-0.228765,2.505926,-3.971605,-0.218594,0.046844,0.011626,0.028537,0.013524,0.028633,0.003353
48.197000,SAMPLE,1,2.508190,-3.999611,-0.207131,2.544921,-3.972917,-0.196037,2.508057,-3.970960,-0.215836,2.520914,-3.974745,-0.210852,0.045407,0.011095,0.028651,0.008705,0.027932,0.003721
48.293000,SAMPLE,1,2.523505,-4.002803,-0.204063,2.563461,-3.976559,-0.192247,2.526715,-3.974728,-0.207364,2.539159,-3.978443,-0.205768,0.047804,0.011816,0.028258,0.003300,0.028956,0.001705
48.393000,SAMPLE,1,2.541385,-4.006477,-0.200856,2.581135,-3.979970,-0.189089,2.543898,-3.978969,-0.204075,2.557034,-3.982083,-0.202413,0.047777,0.011767,0.027622,0.003218,0.028982,0.001556
48.490000,SAMPLE,1,2.560360,-4.010309,-0.197699,2.600205,-3.983589,-0.185932,2.561844,-3.982314,-0.201008,2.575651,-3.985787,-0.199226,0.047975,0.011767,0.028035,0.003310,0.028899,0.001527
48.588000,SAMPLE,1,2.579019,-4.014016,-0.193961,2.618418,-3.986985,-0.182324,2.578404,-3.985785,-0.197531,2.592982,-3.989197,-0.196106,0.047780,0.011638,0.028238,0.003570,0.028477,0.002145
48.683000,SAMPLE,1,2.597777,-4.017621,-0.185285,2.637967,-3.990503,-0.173389,2.597218,-3.989507,-0.193011,2.612445,-3.992917,-0.187153,0.048483,0.011896,0.028119,0.007725,0.028730,0.001868
48.783000,SAMPLE,1,2.616793,-4.021089,-0.175432,2.656500,-3.993659,-0.163916,2.613667,-3.993787,-0.183658,2.630124,-3.996275,-0.177738,0.048260,0.011517,0.027481,0.008225,0.028169,0.002305
48.879000,SAMPLE,1,2.630926,-4.023539,-0.167859,2.670633,-3.995941,-0.156337,2.632101,-3.996563,-0.174148,2.643617,-3.998653,-0.170197,0.048356,0.011522,0.027002,0.006289,0.027936,0.002338
48.970000,SAMPLE,1,2.648741,-4.026507,-0.161179,2.689337,-3.998831,-0.149313,2.649949,-3.999702,-0.167144,2.661419,-4.001687,-0.164023,0.049132,0.011865,0.026833,0.005965,0.027871,0.002844
49.056000,SAMPLE,1,2.665717,-4.029206,-0.155213,2.704771,-4.001101,-0.143647,2.649949,-3.999702,-0.167144,2.676796,-4.004188,-0.157444,0.048115,0.011566,0.033454,0.011930,0.027361,0.002231
49.155000,SAMPLE,1,2.685348,-4.032227,-0.149614,2.724061,-4.003847,-0.138089,2.689483,-4.005573,-0.152330,2.694780,-4.006863,-0.152951,0.048001,0.011525,0.026973,0.002715,0.027061,0.003336
49.249000,SAMPLE,1,2.704475,-4.035081,-0.146551,2.743875,-4.006568,-0.134932,2.710804,-4.008610,-0.147576,2.714550,-4.009886,-0.149793,0.048634,0.011620,0.027216,0.001025,0.027135,0.003242
49.340000,SAMPLE,1,2.719347,-4.037258,-0.144201,2.762883,-4.009120,-0.132342,2.710804,-4.008610,-0.147576,2.729512,-4.012014,-0.146839,0.051838,0.011859,0.029894,0.003375,0.027214,0.002638
49.438000,SAMPLE,1,2.738311,-4.040004,-0.142538,2.778055,-4.011133,-0.130858,2.744963,-4.014688,-0.145447,2.747190,-4.014629,-0.144341,0.049124,0.011680,0.026175,0.002909,0.026884,0.001803
49.532000,SAMPLE,1,2.757552,-4.042735,-0.139443,2.797836,-4.013704,-0.127700,2.764994,-4.017475,-0.142390,2.766874,-4.017553,-0.141454,0.049655,0.011743,0.026333,0.002947,0.026853,0.002010
49.625000,SAMPLE,1,2.775197,-4.045185,-0.136443,2.816508,-4.016072,-0.124542,2.764994,-4.017475,-0.142390,2.785427,-4.020171,-0.138296,0.050538,0.011901,0.029529,0.005947,0.027025,0.001852
49.725000,SAMPLE,1,2.794456,-4.047818,-0.136126,2.835446,-4.018431,-0.124295,2.804022,-4.022078,-0.136701,2.804794,-4.022667,-0.138240,0.050436,0.011831,0.027460,0.000576,0.027193,0.002114
49.820000,SAMPLE,1,2.809849,-4.049926,-0.136157,2.854247,-4.020781,-0.124832,2.804022,-4.022078,-0.136701,2.823561,-4.025278,-0.138240,0.053109,0.011326,0.028451,0.000544,0.028205,0.002082
49.920000,SAMPLE,1,2.829203,-4.052609,-0.139410,2.869284,-4.022687,-0.127358,2.824182,-4.024890,-0.136799,2.838649,-4.027316,-0.140489,0.050018,0.012052,0.028170,0.002611,0.026999,0.001079
50.020000,SAMPLE,1,2.848903,-4.055410,-0.142707,2.888064,-4.025123,-0.130516,2.845607,-4.027373,-0.137758,2.857522,-4.029846,-0.142859,0.049506,0.012192,0.028230,0.004949,0.026978,0.000152
50.111000,SAMPLE,1,2.867392,-4.058094,-0.145739,2.907389,-4.027690,-0.133674,2.861437,-4.030183,-0.143013,2.876727,-4.032600,-0.145926,0.050241,0.012065,0.028539,0.002725,0.027150,0.000187
50.204000,SAMPLE,1,2.881979,-4.060253,-0.148265,2.925569,-4.030164,-0.136832,2.883570,-4.032780,-0.144188,2.895216,-4.035212,-0.148634,0.052967,0.011433,0.027519,0.004077,0.028325,0.000369
50.303000,SAMPLE,1,2.901482,-4.063192,-0.149883,2.944472,-4.032785,-0.138000,2.901824,-4.036084,-0.150012,2.913515,-4.037956,-0.149415,0.052656,0.011883,0.027110,0.000129,0.027958,0.000468
50.401000,SAMPLE,1,2.920159,-4.066004,-0.148318,2.962584,-4.035290,-0.136421,2.920558,-4.038846,-0.150063,2.927977,-4.040118,-0.148275,0.052375,0.011897,0.027160,0.001745,0.027041,0.000043
50.497000,SAMPLE,1,2.937349,-4.068574,-0.148595,2.976767,-4.037237,-0.136421,2.938594,-4.041548,-0.149177,2.946089,-4.042814,-0.147926,0.050356,0.012174,0.027055,0.000582,0.027202,0.000669
50.582000,SAMPLE,1,2.954661,-4.071189,-0.151374,2.996410,-4.039965,-0.139579,2.952590,-4.043777,-0.149627,2.964519,-4.045573,-0.150920,0.052134,0.011795,0.027490,0.001747,0.027448,0.000453
50.680000,SAMPLE,1,2.973649,-4.074116,-0.154595,3.014991,-4.042605,-0.142737,2.974114,-4.046266,-0.151030,2.982846,-4.048271,-0.153738,0.051983,0.011858,0.027854,0.003565,0.027433,0.000857
50.771000,SAMPLE,1,2.987349,-4.076269,-0.157001,3.029284,-4.044677,-0.145074,2.993128,-4.049952,-0.154566,2.997615,-4.050579,-0.156184,0.052504,0.011927,0.026944,0.002435,0.027666,0.000816
50.861000,SAMPLE,1,3.005845,-4.079197,-0.157001,3.048907,-4.047544,-0.145074,3.011522,-4.053198,-0.156486,3.017404,-4.053749,-0.156242,0.053445,0.011927,0.026612,0.000515,0.027950,0.000759
50.948000,SAMPLE,1,3.022751,-4.081873,-0.157001,3.063802,-4.049720,-0.145074,3.031013,-4.056193,-0.156473,3.032448,-4.056157,-0.156286,0.052144,0.011927,0.026977,0.000528,0.027484,0.000715
51.042000,SAMPLE,1,3.041318,-4.084825,-0.158823,3.082736,-4.052498,-0.146937,3.047916,-4.058693,-0.156620,3.051431,-4.059159,-0.157494,0.052540,0.011886,0.026951,0.002204,0.027586,0.001330
51.137000,SAMPLE,1,3.057163,-4.087383,-0.161349,3.098561,-4.054860,-0.149463,3.047916,-4.058693,-0.156620,3.067230,-4.061683,-0.160020,0.052645,0.011886,0.030143,0.004730,0.027601,0.001330
51.232000,SAMPLE,1,3.075227,-4.090351,-0.164476,3.116772,-4.057632,-0.152621,3.086953,-4.064988,-0.164466,3.085586,-4.064641,-0.163607,0.052882,0.011855,0.027942,0.000009,0.027719,0.000869
51.321000,SAMPLE,1,3.091201,-4.093026,-0.167412,3.133872,-4.060289,-0.155779,3.086953,-4.064988,-0.164466,3.102615,-4.067474,-0.166765,0.053782,0.011634,0.028357,0.002946,0.027986,0.000648
51.413000,SAMPLE,1,3.106629,-4.095656,-0.170444,3.146691,-4.062319,-0.158305,3.103548,-4.067956,-0.167603,3.115448,-4.069695,-0.169451,0.052118,0.012139,0.027871,0.002841,0.027419,0.000993
51.499000,SAMPLE,1,3.118657,-4.097741,-0.172876,3.159162,-4.064326,-0.160832,3.120152,-4.070267,-0.170631,3.128440,-4.071916,-0.172194,0.052510,0.012044,0.027515,0.002244,0.027616,0.000682
51.597000,SAMPLE,1,3.133084,-4.100282,-0.175844,3.174204,-4.066790,-0.163958,3.137868,-4.073430,-0.174362,3.143730,-4.074589,-0.174893,0.053034,0.011886,0.027275,0.001482,0.027812,0.000951
51.686000,SAMPLE,1,3.145777,-4.102542,-0.177297,3.187704,-4.069029,-0.165568,3.151692,-4.075385,-0.176493,3.157508,-4.076972,-0.177092,0.053675,0.011728,0.027794,0.000803,0.028133,0.000205
51.786000,SAMPLE,1,3.158839,-4.104903,-0.180486,3.200554,-4.071197,-0.168726,3.163837,-4.078120,-0.178155,3.170429,-4.079300,-0.180212,0.053630,0.011760,0.027246,0.002331,0.028104,0.000274
51.870000,SAMPLE,1,3.169817,-4.106922,-0.183297,3.210430,-4.072892,-0.171253,3.176213,-4.080527,-0.181273,3.180301,-4.081127,-0.182700,0.052986,0.012044,0.027159,0.002023,0.027844,0.000596
51.963000,SAMPLE,1,3.179430,-4.108717,-0.185949,3.221837,-4.074883,-0.174411,3.187201,-4.082634,-0.185219,3.191692,-4.083279,-0.185977,0.054250,0.011539,0.027216,0.000730,0.028239,0.000028
52.054000,SAMPLE,1,3.189201,-4.110565,-0.187370,3.230450,-4.076408,-0.175516,3.198679,-4.085031,-0.188107,3.200497,-4.085002,-0.186886,0.053556,0.011855,0.027237,0.000737,0.027948,0.000484
52.144000,SAMPLE,1,3.198978,-4.112434,-0.190339,3.240812,-4.078262,-0.178674,3.210063,-4.086579,-0.189938,3.210992,-4.086975,-0.190144,0.054016,0.011665,0.028131,0.000400,0.028151,0.000195
52.244000,SAMPLE,1,3.209675,-4.114513,-0.193623,3.251023,-4.080123,-0.181832,3.220695,-4.088716,-0.193245,3.221526,-4.089008,-0.193525,0.053780,0.011791,0.028052,0.000378,0.028124,0.000098
52.337000,SAMPLE,1,3.218844,-4.116325,-0.196718,3.258475,-4.081503,-0.184358,3.232950,-4.090874,-0.195566,3.228962,-4.090473,-0.196051,0.052756,0.012360,0.029099,0.001151,0.027762,0.000666
52.431000,SAMPLE,1,3.226193,-4.117799,-0.199370,3.267268,-4.083157,-0.187516,3.242243,-4.092529,-0.198680,3.238787,-4.092323,-0.199151,0.053734,0.011855,0.029937,0.000690,0.028420,0.000219
52.528000,SAMPLE,1,3.234423,-4.119476,-0.202497,3.275539,-4.084739,-0.190674,3.242243,-4.092529,-0.198680,3.247040,-4.093999,-0.202309,0.053825,0.011823,0.028059,0.003816,0.028430,0.000188
52.621000,SAMPLE,1,3.241784,-4.120993,-0.202342,3.283187,-4.086220,-0.190032,3.250630,-4.094724,-0.202485,3.255099,-4.095660,-0.203501,0.054067,0.012311,0.027718,0.000143,0.028619,0.001159
52.712000,SAMPLE,1,3.247844,-4.122214,-0.194447,3.288482,-4.087223,-0.183295,3.258964,-4.095884,-0.203901,3.260759,-4.096750,-0.197050,0.053627,0.011152,0.028582,0.009454,0.028552,0.002603
52.807000,SAMPLE,1,3.253679,-4.123336,-0.185258,3.294698,-4.088344,-0.173821,3.265465,-4.097042,-0.195925,3.267370,-4.097973,-0.187723,0.053916,0.011437,0.028814,0.010668,0.028822,0.002465
52.896000,SAMPLE,1,3.258259,-4.124177,-0.178058,3.299677,-4.089199,-0.166242,3.271180,-4.098150,-0.186763,3.272642,-4.098899,-0.180321,0.054212,0.011816,0.029058,0.008706,0.029084,0.002263
52.997000,SAMPLE,1,3.264372,-4.125243,-0.168408,3.305911,-4.090215,-0.156768,3.278050,-4.099478,-0.176346,3.279208,-4.100023,-0.170812,0.054336,0.011639,0.029170,0.007938,0.029260,0.002404
53.092000,SAMPLE,1,3.267422,-4.125745,-0.159081,3.309227,-4.090724,-0.147295,3.284024,-4.100597,-0.166279,3.282729,-4.100586,-0.161150,0.054536,0.011786,0.030134,0.007198,0.029450,0.002069
53.185000,SAMPLE,1,3.267528,-4.125762,-0.149986,3.309520,-4.090767,-0.137821,3.286087,-4.100975,-0.156964,3.283366,-4.100665,-0.151254,0.054663,0.012165,0.030965,0.006977,0.029677,0.001268
53.243000,P1,1,3.267404,-4.125744,-0.143734,3.309520,-4.090767,-0.132137,3.286288,-4.101053,-0.147622,3.283709,-4.100707,-0.145246,0.054746,0.011597,0.031084,0.003888,0.029878,0.001513
53.264000,SAMPLE,2,3.267376,-4.125740,-0.142328,3.309520,-4.090767,-0.130492,3.286288,-4.101053,-0.147622,3.283709,-4.100707,-0.144352,0.054765,0.011836,0.031098,0.005294,0.029890,0.002023
53.362000,SAMPLE,2,3.269077,-4.125976,-0.134256,3.311480,-4.091014,-0.122068,3.285622,-4.100696,-0.140051,3.286089,-4.101005,-0.135408,0.054958,0.012188,0.030213,0.005795,0.030215,0.001151
53.457000,SAMPLE,2,3.274171,-4.126627,-0.119680,3.316620,-4.091607,-0.108139,3.289613,-4.101193,-0.127618,3.291535,-4.101681,-0.121452,0.055030,0.011541,0.029755,0.007938,0.030394,0.001772
53.556000,SAMPLE,2,3.284802,-4.127763,-0.092907,3.327795,-4.092667,-0.081216,3.298183,-4.102671,-0.105076,3.303087,-4.102983,-0.093848,0.055499,0.011691,0.028437,0.012169,0.030796,0.000941
53.636000,SAMPLE,2,3.297830,-4.128774,-0.061680,3.340656,-4.093523,-0.051837,3.311824,-4.104189,-0.071987,3.316071,-4.104059,-0.064269,0.055468,0.009843,0.028289,0.010307,0.030718,0.002589
53.726000,SAMPLE,2,3.315581,-4.129503,-0.021294,3.360161,-4.094105,-0.009211,3.330334,-4.104658,-0.029719,3.335110,-4.105063,-0.024027,0.056925,0.012083,0.028895,0.008425,0.031284,0.002733
53.817000,SAMPLE,2,3.333816,-4.129540,0.016906,3.376160,-4.093989,0.023632,3.330334,-4.104658,-0.029719,3.350531,-4.105254,0.007716,0.055289,0.006725,0.025125,0.046625,0.029482,0.009190
53.901000,SAMPLE,2,3.346926,-4.129159,0.041643,3.395753,-4.093178,0.059000,3.349766,-4.105248,0.011255,3.369531,-4.104860,0.043345,0.060652,0.017357,0.024079,0.030388,0.033188,0.001702
53.995000,SAMPLE,2,3.366444,-4.128019,0.074038,3.411711,-4.092024,0.084489,3.365581,-4.104874,0.046619,3.384050,-4.104159,0.066238,0.057834,0.010452,0.023161,0.027419,0.029653,0.007800
54.088000,SAMPLE,2,3.384159,-4.126476,0.100185,3.431508,-4.090064,0.112963,3.384750,-4.102491,0.078282,3.402413,-4.102582,0.093901,0.059731,0.012778,0.023992,0.021903,0.030069,0.006284
54.180000,SAMPLE,2,3.402763,-4.124360,0.124786,3.447020,-4.088133,0.133450,3.405120,-4.101460,0.106082,3.417431,-4.100924,0.113978,0.057193,0.008664,0.023021,0.018704,0.027647,0.010808
54.268000,SAMPLE,2,3.420028,-4.122025,0.143660,3.466811,-4.085252,0.155108,3.424920,-4.099515,0.129912,3.436754,-4.098445,0.136800,0.059505,0.011448,0.023035,0.013748,0.028909,0.006860
54.365000,SAMPLE,2,3.436062,-4.119592,0.157528,3.486046,-4.082082,0.171424,3.443733,-4.096661,0.149315,3.456016,-4.095502,0.154417,0.062493,0.013896,0.024180,0.008213,0.031281,0.003111
54.461000,SAMPLE,2,3.455096,-4.116419,0.172702,3.505725,-4.078516,0.186363,3.462729,-4.093639,0.165199,3.475144,-4.092289,0.170458,0.063245,0.013662,0.024025,0.007502,0.031372,0.002244
54.558000,SAMPLE,2,3.474177,-4.112990,0.182836,3.520940,-4.075583,0.194363,3.481866,-4.090128,0.177994,3.489759,-4.089593,0.178818,0.059884,0.011527,0.024121,0.004842,0.028111,0.004018
54.655000,SAMPLE,2,3.492454,-4.109521,0.191770,3.539069,-4.071926,0.203687,3.499010,-4.087251,0.187774,3.507915,-4.086241,0.187482,0.059886,0.011917,0.023215,0.003996,0.027947,0.004288
54.743000,SAMPLE,2,3.510073,-4.106068,0.195117,3.558493,-4.067873,0.207463,3.517759,-4.082878,0.193457,3.525698,-4.082553,0.191767,0.061671,0.012346,0.024431,0.001660,0.028233,0.003350
54.834000,SAMPLE,2,3.524314,-4.103236,0.197549,3.573291,-4.064739,0.209989,3.536339,-4.079385,0.196569,3.540514,-4.079662,0.194293,0.062295,0.012441,0.026710,0.000980,0.028603,0.003256
54.920000,SAMPLE,2,3.540918,-4.099891,0.199001,3.587968,-4.061594,0.211474,3.536339,-4.079385,0.196569,3.554884,-4.076659,0.196620,0.060666,0.012472,0.021010,0.002433,0.027107,0.002381
55.012000,SAMPLE,2,3.559205,-4.096222,0.197416,3.607012,-4.057526,0.209926,3.555367,-4.075412,0.198652,3.573469,-4.072806,0.195740,0.061506,0.012510,0.021161,0.001236,0.027419,0.001676
55.108000,SAMPLE,2,3.577028,-4.092676,0.195761,3.624982,-4.053718,0.208253,3.574834,-4.071839,0.197150,3.591595,-4.069134,0.194106,0.061784,0.012491,0.020952,0.001389,0.027684,0.001655
55.208000,SAMPLE,2,3.596528,-4.088840,0.192509,3.643711,-4.049792,0.205095,3.593185,-4.067791,0.195414,3.610164,-4.065360,0.191323,0.061246,0.012586,0.021313,0.002906,0.027152,0.001186
55.301000,SAMPLE,2,3.611650,-4.085922,0.187656,3.662518,-4.045928,0.198137,3.608352,-4.064348,0.192556,3.628290,-4.061690,0.186525,0.064708,0.010480,0.021825,0.004900,0.029395,0.001131
55.383000,SAMPLE,2,3.627677,-4.082977,0.174867,3.676797,-4.043146,0.186400,3.629433,-4.060706,0.185084,3.642058,-4.059014,0.175699,0.063240,0.011533,0.022340,0.010217,0.027947,0.000832
55.479000,SAMPLE,2,3.647184,-4.079683,0.159393,3.692538,-4.040280,0.173768,3.646632,-4.057722,0.170151,3.657903,-4.056250,0.162633,0.060080,0.014375,0.021968,0.010757,0.025769,0.003240
55.575000,SAMPLE,2,3.663558,-4.077164,0.145814,3.711236,-4.037150,0.157979,3.666903,-4.053848,0.154164,3.676353,-4.053217,0.147039,0.062244,0.012165,0.023555,0.008350,0.027150,0.001224
55.668000,SAMPLE,2,3.681692,-4.074640,0.130764,3.730075,-4.034305,0.142189,3.686306,-4.052172,0.138170,3.695191,-4.050593,0.131284,0.062990,0.011426,0.022937,0.007406,0.027576,0.000521
55.764000,SAMPLE,2,3.701784,-4.072157,0.114936,3.749769,-4.031643,0.126400,3.706075,-4.048845,0.121922,3.714704,-4.048099,0.115489,0.062801,0.011464,0.023704,0.006986,0.027309,0.000553
55.861000,SAMPLE,2,3.720449,-4.070147,0.099462,3.768395,-4.029424,0.110611,3.725258,-4.046765,0.104991,3.733329,-4.046056,0.099700,0.062906,0.011148,0.023871,0.005529,0.027318,0.000238
55.959000,SAMPLE,2,3.739933,-4.068344,0.086990,3.783616,-4.027822,0.100329,3.744319,-4.044831,0.089283,3.747778,-4.044617,0.089577,0.059584,0.013339,0.023919,0.002293,0.024990,0.002587
56.060000,SAMPLE,2,3.759876,-4.066653,0.082698,3.803018,-4.025921,0.095703,3.764670,-4.042189,0.081859,3.767276,-4.042840,0.083782,0.059332,0.013004,0.024930,0.000839,0.024936,0.001084
56.154000,SAMPLE,2,3.774752,-4.065439,0.080140,3.821379,-4.024188,0.092545,3.782628,-4.041091,0.078128,3.785571,-4.041327,0.080625,0.062255,0.012404,0.025589,0.002012,0.026428,0.000484
56.250000,SAMPLE,2,3.793714,-4.063946,0.076983,3.840331,-4.022460,0.089387,3.801554,-4.040256,0.075301,3.804464,-4.039854,0.076552,0.062404,0.012404,0.024953,0.001682,0.026381,0.000430
56.351000,SAMPLE,2,3.813470,-4.062453,0.073761,3.859583,-4.020764,0.086229,3.820764,-4.037161,0.072317,3.823722,-4.038246,0.073079,0.062164,0.012467,0.026322,0.001444,0.026289,0.000683
56.451000,SAMPLE,2,3.832096,-4.061106,0.070509,3.877561,-4.019239,0.083071,3.838370,-4.036282,0.068977,3.842322,-4.036827,0.069521,0.061805,0.012562,0.025605,0.001531,0.026345,0.000988
56.547000,SAMPLE,2,3.852196,-4.059718,0.067319,3.897410,-4.017618,0.079913,3.838370,-4.036282,0.068977,3.862108,-4.035474,0.066363,0.061780,0.012594,0.027211,0.001658,0.026192,0.000956
56.648000,SAMPLE,2,3.871393,-4.058455,0.064525,3.916205,-4.016142,0.077039,3.879442,-4.034908,0.062011,3.880792,-4.034354,0.062621,0.061632,0.012515,0.024884,0.002514,0.025869,0.001904
56.744000,SAMPLE,2,3.887214,-4.057438,0.063092,3.935286,-4.014680,0.075176,3.897817,-4.032606,0.060196,3.900138,-4.033081,0.061021,0.064336,0.012085,0.027001,0.002895,0.027573,0.002070
56.843000,SAMPLE,2,3.906893,-4.056225,0.059902,3.954571,-4.013258,0.072018,3.915333,-4.032032,0.056940,3.919375,-4.031930,0.057570,0.064182,0.012116,0.025623,0.002962,0.027314,0.002332
56.942000,SAMPLE,2,3.925964,-4.055112,0.056920,3.973103,-4.011949,0.069611,3.915333,-4.032032,0.056940,3.937977,-4.030882,0.054412,0.063915,0.012690,0.025411,0.000019,0.027044,0.002508
57.037000,SAMPLE,2,3.945434,-4.053969,0.061763,3.989063,-4.010814,0.073384,3.935354,-4.030885,0.054734,3.953635,-4.029995,0.057949,0.061367,0.011622,0.025190,0.007029,0.025338,0.003813
57.136000,SAMPLE,2,3.964748,-4.052684,0.071331,4.008467,-4.009297,0.082832,3.976925,-4.027791,0.065521,3.972935,-4.028920,0.066911,0.061594,0.011501,0.027711,0.005810,0.025135,0.004419
57.220000,SAMPLE,2,3.979075,-4.051608,0.078815,4.026996,-4.007671,0.092305,3.976925,-4.027791,0.065521,3.988107,-4.027778,0.074235,0.065015,0.013490,0.023914,0.013294,0.025484,0.004580
57.318000,SAMPLE,2,3.997617,-4.050061,0.087920,4.042922,-4.006136,0.099884,4.013528,-4.024308,0.084353,4.008320,-4.026126,0.083474,0.063103,0.011964,0.030272,0.003568,0.026219,0.004446
57.396000,SAMPLE,2,4.013900,-4.048535,0.097752,4.058833,-4.004453,0.109863,4.013528,-4.024308,0.084353,4.024859,-4.024501,0.094218,0.062946,0.012111,0.024230,0.013400,0.026415,0.003534
57.492000,SAMPLE,2,4.031850,-4.046739,0.101718,4.077201,-4.002387,0.113903,4.033351,-4.023324,0.095174,4.043329,-4.022688,0.098817,0.063434,0.012184,0.023464,0.006545,0.026650,0.002901
57.583000,SAMPLE,2,4.049973,-4.044817,0.110500,4.097062,-4.000027,0.123526,4.052846,-4.022013,0.100399,4.063411,-4.020682,0.107444,0.064988,0.013026,0.022984,0.010101,0.027624,0.003056
57.666000,SAMPLE,2,4.067028,-4.042812,0.124000,4.112823,-3.997974,0.135803,4.072263,-4.019404,0.111244,4.079211,-4.018895,0.119172,0.064091,0.011803,0.023987,0.012756,0.026842,0.004828
57.764000,SAMPLE,2,4.082185,-4.040825,0.136910,4.131721,-3.995240,0.150892,4.091577,-4.015764,0.126728,4.098349,-4.016310,0.134603,0.067319,0.013983,0.026763,0.010182,0.029364,0.002306
57.861000,SAMPLE,2,4.101585,-4.038050,0.146939,4.151478,-3.992132,0.160839,4.110487,-4.015444,0.141553,4.117708,-4.013718,0.144374,0.067806,0.013901,0.024296,0.005385,0.029189,0.002565
57.945000,SAMPLE,2,4.118331,-4.035502,0.155276,4.166711,-3.989602,0.168418,4.129666,-4.012092,0.150911,4.132969,-4.011463,0.152112,0.066689,0.013143,0.026010,0.004365,0.028145,0.003163
58.041000,SAMPLE,2,4.136083,-4.032640,0.164655,4.184722,-3.986453,0.177892,4.147623,-4.009565,0.160151,4.151424,-4.008582,0.162015,0.067074,0.013238,0.025800,0.004503,0.028533,0.002640
58.135000,SAMPLE,2,4.154117,-4.029541,0.176759,4.199773,-3.983675,0.187821,4.147623,-4.009565,0.160151,4.166665,-4.006033,0.172594,0.064716,0.011062,0.021006,0.016608,0.026647,0.004165
58.235000,SAMPLE,2,4.170954,-4.026416,0.190496,4.219360,-3.979792,0.203611,4.183475,-4.002381,0.185927,4.185795,-4.002464,0.187701,0.067208,0.013115,0.027101,0.004569,0.028177,0.002795
58.312000,SAMPLE,2,4.186120,-4.023389,0.203601,4.234185,-3.976634,0.216242,4.183475,-4.002381,0.185927,4.200673,-3.999565,0.200333,0.067055,0.012641,0.021174,0.017674,0.027918,0.003268
58.399000,SAMPLE,2,4.203955,-4.019567,0.218951,4.249349,-3.973201,0.228874,4.201925,-3.999066,0.201485,4.215636,-3.996446,0.212582,0.064887,0.009923,0.020601,0.017466,0.025904,0.006369
58.488000,SAMPLE,2,4.220953,-4.015615,0.238517,4.268677,-3.968490,0.250053,4.219264,-3.994374,0.216147,4.233983,-3.992281,0.231350,0.067070,0.011536,0.021308,0.022370,0.026726,0.007166
58.587000,SAMPLE,2,4.236941,-4.011579,0.254976,4.287495,-3.963478,0.269026,4.238159,-3.989272,0.237668,4.251956,-3.987717,0.249309,0.069781,0.014050,0.022341,0.017308,0.028194,0.005667
58.675000,SAMPLE,2,4.253906,-4.007015,0.271692,4.302504,-3.959227,0.283758,4.256815,-3.984513,0.255347,4.266778,-3.983637,0.264708,0.068158,0.012066,0.022690,0.016345,0.026688,0.006983
58.771000,SAMPLE,2,4.272201,-4.001753,0.289837,4.321654,-3.953460,0.302476,4.275221,-3.980458,0.273212,4.285680,-3.978289,0.282318,0.069122,0.012640,0.021509,0.016624,0.027060,0.007518
58.863000,SAMPLE,2,4.289694,-3.996338,0.311058,4.340239,-3.947436,0.324582,4.294276,-3.974702,0.294296,4.304117,-3.972653,0.304185,0.070328,0.013524,0.022116,0.016762,0.027730,0.006873
58.961000,SAMPLE,2,4.308313,-3.990145,0.329968,4.359130,-3.940869,0.343239,4.313431,-3.968225,0.315660,4.319103,-3.967675,0.318914,0.070784,0.013271,0.022510,0.014308,0.024926,0.011054
59.062000,SAMPLE,2,4.327625,-3.983355,0.346389,4.377909,-3.933990,0.359029,4.331097,-3.962388,0.332252,4.341453,-3.959937,0.338212,0.070465,0.012640,0.021252,0.014137,0.027195,0.008177
59.157000,SAMPLE,2,4.342537,-3.977854,0.361679,4.392849,-3.928263,0.374061,4.331097,-3.962388,0.332252,4.356520,-3.954553,0.352844,0.070644,0.012382,0.019238,0.029426,0.027174,0.008835
59.252000,SAMPLE,2,4.360075,-3.970957,0.389402,4.411364,-3.920703,0.402737,4.368293,-3.948229,0.373443,4.374347,-3.947843,0.380167,0.071806,0.013334,0.024168,0.015960,0.027166,0.009235
59.343000,SAMPLE,2,4.376318,-3.963986,0.422347,4.429202,-3.912736,0.438174,4.388914,-3.942206,0.408417,4.391825,-3.940465,0.414944,0.073643,0.015826,0.025161,0.013931,0.028173,0.007403
59.435000,SAMPLE,2,4.393222,-3.956013,0.457792,4.443584,-3.905727,0.467763,4.406658,-3.934340,0.445607,4.406390,-3.933844,0.444734,0.071169,0.009971,0.025500,0.012185,0.025785,0.013058
59.531000,SAMPLE,2,4.410532,-3.947172,0.485913,4.461301,-3.896449,0.496453,4.406658,-3.934340,0.445607,4.424369,-3.925076,0.472842,0.071766,0.010539,0.013404,0.040306,0.026071,0.013071
59.621000,SAMPLE,2,4.426112,-3.938712,0.510511,4.478619,-3.886786,0.522874,4.424966,-3.924704,0.475625,4.441956,-3.915819,0.498785,0.073847,0.012363,0.014055,0.034886,0.027841,0.011725
59.710000,SAMPLE,2,4.438906,-3.931349,0.534962,4.492074,-3.878810,0.547963,4.441477,-3.916809,0.502640,4.455231,-3.908543,0.523163,0.074747,0.013001,0.014765,0.032323,0.028046,0.011799
59.799000,SAMPLE,2,4.453678,-3.922284,0.566225,4.505614,-3.870286,0.575753,4.456750,-3.906048,0.532442,4.468383,-3.900638,0.550068,0.073492,0.009527,0.016524,0.033783,0.026168,0.016158
59.892000,SAMPLE,2,4.468318,-3.912636,0.599023,4.521369,-3.859668,0.610189,4.472961,-3.897021,0.568119,4.484153,-3.890510,0.585578,0.074967,0.011167,0.016291,0.030904,0.027209,0.013445
59.984000,SAMPLE,2,4.482832,-3.902427,0.627365,4.536828,-3.848515,0.639700,4.485197,-3.886396,0.599633,4.499004,-3.880036,0.614854,0.076303,0.012335,0.016204,0.027731,0.027620,0.012511
60.078000,SAMPLE,2,4.497747,-3.891273,0.656099,4.549543,-3.838803,0.663937,4.501260,-3.874772,0.629997,4.511821,-3.870263,0.640123,0.073728,0.007838,0.016871,0.026102,0.025288,0.015976
60.155000,SAMPLE,2,4.507994,-3.883230,0.674791,4.562031,-3.828801,0.686524,4.517034,-3.863534,0.658554,4.524046,-3.860643,0.663128,0.076698,0.011733,0.021672,0.016237,0.027710,0.011663
60.249000,SAMPLE,2,4.522292,-3.871530,0.697281,4.576991,-3.816253,0.709684,4.531033,-3.852402,0.684490,4.538711,-3.848605,0.686575,0.077766,0.012403,0.021031,0.012791,0.028199,0.010705
60.343000,SAMPLE,2,4.536701,-3.859115,0.726228,4.591973,-3.803005,0.739187,4.552038,-3.840819,0.711771,4.554038,-3.835757,0.715681,0.078761,0.012959,0.023874,0.014457,0.029088,0.010547
60.443000,SAMPLE,2,4.551257,-3.845837,0.752715,4.606459,-3.789446,0.765108,4.552038,-3.840819,0.711771,4.568626,-3.823273,0.741327,0.078913,0.012393,0.005079,0.040944,0.028475,0.011387
60.542000,SAMPLE,2,4.562726,-3.834819,0.779047,4.620400,-3.775640,0.796939,4.560466,-3.828811,0.739118,4.582003,-3.810512,0.772324,0.082635,0.017893,0.006420,0.039929,0.031024,0.006723
60.625000,SAMPLE,2,4.574532,-3.822817,0.807218,4.631430,-3.764050,0.821879,4.576911,-3.811660,0.766989,4.592785,-3.799423,0.797097,0.081798,0.014661,0.011408,0.040229,0.029672,0.010120
60.704000,SAMPLE,2,4.585822,-3.810766,0.829949,4.641906,-3.752549,0.842866,4.590522,-3.800470,0.800774,4.603257,-3.788312,0.819781,0.080837,0.012916,0.011317,0.029176,0.028428,0.010168
60.801000,SAMPLE,2,4.598106,-3.797026,0.852968,4.654451,-3.738140,0.866208,4.603122,-3.785918,0.826741,4.613184,-3.777184,0.838422,0.081501,0.013240,0.012187,0.026227,0.024921,0.014546
60.892000,SAMPLE,2,4.609823,-3.783258,0.879018,4.664679,-3.725836,0.888589,4.615826,-3.772070,0.850178,4.626072,-3.762262,0.865418,0.079413,0.009571,0.012696,0.028840,0.026549,0.013600
60.988000,SAMPLE,2,4.619522,-3.771273,0.902323,4.676704,-3.710600,0.917011,4.627335,-3.757943,0.879097,4.637981,-3.747567,0.894280,0.083373,0.014687,0.015452,0.023227,0.030045,0.008044
61.085000,SAMPLE,2,4.630802,-3.756584,0.929082,4.687788,-3.695729,0.942982,4.643981,-3.742854,0.907291,4.649683,-3.732957,0.921005,0.083371,0.013899,0.019032,0.021792,0.030244,0.008078
61.179000,SAMPLE,2,4.641698,-3.741586,0.956365,4.697038,-3.682674,0.965718,4.649867,-3.727765,0.933800,4.658441,-3.720699,0.942920,0.080827,0.009353,0.016054,0.022566,0.026770,0.013445
61.276000,SAMPLE,2,4.651903,-3.726688,0.984501,4.707587,-3.666949,0.994139,4.665221,-3.711667,0.961007,4.669372,-3.705275,0.971341,0.081667,0.009639,0.020075,0.023494,0.027635,0.013159
61.372000,SAMPLE,2,4.661855,-3.711200,1.015055,4.717706,-3.650856,1.025061,4.671420,-3.697973,0.989653,4.678913,-3.690757,0.999072,0.082224,0.010005,0.016323,0.025402,0.026625,0.015983
61.470000,SAMPLE,2,4.669928,-3.697861,1.038593,4.727537,-3.634144,1.053082,4.680765,-3.680712,1.020708,4.688646,-3.674312,1.028348,0.085898,0.014488,0.020286,0.017886,0.030082,0.010245
61.556000,SAMPLE,2,4.677807,-3.684156,1.060986,4.734710,-3.621260,1.073618,4.680765,-3.680712,1.020708,4.696163,-3.661636,1.049085,0.084817,0.012633,0.004539,0.040278,0.029053,0.011901
61.647000,SAMPLE,2,4.686368,-3.668396,1.086252,4.743572,-3.604418,1.099739,4.697939,-3.650177,1.073215,4.704090,-3.645546,1.075056,0.085823,0.013488,0.021583,0.013037,0.028917,0.011196
61.744000,SAMPLE,2,4.694645,-3.652146,1.113370,4.752101,-3.587076,1.127461,4.707321,-3.633291,1.101706,4.712565,-3.628629,1.103217,0.086806,0.014090,0.022720,0.011665,0.029566,0.010154
61.836000,SAMPLE,2,4.702141,-3.636493,1.135545,4.758284,-3.573745,1.145618,4.707321,-3.633291,1.101706,4.719081,-3.615506,1.121164,0.084198,0.010074,0.006090,0.033839,0.026971,0.014381
61.936000,SAMPLE,2,4.710462,-3.617975,1.160434,4.766290,-3.555441,1.170124,4.723641,-3.600071,1.150711,4.727142,-3.598071,1.146292,0.083829,0.009690,0.022231,0.009723,0.025969,0.014142
62.024000,SAMPLE,2,4.715865,-3.605284,1.176570,4.773657,-3.537506,1.192229,4.731932,-3.581924,1.172951,4.734306,-3.580279,1.170713,0.089072,0.015659,0.028352,0.003619,0.031070,0.005857
62.122000,SAMPLE,2,4.722676,-3.588408,1.198882,4.780336,-3.520158,1.214334,4.731932,-3.581924,1.172951,4.741418,-3.563036,1.192818,0.089346,0.015453,0.011301,0.025931,0.031543,0.006064
62.215000,SAMPLE,2,4.729290,-3.570914,1.220102,4.785779,-3.505135,1.232018,4.738337,-3.565134,1.194814,4.746820,-3.548404,1.210888,0.086706,0.011916,0.010736,0.025289,0.028531,0.009214
62.302000,SAMPLE,2,4.735013,-3.554762,1.240660,4.791848,-3.487287,1.254124,4.746244,-3.547929,1.216857,4.753027,-3.531147,1.233289,0.088222,0.013464,0.013147,0.023803,0.029702,0.007371
62.397000,SAMPLE,2,4.740405,-3.538468,1.262087,4.796186,-3.473644,1.271808,4.752096,-3.530230,1.239014,4.757413,-3.517893,1.251224,0.085519,0.009721,0.014302,0.023072,0.026694,0.010862
62.483000,SAMPLE,2,4.744519,-3.525216,1.277781,4.801803,-3.454680,1.293913,4.755302,-3.513139,1.261221,4.762904,-3.499385,1.273560,0.090867,0.016132,0.016190,0.016559,0.031706,0.004221
62.573000,SAMPLE,2,4.749421,-3.508334,1.298780,4.805818,-3.440064,1.311597,4.764522,-3.494245,1.282979,4.767086,-3.485573,1.290491,0.088551,0.012817,0.020652,0.015801,0.028811,0.008290
62.667000,SAMPLE,2,4.754110,-3.490850,1.318345,4.810376,-3.422140,1.331203,4.769578,-3.477671,1.305020,4.771919,-3.468410,1.309370,0.088808,0.012857,0.020321,0.013325,0.028649,0.008975
62.756000,SAMPLE,2,4.758225,-3.474244,1.337259,4.814030,-3.406584,1.348787,4.771987,-3.458781,1.324938,4.775567,-3.453192,1.326495,0.087704,0.011528,0.020701,0.012321,0.027275,0.010764
62.836000,SAMPLE,2,4.761749,-3.458955,1.351206,4.817268,-3.391776,1.362063,4.777030,-3.439981,1.343704,4.778948,-3.438195,1.341186,0.087151,0.010857,0.024363,0.007502,0.026959,0.010020
62.936000,SAMPLE,2,4.764952,-3.444149,1.364785,4.820848,-3.374190,1.377853,4.779741,-3.423455,1.359569,4.782928,-3.420663,1.356976,0.089547,0.013068,0.025435,0.005216,0.029576,0.007810
63.028000,SAMPLE,2,4.768776,-3.425124,1.380402,4.824513,-3.354615,1.393642,4.779741,-3.423455,1.359569,4.786602,-3.401579,1.373266,0.089879,0.013240,0.011091,0.020833,0.029532,0.007136
63.127000,SAMPLE,2,4.772173,-3.406721,1.396349,4.827688,-3.336042,1.409432,4.786097,-3.386120,1.390451,4.789655,-3.384070,1.388725,0.089875,0.013083,0.024866,0.005898,0.028613,0.007624
63.211000,SAMPLE,2,4.774796,-3.391218,1.410230,4.829914,-3.321794,1.422063,4.786097,-3.386120,1.390451,4.791774,-3.370009,1.401691,0.088644,0.011833,0.012398,0.019779,0.027168,0.008539
63.308000,SAMPLE,2,4.777740,-3.372114,1.425861,4.832710,-3.302076,1.437853,4.790846,-3.368096,1.407508,4.794722,-3.351162,1.417387,0.089034,0.011992,0.013708,0.018353,0.026970,0.008474
63.407000,SAMPLE,2,4.779873,-3.356808,1.438966,4.835060,-3.283391,1.453642,4.792796,-3.348704,1.422790,4.797146,-3.332774,1.433603,0.091845,0.014676,0.015254,0.016176,0.029597,0.005363
63.502000,SAMPLE,2,4.782174,-3.338331,1.454756,4.837145,-3.264348,1.469432,4.797232,-3.330358,1.438654,4.799571,-3.313909,1.449749,0.092170,0.014676,0.017039,0.016102,0.029985,0.005007
63.601000,SAMPLE,2,4.784279,-3.319092,1.467816,4.838629,-3.248892,1.479813,4.797786,-3.311602,1.454016,4.801090,-3.298735,1.460596,0.088781,0.011998,0.015445,0.013799,0.026402,0.007219
63.701000,SAMPLE,2,4.786111,-3.300493,1.477573,4.840508,-3.226931,1.491221,4.800351,-3.292675,1.466389,4.803193,-3.277049,1.472561,0.091490,0.013648,0.016245,0.011184,0.029007,0.005012
63.792000,SAMPLE,2,4.787707,-3.282556,1.486574,4.841667,-3.211648,1.498800,4.801056,-3.274829,1.475958,4.804355,-3.261781,1.480432,0.089104,0.012227,0.015424,0.010616,0.026622,0.006141
63.887000,SAMPLE,2,4.788985,-3.266691,1.494437,4.842971,-3.192303,1.508274,4.801987,-3.255729,1.485032,4.805655,-3.242711,1.490069,0.091914,0.013837,0.017007,0.009405,0.029205,0.004368
63.977000,SAMPLE,2,4.790184,-3.250107,1.503058,4.843834,-3.177633,1.515853,4.804717,-3.237648,1.495052,4.806584,-3.228822,1.497516,0.090171,0.012794,0.019142,0.008007,0.026870,0.005543
64.070000,SAMPLE,2,4.791394,-3.230992,1.512248,4.844835,-3.157722,1.525326,4.807063,-3.219728,1.504575,4.807892,-3.209824,1.506889,0.090689,0.013079,0.019298,0.007673,0.026838,0.005359
64.163000,SAMPLE,2,4.792334,-3.213656,1.521058,4.845601,-3.138948,1.534800,4.807905,-3.198678,1.513352,4.808921,-3.191601,1.516150,0.091753,0.013742,0.021605,0.007706,0.027596,0.004908
64.251000,SAMPLE,2,4.793107,-3.196933,1.526994,4.846076,-3.124535,1.539863,4.807490,-3.180597,1.522639,4.809423,-3.177060,1.522070,0.089706,0.012869,0.021765,0.004355,0.025713,0.004924
64.348000,SAMPLE,2,4.793943,-3.177171,1.530152,4.846660,-3.104638,1.543021,4.808635,-3.162199,1.526156,4.810183,-3.156939,1.525630,0.089667,0.012869,0.020977,0.003996,0.025944,0.004522
64.438000,SAMPLE,2,4.794509,-3.162830,1.532552,4.847062,-3.089486,1.545547,4.808636,-3.143522,1.529296,4.810853,-3.141796,1.528156,0.090229,0.012995,0.023925,0.003256,0.026638,0.004396
64.527000,SAMPLE,2,4.795145,-3.145543,1.535457,4.847510,-3.070543,1.548705,4.808636,-3.143522,1.529296,4.811364,-3.122900,1.531538,0.091471,0.013248,0.013641,0.006161,0.027852,0.003920
64.620000,SAMPLE,2,4.795810,-3.125868,1.538584,4.847918,-3.050674,1.551863,4.812042,-3.124386,1.532942,4.812039,-3.107087,1.534328,0.091484,0.013279,0.016299,0.005642,0.024822,0.004256
64.713000,SAMPLE,2,4.796331,-3.108964,1.541426,4.848185,-3.035571,1.554389,4.812694,-3.104257,1.536119,4.812749,-3.088369,1.537704,0.089862,0.012964,0.017026,0.005306,0.026338,0.003722
64.806000,SAMPLE,2,4.796850,-3.090329,1.544520,4.848466,-3.016521,1.557547,4.812705,-3.085762,1.540262,4.813308,-3.069771,1.541115,0.090066,0.013027,0.016499,0.004259,0.026334,0.003405
64.899000,SAMPLE,2,4.797300,-3.072215,1.547489,4.848653,-3.000985,1.560074,4.813844,-3.065218,1.543466,4.813782,-3.054216,1.543962,0.087811,0.012585,0.017963,0.004023,0.024405,0.003526
64.998000,SAMPLE,2,4.797700,-3.053829,1.550678,4.848822,-2.982554,1.563232,4.814004,-3.046335,1.546500,4.814242,-3.035411,1.547468,0.087714,0.012553,0.017944,0.004178,0.024757,0.003210
65.086000,SAMPLE,2,4.797990,-3.038411,1.553236,4.848934,-2.963607,1.566389,4.814188,-3.028620,1.550149,4.814618,-3.016787,1.550781,0.090504,0.013154,0.018927,0.003087,0.027278,0.002455
65.180000,SAMPLE,2,4.798274,-3.020850,1.556110,4.848989,-2.944312,1.569547,4.815324,-3.009223,1.552793,4.814969,-3.001851,1.553328,0.091815,0.013438,0.020636,0.003316,0.025292,0.002781
65.274000,SAMPLE,2,4.798516,-3.003055,1.557515,4.848996,-2.929660,1.570558,4.815593,-2.990363,1.555878,4.815312,-2.983044,1.555454,0.089079,0.013042,0.021277,0.001638,0.026125,0.002061
65.358000,SAMPLE,2,4.798727,-2.986398,1.560430,4.848994,-2.914628,1.572258,4.814425,-2.971699,1.556040,4.815540,-2.967888,1.557454,0.087623,0.011828,0.021506,0.004390,0.025007,0.002976
65.451000,SAMPLE,2,4.798814,-2.967892,1.573287,4.848857,-2.895166,1.584863,4.815113,-2.952741,1.564264,4.815571,-2.948979,1.568169,0.088280,0.011576,0.022253,0.009023,0.025269,0.005118
65.550000,SAMPLE,2,4.798670,-2.952076,1.586708,4.848443,-2.876297,1.600653,4.814607,-2.933828,1.579673,4.815370,-2.929741,1.584332,0.090664,0.013945,0.024228,0.007035,0.027888,0.002376
65.631000,SAMPLE,2,4.798316,-2.936234,1.598047,4.847899,-2.861106,1.611118,4.814772,-2.914743,1.594415,4.815093,-2.914501,1.595288,0.090014,0.013072,0.027067,0.003632,0.027454,0.002759
65.718000,SAMPLE,2,4.797779,-2.919095,1.606478,4.847212,-2.845511,1.618697,4.814772,-2.914743,1.594415,4.814641,-2.898957,1.602702,0.088647,0.012219,0.017542,0.012063,0.026265,0.003777
65.814000,SAMPLE,2,4.797064,-2.901336,1.615763,4.846244,-2.827126,1.628171,4.815401,-2.895177,1.604455,4.814095,-2.880654,1.612146,0.089027,0.012408,0.019343,0.011307,0.026792,0.003617
65.911000,SAMPLE,2,4.796110,-2.882205,1.625331,4.845062,-2.808152,1.637645,4.811447,-2.877096,1.614294,4.812927,-2.861518,1.621676,0.088770,0.012314,0.016166,0.011037,0.026661,0.003655
66.007000,SAMPLE,2,4.794992,-2.863321,1.634710,4.843677,-2.788823,1.647118,4.811890,-2.858944,1.623798,4.811767,-2.842347,1.631196,0.088995,0.012408,0.017456,0.010912,0.026857,0.003514
66.103000,SAMPLE,2,4.793997,-2.848645,1.642384,4.842171,-2.770284,1.656592,4.811070,-2.840067,1.633160,4.810512,-2.823891,1.640685,0.091985,0.014208,0.019107,0.009224,0.029758,0.001699
66.200000,SAMPLE,2,4.792455,-2.828497,1.652047,4.840363,-2.750366,1.666066,4.808926,-2.820879,1.642917,4.808826,-2.803596,1.650574,0.091650,0.014019,0.018148,0.009129,0.029801,0.001473
66.291000,SAMPLE,2,4.790922,-2.810624,1.660952,4.838841,-2.735042,1.673645,4.807365,-2.800358,1.651486,4.807502,-2.788955,1.657589,0.089492,0.012693,0.019384,0.009466,0.027284,0.003363
66.379000,SAMPLE,2,4.789374,-2.794298,1.668948,4.837317,-2.720807,1.681224,4.807492,-2.782474,1.661962,4.806287,-2.774774,1.665276,0.087746,0.012276,0.021634,0.006986,0.025831,0.003672
66.479000,SAMPLE,2,4.787367,-2.774198,1.671075,4.835080,-2.700954,1.683600,4.805729,-2.764723,1.669522,4.804367,-2.754626,1.668331,0.087414,0.012525,0.020662,0.001553,0.025923,0.002744
66.567000,SAMPLE,2,4.785863,-2.759355,1.671991,4.832933,-2.682182,1.684989,4.804588,-2.745105,1.671319,4.802608,-2.735688,1.670542,0.090396,0.012999,0.023531,0.000672,0.028992,0.001449
66.655000,SAMPLE,2,4.784146,-2.742464,1.672003,4.831192,-2.666997,1.684989,4.801689,-2.726719,1.671013,4.801073,-2.720354,1.670542,0.088930,0.012987,0.023572,0.000989,0.027845,0.001460
66.747000,SAMPLE,2,4.782320,-2.724482,1.672003,4.828975,-2.647671,1.684989,4.799721,-2.707265,1.671323,4.799221,-2.702055,1.670766,0.089870,0.012987,0.024479,0.000679,0.028082,0.001237
66.839000,SAMPLE,2,4.780558,-2.707128,1.672003,4.827296,-2.633030,1.684989,4.795947,-2.688505,1.671042,4.797750,-2.687392,1.670766,0.087607,0.012987,0.024159,0.000960,0.026174,0.001237
66.933000,SAMPLE,2,4.778686,-2.688601,1.670181,4.825147,-2.614226,1.683442,4.795947,-2.688505,1.671042,4.795626,-2.668504,1.669562,0.087694,0.013261,0.017262,0.000861,0.026284,0.000620
67.023000,SAMPLE,2,4.777177,-2.673288,1.667687,4.822994,-2.594925,1.680284,4.794995,-2.670535,1.670708,4.793688,-2.649959,1.666754,0.090774,0.012598,0.018029,0.003022,0.028580,0.000932
67.121000,SAMPLE,2,4.775410,-2.654811,1.664672,4.820987,-2.576402,1.677663,4.794122,-2.651190,1.666689,4.792013,-2.631995,1.664337,0.090693,0.012992,0.019059,0.002018,0.028218,0.000335
67.220000,SAMPLE,2,4.773507,-2.634764,1.667830,4.819269,-2.560494,1.679963,4.792856,-2.630702,1.663189,4.790629,-2.615911,1.666119,0.087237,0.012134,0.019771,0.004641,0.025467,0.001710
67.319000,SAMPLE,2,4.771498,-2.615093,1.677587,4.817055,-2.541115,1.689347,4.787957,-2.611246,1.665904,4.788529,-2.596967,1.674106,0.086880,0.011760,0.016903,0.011684,0.024871,0.003482
67.412000,SAMPLE,2,4.769510,-2.597319,1.686100,4.814777,-2.522719,1.698571,4.786966,-2.591551,1.675328,4.786417,-2.578332,1.682458,0.087260,0.012471,0.018384,0.010772,0.025423,0.003642
67.508000,SAMPLE,2,4.767533,-2.580498,1.689245,4.812195,-2.502939,1.702321,4.785966,-2.574944,1.684908,4.784213,-2.559115,1.686270,0.089498,0.013076,0.019251,0.004337,0.027119,0.002975
67.604000,SAMPLE,2,4.765389,-2.562707,1.692245,4.809697,-2.484285,1.705479,4.784417,-2.554761,1.688697,4.782024,-2.540008,1.689863,0.090073,0.013234,0.020619,0.003548,0.028142,0.002382
67.701000,SAMPLE,2,4.763162,-2.544699,1.695258,4.807757,-2.470101,1.708005,4.781140,-2.536154,1.692392,4.780234,-2.525762,1.692750,0.086911,0.012747,0.019906,0.002866,0.025496,0.002508
67.800000,SAMPLE,2,4.760667,-2.524759,1.695258,4.805030,-2.450373,1.708132,4.779043,-2.518499,1.694365,4.777756,-2.505993,1.693057,0.086611,0.012874,0.019413,0.000893,0.025381,0.002201
67.886000,SAMPLE,2,4.758638,-2.508538,1.695258,4.802503,-2.432083,1.708132,4.774998,-2.497598,1.693962,4.775239,-2.487236,1.693229,0.088144,0.012874,0.019681,0.001296,0.027007,0.002029
67.975000,SAMPLE,2,4.756427,-2.490883,1.695651,4.800422,-2.417026,1.708132,4.775500,-2.480967,1.694741,4.773497,-2.472219,1.693515,0.085967,0.012480,0.021496,0.000910,0.025293,0.002137
68.068000,SAMPLE,2,4.754422,-2.475068,1.698183,4.797664,-2.397292,1.711226,4.772780,-2.461828,1.696005,4.771059,-2.452235,1.696906,0.088989,0.013043,0.022635,0.002178,0.028252,0.001277
68.169000,SAMPLE,2,4.751951,-2.456018,1.701404,4.794996,-2.378629,1.714384,4.769018,-2.441655,1.698409,4.768609,-2.433712,1.699991,0.088554,0.012980,0.022306,0.002995,0.027839,0.001413
68.264000,SAMPLE,2,4.749495,-2.437484,1.702739,4.792227,-2.359609,1.715553,4.766692,-2.424047,1.701671,4.766047,-2.414773,1.701336,0.088829,0.012814,0.021824,0.001067,0.028103,0.001402
68.360000,SAMPLE,2,4.746893,-2.417877,1.702739,4.789984,-2.344224,1.715553,4.761421,-2.404210,1.701739,4.763653,-2.399517,1.701425,0.085333,0.012814,0.019946,0.001000,0.024859,0.001314
68.455000,SAMPLE,2,4.744573,-2.400395,1.702340,4.787320,-2.325943,1.715458,4.760972,-2.384516,1.701509,4.761250,-2.381232,1.701425,0.085851,0.013118,0.022828,0.000831,0.025404,0.000916
68.548000,SAMPLE,2,4.742510,-2.384723,1.701996,4.784453,-2.306150,1.715450,4.758715,-2.365612,1.700100,4.758515,-2.361322,1.700486,0.089068,0.013454,0.025058,0.001896,0.028351,0.001510
68.632000,SAMPLE,2,4.740145,-2.367247,1.709217,4.782103,-2.290355,1.722082,4.758715,-2.365612,1.700100,4.756419,-2.345523,1.707012,0.087595,0.012865,0.018642,0.009117,0.027144,0.002204
68.729000,SAMPLE,2,4.737500,-2.348893,1.718880,4.779250,-2.272210,1.731555,4.759521,-2.345431,1.707572,4.754324,-2.327829,1.716212,0.087312,0.012675,0.022292,0.011308,0.026957,0.002668
68.815000,SAMPLE,2,4.734920,-2.332014,1.725225,4.776767,-2.257214,1.737034,4.754655,-2.328136,1.716947,4.752103,-2.312792,1.722494,0.085710,0.011809,0.020113,0.008278,0.025783,0.002732
68.911000,SAMPLE,2,4.731995,-2.313750,1.734131,4.773380,-2.237578,1.746358,4.750345,-2.309170,1.723595,4.748997,-2.293692,1.731449,0.086689,0.012227,0.018913,0.010536,0.026294,0.002682
69.001000,SAMPLE,2,4.729571,-2.299333,1.739681,4.770102,-2.219515,1.753782,4.747674,-2.288995,1.733103,4.746430,-2.278612,1.737329,0.089519,0.014100,0.020846,0.006579,0.026713,0.002352
69.095000,SAMPLE,2,4.726489,-2.281762,1.748622,4.767251,-2.204435,1.761261,4.747480,-2.271158,1.740917,4.743460,-2.259725,1.744963,0.087413,0.012639,0.023517,0.007705,0.027814,0.003659
69.194000,SAMPLE,2,4.722822,-2.261704,1.756035,4.763413,-2.184839,1.768384,4.741176,-2.253243,1.749002,4.739926,-2.240746,1.751709,0.086925,0.012349,0.020210,0.007033,0.027052,0.004325
69.291000,SAMPLE,2,4.719398,-2.243819,1.762382,4.759706,-2.166698,1.774939,4.739384,-2.234893,1.757676,4.736592,-2.222686,1.758695,0.087020,0.012558,0.021888,0.004706,0.027244,0.003687
69.386000,SAMPLE,2,4.715663,-2.224643,1.765545,4.755635,-2.147116,1.778103,4.736448,-2.216647,1.762840,4.732963,-2.203263,1.762367,0.087225,0.012558,0.022270,0.002705,0.027503,0.003178
69.486000,SAMPLE,2,4.711828,-2.205670,1.775113,4.751563,-2.128192,1.787576,4.730629,-2.196061,1.767396,4.729098,-2.184360,1.772078,0.087073,0.012463,0.021114,0.007717,0.027429,0.003036
69.567000,SAMPLE,2,4.709081,-2.192631,1.782029,4.748318,-2.113720,1.794905,4.725643,-2.177737,1.776710,4.725728,-2.169412,1.780165,0.088128,0.012876,0.022274,0.005319,0.028570,0.001864
69.666000,SAMPLE,2,4.704923,-2.173445,1.785861,4.743863,-2.094352,1.798576,4.725485,-2.159089,1.785218,4.721939,-2.150713,1.784025,0.088159,0.012715,0.025077,0.000643,0.028395,0.001837
69.755000,SAMPLE,2,4.701211,-2.156531,1.787409,4.740435,-2.079619,1.799745,4.720751,-2.139577,1.787863,4.718852,-2.135965,1.785769,0.086336,0.012336,0.025870,0.000455,0.027096,0.001639
69.841000,SAMPLE,2,4.697480,-2.139674,1.788798,4.736099,-2.061110,1.801229,4.720751,-2.139577,1.787863,4.714748,-2.117252,1.787033,0.087543,0.012431,0.023271,0.000935,0.028300,0.001765
69.931000,SAMPLE,2,4.693580,-2.122030,1.787585,4.732470,-2.045613,1.800029,4.715891,-2.121696,1.788909,4.711472,-2.102330,1.786134,0.085744,0.012444,0.022313,0.001324,0.026613,0.001451
70.027000,SAMPLE,2,4.690159,-2.106467,1.786101,4.728197,-2.027262,1.798545,4.712579,-2.103428,1.788970,4.707665,-2.084611,1.785415,0.087866,0.012444,0.022625,0.002868,0.028002,0.000686
70.115000,SAMPLE,2,4.686237,-2.088508,1.784686,4.724780,-2.012494,1.797282,4.707757,-2.082399,1.786212,4.704530,-2.069958,1.784934,0.085227,0.012596,0.022370,0.001526,0.026053,0.000248
70.216000,SAMPLE,2,4.681972,-2.068874,1.784989,4.720295,-1.993014,1.797124,4.702028,-2.066038,1.784624,4.700192,-2.050901,1.784881,0.084990,0.012134,0.020255,0.000365,0.025592,0.000109
70.312000,SAMPLE,2,4.677966,-2.050543,1.786252,4.716036,-1.974617,1.798671,4.697291,-2.045273,1.783436,4.695951,-2.032284,1.786398,0.084936,0.012419,0.020031,0.002817,0.025630,0.000145
70.405000,SAMPLE,2,4.674663,-2.035433,1.784853,4.711737,-1.956034,1.796903,4.695477,-2.027280,1.785227,4.691820,-2.012989,1.784277,0.087628,0.012049,0.022353,0.000374,0.028251,0.000577
70.490000,SAMPLE,2,4.670815,-2.017651,1.784253,4.708163,-1.940449,1.796576,4.691745,-2.010626,1.784492,4.688624,-1.998033,1.784034,0.085761,0.012323,0.022078,0.000238,0.026496,0.000220
70.573000,SAMPLE,2,4.667259,-2.001506,1.791338,4.704725,-1.925686,1.803076,4.684952,-1.987736,1.784364,4.685275,-1.983314,1.788966,0.084571,0.011739,0.022419,0.006974,0.025603,0.002371
70.666000,SAMPLE,2,4.663204,-1.983575,1.794744,4.700180,-1.906664,1.807037,4.681144,-1.969681,1.791556,4.680811,-1.963934,1.793714,0.085337,0.012293,0.022691,0.003188,0.026377,0.001030
70.752000,SAMPLE,2,4.660044,-1.969751,1.795755,4.696436,-1.891173,1.808332,4.675691,-1.950814,1.794932,4.677000,-1.948289,1.795608,0.086597,0.012577,0.024565,0.000822,0.027352,0.000147
70.852000,SAMPLE,2,4.655680,-1.950784,1.797334,4.691970,-1.872814,1.809721,4.672542,-1.933460,1.796635,4.672564,-1.929492,1.796831,0.086002,0.012388,0.024175,0.000698,0.027174,0.000502
70.952000,SAMPLE,2,4.651327,-1.931908,1.797220,4.687461,-1.854302,1.809563,4.669354,-1.918446,1.797193,4.668271,-1.910821,1.796831,0.085606,0.012343,0.022500,0.000028,0.027051,0.000389
71.049000,SAMPLE,2,4.646866,-1.912469,1.797039,4.682764,-1.834937,1.809505,4.666110,-1.895270,1.795915,4.664118,-1.892290,1.797651,0.085439,0.012467,0.025810,0.001124,0.026548,0.000612
71.140000,SAMPLE,2,4.642816,-1.895156,1.804907,4.678244,-1.816667,1.817874,4.661752,-1.876206,1.801593,4.660704,-1.876947,1.803617,0.086114,0.012967,0.026790,0.003315,0.025526,0.001290
71.220000,SAMPLE,2,4.639263,-1.880523,1.812486,4.675437,-1.805673,1.823558,4.661752,-1.876206,1.801593,4.657173,-1.862250,1.811196,0.083133,0.011072,0.022899,0.010893,0.025587,0.001290
71.320000,SAMPLE,2,4.634281,-1.860721,1.821494,4.670343,-1.786332,1.833032,4.656498,-1.857755,1.810707,4.652401,-1.842763,1.820213,0.082669,0.011538,0.022414,0.010787,0.025511,0.001281
71.407000,SAMPLE,2,4.630705,-1.846841,1.824291,4.665249,-1.767515,1.836974,4.650073,-1.837094,1.819257,4.647440,-1.823744,1.824620,0.086521,0.012682,0.021683,0.005034,0.028522,0.000329
71.503000,SAMPLE,2,4.625849,-1.828219,1.827323,4.660064,-1.748613,1.839721,4.646101,-1.819402,1.823935,4.642583,-1.805120,1.826765,0.086647,0.012398,0.022088,0.003388,0.028523,0.000558
71.589000,SAMPLE,2,4.621335,-1.811057,1.830052,4.655799,-1.733192,1.842545,4.640572,-1.801611,1.827272,4.638523,-1.790155,1.829762,0.085152,0.012493,0.021431,0.002780,0.027062,0.000290
71.686000,SAMPLE,2,4.616324,-1.792511,1.839526,4.650508,-1.714539,1.852018,4.636551,-1.783267,1.832108,4.633661,-1.771982,1.838594,0.085137,0.012493,0.022240,0.007418,0.026870,0.000932
71.782000,SAMPLE,2,4.611293,-1.774564,1.848620,4.644969,-1.695705,1.861492,4.631053,-1.764319,1.841473,4.628323,-1.752987,1.847900,0.085749,0.012872,0.022258,0.007147,0.027487,0.000720
71.875000,SAMPLE,2,4.605883,-1.755919,1.857905,4.640325,-1.680393,1.869071,4.626068,-1.743048,1.850868,4.624058,-1.737794,1.854953,0.083008,0.011167,0.023940,0.007037,0.025668,0.002951
71.963000,SAMPLE,2,4.601816,-1.742316,1.864915,4.634537,-1.661877,1.878545,4.620417,-1.725418,1.860331,4.618675,-1.719524,1.864005,0.086840,0.013630,0.025130,0.004584,0.028350,0.000910
72.060000,SAMPLE,2,4.595955,-1.723253,1.871804,4.629758,-1.647005,1.883924,4.614575,-1.708040,1.869901,4.613871,-1.704072,1.869963,0.083405,0.012120,0.024045,0.001903,0.026247,0.001840
72.149000,SAMPLE,2,4.590823,-1.706725,1.872194,4.623741,-1.628440,1.884642,4.610219,-1.689875,1.871690,4.608197,-1.685470,1.871013,0.084925,0.012448,0.025693,0.000504,0.027452,0.001181
72.233000,SAMPLE,2,4.585629,-1.690181,1.879574,4.618776,-1.613274,1.890942,4.610219,-1.689875,1.871690,4.603464,-1.670275,1.877013,0.083746,0.011368,0.024592,0.007884,0.026728,0.002562
72.318000,SAMPLE,2,4.580368,-1.674019,1.890160,4.613803,-1.598555,1.901142,4.602393,-1.668799,1.876212,4.598583,-1.655265,1.887863,0.082539,0.010983,0.022635,0.013948,0.026144,0.002296
72.406000,SAMPLE,2,4.575463,-1.659366,1.897549,4.607226,-1.579667,1.910621,4.596595,-1.650896,1.888449,4.592204,-1.636213,1.897177,0.085795,0.013072,0.022766,0.009100,0.028571,0.000372
72.497000,SAMPLE,2,4.569357,-1.641608,1.906549,4.601835,-1.564603,1.918200,4.591502,-1.632066,1.897856,4.587114,-1.621025,1.904523,0.083574,0.011651,0.024113,0.008693,0.027184,0.002026
72.592000,SAMPLE,2,4.563017,-1.623661,1.912638,4.595115,-1.546280,1.925040,4.585443,-1.616323,1.907203,4.580924,-1.603294,1.910605,0.083774,0.012401,0.023597,0.005435,0.027120,0.002033
72.690000,SAMPLE,2,4.556358,-1.604947,1.912638,4.588203,-1.527591,1.925040,4.579207,-1.596802,1.912269,4.574400,-1.584707,1.910915,0.083654,0.012401,0.024258,0.000369,0.027114,0.001723
72.782000,SAMPLE,2,4.550265,-1.587820,1.912133,4.581576,-1.509672,1.924566,4.572241,-1.578042,1.912275,4.568037,-1.566708,1.911170,0.084188,0.012433,0.024053,0.000142,0.027596,0.000963
72.879000,SAMPLE,2,4.544781,-1.572344,1.911172,4.576046,-1.494658,1.923523,4.565645,-1.561064,1.911838,4.562721,-1.551853,1.910785,0.083741,0.012351,0.023717,0.000666,0.027234,0.000387
72.969000,SAMPLE,2,4.538231,-1.554021,1.918264,4.569082,-1.475910,1.930570,4.558324,-1.539785,1.913164,4.555971,-1.532920,1.917458,0.083983,0.012306,0.024625,0.005100,0.027568,0.000806
73.061000,SAMPLE,2,4.532286,-1.537816,1.926790,4.562190,-1.457843,1.940044,4.551880,-1.520914,1.921608,4.549529,-1.515086,1.926261,0.085381,0.013254,0.025877,0.005182,0.028530,0.000529
73.134000,SAMPLE,2,4.526984,-1.523697,1.932092,4.557945,-1.446957,1.944202,4.551880,-1.520914,1.921608,4.545405,-1.504042,1.930946,0.082751,0.012110,0.025051,0.010484,0.026938,0.001146
73.219000,SAMPLE,2,4.520685,-1.507074,1.933260,4.552093,-1.432065,1.945655,4.543795,-1.507662,1.930595,4.539739,-1.489957,1.932661,0.081319,0.012394,0.023117,0.002666,0.025613,0.000600
73.313000,SAMPLE,2,4.515049,-1.492212,1.933260,4.544956,-1.413924,1.945655,4.536793,-1.484380,1.932137,4.532693,-1.471585,1.932566,0.083805,0.012394,0.023112,0.001123,0.027144,0.000694
73.409000,SAMPLE,2,4.508327,-1.474461,1.931555,4.537808,-1.395731,1.943855,4.531193,-1.467715,1.933144,4.525906,-1.453661,1.930783,0.084068,0.012299,0.023840,0.001588,0.027233,0.000772
73.501000,SAMPLE,2,4.501558,-1.456435,1.928824,4.530547,-1.377095,1.941347,4.524283,-1.449127,1.931612,4.518842,-1.434847,1.927897,0.084470,0.012523,0.023871,0.002788,0.027655,0.000927
73.598000,SAMPLE,2,4.494689,-1.438171,1.933171,4.524733,-1.362189,1.945070,4.517824,-1.431076,1.929109,4.513265,-1.419865,1.932527,0.081706,0.011899,0.024198,0.004062,0.026080,0.000644
73.680000,SAMPLE,2,4.488659,-1.422327,1.935508,4.517390,-1.343586,1.947902,4.510562,-1.411632,1.933898,4.507603,-1.404817,1.935670,0.083819,0.012394,0.024375,0.001610,0.025796,0.000163
73.773000,SAMPLE,2,4.481814,-1.404428,1.937371,4.511491,-1.328713,1.949386,4.503348,-1.392938,1.935935,4.500292,-1.385629,1.938129,0.081324,0.012015,0.024408,0.001436,0.026360,0.000758
73.867000,SAMPLE,2,4.476117,-1.389645,1.939960,4.504281,-1.310668,1.952544,4.496208,-1.374704,1.938667,4.493181,-1.367156,1.941152,0.083848,0.012583,0.025037,0.001293,0.028230,0.001192
73.955000,SAMPLE,2,4.469759,-1.373259,1.941160,4.498434,-1.296138,1.953555,4.487796,-1.357366,1.941281,4.487347,-1.352615,1.942203,0.082280,0.012394,0.024040,0.000121,0.027120,0.001042
74.044000,SAMPLE,2,4.463335,-1.356692,1.939582,4.491025,-1.277708,1.951755,4.480884,-1.336307,1.940760,4.480097,-1.334004,1.940785,0.083698,0.012173,0.026898,0.001179,0.028209,0.001203
74.122000,SAMPLE,2,4.457692,-1.342036,1.936960,4.485450,-1.263737,1.949228,4.480884,-1.336307,1.940760,4.474705,-1.320063,1.938258,0.083073,0.012268,0.023889,0.003800,0.027789,0.001298
74.222000,SAMPLE,2,4.451134,-1.324853,1.933783,4.478741,-1.246785,1.946070,4.474620,-1.321186,1.937797,4.468291,-1.303505,1.935131,0.082806,0.012288,0.023771,0.004015,0.027388,0.001348
74.314000,SAMPLE,2,4.444328,-1.306902,1.933827,4.472886,-1.231895,1.945844,4.467507,-1.301742,1.933982,4.462684,-1.288788,1.934498,0.080260,0.012017,0.023747,0.000154,0.025789,0.000671
74.408000,SAMPLE,2,4.438548,-1.291746,1.936480,4.465736,-1.213815,1.948962,4.459798,-1.285700,1.933716,4.455790,-1.271214,1.937268,0.082537,0.012482,0.022093,0.002764,0.026811,0.000788
74.509000,SAMPLE,2,4.431695,-1.273890,1.936841,4.458498,-1.195634,1.949052,4.452862,-1.267602,1.936924,4.448581,-1.252930,1.937987,0.082719,0.012211,0.022082,0.000083,0.026916,0.001146
74.603000,SAMPLE,2,4.424779,-1.255767,1.933778,4.451196,-1.177174,1.945894,4.445981,-1.248328,1.937030,4.441211,-1.233916,1.934658,0.082914,0.012116,0.022470,0.003253,0.027340,0.000880
74.694000,SAMPLE,2,4.418490,-1.239135,1.930398,4.445645,-1.163023,1.943168,4.439132,-1.231388,1.933817,4.435716,-1.219786,1.932096,0.080811,0.012770,0.022048,0.003419,0.025906,0.001698
74.786000,SAMPLE,2,4.411608,-1.220596,1.921653,4.438448,-1.144363,1.934299,4.434613,-1.211132,1.929429,4.428908,-1.200917,1.923254,0.080820,0.012646,0.024875,0.007776,0.026202,0.001601
74.872000,SAMPLE,2,4.405785,-1.204481,1.913316,4.432997,-1.129870,1.926720,4.427738,-1.191919,1.920273,4.423808,-1.186264,1.915821,0.079418,0.013404,0.025294,0.006957,0.025626,0.002505
74.969000,SAMPLE,2,4.400673,-1.189976,1.905453,4.426627,-1.112485,1.917247,4.420186,-1.175105,1.910873,4.417574,-1.168612,1.906486,0.081722,0.011793,0.024533,0.005420,0.027240,0.001033
75.049000,SAMPLE,2,4.395193,-1.174013,1.897463,4.421279,-1.097495,1.909668,4.413372,-1.157071,1.901280,4.412364,-1.153628,1.898963,0.080843,0.012205,0.024849,0.003817,0.026653,0.001500
75.147000,SAMPLE,2,4.389107,-1.155768,1.887893,4.415099,-1.079695,1.900194,4.407842,-1.137139,1.891794,4.406426,-1.135617,1.889561,0.080391,0.012301,0.026420,0.003901,0.026570,0.001668
75.228000,SAMPLE,2,4.384378,-1.141163,1.879591,4.410487,-1.066031,1.892365,4.407842,-1.137139,1.891794,4.401913,-1.121810,1.881982,0.079539,0.012774,0.023807,0.012203,0.026116,0.002390
75.328000,SAMPLE,2,4.378168,-1.121165,1.863657,4.404339,-1.047110,1.877102,4.396518,-1.101860,1.867778,4.395993,-1.102692,1.866770,0.078544,0.013445,0.026635,0.004120,0.025671,0.003112
75.422000,SAMPLE,2,4.373870,-1.106588,1.851183,4.398817,-1.029162,1.861312,4.396518,-1.101860,1.867778,4.390690,-1.084642,1.851169,0.081346,0.010129,0.023136,0.016594,0.027651,0.000015
75.519000,SAMPLE,2,4.368630,-1.087829,1.835194,4.394534,-1.014490,1.848681,4.389036,-1.085039,1.851940,4.386292,-1.069863,1.838643,0.077779,0.013487,0.020596,0.016746,0.025194,0.003449
75.612000,SAMPLE,2,4.363771,-1.069333,1.819859,4.389341,-0.995733,1.832891,4.384174,-1.062949,1.836261,4.381232,-1.051266,1.823593,0.077916,0.013033,0.021379,0.016402,0.025127,0.003734
75.703000,SAMPLE,2,4.359441,-1.051762,1.804543,4.384720,-0.977955,1.817102,4.378995,-1.044496,1.820574,4.376539,-1.032710,1.807256,0.078016,0.012559,0.020861,0.016032,0.025599,0.002713
75.803000,SAMPLE,2,4.355059,-1.032693,1.788753,4.380180,-0.959257,1.801312,4.374987,-1.029442,1.804815,4.372040,-1.013921,1.791605,0.077614,0.012559,0.020191,0.016062,0.025313,0.002852
75.884000,SAMPLE,2,4.352139,-1.019163,1.777751,4.376726,-0.944119,1.789181,4.372054,-1.007090,1.788784,4.368824,-0.998460,1.779032,0.078968,0.011430,0.023288,0.011033,0.026589,0.001281
75.980000,SAMPLE,2,4.348465,-1.001225,1.767672,4.373599,-0.929751,1.781115,4.365517,-0.987785,1.774307,4.365570,-0.983277,1.770457,0.075765,0.013443,0.021711,0.006635,0.024793,0.002785
76.077000,SAMPLE,2,4.344605,-0.981094,1.752804,4.369582,-0.910244,1.766223,4.361509,-0.969178,1.762838,4.361450,-0.962915,1.754856,0.075124,0.013419,0.020681,0.010034,0.024783,0.002053
76.167000,SAMPLE,2,4.341332,-0.962816,1.743325,4.365906,-0.891164,1.756144,4.359332,-0.949824,1.749080,4.357979,-0.943682,1.744727,0.075749,0.012819,0.022199,0.005755,0.025362,0.001402
76.265000,SAMPLE,2,4.338750,-0.947655,1.735462,4.362571,-0.872897,1.746670,4.354859,-0.931077,1.739381,4.354612,-0.924611,1.734950,0.078461,0.011208,0.023116,0.003919,0.027976,0.000512
76.365000,SAMPLE,2,4.335390,-0.926819,1.725478,4.359188,-0.853324,1.737197,4.350262,-0.912004,1.729913,4.351154,-0.904985,1.725571,0.077251,0.011719,0.020992,0.004435,0.026929,0.000093
76.461000,SAMPLE,2,4.332544,-0.907990,1.716004,4.356164,-0.834791,1.727723,4.348240,-0.892395,1.720577,4.348185,-0.886301,1.716233,0.076916,0.011719,0.022126,0.004573,0.026740,0.000229
76.552000,SAMPLE,2,4.330070,-0.890522,1.706910,4.353965,-0.820538,1.720144,4.345884,-0.874088,1.711259,4.346022,-0.871734,1.708792,0.073951,0.013234,0.022807,0.004349,0.024647,0.001882
76.651000,SAMPLE,2,4.327487,-0.870984,1.697341,4.351165,-0.801320,1.710670,4.343925,-0.855369,1.701883,4.343385,-0.851991,1.699091,0.073578,0.013329,0.022672,0.004542,0.024769,0.001750
76.747000,SAMPLE,2,4.325604,-0.855720,1.689478,4.348689,-0.783119,1.701197,4.340843,-0.837372,1.692364,4.340987,-0.833399,1.689425,0.076183,0.011719,0.023851,0.002886,0.027108,0.000053
76.837000,SAMPLE,2,4.323585,-0.838134,1.680732,4.346758,-0.767937,1.693618,4.338940,-0.818400,1.683081,4.339126,-0.817623,1.681691,0.073923,0.012885,0.025004,0.002348,0.025734,0.000959
76.933000,SAMPLE,2,4.321588,-0.819260,1.671517,4.344469,-0.748651,1.684144,4.336950,-0.799066,1.673735,4.337000,-0.798003,1.672123,0.074224,0.012627,0.025374,0.002217,0.026256,0.000605
77.020000,SAMPLE,2,4.319950,-0.802333,1.662802,4.342860,-0.734034,1.676565,4.335524,-0.781160,1.664220,4.335556,-0.783401,1.664544,0.072039,0.013763,0.026284,0.001419,0.024535,0.001742
77.112000,SAMPLE,2,4.318328,-0.783844,1.654157,4.340956,-0.715225,1.667091,4.335524,-0.781160,1.664220,4.333845,-0.764139,1.655008,0.072254,0.012934,0.017404,0.010063,0.025081,0.000851
77.194000,SAMPLE,2,4.317176,-0.769860,1.652812,4.339476,-0.699674,1.665262,4.333559,-0.761868,1.654850,4.332551,-0.748822,1.651768,0.073643,0.012450,0.018229,0.002038,0.026058,0.001044
77.290000,SAMPLE,2,4.315782,-0.752322,1.646032,4.337794,-0.681383,1.658189,4.332003,-0.741838,1.652232,4.331093,-0.730634,1.644729,0.074276,0.012157,0.019315,0.006200,0.026548,0.001302
77.387000,SAMPLE,2,4.314428,-0.733140,1.636558,4.336219,-0.662332,1.648715,4.330297,-0.723103,1.644090,4.329675,-0.711059,1.635490,0.074085,0.012157,0.018777,0.007532,0.026833,0.001068
77.478000,SAMPLE,2,4.313345,-0.715582,1.628032,4.335070,-0.646880,1.641136,4.329818,-0.703349,1.634572,4.328766,-0.695694,1.628463,0.072055,0.013104,0.020518,0.006541,0.025166,0.000431
77.571000,SAMPLE,2,4.312399,-0.697678,1.618937,4.333858,-0.628436,1.631662,4.327587,-0.683616,1.624924,4.327680,-0.677168,1.619403,0.072491,0.012726,0.020699,0.005988,0.025577,0.000466
77.671000,SAMPLE,2,4.311511,-0.677230,1.609274,4.332739,-0.608541,1.622189,4.327419,-0.664705,1.615440,4.326807,-0.656812,1.609895,0.071895,0.012915,0.020247,0.006166,0.025512,0.000622
77.766000,SAMPLE,2,4.310853,-0.658374,1.603795,4.331839,-0.589615,1.616215,4.326268,-0.645941,1.605828,4.326105,-0.637936,1.603541,0.071890,0.012420,0.019804,0.002034,0.025502,0.000254
77.861000,SAMPLE,2,4.310346,-0.643246,1.605400,4.330956,-0.570509,1.618347,4.324980,-0.626392,1.603186,4.325412,-0.619228,1.605711,0.075601,0.012947,0.022321,0.002214,0.028353,0.000311
77.951000,SAMPLE,2,4.309678,-0.624749,1.608337,4.330178,-0.554591,1.620873,4.323998,-0.608231,1.606073,4.324742,-0.603482,1.607951,0.073091,0.012536,0.021861,0.002264,0.026061,0.000386
78.050000,SAMPLE,2,4.308935,-0.605752,1.611526,4.329204,-0.535753,1.624031,4.322912,-0.588912,1.609259,4.323864,-0.584343,1.611006,0.072875,0.012504,0.021885,0.002267,0.026100,0.000520
78.144000,SAMPLE,2,4.308182,-0.587984,1.614384,4.328213,-0.517675,1.626689,4.322675,-0.570263,1.612619,4.323019,-0.565651,1.614114,0.073106,0.012304,0.022893,0.001765,0.026812,0.000271
78.238000,SAMPLE,2,4.307367,-0.569342,1.615653,4.327319,-0.501700,1.627665,4.322235,-0.550446,1.613645,4.322303,-0.549288,1.614573,0.070522,0.012012,0.024044,0.002008,0.025004,0.001080
78.337000,SAMPLE,2,4.306495,-0.550584,1.618905,4.326243,-0.483311,1.630823,4.322235,-0.550446,1.613645,4.321479,-0.530991,1.617730,0.070112,0.011918,0.015740,0.005260,0.024665,0.001175
78.422000,SAMPLE,2,4.305836,-0.537155,1.620032,4.325082,-0.464357,1.632339,4.321802,-0.532038,1.617727,4.320627,-0.512421,1.619497,0.075299,0.012307,0.016766,0.002305,0.028819,0.000534
78.522000,SAMPLE,2,4.304868,-0.517507,1.620095,4.323892,-0.445067,1.632844,4.322027,-0.514952,1.620006,4.319848,-0.493462,1.620221,0.074896,0.012749,0.017348,0.000088,0.028329,0.000126
78.617000,SAMPLE,2,4.303932,-0.499120,1.623253,4.322964,-0.430423,1.635370,4.320537,-0.492363,1.619232,4.319240,-0.479196,1.622427,0.071285,0.012118,0.017928,0.004021,0.025126,0.000825
78.714000,SAMPLE,2,4.302855,-0.479212,1.626411,4.321645,-0.410508,1.638528,4.319421,-0.474477,1.622236,4.318206,-0.458676,1.625549,0.071227,0.012118,0.017229,0.004174,0.025640,0.000862
78.805000,SAMPLE,2,4.301826,-0.461042,1.627658,4.320309,-0.391133,1.639949,4.318261,-0.455460,1.625583,4.317170,-0.439430,1.626698,0.072311,0.012292,0.017357,0.002075,0.026505,0.000960
78.900000,SAMPLE,2,4.300793,-0.442903,1.627658,4.319025,-0.372599,1.639949,4.317096,-0.435734,1.626913,4.316369,-0.424874,1.626738,0.072630,0.012292,0.017810,0.000745,0.023826,0.000920
79.000000,SAMPLE,2,4.299816,-0.425742,1.627658,4.317920,-0.356637,1.639949,4.315915,-0.416688,1.626866,4.315248,-0.404882,1.626762,0.071436,0.012292,0.018470,0.000792,0.025948,0.000895
79.095000,SAMPLE,2,4.298752,-0.407045,1.627658,4.316608,-0.337703,1.639949,4.314500,-0.397915,1.627231,4.314144,-0.386036,1.626853,0.071603,0.012292,0.018203,0.000427,0.026044,0.000805
79.186000,SAMPLE,2,4.297740,-0.389285,1.627658,4.315286,-0.318612,1.639949,4.313691,-0.379402,1.626803,4.313065,-0.366969,1.626844,0.072818,0.012292,0.018765,0.000854,0.027071,0.000814
79.285000,SAMPLE,2,4.296606,-0.369175,1.625826,4.313924,-0.298785,1.638023,4.312722,-0.360285,1.627167,4.311972,-0.347365,1.625010,0.072489,0.012197,0.018406,0.001341,0.026680,0.000816
79.381000,SAMPLE,2,4.295606,-0.350667,1.624516,4.312713,-0.280531,1.636823,4.312431,-0.339514,1.624385,4.311094,-0.329079,1.624376,0.072193,0.012307,0.020186,0.000130,0.026570,0.000139
79.478000,SAMPLE,2,4.294590,-0.331565,1.622484,4.311708,-0.265216,1.635276,4.311430,-0.322125,1.624676,4.310349,-0.313632,1.623168,0.068521,0.012792,0.019305,0.002193,0.023873,0.000684
79.565000,SAMPLE,2,4.293865,-0.317221,1.620147,4.310487,-0.245834,1.632118,4.310398,-0.301825,1.621485,4.309453,-0.294745,1.620172,0.073297,0.011971,0.022591,0.001338,0.027353,0.000026
79.662000,SAMPLE,2,4.292977,-0.298664,1.616989,4.309375,-0.227246,1.628960,4.309041,-0.282879,1.618514,4.308568,-0.276000,1.617058,0.073276,0.011971,0.022521,0.001526,0.027509,0.000069
79.743000,SAMPLE,2,4.292212,-0.281627,1.614305,4.308465,-0.211272,1.626433,4.309041,-0.282879,1.618514,4.307843,-0.260017,1.614532,0.072208,0.012129,0.016876,0.004210,0.026671,0.000227
79.834000,SAMPLE,2,4.291440,-0.263297,1.611305,4.307622,-0.195779,1.623907,4.306265,-0.263575,1.614112,4.306996,-0.245008,1.611931,0.069430,0.012602,0.014827,0.002807,0.024010,0.000626
79.934000,SAMPLE,2,4.290834,-0.247835,1.608589,4.306695,-0.177803,1.620749,4.306124,-0.226359,1.608054,4.306215,-0.227281,1.608726,0.071806,0.012160,0.026363,0.000535,0.025671,0.000137
80.027000,SAMPLE,2,4.290117,-0.228059,1.605463,4.305733,-0.157942,1.617591,4.306124,-0.226359,1.608054,4.305487,-0.207396,1.605444,0.071835,0.012129,0.016097,0.002592,0.025753,0.000019
80.124000,SAMPLE,2,4.289484,-0.208942,1.602273,4.304881,-0.139119,1.614433,4.304213,-0.187324,1.602785,4.304798,-0.189096,1.602484,0.071500,0.012160,0.026158,0.000511,0.025068,0.000211
80.217000,SAMPLE,2,4.288965,-0.191628,1.599273,4.304274,-0.124795,1.611907,4.304213,-0.187324,1.602785,4.304284,-0.174537,1.600015,0.068563,0.012634,0.015844,0.003511,0.022952,0.000742
80.299000,SAMPLE,2,4.288499,-0.174485,1.596557,4.303636,-0.108808,1.609381,4.303808,-0.170286,1.599408,4.303789,-0.158513,1.597495,0.067399,0.012823,0.015874,0.002850,0.022111,0.000937
80.400000,SAMPLE,2,4.288085,-0.157825,1.595452,4.302792,-0.086182,1.607707,4.303398,-0.150502,1.596097,4.303284,-0.139521,1.595575,0.073138,0.012255,0.016974,0.000645,0.023792,0.000123
80.499000,SAMPLE,2,4.287623,-0.138762,1.593771,4.302233,-0.070844,1.606160,4.302368,-0.130535,1.594928,4.302743,-0.120667,1.594189,0.069471,0.012389,0.016885,0.001157,0.023580,0.000418
80.587000,SAMPLE,2,4.287225,-0.120652,1.592374,4.301568,-0.051382,1.604581,4.301836,-0.111900,1.592795,4.302227,-0.100754,1.592158,0.070739,0.012206,0.017031,0.000421,0.024919,0.000216
80.679000,SAMPLE,2,4.286832,-0.102435,1.592374,4.301056,-0.036233,1.604581,4.300657,-0.092074,1.591718,4.301741,-0.085469,1.592080,0.067713,0.012206,0.017277,0.000656,0.022586,0.000295
80.774000,SAMPLE,2,4.286500,-0.086743,1.590915,4.300423,-0.017285,1.603002,4.300055,-0.073311,1.592198,4.301160,-0.066197,1.590332,0.070839,0.012087,0.019083,0.001283,0.025240,0.000583
80.869000,SAMPLE,2,4.286140,-0.067421,1.587788,4.299828,0.002137,1.599844,4.302044,-0.053967,1.589216,4.300928,-0.046779,1.587318,0.070891,0.012056,0.020831,0.001428,0.025392,0.000470
80.961000,SAMPLE,2,4.285867,-0.050286,1.586382,4.299314,0.020456,1.598549,4.302039,-0.033881,1.585074,4.300813,-0.028688,1.585350,0.072008,0.012167,0.023036,0.001308,0.026265,0.001032
81.046000,SAMPLE,2,4.285605,-0.033478,1.586383,4.298886,0.035882,1.598549,4.302039,-0.033881,1.585074,4.300586,-0.013110,1.585350,0.070620,0.012167,0.016438,0.001308,0.025284,0.001032
81.129000,SAMPLE,2,4.285339,-0.016399,1.585972,4.298455,0.051413,1.598328,4.300251,0.003596,1.586659,4.300410,0.001859,1.584881,0.069068,0.012356,0.024943,0.000687,0.023674,0.001091
81.229000,SAMPLE,2,4.285084,0.002285,1.583288,4.297979,0.069743,1.595455,4.300251,0.003596,1.586659,4.300133,0.020378,1.582055,0.068680,0.012167,0.015223,0.003371,0.023533,0.001233
81.320000,SAMPLE,2,4.284893,0.017577,1.583288,4.297605,0.084875,1.595455,4.297818,0.021594,1.583869,4.299665,0.035250,1.582414,0.068488,0.012166,0.013534,0.000581,0.023033,0.000874
81.404000,SAMPLE,2,4.284684,0.034902,1.581779,4.297133,0.104333,1.593844,4.298997,0.040977,1.582164,4.299376,0.054344,1.581105,0.070538,0.012065,0.015549,0.000385,0.024369,0.000674
81.503000,SAMPLE,2,4.284495,0.053856,1.580468,4.296723,0.122897,1.592644,4.299163,0.058925,1.580824,4.299168,0.073131,1.580539,0.070115,0.012176,0.015519,0.000356,0.024224,0.000071
81.597000,SAMPLE,2,4.284309,0.073055,1.580468,4.296374,0.138893,1.592644,4.300024,0.078836,1.579676,4.299128,0.089331,1.580374,0.066934,0.012176,0.016745,0.000792,0.022011,0.000094
81.688000,SAMPLE,2,4.284168,0.088374,1.578969,4.295960,0.158246,1.590939,4.299136,0.098752,1.579796,4.298963,0.108719,1.579002,0.070861,0.011970,0.018215,0.000827,0.025156,0.000033
81.778000,SAMPLE,2,4.284047,0.105454,1.577485,4.295685,0.172560,1.589644,4.298201,0.118226,1.577507,4.298778,0.123311,1.577066,0.068107,0.012159,0.019065,0.000022,0.023149,0.000419
81.875000,SAMPLE,2,4.283919,0.124580,1.577485,4.295311,0.192409,1.589644,4.298338,0.136953,1.577036,4.298610,0.143463,1.577062,0.068779,0.012159,0.019000,0.000449,0.023925,0.000424
81.954000,SAMPLE,2,4.283817,0.139861,1.577281,4.295025,0.207553,1.589613,4.299078,0.156097,1.576566,4.298584,0.158749,1.576966,0.068614,0.012332,0.022282,0.000714,0.023976,0.000315
82.047000,SAMPLE,2,4.283730,0.157350,1.574603,4.294713,0.225677,1.586802,4.298971,0.174970,1.574998,4.298547,0.177701,1.574695,0.069204,0.012199,0.023297,0.000395,0.025173,0.000092
82.139000,SAMPLE,2,4.283658,0.176182,1.574603,4.294457,0.241675,1.586802,4.297654,0.192617,1.574084,4.298484,0.193700,1.574695,0.066378,0.012199,0.021588,0.000518,0.022951,0.000092
82.237000,SAMPLE,2,4.283598,0.191898,1.574603,4.294154,0.260620,1.586802,4.297589,0.212562,1.574042,4.298320,0.212498,1.574581,0.069528,0.012199,0.024955,0.000561,0.025319,0.000022
82.317000,SAMPLE,2,4.283535,0.208455,1.574603,4.293914,0.275586,1.586802,4.297589,0.212562,1.574042,4.298182,0.227663,1.574481,0.067929,0.012199,0.014642,0.000561,0.024156,0.000122
82.393000,SAMPLE,2,4.283475,0.224379,1.574368,4.293658,0.291584,1.586802,4.298375,0.231360,1.573947,4.298154,0.243627,1.574382,0.067973,0.012435,0.016455,0.000420,0.024207,0.000015
82.490000,SAMPLE,2,4.283437,0.242873,1.571273,4.293386,0.310456,1.583644,4.298559,0.250706,1.573163,4.298160,0.262368,1.571745,0.068311,0.012371,0.017030,0.001890,0.024430,0.000473
82.586000,SAMPLE,2,4.283445,0.260716,1.570136,4.293172,0.328560,1.582318,4.298326,0.270047,1.570074,4.298184,0.280745,1.570404,0.068538,0.012182,0.017565,0.000062,0.024868,0.000268
82.675000,SAMPLE,2,4.283455,0.276695,1.570136,4.292988,0.344559,1.582318,4.297827,0.288630,1.569457,4.298158,0.296732,1.570226,0.068531,0.012182,0.018682,0.000678,0.024853,0.000090
82.771000,SAMPLE,2,4.283467,0.295190,1.570136,4.292770,0.363474,1.582318,4.297702,0.308707,1.569545,4.298123,0.316085,1.570102,0.068914,0.012182,0.019630,0.000591,0.025522,0.000034
82.856000,SAMPLE,2,4.283479,0.311905,1.570135,4.292594,0.378757,1.582318,4.298284,0.327666,1.569293,4.298161,0.331516,1.569946,0.067471,0.012183,0.021624,0.000842,0.024498,0.000189
82.943000,SAMPLE,2,4.283490,0.329105,1.570135,4.292370,0.398134,1.582318,4.298421,0.347298,1.569246,4.298214,0.350909,1.569812,0.069599,0.012183,0.023536,0.000889,0.026310,0.000324
83.039000,SAMPLE,2,4.283502,0.348063,1.570135,4.292196,0.413291,1.582318,4.298421,0.347298,1.569246,4.298229,0.366067,1.569812,0.065805,0.012183,0.014938,0.000889,0.023260,0.000324
83.135000,SAMPLE,2,4.283513,0.363556,1.570135,4.291978,0.432216,1.582318,4.299307,0.385040,1.570121,4.298414,0.384684,1.569833,0.069180,0.012183,0.026665,0.000014,0.025854,0.000302
83.233000,SAMPLE,2,4.283534,0.383423,1.568437,4.291762,0.451668,1.580676,4.299259,0.405028,1.569050,4.298623,0.404642,1.568065,0.068739,0.012239,0.026721,0.000613,0.026037,0.000372
83.309000,SAMPLE,2,4.283584,0.398402,1.567063,4.291630,0.466457,1.579255,4.299259,0.405028,1.569050,4.298677,0.419379,1.566171,0.068529,0.012192,0.017018,0.001987,0.025842,0.000892
83.402000,SAMPLE,2,4.283652,0.416611,1.567062,4.291468,0.485614,1.579255,4.299753,0.423990,1.567078,4.298880,0.438660,1.566340,0.069444,0.012193,0.017712,0.000016,0.026796,0.000722
83.497000,SAMPLE,2,4.283722,0.435190,1.567062,4.291337,0.501140,1.579255,4.300265,0.443260,1.567004,4.299104,0.454205,1.566462,0.066388,0.012193,0.018407,0.000058,0.024458,0.000600
83.595000,SAMPLE,2,4.283779,0.450611,1.567062,4.291181,0.519571,1.579255,4.299896,0.462622,1.566846,4.299270,0.472641,1.566532,0.069355,0.012193,0.020099,0.000216,0.026931,0.000530
83.691000,SAMPLE,2,4.283850,0.469610,1.567062,4.291020,0.538623,1.579255,4.298744,0.479023,1.567283,4.299273,0.491219,1.566681,0.069384,0.012193,0.017618,0.000221,0.026548,0.000381
83.774000,SAMPLE,2,4.283912,0.486079,1.566952,4.290889,0.554148,1.579223,4.299168,0.498527,1.567066,4.299316,0.506621,1.566456,0.068426,0.012271,0.019690,0.000114,0.025676,0.000496
83.863000,SAMPLE,2,4.284002,0.503066,1.564117,4.290765,0.572232,1.576350,4.299351,0.517506,1.565793,4.299411,0.525326,1.564312,0.069496,0.012233,0.021074,0.001677,0.027073,0.000195
83.946000,SAMPLE,2,4.284113,0.519665,1.564117,4.290676,0.588232,1.576350,4.299767,0.537319,1.564758,4.299543,0.541325,1.564396,0.068880,0.012233,0.023594,0.000642,0.026594,0.000279
84.036000,SAMPLE,2,4.284230,0.537183,1.564117,4.290590,0.603779,1.576350,4.300018,0.557904,1.564774,4.299643,0.556841,1.564396,0.066899,0.012233,0.026050,0.000657,0.024980,0.000279
84.132000,SAMPLE,2,4.284352,0.555402,1.564116,4.290490,0.621779,1.576350,4.300033,0.575204,1.564626,4.299827,0.575529,1.564495,0.066660,0.012233,0.025259,0.000509,0.025388,0.000379
84.227000,SAMPLE,2,4.284460,0.571581,1.564116,4.290379,0.641673,1.576350,4.300033,0.575204,1.564626,4.299952,0.595318,1.564495,0.070342,0.012233,0.015989,0.000509,0.028345,0.000379
84.322000,SAMPLE,2,4.284586,0.590465,1.564116,4.290275,0.660473,1.576350,4.299997,0.595433,1.563829,4.300084,0.614068,1.564367,0.070238,0.012233,0.016192,0.000288,0.028236,0.000251
84.412000,SAMPLE,2,4.284697,0.607106,1.564116,4.290195,0.674894,1.576350,4.300265,0.610579,1.563644,4.300206,0.627733,1.564224,0.068010,0.012234,0.015950,0.000472,0.025807,0.000108
84.500000,SAMPLE,2,4.284822,0.625779,1.564116,4.290084,0.694746,1.576350,4.299938,0.629495,1.563686,4.300283,0.643468,1.564123,0.069167,0.012234,0.015566,0.000430,0.023493,0.000007
84.595000,SAMPLE,2,4.284925,0.641116,1.564116,4.290000,0.709883,1.576350,4.301435,0.653001,1.563477,4.300547,0.661677,1.563989,0.068953,0.012234,0.020343,0.000640,0.025822,0.000127
84.691000,SAMPLE,2,4.285044,0.658904,1.564116,4.289900,0.727903,1.576350,4.301017,0.668561,1.564112,4.300717,0.679362,1.564011,0.069170,0.012234,0.018665,0.000004,0.025771,0.000104
84.786000,SAMPLE,2,4.285171,0.677925,1.564116,4.289793,0.747282,1.576350,4.300535,0.686856,1.563962,4.300821,0.698671,1.564003,0.069511,0.012234,0.017772,0.000154,0.025987,0.000113
84.884000,SAMPLE,2,4.285298,0.696954,1.563775,4.289689,0.766082,1.575908,4.300526,0.706441,1.563901,4.300908,0.717430,1.563985,0.069267,0.012132,0.017941,0.000126,0.025748,0.000210
84.982000,SAMPLE,2,4.285458,0.716741,1.562487,4.289609,0.785324,1.574771,4.301337,0.725325,1.563002,4.301099,0.736822,1.563286,0.068708,0.012283,0.018051,0.000514,0.025454,0.000799
85.069000,SAMPLE,2,4.285587,0.732256,1.562487,4.289547,0.800839,1.574771,4.301164,0.747192,1.562272,4.301227,0.752569,1.563095,0.068698,0.012283,0.021581,0.000216,0.025637,0.000608
85.165000,SAMPLE,2,4.285728,0.749288,1.562487,4.289474,0.819123,1.574771,4.300589,0.763247,1.562783,4.301280,0.770339,1.563037,0.069936,0.012283,0.020389,0.000296,0.026173,0.000550
85.245000,SAMPLE,2,4.285861,0.765212,1.562487,4.289414,0.834408,1.574771,4.300589,0.763247,1.562783,4.301399,0.785749,1.563037,0.069286,0.012284,0.014859,0.000296,0.025753,0.000550
85.340000,SAMPLE,2,4.286021,0.784580,1.562487,4.289337,0.853744,1.574771,4.302252,0.784241,1.560981,4.301648,0.800588,1.562626,0.069243,0.012284,0.016234,0.001505,0.022370,0.000139
85.438000,SAMPLE,2,4.286149,0.799981,1.562487,4.289279,0.868397,1.574771,4.302274,0.819570,1.562103,4.301845,0.818678,1.562501,0.068488,0.012284,0.025372,0.000384,0.024412,0.000014
85.522000,SAMPLE,2,4.286290,0.816842,1.562487,4.289203,0.887449,1.574771,4.302274,0.819570,1.562103,4.302059,0.837939,1.562427,0.070667,0.012284,0.016215,0.000383,0.026339,0.000060
85.619000,SAMPLE,2,4.286448,0.835904,1.562487,4.289141,0.902996,1.574771,4.301536,0.842109,1.562023,4.302133,0.853943,1.562354,0.067146,0.012284,0.016314,0.000464,0.023904,0.000133
85.705000,SAMPLE,2,4.286593,0.852632,1.561215,4.289073,0.921628,1.573539,4.301941,0.858151,1.562780,4.302262,0.872275,1.561173,0.069041,0.012324,0.016310,0.001564,0.025127,0.000042
85.801000,SAMPLE,2,4.286774,0.871547,1.561215,4.289019,0.941470,1.573539,4.302067,0.879220,1.560112,4.302427,0.891445,1.560965,0.069959,0.012324,0.017110,0.001103,0.025318,0.000251
85.901000,SAMPLE,2,4.286961,0.891061,1.561215,4.288967,0.960417,1.573539,4.302768,0.897422,1.560832,4.302647,0.910201,1.560939,0.069385,0.012324,0.017039,0.000384,0.024746,0.000277
85.990000,SAMPLE,2,4.287127,0.908333,1.561215,4.288927,0.975143,1.573539,4.302947,0.915528,1.560821,4.302824,0.925095,1.560916,0.066835,0.012324,0.017379,0.000394,0.022965,0.000299
86.088000,SAMPLE,2,4.287293,0.925711,1.561215,4.288872,0.995080,1.573539,4.302652,0.935144,1.560218,4.302999,0.945207,1.560787,0.069387,0.012324,0.018024,0.000997,0.025036,0.000428
86.181000,SAMPLE,2,4.287460,0.943101,1.561215,4.288820,1.013859,1.573539,4.303208,0.954794,1.561235,4.303197,0.964179,1.560871,0.070771,0.012324,0.019615,0.000020,0.026305,0.000344
86.276000,SAMPLE,2,4.287642,0.962141,1.561215,4.288778,1.029164,1.573539,4.302997,0.974964,1.559733,4.303325,0.979551,1.560652,0.067033,0.012325,0.020005,0.001481,0.023432,0.000563
86.374000,SAMPLE,2,4.287824,0.981129,1.561215,4.288725,1.048617,1.573539,4.304326,0.992738,1.560200,4.303628,0.998632,1.560562,0.067494,0.012325,0.020176,0.001015,0.023581,0.000653
86.472000,SAMPLE,2,4.288012,0.999665,1.559305,4.288683,1.066996,1.571834,4.303313,1.010794,1.561275,4.303747,1.016639,1.559557,0.067334,0.012529,0.018920,0.001970,0.023145,0.000253
86.569000,SAMPLE,2,4.288250,1.018712,1.558112,4.288684,1.086091,1.570476,4.304640,1.029944,1.558459,4.304063,1.035574,1.558323,0.067379,0.012364,0.019870,0.000347,0.023117,0.000211
86.669000,SAMPLE,2,4.288502,1.038606,1.558112,4.288690,1.105480,1.570476,4.303907,1.049296,1.558645,4.304266,1.055167,1.558384,0.066875,0.012364,0.018751,0.000533,0.022864,0.000272
86.766000,SAMPLE,2,4.288693,1.053646,1.558112,4.288696,1.124038,1.570476,4.304468,1.068027,1.557731,4.304513,1.074083,1.558262,0.070392,0.012364,0.021347,0.000381,0.025845,0.000150
86.852000,SAMPLE,2,4.288925,1.071981,1.558112,4.288701,1.140006,1.570476,4.305059,1.087583,1.557953,4.304767,1.090652,1.558205,0.068025,0.012364,0.022443,0.000159,0.024485,0.000093
86.950000,SAMPLE,2,4.289162,1.090644,1.558112,4.288707,1.158880,1.570476,4.304962,1.108517,1.556839,4.305004,1.109450,1.558205,0.068238,0.012364,0.023855,0.001273,0.024589,0.000093
87.026000,SAMPLE,2,4.289354,1.105715,1.558112,4.288712,1.173322,1.570476,4.304962,1.108517,1.556839,4.305200,1.123904,1.557937,0.067610,0.012364,0.015858,0.001272,0.024124,0.000174
87.125000,SAMPLE,2,4.289567,1.122514,1.558112,4.288718,1.193206,1.570476,4.305258,1.125271,1.557044,4.305474,1.143853,1.557769,0.070698,0.012364,0.015931,0.001068,0.026616,0.000342
87.224000,SAMPLE,2,4.289809,1.141618,1.558112,4.288724,1.212017,1.570476,4.305549,1.143558,1.557983,4.305718,1.162096,1.557811,0.070407,0.012364,0.015859,0.000128,0.025931,0.000301
87.308000,SAMPLE,2,4.290017,1.157974,1.558111,4.288729,1.226396,1.570476,4.307058,1.164771,1.557478,4.306068,1.176852,1.557744,0.068434,0.012365,0.018347,0.000634,0.024779,0.000368
87.404000,SAMPLE,2,4.290254,1.176688,1.558111,4.288735,1.246259,1.570476,4.306396,1.182034,1.557651,4.306360,1.196779,1.557726,0.069587,0.012365,0.017004,0.000460,0.025750,0.000386
87.504000,SAMPLE,2,4.290498,1.195919,1.558111,4.288741,1.265080,1.570476,4.307240,1.204604,1.556333,4.306712,1.215078,1.557444,0.069183,0.012365,0.018861,0.001778,0.025099,0.000667
87.600000,SAMPLE,2,4.290742,1.215127,1.558111,4.288746,1.280364,1.570476,4.306925,1.222139,1.556692,4.306946,1.230895,1.557305,0.065268,0.012365,0.017637,0.001419,0.022610,0.000806
87.698000,SAMPLE,2,4.290946,1.231220,1.558111,4.288752,1.299859,1.570476,4.307201,1.239772,1.557555,4.307217,1.249949,1.557352,0.068674,0.012365,0.018368,0.000556,0.024810,0.000759
87.784000,SAMPLE,2,4.291171,1.248925,1.558111,4.288758,1.318280,1.570476,4.307441,1.259495,1.557073,4.307486,1.268924,1.557302,0.069397,0.012365,0.019403,0.001038,0.025810,0.000809
87.879000,SAMPLE,2,4.291403,1.267269,1.558111,4.288763,1.333522,1.570476,4.307690,1.277001,1.557473,4.307697,1.283857,1.557335,0.066305,0.012365,0.018972,0.000638,0.023252,0.000776
87.966000,SAMPLE,2,4.291615,1.283921,1.558111,4.288769,1.352954,1.570476,4.308319,1.297166,1.557693,4.308009,1.303403,1.557400,0.069091,0.012365,0.021318,0.000417,0.025462,0.000710
88.063000,SAMPLE,2,4.291853,1.302677,1.558110,4.288775,1.371543,1.570476,4.308792,1.315882,1.557535,4.308332,1.322220,1.557424,0.068935,0.012366,0.021478,0.000575,0.025563,0.000687
88.152000,SAMPLE,2,4.292084,1.320875,1.558110,4.288780,1.387543,1.570476,4.310183,1.334985,1.557956,4.308546,1.338218,1.557424,0.066750,0.012366,0.022949,0.000154,0.023912,0.000687
88.247000,SAMPLE,2,4.292283,1.336570,1.558111,4.288787,1.406943,1.570476,4.310183,1.334985,1.557956,4.308996,1.357195,1.557521,0.070460,0.012366,0.017970,0.000154,0.026547,0.000590
88.342000,SAMPLE,2,4.292510,1.354490,1.558072,4.288793,1.425575,1.570003,4.310693,1.373482,1.556405,4.309547,1.375598,1.556480,0.071182,0.011931,0.026293,0.001666,0.027126,0.001592
88.437000,SAMPLE,2,4.292787,1.373896,1.555009,4.288826,1.441575,1.567476,4.310693,1.373482,1.556405,4.309791,1.391596,1.553953,0.067794,0.012468,0.017911,0.001397,0.024545,0.001055
88.533000,SAMPLE,2,4.293118,1.393000,1.551819,4.288919,1.460490,1.564318,4.312742,1.393902,1.554155,4.310478,1.410748,1.550823,0.067621,0.012499,0.019644,0.002336,0.024826,0.000996
88.617000,SAMPLE,2,4.293454,1.409460,1.549104,4.289036,1.475585,1.561792,4.311138,1.412245,1.551114,4.310869,1.426078,1.548349,0.066272,0.012688,0.017902,0.002010,0.024072,0.000755
88.710000,SAMPLE,2,4.293901,1.428759,1.546040,4.289247,1.495520,1.558634,4.311490,1.431360,1.548168,4.311415,1.446556,1.545156,0.066923,0.012594,0.017780,0.002128,0.024968,0.000884
88.798000,SAMPLE,2,4.294302,1.443806,1.541333,4.289457,1.510677,1.554308,4.312490,1.451187,1.544898,4.311929,1.461808,1.541698,0.067046,0.012975,0.019629,0.003566,0.025196,0.000365
88.881000,SAMPLE,2,4.294830,1.459775,1.535093,4.289849,1.529652,1.546726,4.313340,1.470159,1.538745,4.312678,1.481014,1.535592,0.070054,0.011633,0.021224,0.003652,0.027743,0.000499
88.973000,SAMPLE,2,4.295587,1.478643,1.526188,4.290294,1.545614,1.539147,4.314529,1.489548,1.531768,4.313471,1.497003,1.528001,0.067179,0.012960,0.021857,0.005580,0.025631,0.001813
89.074000,SAMPLE,2,4.296553,1.498194,1.516430,4.290981,1.564506,1.529674,4.314091,1.510603,1.521825,4.314368,1.516112,1.518434,0.066546,0.013244,0.021483,0.005395,0.025266,0.002004
89.154000,SAMPLE,2,4.297341,1.511800,1.509703,4.291662,1.579607,1.522095,4.315511,1.528009,1.512540,4.315206,1.531247,1.510855,0.068045,0.012391,0.024350,0.002837,0.026407,0.001151
89.249000,SAMPLE,2,4.298535,1.530722,1.506002,4.292648,1.599034,1.518305,4.316100,1.547906,1.506220,4.316455,1.550797,1.506821,0.068566,0.012304,0.024573,0.000218,0.026910,0.000820
89.335000,SAMPLE,2,4.299637,1.547351,1.503223,4.293462,1.614160,1.515779,4.317615,1.566069,1.502907,4.317437,1.565902,1.504295,0.067093,0.012556,0.025953,0.000316,0.025709,0.001072
89.427000,SAMPLE,2,4.300907,1.565493,1.497621,4.294551,1.633118,1.509942,4.319485,1.584622,1.498152,4.318787,1.585034,1.497609,0.067923,0.012321,0.026666,0.000531,0.026487,0.000012
89.522000,SAMPLE,2,4.302417,1.584892,1.488432,4.295850,1.652918,1.500468,4.321101,1.605061,1.488784,4.320517,1.605195,1.487986,0.068342,0.012036,0.027493,0.000352,0.027199,0.000446
89.616000,SAMPLE,2,4.303983,1.602889,1.479432,4.296973,1.668034,1.492889,4.321101,1.605061,1.488784,4.321814,1.620297,1.480407,0.065521,0.013458,0.017255,0.009352,0.024920,0.000975
89.712000,SAMPLE,2,4.305559,1.619221,1.469041,4.298555,1.686947,1.480813,4.322987,1.624628,1.479302,4.323713,1.639461,1.469082,0.068086,0.011772,0.018248,0.010260,0.027189,0.000040
89.812000,SAMPLE,2,4.307802,1.639725,1.455683,4.300489,1.706800,1.467839,4.324669,1.643082,1.467300,4.325901,1.659199,1.455553,0.067472,0.012157,0.017197,0.011617,0.026586,0.000130
89.892000,SAMPLE,2,4.309682,1.655438,1.447630,4.302060,1.721474,1.460260,4.326916,1.663641,1.454504,4.327696,1.673915,1.448133,0.066474,0.012630,0.019087,0.006874,0.025805,0.000503
89.984000,SAMPLE,2,4.311995,1.673434,1.438362,4.304260,1.740441,1.450337,4.329360,1.682667,1.445248,4.330196,1.693117,1.438829,0.067452,0.011974,0.019667,0.006885,0.026809,0.000467
90.084000,SAMPLE,2,4.314892,1.693988,1.422599,4.306792,1.760132,1.435021,4.331918,1.702581,1.434244,4.332980,1.712903,1.423793,0.066638,0.012422,0.019072,0.011645,0.026171,0.001194
90.181000,SAMPLE,2,4.317885,1.713017,1.406810,4.309505,1.778884,1.419232,4.334895,1.722148,1.418744,4.336055,1.732265,1.407654,0.066398,0.012421,0.019306,0.011934,0.026469,0.000844
90.277000,SAMPLE,2,4.320636,1.729079,1.396517,4.311960,1.794374,1.409100,4.339468,1.740566,1.402930,4.338928,1.747909,1.397320,0.065869,0.012582,0.022060,0.006413,0.026252,0.000803
90.366000,SAMPLE,2,4.323914,1.747238,1.387612,4.315180,1.813548,1.399613,4.343293,1.760272,1.392230,4.342611,1.767065,1.387952,0.066883,0.012001,0.023354,0.004617,0.027252,0.000340
90.458000,SAMPLE,2,4.327356,1.765359,1.378904,4.317818,1.828474,1.392034,4.346347,1.779274,1.382373,4.345606,1.782085,1.380388,0.063832,0.013130,0.023544,0.003469,0.024756,0.001484
90.553000,SAMPLE,2,4.331102,1.784328,1.372109,4.321428,1.848092,1.384810,4.351020,1.798769,1.374393,4.349836,1.802281,1.372480,0.064494,0.012701,0.024602,0.002284,0.025947,0.000371
90.641000,SAMPLE,2,4.333983,1.798565,1.370838,4.324995,1.866915,1.383155,4.354268,1.818789,1.368919,4.353804,1.821148,1.371069,0.068939,0.012318,0.028645,0.001919,0.030048,0.000232
90.734000,SAMPLE,2,4.337528,1.816098,1.372923,4.327836,1.881933,1.385305,4.354268,1.818789,1.368919,4.356849,1.836255,1.373069,0.066545,0.012382,0.016956,0.004004,0.027922,0.000146
90.820000,SAMPLE,2,4.341068,1.833730,1.371597,4.331504,1.901433,1.383632,4.358725,1.836280,1.370353,4.361001,1.855654,1.371280,0.068375,0.012035,0.017840,0.001243,0.029630,0.000317
90.898000,SAMPLE,2,4.344274,1.849503,1.369089,4.333630,1.912601,1.381737,4.363199,1.856067,1.370307,4.363536,1.866843,1.369192,0.063990,0.012647,0.020030,0.001218,0.025917,0.000103
90.991000,SAMPLE,2,4.347710,1.866247,1.367474,4.337037,1.930340,1.379905,4.366874,1.874201,1.367513,4.367408,1.884575,1.367092,0.064976,0.012431,0.020749,0.000039,0.026907,0.000383
91.090000,SAMPLE,2,4.351129,1.882867,1.369053,4.340808,1.949906,1.381484,4.370981,1.894374,1.365375,4.371676,1.904248,1.368023,0.067829,0.012431,0.022946,0.003679,0.029653,0.001030
91.181000,SAMPLE,2,4.354834,1.901016,1.370531,4.344343,1.968403,1.382937,4.375291,1.912342,1.366842,4.375706,1.922679,1.369687,0.068199,0.012406,0.023383,0.003689,0.030082,0.000845
91.274000,SAMPLE,2,4.358185,1.917559,1.371956,4.347011,1.982468,1.384389,4.378398,1.930881,1.368590,4.378802,1.937252,1.371376,0.065864,0.012434,0.024208,0.003365,0.028510,0.000580
91.367000,SAMPLE,2,4.361990,1.936273,1.367119,4.350752,2.002115,1.379460,4.381498,1.948207,1.369093,4.382830,1.956753,1.366498,0.066794,0.012342,0.022869,0.001974,0.029218,0.000621
91.466000,SAMPLE,2,4.366030,1.955388,1.357645,4.354520,2.021092,1.369987,4.391208,1.968831,1.359382,4.387449,1.975283,1.357094,0.066705,0.012342,0.028542,0.001737,0.029233,0.000551
91.562000,SAMPLE,2,4.370042,1.973518,1.348904,4.358317,2.039311,1.361263,4.391208,1.968831,1.359382,4.391484,1.993537,1.347620,0.066830,0.012360,0.021678,0.010478,0.029334,0.001283
91.653000,SAMPLE,2,4.373510,1.988777,1.346006,4.361661,2.054914,1.358316,4.395414,2.005238,1.345715,4.395056,2.008286,1.345398,0.067190,0.012310,0.027400,0.000292,0.029066,0.000608
91.736000,SAMPLE,2,4.377292,2.005215,1.343196,4.364877,2.069727,1.355789,4.395414,2.005238,1.345715,4.398458,2.023057,1.342872,0.065696,0.012594,0.018122,0.002519,0.027683,0.000324
91.825000,SAMPLE,2,4.381279,2.022297,1.339926,4.368956,2.088263,1.352182,4.400172,2.024730,1.342074,4.402923,2.041495,1.338677,0.067107,0.012256,0.019049,0.002148,0.028931,0.001249
91.915000,SAMPLE,2,4.385547,2.040146,1.332331,4.372479,2.103870,1.345153,4.405097,2.043561,1.337932,4.406785,2.056840,1.331525,0.065050,0.012821,0.019846,0.005601,0.027014,0.000806
92.007000,SAMPLE,2,4.389943,2.058086,1.328828,4.376868,2.122810,1.341376,4.409035,2.062299,1.330493,4.411440,2.075374,1.327719,0.066032,0.012548,0.019552,0.001665,0.027586,0.001109
92.105000,SAMPLE,2,4.393996,2.074443,1.327662,4.381342,2.141882,1.339595,4.416602,2.082925,1.325579,4.416586,2.094411,1.326042,0.068615,0.011933,0.024145,0.002083,0.030150,0.001620
92.194000,SAMPLE,2,4.398756,2.093395,1.320619,4.385047,2.157447,1.333716,4.420953,2.100838,1.323642,4.420904,2.110221,1.319985,0.065502,0.013096,0.023411,0.003023,0.027814,0.000634
92.287000,SAMPLE,2,4.403228,2.110596,1.311998,4.389687,2.176262,1.324242,4.427807,2.120394,1.315892,4.426362,2.129248,1.310440,0.067048,0.012244,0.026460,0.003894,0.029717,0.001558
92.376000,SAMPLE,2,4.407972,2.128249,1.305793,4.393539,2.191357,1.318663,4.431742,2.139534,1.306511,4.430946,2.145047,1.303483,0.064737,0.012870,0.026313,0.000718,0.028460,0.002310
92.467000,SAMPLE,2,4.412793,2.145914,1.302888,4.398532,2.210605,1.315426,4.436386,2.159154,1.301696,4.436465,2.164427,1.300340,0.066244,0.012538,0.027054,0.001192,0.030051,0.002548
92.563000,SAMPLE,2,4.417116,2.161536,1.297704,4.403331,2.228803,1.309768,4.441087,2.177948,1.298490,4.441679,2.182781,1.295378,0.068665,0.012065,0.029051,0.000787,0.032476,0.002326
92.661000,SAMPLE,2,4.422162,2.179463,1.296146,4.408320,2.247409,1.308663,4.448992,2.195463,1.291877,4.447367,2.201153,1.293663,0.069342,0.012517,0.031239,0.004269,0.033253,0.002483
92.755000,SAMPLE,2,4.427232,2.197458,1.296146,4.412340,2.262395,1.308663,4.454754,2.214461,1.291787,4.452111,2.216257,1.293299,0.066623,0.012517,0.032351,0.004359,0.031183,0.002848
92.845000,SAMPLE,2,4.431970,2.214270,1.296398,4.417176,2.280421,1.309074,4.459837,2.232688,1.291873,4.457695,2.234540,1.293020,0.067785,0.012676,0.033403,0.004525,0.032751,0.003378
92.932000,SAMPLE,2,4.436934,2.231970,1.297250,4.421302,2.295880,1.310053,4.459837,2.232688,1.291873,4.462075,2.249928,1.293020,0.065794,0.012802,0.022914,0.005378,0.030896,0.004231
93.020000,SAMPLE,2,4.441063,2.246617,1.294787,4.425351,2.310978,1.307526,4.466991,2.252006,1.293172,4.466943,2.265152,1.290507,0.066251,0.012739,0.026482,0.001615,0.031832,0.004280
93.117000,SAMPLE,2,4.445907,2.263649,1.293228,4.430175,2.328789,1.305853,4.473688,2.269703,1.290540,4.472590,2.282483,1.289477,0.067013,0.012624,0.028433,0.002689,0.032661,0.003752
93.211000,SAMPLE,2,4.451046,2.281557,1.290120,4.435166,2.347067,1.302695,4.477197,2.289618,1.288818,4.478242,2.300914,1.286427,0.067407,0.012575,0.027365,0.001302,0.033381,0.003693
93.296000,SAMPLE,2,4.455884,2.298254,1.287309,4.439323,2.362125,1.300168,4.482814,2.307115,1.285546,4.483036,2.316139,1.283845,0.065983,0.012859,0.028351,0.001764,0.032514,0.003464
93.384000,SAMPLE,2,4.460905,2.315347,1.282021,4.444409,2.380300,1.294710,4.486033,2.323635,1.283887,4.488330,2.333761,1.278252,0.067015,0.012689,0.026459,0.001866,0.033033,0.003770
93.473000,SAMPLE,2,4.465141,2.329559,1.281076,4.448610,2.395083,1.293732,4.493011,2.341652,1.278345,4.493114,2.348753,1.277233,0.067577,0.012656,0.030381,0.002730,0.033925,0.003842
93.572000,SAMPLE,2,4.470661,2.348002,1.279560,4.453940,2.413748,1.292184,4.501069,2.363557,1.274589,4.498740,2.367286,1.275340,0.067839,0.012624,0.034156,0.004971,0.034063,0.004220
93.669000,SAMPLE,2,4.475961,2.365615,1.277938,4.459005,2.431382,1.290574,4.510456,2.381726,1.272456,4.505252,2.384434,1.273614,0.067918,0.012635,0.038073,0.005482,0.034816,0.004324
93.755000,SAMPLE,2,4.480833,2.381711,1.276422,4.463228,2.446006,1.289342,4.514432,2.397905,1.271685,4.509740,2.399044,1.272351,0.066661,0.012920,0.037297,0.004737,0.033705,0.004071
93.840000,SAMPLE,2,4.486064,2.398838,1.271054,4.467696,2.461369,1.285216,4.514432,2.397905,1.271685,4.515028,2.414194,1.268681,0.065173,0.014162,0.028383,0.000631,0.032783,0.002373
93.932000,SAMPLE,2,4.490809,2.413992,1.263380,4.473274,2.480049,1.275795,4.520238,2.417420,1.267686,4.521183,2.432177,1.259950,0.068345,0.012414,0.029627,0.004305,0.035402,0.003430
94.018000,SAMPLE,2,4.496143,2.430575,1.257029,4.477840,2.494889,1.269966,4.525537,2.435206,1.258911,4.526509,2.447343,1.253171,0.066868,0.012937,0.029757,0.001882,0.034688,0.003857
94.103000,SAMPLE,2,4.501724,2.447693,1.254187,4.483768,2.513890,1.266768,4.532503,2.454272,1.251407,4.533288,2.466515,1.249792,0.068590,0.012582,0.031475,0.002779,0.036750,0.004394
94.195000,SAMPLE,2,4.507394,2.464913,1.251492,4.488325,2.528347,1.264242,4.538324,2.472258,1.248443,4.538543,2.481142,1.247122,0.066239,0.012750,0.031790,0.003049,0.035123,0.004370
94.286000,SAMPLE,2,4.512098,2.479152,1.252789,4.494051,2.546464,1.265568,4.544542,2.492271,1.245920,4.544946,2.499366,1.248145,0.069689,0.012780,0.034996,0.006869,0.038569,0.004644
94.378000,SAMPLE,2,4.518095,2.497370,1.252789,4.498859,2.561724,1.265568,4.549433,2.509493,1.246973,4.550260,2.514834,1.247923,0.067168,0.012780,0.033601,0.005815,0.036601,0.004866
94.463000,SAMPLE,2,4.522953,2.512148,1.254057,4.504377,2.579266,1.266700,4.557123,2.526589,1.247712,4.556070,2.532204,1.248186,0.069642,0.012643,0.037096,0.006345,0.038717,0.005871
94.552000,SAMPLE,2,4.528348,2.528559,1.252954,4.508949,2.593807,1.265879,4.557123,2.526589,1.247712,4.561072,2.546047,1.247344,0.068070,0.012924,0.028842,0.005243,0.037104,0.005610
94.638000,SAMPLE,2,4.534083,2.545906,1.249431,4.513771,2.609063,1.263353,4.566457,2.547617,1.245910,4.566684,2.560938,1.244643,0.066342,0.013921,0.032419,0.003521,0.035900,0.004788
94.722000,SAMPLE,2,4.538876,2.560181,1.245180,4.519727,2.627603,1.257295,4.571572,2.562349,1.245579,4.573167,2.578541,1.241089,0.070088,0.012114,0.032769,0.000399,0.038897,0.004091
94.810000,SAMPLE,2,4.544102,2.575503,1.240199,4.524329,2.641670,1.253126,4.577737,2.582377,1.239798,4.578402,2.592623,1.237247,0.069058,0.012928,0.034330,0.000401,0.038335,0.002952
94.902000,SAMPLE,2,4.550334,2.593631,1.238620,4.530547,2.660545,1.251547,4.584638,2.600022,1.235360,4.585182,2.610839,1.235728,0.069779,0.012927,0.034895,0.003260,0.038866,0.002891
94.991000,SAMPLE,2,4.555791,2.609423,1.236883,4.535313,2.674935,1.249874,4.590839,2.620790,1.232976,4.590420,2.625052,1.233540,0.068638,0.012990,0.036845,0.003907,0.037993,0.003343
95.082000,SAMPLE,2,4.561724,2.626429,1.233806,4.541191,2.692526,1.246716,4.597006,2.638160,1.230560,4.597253,2.643748,1.229969,0.069213,0.012910,0.037181,0.003246,0.039525,0.003837
95.169000,SAMPLE,2,4.566783,2.640813,1.231406,4.546305,2.707687,1.244189,4.603637,2.655115,1.227315,4.603062,2.659262,1.227178,0.069939,0.012783,0.039531,0.004091,0.040700,0.004228
95.250000,SAMPLE,2,4.572091,2.655806,1.230480,4.551273,2.722319,1.243526,4.612636,2.673494,1.224226,4.608931,2.674111,1.226217,0.069694,0.013047,0.044236,0.006254,0.041137,0.004263
95.349000,SAMPLE,2,4.578374,2.673611,1.231990,4.557219,2.739898,1.244947,4.612636,2.673494,1.224226,4.615226,2.691714,1.228112,0.069581,0.012957,0.034262,0.007764,0.041058,0.003878
95.445000,SAMPLE,2,4.584977,2.692316,1.230159,4.563633,2.758842,1.243053,4.626058,2.707900,1.224979,4.623290,2.710629,1.225387,0.069866,0.012894,0.043938,0.005180,0.042465,0.004771
95.541000,SAMPLE,2,4.591373,2.710274,1.226464,4.569890,2.777150,1.239095,4.635372,2.727562,1.221668,4.630669,2.729073,1.220986,0.070241,0.012630,0.047273,0.004796,0.043561,0.005478
95.637000,SAMPLE,2,4.597728,2.727825,1.222110,4.574701,2.791001,1.234918,4.635372,2.727562,1.221668,4.635699,2.742768,1.216460,0.067242,0.012809,0.037644,0.000442,0.040805,0.005650
95.738000,SAMPLE,2,4.603540,2.743812,1.221169,4.581281,2.809865,1.234210,4.647225,2.763354,1.214368,4.643730,2.761986,1.214892,0.069703,0.013042,0.047857,0.006800,0.044109,0.006277
95.807000,SAMPLE,2,4.608268,2.756795,1.221044,4.586255,2.824095,1.234234,4.647225,2.763354,1.214368,4.648945,2.776039,1.215365,0.070809,0.013190,0.039505,0.006676,0.045000,0.005679
95.905000,SAMPLE,2,4.614426,2.773694,1.221877,4.592238,2.841228,1.234971,4.654914,2.780844,1.213814,4.655893,2.793376,1.215724,0.071085,0.013094,0.041115,0.008063,0.045901,0.006153
96.002000,SAMPLE,2,4.621402,2.792869,1.221624,4.598829,2.860110,1.234592,4.661840,2.798815,1.213503,4.663257,2.811869,1.215276,0.070929,0.012968,0.040873,0.008121,0.045965,0.006348
96.096000,SAMPLE,2,4.628081,2.811081,1.216143,4.604136,2.875204,1.229766,4.669410,2.818353,1.213132,4.669424,2.827177,1.210454,0.068448,0.013623,0.041964,0.003011,0.044365,0.005689
96.185000,SAMPLE,2,4.633990,2.826963,1.213684,4.610386,2.892723,1.226855,4.678254,2.835599,1.208031,4.676652,2.844455,1.206999,0.069868,0.013171,0.045098,0.005653,0.046108,0.006684
96.275000,SAMPLE,2,4.639514,2.841767,1.213621,4.615782,2.907786,1.226855,4.684392,2.853424,1.206079,4.683084,2.860006,1.206819,0.070154,0.013235,0.046368,0.007541,0.047233,0.006801
96.369000,SAMPLE,2,4.645930,2.858885,1.210652,4.622348,2.926030,1.223729,4.692170,2.871919,1.204894,4.690580,2.878204,1.204152,0.071166,0.013077,0.048042,0.005758,0.048650,0.006500
96.455000,SAMPLE,2,4.651751,2.874296,1.209794,4.627360,2.939854,1.222845,4.692170,2.871919,1.204894,4.695846,2.891900,1.203521,0.069948,0.013051,0.040489,0.004900,0.047480,0.006273
96.539000,SAMPLE,2,4.658026,2.890951,1.209883,4.632803,2.954900,1.223571,4.698085,2.890455,1.201482,4.701882,2.906650,1.204046,0.068744,0.013688,0.040062,0.008401,0.046581,0.005837
96.622000,SAMPLE,2,4.663356,2.905023,1.207515,4.639605,2.973607,1.220439,4.707599,2.906590,1.202804,4.709534,2.924674,1.200962,0.072580,0.012925,0.044270,0.004711,0.050185,0.006552
96.720000,SAMPLE,2,4.669880,2.922107,1.204625,4.646197,2.991561,1.218132,4.713457,2.925278,1.199916,4.715339,2.938448,1.198344,0.073381,0.013507,0.043692,0.004709,0.048307,0.006281
96.817000,SAMPLE,2,4.677168,2.941148,1.205201,4.651717,3.006579,1.218703,4.719867,2.943148,1.197436,4.722819,2.956744,1.199125,0.070206,0.013502,0.042745,0.007765,0.048241,0.006076
96.909000,SAMPLE,2,4.684214,2.959431,1.199850,4.658637,3.025288,1.213295,4.726472,2.961848,1.198509,4.730335,2.975428,1.194479,0.070650,0.013445,0.042326,0.001340,0.048816,0.005370
97.006000,SAMPLE,2,4.690900,2.976569,1.198750,4.665137,3.042636,1.212032,4.734353,2.981234,1.193129,4.737558,2.993111,1.192445,0.070912,0.013281,0.043703,0.005621,0.049504,0.006305
97.106000,SAMPLE,2,4.697371,2.993154,1.198592,4.672160,3.061363,1.211684,4.741458,2.997849,1.192215,4.745063,3.011371,1.192394,0.072719,0.013092,0.044335,0.006377,0.051052,0.006199
97.200000,SAMPLE,2,4.704148,3.010459,1.197467,4.677633,3.075904,1.210547,4.749008,3.016110,1.191960,4.751086,3.025885,1.191160,0.070611,0.013080,0.045214,0.005507,0.049408,0.006306
97.294000,SAMPLE,2,4.710651,3.027095,1.198747,4.683934,3.092686,1.212063,4.754677,3.034552,1.191219,4.757823,3.042746,1.192829,0.070824,0.013316,0.044653,0.007528,0.049701,0.005918
97.377000,SAMPLE,2,4.715958,3.040696,1.198747,4.689551,3.107668,1.212063,4.762462,3.051533,1.192129,4.763934,3.057773,1.192693,0.071990,0.013316,0.047750,0.006618,0.050924,0.006053
97.470000,SAMPLE,2,4.722536,3.057553,1.198747,4.696377,3.125872,1.212063,4.767965,3.070593,1.193441,4.770868,3.075576,1.192843,0.073156,0.013316,0.047264,0.005306,0.051583,0.005904
97.558000,SAMPLE,2,4.728779,3.073546,1.198846,4.701540,3.139641,1.212063,4.775534,3.088052,1.193401,4.776345,3.089471,1.192948,0.071488,0.013217,0.048954,0.005445,0.050161,0.005898
97.648000,SAMPLE,2,4.735349,3.090458,1.201720,4.708512,3.158319,1.215126,4.782574,3.105613,1.195056,4.783909,3.108645,1.195628,0.072976,0.013407,0.049598,0.006663,0.051855,0.006091
97.741000,SAMPLE,2,4.741880,3.107416,1.204688,4.715224,3.176476,1.218284,4.789812,3.124310,1.198137,4.791002,3.126796,1.198782,0.074026,0.013596,0.050822,0.006550,0.052807,0.005905
97.840000,SAMPLE,2,4.748678,3.125216,1.207926,4.720266,3.190234,1.220810,4.794401,3.141279,1.201852,4.796285,3.140373,1.201309,0.070955,0.012885,0.048463,0.006074,0.049962,0.006617
97.918000,SAMPLE,2,4.753701,3.138477,1.208873,4.725722,3.205230,1.222263,4.794401,3.141279,1.201852,4.801818,3.155409,1.203314,0.072379,0.013390,0.040796,0.007021,0.051008,0.005559
98.013000,SAMPLE,2,4.760133,3.155414,1.207379,4.732394,3.223537,1.220779,4.804409,3.159499,1.203166,4.808931,3.173542,1.202139,0.073554,0.013400,0.044464,0.004213,0.052057,0.005240
98.107000,SAMPLE,2,4.766543,3.172208,1.206141,4.738780,3.240972,1.219705,4.811467,3.178035,1.201589,4.815837,3.191128,1.200889,0.074158,0.013564,0.045300,0.004553,0.052800,0.005252
98.198000,SAMPLE,2,4.773268,3.189905,1.209591,4.744263,3.256003,1.222232,4.819181,3.194867,1.200403,4.822002,3.206484,1.203320,0.072182,0.012641,0.046180,0.009187,0.051477,0.006271
98.294000,SAMPLE,2,4.779818,3.207402,1.214572,4.750855,3.274328,1.227739,4.825912,3.213065,1.204422,4.829056,3.224464,1.209059,0.072924,0.013167,0.046441,0.010150,0.052110,0.005514
98.390000,SAMPLE,2,4.786182,3.224570,1.217684,4.757048,3.291754,1.230897,4.832349,3.231152,1.209643,4.835556,3.241417,1.211956,0.073229,0.013213,0.046634,0.008040,0.052169,0.005728
98.487000,SAMPLE,2,4.791949,3.240281,1.220336,4.763655,3.310531,1.234055,4.839303,3.248061,1.212698,4.842761,3.260311,1.215130,0.075734,0.013719,0.047989,0.007639,0.054617,0.005207
98.586000,SAMPLE,2,4.798640,3.258679,1.223620,4.769853,3.328325,1.237213,4.846270,3.266184,1.215706,4.849376,3.277733,1.218152,0.075361,0.013593,0.048218,0.007914,0.054195,0.005469
98.683000,SAMPLE,2,4.805133,3.276759,1.229155,4.776099,3.346502,1.242771,4.852473,3.284241,1.218912,4.856077,3.295802,1.224212,0.075545,0.013616,0.047928,0.010243,0.054386,0.004944
98.778000,SAMPLE,2,4.811778,3.295483,1.229434,4.781245,3.361653,1.243047,4.859759,3.301724,1.225116,4.861455,3.310202,1.224734,0.072874,0.013613,0.048386,0.004318,0.051812,0.004700
98.854000,SAMPLE,2,4.815710,3.306541,1.228424,4.786132,3.376012,1.241945,4.866777,3.320003,1.224605,4.866743,3.324276,1.223773,0.075505,0.013521,0.052812,0.003818,0.054027,0.004651
98.949000,SAMPLE,2,4.821882,3.323876,1.230006,4.792283,3.394067,1.243713,4.871329,3.338375,1.224045,4.873194,3.342272,1.225483,0.076176,0.013707,0.051529,0.005961,0.054510,0.004523
99.021000,SAMPLE,2,4.826946,3.338192,1.230743,4.797412,3.409222,1.244071,4.871329,3.338375,1.224045,4.877249,3.353567,1.226378,0.076925,0.013328,0.044384,0.006698,0.052600,0.004364
99.118000,SAMPLE,2,4.833569,3.356770,1.224567,4.802578,3.424365,1.239095,4.878423,3.357035,1.226152,4.884004,3.372349,1.221297,0.074361,0.014528,0.044855,0.001586,0.052785,0.003269
99.209000,SAMPLE,2,4.839930,3.374165,1.216303,4.809033,3.442827,1.230071,4.886506,3.377198,1.220881,4.890886,3.390835,1.213314,0.075293,0.013768,0.046675,0.004578,0.053613,0.002989
99.303000,SAMPLE,2,4.846773,3.392577,1.214174,4.815745,3.461667,1.227826,4.894579,3.394722,1.212085,4.898191,3.409574,1.210559,0.075738,0.013652,0.047854,0.002089,0.054154,0.003615
99.398000,SAMPLE,2,4.852289,3.407325,1.211523,4.820977,3.476263,1.225300,4.899600,3.415626,1.210161,4.903641,3.424285,1.208080,0.075716,0.013777,0.048034,0.001362,0.054080,0.003443
99.493000,SAMPLE,2,4.859268,3.425648,1.201160,4.827836,3.495039,1.214742,4.906563,3.434027,1.206461,4.910598,3.442796,1.199369,0.076178,0.013582,0.048032,0.005301,0.054118,0.001790
99.587000,SAMPLE,2,4.866415,3.443874,1.192326,4.834888,3.513755,1.205474,4.914611,3.452744,1.195115,4.917866,3.461263,1.189596,0.076664,0.013148,0.049005,0.002790,0.054311,0.002729
99.683000,SAMPLE,2,4.873981,3.462556,1.181033,4.842112,3.532291,1.194500,4.920348,3.471367,1.185569,4.925243,3.479918,1.178456,0.076673,0.013467,0.047197,0.004535,0.054122,0.002577
99.768000,SAMPLE,2,4.880016,3.477175,1.178274,4.847575,3.546057,1.191934,4.927280,3.489457,1.176623,4.930883,3.494044,1.176033,0.076139,0.013660,0.048834,0.001652,0.053592,0.002242
99.852000,SAMPLE,2,4.885538,3.490500,1.177075,4.853499,3.560920,1.190245,4.935224,3.508117,1.175175,4.937007,3.509167,1.174219,0.077366,0.013170,0.052717,0.001900,0.054749,0.002855
99.952000,SAMPLE,2,4.893593,3.509657,1.167975,4.861007,3.579457,1.181350,4.944065,3.525278,1.168337,4.944884,3.527754,1.165705,0.077032,0.013375,0.052834,0.000362,0.054389,0.002270
100.035000,SAMPLE,2,4.900522,3.525733,1.159543,4.866984,3.593867,1.173771,4.944065,3.525278,1.168337,4.951063,3.542055,1.158126,0.075941,0.014228,0.043545,0.008793,0.053112,0.001417
100.127000,SAMPLE,2,4.907540,3.541633,1.150996,4.874244,3.610957,1.164697,4.953126,3.543541,1.158680,4.958644,3.558886,1.149125,0.076905,0.013701,0.045626,0.007683,0.053938,0.001872
100.221000,SAMPLE,2,4.915458,3.559284,1.147407,4.882114,3.629160,1.161026,4.960048,3.560886,1.149332,4.965373,3.573714,1.146372,0.077424,0.013619,0.044618,0.001925,0.051958,0.001035
100.309000,SAMPLE,2,4.922704,3.575299,1.144120,4.888171,3.643056,1.158500,4.967067,3.579410,1.145241,4.973218,3.591232,1.143123,0.076049,0.014380,0.044553,0.001121,0.052968,0.000997
100.408000,SAMPLE,2,4.929712,3.590550,1.134850,4.896237,3.661253,1.147155,4.977088,3.596716,1.142099,4.981542,3.609023,1.133202,0.078227,0.012305,0.047775,0.007249,0.055023,0.001648
100.505000,SAMPLE,2,4.938170,3.608370,1.121693,4.904362,3.678939,1.134574,4.982162,3.613895,1.129793,4.989512,3.626312,1.121932,0.078250,0.012881,0.044337,0.008100,0.054386,0.000240
100.599000,SAMPLE,2,4.946570,3.625593,1.112503,4.911039,3.693119,1.126995,4.990960,3.632264,1.117115,4.996174,3.640369,1.114161,0.076303,0.014491,0.044889,0.004612,0.051758,0.001658
100.689000,SAMPLE,2,4.955169,3.642799,1.100735,4.919723,3.711136,1.114942,5.000451,3.649958,1.107435,5.005405,3.658947,1.101823,0.076982,0.014207,0.045844,0.006700,0.052768,0.001088
100.785000,SAMPLE,2,4.964080,3.660013,1.085261,4.928433,3.728553,1.099153,5.011804,3.667965,1.093606,5.014451,3.676134,1.086272,0.077256,0.013891,0.048382,0.008345,0.052888,0.001010
100.869000,SAMPLE,2,4.971269,3.673447,1.073419,4.935792,3.742760,1.086721,5.021233,3.684621,1.077628,5.022353,3.690411,1.073197,0.077865,0.013302,0.051199,0.004209,0.053827,0.000222
100.966000,SAMPLE,2,4.980706,3.690625,1.063427,4.945191,3.760413,1.076147,5.031673,3.702601,1.064408,5.032421,3.708127,1.062918,0.078305,0.012720,0.052355,0.000980,0.054596,0.000509
101.060000,SAMPLE,2,4.990361,3.707706,1.048703,4.954730,3.777788,1.060858,5.041380,3.720835,1.051884,5.042271,3.725218,1.047857,0.078620,0.012154,0.052681,0.003180,0.054784,0.000847
101.158000,SAMPLE,2,5.000354,3.724757,1.032598,4.962212,3.790970,1.048226,5.051672,3.737549,1.036802,5.049903,3.738314,1.035225,0.076413,0.015628,0.052888,0.004204,0.051370,0.002627
101.256000,SAMPLE,2,5.010960,3.742246,1.019922,4.972315,3.808219,1.034887,5.061745,3.754629,1.021398,5.060833,3.755670,1.021263,0.076458,0.014965,0.052273,0.001476,0.051648,0.001341
101.355000,SAMPLE,2,5.021725,3.759583,1.009553,4.982609,3.825366,1.025313,5.071826,3.771277,1.011377,5.071671,3.772907,1.011353,0.076534,0.015760,0.051448,0.001823,0.051692,0.001800
101.435000,SAMPLE,2,5.029110,3.771200,0.999172,4.990980,3.838977,1.013221,5.082297,3.788811,0.998734,5.080198,3.786395,0.999511,0.077766,0.014049,0.056027,0.000438,0.053300,0.000339
101.521000,SAMPLE,2,5.039183,3.786609,0.984488,5.001427,3.855436,0.997432,5.082297,3.788811,0.998734,5.091147,3.803076,0.983573,0.078502,0.012944,0.043171,0.014247,0.054511,0.000914
101.618000,SAMPLE,2,5.050432,3.803265,0.969556,5.010191,3.868822,0.984800,5.094311,3.805782,0.982718,5.100164,3.816294,0.971385,0.076922,0.015244,0.043952,0.013162,0.051411,0.001829
101.714000,SAMPLE,2,5.059974,3.817050,0.961245,5.021339,3.885427,0.974845,5.105689,3.822976,0.967100,5.111926,3.833140,0.961171,0.078537,0.013599,0.046097,0.005855,0.054387,0.000075
101.807000,SAMPLE,2,5.070940,3.832702,0.959034,5.032258,3.901475,0.972624,5.118818,3.839129,0.956694,5.123618,3.849299,0.958700,0.078905,0.013590,0.048308,0.002340,0.055231,0.000334
101.902000,SAMPLE,2,5.081822,3.848137,0.952969,5.043351,3.917659,0.965516,5.129852,3.855479,0.954492,5.135714,3.866054,0.950768,0.079456,0.012547,0.048588,0.001523,0.056792,0.002201
101.992000,SAMPLE,2,5.092921,3.863571,0.942443,5.052518,3.930772,0.956647,5.141906,3.871281,0.948161,5.145219,3.878904,0.942230,0.078412,0.014205,0.049588,0.005718,0.054500,0.000213
102.092000,SAMPLE,2,5.105408,3.880616,0.935943,5.064108,3.947072,0.949989,5.153699,3.887764,0.937124,5.157490,3.895317,0.935502,0.078243,0.014047,0.048817,0.001182,0.054117,0.000441
102.189000,SAMPLE,2,5.114876,3.893436,0.933303,5.075418,3.962834,0.946382,5.165299,3.903817,0.931774,5.169665,3.911481,0.931772,0.079831,0.013078,0.051480,0.001529,0.057684,0.001531
102.284000,SAMPLE,2,5.126797,3.909371,0.922322,5.086938,3.978652,0.934932,5.176775,3.919461,0.927216,5.181725,3.927367,0.920364,0.079929,0.012609,0.050987,0.004894,0.057801,0.001958
102.376000,SAMPLE,2,5.138642,3.924785,0.910314,5.096513,3.991471,0.924550,5.189097,3.935604,0.914233,5.191768,3.940281,0.909764,0.078879,0.014236,0.051601,0.003919,0.055340,0.000550
102.468000,SAMPLE,2,5.150639,3.940152,0.905548,5.108598,4.007407,0.919753,5.200757,3.952186,0.904905,5.204290,3.956318,0.904381,0.079314,0.014204,0.051542,0.000643,0.056034,0.001168
102.567000,SAMPLE,2,5.160898,3.953156,0.901111,5.120333,4.022709,0.914545,5.215213,3.967489,0.899516,5.216343,3.971232,0.899150,0.080518,0.013434,0.056175,0.001595,0.058317,0.001961
102.655000,SAMPLE,2,5.171324,3.966289,0.898158,5.129082,4.034040,0.912018,5.226792,3.982000,0.896254,5.225715,3.982703,0.896430,0.079842,0.013861,0.057650,0.001903,0.056814,0.001727
102.755000,SAMPLE,2,5.183928,3.982061,0.894968,5.141337,4.049819,0.908860,5.238493,3.996528,0.893287,5.238531,3.998430,0.893151,0.080033,0.013892,0.056450,0.001681,0.057003,0.001817
102.853000,SAMPLE,2,5.196267,3.997374,0.889427,5.153361,4.065177,0.903303,5.251867,4.012536,0.888931,5.250835,4.013660,0.886994,0.080238,0.013875,0.057631,0.000497,0.056947,0.002434
102.940000,SAMPLE,2,5.207449,4.011125,0.886988,5.163281,4.077731,0.900776,5.251867,4.012536,0.888931,5.261059,4.025933,0.884839,0.079919,0.013788,0.044440,0.001942,0.055618,0.002149
103.033000,SAMPLE,2,5.219285,4.025672,0.889122,5.175367,4.093001,0.902863,5.274395,4.043429,0.885217,5.273400,4.040930,0.886734,0.080386,0.013741,0.057900,0.003906,0.056225,0.002388
103.127000,SAMPLE,2,5.231069,4.040211,0.890201,5.187460,4.108345,0.904050,5.287837,4.057937,0.886791,5.286421,4.056921,0.886662,0.080895,0.013848,0.059471,0.003411,0.057819,0.003539
103.224000,SAMPLE,2,5.241656,4.053274,0.889467,5.199839,4.124054,0.902889,5.300209,4.073018,0.886205,5.299493,4.072845,0.885975,0.082210,0.013422,0.061792,0.003262,0.061058,0.003492
103.317000,SAMPLE,2,5.254144,4.068626,0.886341,5.209764,4.136603,0.900363,5.300209,4.073018,0.886205,5.309625,4.085228,0.883449,0.081182,0.014022,0.046274,0.000136,0.057912,0.002892
103.413000,SAMPLE,2,5.266519,4.083714,0.880073,5.221925,4.151867,0.894566,5.312254,4.089198,0.883195,5.321794,4.100122,0.878492,0.081447,0.014493,0.046063,0.003122,0.057659,0.001581
103.504000,SAMPLE,2,5.277208,4.096560,0.874510,5.234451,4.167351,0.887947,5.323107,4.103781,0.877189,5.334348,4.115422,0.872135,0.082701,0.013437,0.046464,0.002679,0.060173,0.002374
103.594000,SAMPLE,2,5.288057,4.109502,0.871686,5.244003,4.179065,0.885421,5.339342,4.120020,0.869749,5.344079,4.126800,0.869387,0.082340,0.013735,0.052353,0.001938,0.058632,0.002299
103.681000,SAMPLE,2,5.298643,4.122057,0.868984,5.255538,4.193129,0.882963,5.351041,4.134169,0.866679,5.356206,4.140990,0.865956,0.083122,0.013979,0.053779,0.002304,0.060596,0.003028
103.769000,SAMPLE,2,5.310636,4.136260,0.869536,5.265690,4.205496,0.883476,5.362672,4.148046,0.865165,5.366732,4.153285,0.865773,0.082546,0.013940,0.053354,0.004372,0.058623,0.003764
103.864000,SAMPLE,2,5.322863,4.150711,0.867753,5.278075,4.220552,0.881613,5.375021,4.163895,0.864406,5.379510,4.168378,0.863492,0.082968,0.013860,0.053799,0.003347,0.059338,0.004261
103.955000,SAMPLE,2,5.333168,4.162807,0.861656,5.288262,4.232849,0.875466,5.388936,4.178529,0.860757,5.389892,4.180469,0.856808,0.083201,0.013810,0.057942,0.000899,0.059410,0.004848
104.050000,SAMPLE,2,5.345404,4.176936,0.852372,5.300414,4.247275,0.865992,5.401269,4.193305,0.851438,5.402259,4.194616,0.848371,0.083497,0.013620,0.058214,0.000934,0.059540,0.004001
104.147000,SAMPLE,2,5.357315,4.190431,0.842898,5.312004,4.260772,0.856518,5.412198,4.207151,0.842607,5.414039,4.208067,0.839241,0.083671,0.013620,0.057374,0.000291,0.059403,0.003657
104.244000,SAMPLE,2,5.368405,4.202763,0.833614,5.322999,4.273334,0.847045,5.412198,4.207151,0.842607,5.425195,4.220401,0.829768,0.083917,0.013431,0.044012,0.008993,0.059466,0.003846
104.330000,SAMPLE,2,5.378060,4.213308,0.825088,5.331385,4.282752,0.839466,5.424760,4.220942,0.832118,5.433365,4.229479,0.823041,0.083672,0.014378,0.047320,0.007030,0.057621,0.002047
104.420000,SAMPLE,2,5.387523,4.223464,0.816277,5.341279,4.293674,0.829992,5.432101,4.233616,0.824842,5.440716,4.238119,0.816574,0.084071,0.013715,0.045719,0.008565,0.055175,0.000297
104.514000,SAMPLE,2,5.395408,4.231790,0.808698,5.348940,4.301987,0.822413,5.443939,4.243733,0.814781,5.450357,4.248596,0.807481,0.084184,0.013715,0.049979,0.006083,0.057462,0.001217
104.594000,SAMPLE,2,5.403844,4.240557,0.800361,5.356419,4.309981,0.814834,5.453720,4.254674,0.805338,5.458120,4.256960,0.799861,0.084077,0.014473,0.051835,0.004976,0.056700,0.000500
104.690000,SAMPLE,2,5.412456,4.249351,0.791267,5.365150,4.319154,0.805360,5.464608,4.264507,0.795838,5.467088,4.266250,0.790706,0.084323,0.014094,0.054309,0.004571,0.057186,0.000560
104.790000,SAMPLE,2,5.421342,4.258272,0.783948,5.373504,4.327783,0.798437,5.473673,4.274012,0.786295,5.475915,4.275235,0.782119,0.084381,0.014489,0.054646,0.002347,0.057149,0.001829
104.889000,SAMPLE,2,5.428453,4.265307,0.775895,5.381564,4.335978,0.789363,5.482543,4.281929,0.779329,5.484617,4.283822,0.773484,0.084812,0.013468,0.056586,0.003433,0.059137,0.002412
104.977000,SAMPLE,2,5.435438,4.272124,0.769574,5.387502,4.341935,0.783584,5.491233,4.289911,0.770935,5.491066,4.290049,0.768704,0.084684,0.014010,0.058562,0.001361,0.058445,0.000870
105.072000,SAMPLE,2,5.442172,4.278622,0.765874,5.394227,4.348607,0.779768,5.497800,4.296871,0.764209,5.498364,4.297095,0.764477,0.084833,0.013894,0.058545,0.001665,0.059151,0.001397
105.161000,SAMPLE,2,5.448392,4.284581,0.759970,5.400694,4.354972,0.772910,5.504865,4.303380,0.760786,5.505140,4.303571,0.757167,0.085029,0.012940,0.059520,0.000816,0.059841,0.002804
105.259000,SAMPLE,2,5.453310,4.289189,0.742875,5.404492,4.358634,0.760084,5.511143,4.308397,0.749954,5.509324,4.307410,0.744960,0.084887,0.017209,0.060940,0.007079,0.058903,0.002085
105.354000,SAMPLE,2,5.455090,4.290795,0.716073,5.406338,4.360359,0.734276,5.514410,4.312530,0.727959,5.510976,4.308917,0.720803,0.084947,0.018203,0.063176,0.011886,0.058750,0.004729
105.444000,SAMPLE,2,5.455509,4.291149,0.688638,5.406338,4.360359,0.698092,5.514638,4.312107,0.696010,5.511755,4.309703,0.687300,0.084899,0.009454,0.062733,0.007371,0.059227,0.001339
105.526000,SAMPLE,2,5.456088,4.291608,0.651691,5.406338,4.360359,0.665250,5.514638,4.312107,0.696010,5.511755,4.309703,0.654458,0.084864,0.013559,0.062034,0.044319,0.058534,0.002767
105.620000,SAMPLE,2,5.456709,4.292063,0.613191,5.406338,4.360359,0.624947,5.514308,4.312114,0.656110,5.512054,4.309991,0.621927,0.084862,0.011756,0.060989,0.042919,0.058177,0.008736
105.718000,SAMPLE,2,5.457286,4.292455,0.578341,5.406338,4.360359,0.596763,5.514695,4.313054,0.615433,5.512364,4.310371,0.587141,0.084893,0.018422,0.060993,0.037092,0.057919,0.008800
105.806000,SAMPLE,2,5.457761,4.292756,0.550204,5.406338,4.360359,0.562026,5.517565,4.315589,0.578346,5.512987,4.311003,0.553389,0.084939,0.011822,0.064014,0.028142,0.058162,0.003185
105.900000,SAMPLE,2,5.458320,4.293087,0.517701,5.406338,4.360359,0.534237,5.519129,4.314515,0.543600,5.513722,4.311427,0.526387,0.085017,0.016535,0.064473,0.025898,0.058358,0.008686
106.000000,SAMPLE,2,5.458823,4.293364,0.488999,5.406338,4.360359,0.504832,5.517971,4.314037,0.510597,5.514230,4.311741,0.496760,0.085107,0.015833,0.062657,0.021598,0.058375,0.007761
106.100000,SAMPLE,2,5.459349,4.293634,0.459441,5.406338,4.360359,0.476410,5.518745,4.315005,0.481694,5.514759,4.312122,0.467655,0.085221,0.016970,0.063123,0.022253,0.058413,0.008214
106.196000,SAMPLE,2,5.459878,4.293886,0.430167,5.406338,4.360359,0.447989,5.518857,4.314984,0.453282,5.515241,4.312457,0.438674,0.085354,0.017822,0.062639,0.023114,0.058395,0.008506
106.295000,SAMPLE,2,5.460373,4.294105,0.403065,5.406338,4.360359,0.419668,5.518883,4.315619,0.424602,5.515670,4.312829,0.409745,0.085496,0.016604,0.062339,0.021538,0.058381,0.006681
106.386000,SAMPLE,2,5.460720,4.294249,0.384283,5.406338,4.360359,0.396958,5.521578,4.315868,0.396431,5.516381,4.313195,0.387206,0.085604,0.012675,0.064583,0.012148,0.058797,0.002923
106.485000,SAMPLE,2,5.461119,4.294406,0.362841,5.406338,4.360359,0.374853,5.522366,4.315873,0.373961,5.517085,4.313510,0.364278,0.085738,0.012012,0.064900,0.011120,0.059137,0.001437
106.577000,SAMPLE,2,5.461538,4.294559,0.340515,5.406338,4.360359,0.357168,5.524139,4.315675,0.352076,5.517934,4.313770,0.346799,0.085888,0.016654,0.066066,0.011561,0.059578,0.006285
106.669000,SAMPLE,2,5.461927,4.294693,0.319957,5.406338,4.360359,0.335063,5.524747,4.316037,0.330154,5.518751,4.314042,0.324894,0.086037,0.015106,0.066347,0.010198,0.060028,0.004937
106.758000,SAMPLE,2,5.462214,4.294785,0.304894,5.406338,4.360359,0.319479,5.525019,4.317131,0.308016,5.519486,4.314404,0.309168,0.086152,0.014585,0.066662,0.003122,0.060539,0.004274
106.850000,SAMPLE,2,5.462483,4.294868,0.290841,5.406338,4.360359,0.303610,5.524343,4.317464,0.291398,5.520057,4.314763,0.292417,0.086264,0.012770,0.065858,0.000557,0.060915,0.001576
106.939000,SAMPLE,2,5.462762,4.294949,0.276315,5.406338,4.360359,0.290979,5.524343,4.317464,0.291398,5.520057,4.314763,0.279786,0.086384,0.014664,0.065568,0.015084,0.060625,0.003471
107.036000,SAMPLE,2,5.463072,4.295035,0.260209,5.406338,4.360359,0.275189,5.524512,4.316571,0.274778,5.520593,4.314981,0.263638,0.086522,0.014980,0.065105,0.014568,0.060881,0.003428
107.136000,SAMPLE,2,5.463387,4.295116,0.243946,5.406338,4.360359,0.259400,5.524117,4.314483,0.260219,5.521016,4.314921,0.247798,0.086668,0.015454,0.063744,0.016273,0.060937,0.003852
107.231000,SAMPLE,2,5.463691,4.295189,0.228315,5.406338,4.360359,0.243610,5.523715,4.316830,0.228941,5.521390,4.315118,0.231406,0.086814,0.015296,0.063806,0.000627,0.061044,0.003092
107.331000,SAMPLE,2,5.463953,4.295248,0.214894,5.406338,4.360359,0.227821,5.523715,4.316830,0.228941,5.521664,4.315319,0.215156,0.086943,0.012927,0.063540,0.014048,0.061101,0.000262
107.416000,SAMPLE,2,5.464190,4.295298,0.202778,5.406338,4.360359,0.217039,5.524587,4.317205,0.214120,5.522008,4.315541,0.204330,0.087062,0.014262,0.064247,0.011342,0.061259,0.001552
107.509000,SAMPLE,2,5.464370,4.295334,0.193588,5.406338,4.360359,0.207526,5.526292,4.317723,0.198932,5.522535,4.315809,0.194703,0.087155,0.013938,0.065845,0.005344,0.061663,0.001115
107.598000,SAMPLE,2,5.464536,4.295366,0.185157,5.406338,4.360359,0.199947,5.526425,4.316723,0.189446,5.522990,4.315916,0.186502,0.087242,0.014791,0.065470,0.004289,0.061961,0.001346
107.692000,SAMPLE,2,5.464690,4.295395,0.177294,5.406338,4.360359,0.190474,5.526042,4.317323,0.180043,5.523349,4.316081,0.176531,0.087324,0.013180,0.065153,0.002750,0.062199,0.000763
107.782000,SAMPLE,2,5.464866,4.295425,0.168388,5.406338,4.360359,0.181000,5.526049,4.316247,0.170525,5.523666,4.316101,0.166641,0.087419,0.012612,0.064630,0.002136,0.062330,0.001747
107.879000,SAMPLE,2,5.465057,4.295457,0.158725,5.406338,4.360359,0.173421,5.526494,4.316845,0.160998,5.524000,4.316189,0.158713,0.087523,0.014696,0.065054,0.002273,0.062483,0.000012
107.976000,SAMPLE,2,5.465234,4.295484,0.149725,5.406338,4.360359,0.163947,5.525646,4.316502,0.151280,5.524194,4.316226,0.148909,0.087622,0.014222,0.063963,0.001555,0.062502,0.000816
108.002000,P2,2,5.465298,4.295494,0.146504,5.406338,4.360359,0.160158,5.525646,4.316502,0.151280,5.524194,4.316226,0.145120,0.087658,0.013654,0.063900,0.004776,0.062439,0.001385
108.071000,SAMPLE,3,5.465619,4.295541,0.142704,5.406412,4.360371,0.156924,5.525986,4.318137,0.142403,5.524555,4.316473,0.141280,0.087797,0.014220,0.064458,0.000301,0.062543,0.001424
108.167000,SAMPLE,3,5.469092,4.296023,0.132422,5.410564,4.360999,0.144050,5.526560,4.316364,0.135244,5.528967,4.317031,0.129739,0.087449,0.011628,0.060962,0.002822,0.063453,0.002682
108.263000,SAMPLE,3,5.478135,4.297133,0.110787,5.419932,4.362244,0.120676,5.531739,4.317325,0.119487,5.538066,4.318136,0.107892,0.087333,0.009889,0.057281,0.008700,0.063505,0.002896
108.352000,SAMPLE,3,5.491804,4.298447,0.080408,5.431141,4.363454,0.094547,5.546128,4.318402,0.090879,5.549560,4.319268,0.082313,0.088915,0.014139,0.057873,0.010471,0.061394,0.001905
108.438000,SAMPLE,3,5.509669,4.299556,0.044303,5.446020,4.364618,0.062384,5.546128,4.318402,0.090879,5.564105,4.320265,0.052074,0.091018,0.018081,0.041042,0.046576,0.058242,0.007771
108.536000,SAMPLE,3,5.530379,4.300108,0.008366,5.466000,4.365506,0.026863,5.564097,4.320266,0.052423,5.583605,4.321051,0.017456,0.091770,0.018497,0.039284,0.044057,0.057197,0.009090
108.629000,SAMPLE,3,5.546799,4.299977,-0.026121,5.485524,4.365634,-0.015582,5.605480,4.321101,-0.024949,5.602916,4.321123,-0.023388,0.089808,0.010540,0.062368,0.001173,0.059969,0.002734
108.721000,SAMPLE,3,5.566252,4.299044,-0.069973,5.505507,4.364850,-0.062150,5.605480,4.321101,-0.024949,5.623197,4.320257,-0.071045,0.089557,0.007823,0.045004,0.045024,0.060768,0.001072
108.817000,SAMPLE,3,5.586786,4.297180,-0.110958,5.521456,4.363589,-0.095426,5.625695,4.321373,-0.070784,5.638473,4.319315,-0.100788,0.093156,0.015531,0.045817,0.040174,0.056227,0.010170
108.916000,SAMPLE,3,5.607311,4.294527,-0.145784,5.541327,4.361327,-0.130795,5.646106,4.318920,-0.113537,5.657820,4.317220,-0.135171,0.093894,0.014989,0.045826,0.032247,0.055373,0.010613
109.014000,SAMPLE,3,5.628246,4.291133,-0.176247,5.561115,4.358427,-0.159997,5.663876,4.314144,-0.147818,5.677382,4.314047,-0.165529,0.095053,0.016250,0.042415,0.028429,0.054217,0.010718
109.103000,SAMPLE,3,5.644242,4.288077,-0.200550,5.580702,4.354946,-0.190268,5.684194,4.313550,-0.177379,5.696730,4.310651,-0.195662,0.092243,0.010281,0.047382,0.023170,0.057137,0.004888
109.194000,SAMPLE,3,5.661381,4.284394,-0.224110,5.595535,4.351933,-0.211405,5.705334,4.309453,-0.207433,5.711671,4.307617,-0.217662,0.094325,0.012705,0.050595,0.016677,0.055393,0.006448
109.289000,SAMPLE,3,5.678996,4.280170,-0.246616,5.612915,4.347994,-0.234116,5.723102,4.305030,-0.233236,5.729846,4.303300,-0.242276,0.094693,0.012500,0.050630,0.013380,0.055864,0.004339
109.385000,SAMPLE,3,5.697048,4.275389,-0.271798,5.630827,4.343484,-0.259921,5.740820,4.301513,-0.255451,5.748333,4.298608,-0.267510,0.094985,0.011877,0.050975,0.016347,0.056296,0.004288
109.482000,SAMPLE,3,5.717195,4.269437,-0.302224,5.650074,4.338049,-0.289668,5.760261,4.296329,-0.283215,5.768043,4.293034,-0.297940,0.095984,0.012555,0.050773,0.019009,0.056057,0.004283
109.569000,SAMPLE,3,5.734097,4.263955,-0.324216,5.664906,4.333460,-0.309587,5.780128,4.289791,-0.312257,5.783416,4.288199,-0.318158,0.098074,0.014629,0.052786,0.011958,0.054956,0.006057
109.658000,SAMPLE,3,5.748552,4.258975,-0.338618,5.680104,4.328459,-0.325271,5.799594,4.283330,-0.335441,5.799134,4.282920,-0.334791,0.097535,0.013347,0.056556,0.003177,0.055963,0.003828
109.740000,SAMPLE,3,5.764647,4.253186,-0.352390,5.694934,4.323354,-0.337916,5.799594,4.283330,-0.335441,5.813823,4.277730,-0.347685,0.098912,0.014474,0.046151,0.016949,0.054960,0.004705
109.837000,SAMPLE,3,5.783669,4.245964,-0.373916,5.713684,4.316547,-0.359074,5.836692,4.267890,-0.371396,5.832077,4.270572,-0.367673,0.099397,0.014842,0.057378,0.002521,0.054304,0.006243
109.936000,SAMPLE,3,5.802204,4.238453,-0.396021,5.731837,4.309500,-0.381179,5.854032,4.262377,-0.393007,5.850789,4.263016,-0.390472,0.099996,0.014842,0.057083,0.003014,0.054441,0.005550
110.025000,SAMPLE,3,5.819536,4.231016,-0.413762,5.750255,4.301897,-0.400592,5.854032,4.262377,-0.393007,5.869454,4.255203,-0.410049,0.099115,0.013169,0.046621,0.020754,0.055469,0.003712
110.109000,SAMPLE,3,5.834064,4.224516,-0.428587,5.764578,4.295714,-0.415324,5.873749,4.254879,-0.413409,5.883846,4.249044,-0.424714,0.099486,0.013264,0.049968,0.015179,0.055496,0.003873
110.202000,SAMPLE,3,5.849527,4.217277,-0.447571,5.782328,4.287653,-0.437376,5.891859,4.244772,-0.431892,5.902056,4.240505,-0.447337,0.097307,0.010195,0.050478,0.015679,0.057435,0.000235
110.301000,SAMPLE,3,5.868040,4.208136,-0.469898,5.800350,4.278982,-0.459482,5.909679,4.237330,-0.453798,5.920473,4.231500,-0.469824,0.097985,0.010416,0.050853,0.016100,0.057403,0.000074
110.399000,SAMPLE,3,5.886479,4.198531,-0.489427,5.814632,4.271770,-0.474816,5.933791,4.227380,-0.477248,5.935446,4.224124,-0.485225,0.102596,0.014611,0.055414,0.012178,0.055252,0.004202
110.492000,SAMPLE,3,5.903588,4.189271,-0.502185,5.832352,4.262497,-0.488232,5.951738,4.218829,-0.495790,5.954142,4.214459,-0.500013,0.102160,0.013953,0.056499,0.006395,0.056481,0.002172
110.583000,SAMPLE,3,5.920259,4.179956,-0.517027,5.849940,4.252977,-0.504021,5.968990,4.207122,-0.508523,5.972543,4.204324,-0.516213,0.101374,0.013006,0.055791,0.008503,0.057684,0.000813
110.683000,SAMPLE,3,5.937418,4.170021,-0.533132,5.866653,4.243590,-0.519811,5.987363,4.196552,-0.524282,5.989642,4.194586,-0.531729,0.102078,0.013321,0.056555,0.008850,0.057714,0.001403
110.774000,SAMPLE,3,5.950436,4.162240,-0.543055,5.879911,4.235901,-0.530029,6.003653,4.188429,-0.539930,6.003839,4.186371,-0.541894,0.101979,0.013026,0.059311,0.003125,0.058602,0.001161
110.871000,SAMPLE,3,5.967971,4.151542,-0.552718,5.897101,4.225719,-0.539503,6.020181,4.179336,-0.551173,6.021963,4.175623,-0.552359,0.102591,0.013215,0.059147,0.001545,0.059119,0.000359
110.958000,SAMPLE,3,5.982605,4.142415,-0.563661,5.910449,4.217646,-0.549182,6.020181,4.179336,-0.551173,6.035235,4.167385,-0.561927,0.104241,0.014479,0.052679,0.012488,0.058253,0.001734
111.055000,SAMPLE,3,5.999137,4.131768,-0.581642,5.927000,4.207325,-0.567308,6.057110,4.160819,-0.576459,6.051650,4.157524,-0.578455,0.104464,0.014334,0.064844,0.005184,0.058489,0.003188
111.140000,SAMPLE,3,6.013823,4.121981,-0.592951,5.943472,4.196664,-0.580224,6.057110,4.160819,-0.576459,6.068650,4.147142,-0.591577,0.102600,0.012727,0.058156,0.016493,0.060324,0.001374
111.238000,SAMPLE,3,6.028016,4.112335,-0.601004,5.956820,4.187842,-0.587803,6.071203,4.147485,-0.594138,6.082193,4.138194,-0.599639,0.103780,0.013201,0.055683,0.006866,0.060032,0.001365
111.337000,SAMPLE,3,6.044537,4.100820,-0.617885,5.973377,4.176624,-0.604526,6.086356,4.136953,-0.602526,6.098741,4.126933,-0.615297,0.103971,0.013359,0.055267,0.015359,0.060166,0.002588
111.433000,SAMPLE,3,6.060908,4.088915,-0.640020,5.989706,4.165076,-0.626832,6.119933,4.113590,-0.639560,6.115097,4.115348,-0.637068,0.104260,0.013188,0.063975,0.000459,0.060291,0.002952
111.524000,SAMPLE,3,6.076253,4.077182,-0.665893,6.005741,4.153124,-0.654147,6.119933,4.113590,-0.639560,6.131588,4.103044,-0.665154,0.103630,0.011746,0.056863,0.026333,0.061080,0.000739
111.623000,SAMPLE,3,6.092477,4.064148,-0.686467,6.021481,4.140785,-0.674024,6.136855,4.101641,-0.666070,6.147499,4.090733,-0.684318,0.104469,0.012443,0.058096,0.020397,0.061108,0.002149
111.721000,SAMPLE,3,6.108400,4.050887,-0.702572,6.037008,4.128180,-0.689813,6.153497,4.088044,-0.688005,6.163588,4.077639,-0.700786,0.105219,0.012759,0.058433,0.014567,0.061330,0.001787
111.819000,SAMPLE,3,6.121534,4.039600,-0.718443,6.049279,4.117912,-0.704695,6.169327,4.074401,-0.703273,6.176092,4.067189,-0.715284,0.106553,0.013748,0.059121,0.015171,0.061137,0.003159
111.908000,SAMPLE,3,6.135382,4.027245,-0.739001,6.064031,4.105088,-0.726747,6.183555,4.061086,-0.721234,6.191221,4.053839,-0.737459,0.105596,0.012254,0.058872,0.017767,0.061849,0.001542
111.995000,SAMPLE,3,6.148709,4.014861,-0.758675,6.075894,4.094352,-0.744432,6.196771,4.048808,-0.743032,6.203287,4.042717,-0.755359,0.107800,0.014243,0.058841,0.015643,0.061275,0.003316
112.090000,SAMPLE,3,6.162295,4.001715,-0.779230,6.090086,4.080987,-0.766137,6.213521,4.035698,-0.765342,6.217621,4.029362,-0.776822,0.107230,0.013093,0.061473,0.013887,0.061850,0.002408
112.185000,SAMPLE,3,6.176211,3.987747,-0.795085,6.104382,4.067001,-0.782479,6.226763,4.022978,-0.786180,6.232173,4.015133,-0.793864,0.106961,0.012606,0.061617,0.008905,0.062303,0.001221
112.278000,SAMPLE,3,6.189692,3.973791,-0.810559,6.115339,4.055971,-0.795111,6.242281,4.006896,-0.801875,6.243522,4.003703,-0.806809,0.110824,0.015448,0.062141,0.008684,0.061582,0.003750
112.376000,SAMPLE,3,6.203576,3.958960,-0.826348,6.129193,4.041620,-0.810900,6.255326,3.992667,-0.817207,6.257676,3.988890,-0.822770,0.111200,0.015448,0.061759,0.009141,0.061827,0.003578
112.465000,SAMPLE,3,6.213380,3.948196,-0.838032,6.142461,4.027438,-0.826690,6.268641,3.977658,-0.833253,6.271104,3.974300,-0.838749,0.106343,0.011343,0.062624,0.004779,0.063352,0.000717
112.563000,SAMPLE,3,6.226547,3.933309,-0.856508,6.155612,4.012891,-0.845800,6.281310,3.963799,-0.849321,6.284685,3.959007,-0.859134,0.106607,0.010708,0.062680,0.007188,0.063564,0.002626
112.651000,SAMPLE,3,6.238519,3.919217,-0.876921,6.165779,4.001212,-0.863484,6.295026,3.948763,-0.870836,6.295005,3.947130,-0.876516,0.109610,0.013437,0.063765,0.006085,0.063007,0.000405
112.745000,SAMPLE,3,6.251134,3.903801,-0.892921,6.178647,3.985902,-0.879840,6.307726,3.932975,-0.889701,6.308259,3.931078,-0.894234,0.109521,0.013082,0.063670,0.003221,0.063304,0.001313
112.837000,SAMPLE,3,6.260835,3.891602,-0.905395,6.188474,3.973868,-0.892471,6.307726,3.932975,-0.889701,6.317904,3.918951,-0.906865,0.109562,0.012924,0.062535,0.015694,0.063285,0.001471
112.936000,SAMPLE,3,6.273355,3.875386,-0.921342,6.200887,3.958213,-0.908261,6.321990,3.916195,-0.907276,6.330331,3.903229,-0.922105,0.110055,0.013082,0.063489,0.014066,0.063415,0.000763
113.036000,SAMPLE,3,6.285226,3.859488,-0.937605,6.212423,3.943183,-0.924050,6.333681,3.901541,-0.922212,6.341844,3.888247,-0.937293,0.110929,0.013555,0.064158,0.015393,0.063503,0.000313
113.132000,SAMPLE,3,6.296840,3.843400,-0.953395,6.224040,3.927541,-0.939840,6.355669,3.870219,-0.952273,6.354160,3.871553,-0.953367,0.111263,0.013555,0.064653,0.001122,0.063860,0.000028
113.228000,SAMPLE,3,6.308350,3.826921,-0.968426,6.235710,3.911299,-0.955179,6.355669,3.870219,-0.952273,6.365635,3.855173,-0.969156,0.111338,0.013247,0.064138,0.016153,0.063872,0.000730
113.310000,SAMPLE,3,6.317835,3.812999,-0.977047,6.244648,3.898552,-0.963271,6.369026,3.853957,-0.969723,6.374799,3.842171,-0.977362,0.112586,0.013776,0.065559,0.007324,0.063999,0.000315
113.404000,SAMPLE,3,6.327197,3.798985,-0.987660,6.255716,3.882440,-0.975687,6.378425,3.836221,-0.980214,6.385844,3.825549,-0.990020,0.109883,0.011973,0.063332,0.007446,0.064383,0.002360
113.498000,SAMPLE,3,6.337249,3.783534,-0.999325,6.264611,3.869140,-0.985918,6.391025,3.821190,-0.992321,6.394697,3.812443,-0.999053,0.112271,0.013407,0.065649,0.007005,0.064312,0.000272
113.596000,SAMPLE,3,6.347887,3.766820,-1.008894,6.275292,3.852845,-0.995405,6.401366,3.803728,-1.004520,6.405388,3.795852,-1.009053,0.112563,0.013488,0.064979,0.004374,0.064415,0.000159
113.695000,SAMPLE,3,6.358452,3.749827,-1.021527,6.285810,3.836431,-1.007505,6.411459,3.786782,-1.013762,6.416191,3.778541,-1.021303,0.113036,0.014021,0.064618,0.007765,0.064485,0.000223
113.796000,SAMPLE,3,6.369168,3.732001,-1.037790,6.296345,3.819455,-1.023295,6.423730,3.770415,-1.027234,6.426702,3.761739,-1.036387,0.113805,0.014495,0.066728,0.010555,0.064766,0.001402
113.879000,SAMPLE,3,6.377602,3.717479,-1.051685,6.304153,3.806464,-1.035926,6.430879,3.752308,-1.041930,6.434207,3.748727,-1.048260,0.115382,0.015758,0.063652,0.009754,0.064657,0.003425
113.972000,SAMPLE,3,6.384589,3.705080,-1.063948,6.313232,3.790860,-1.051416,6.440349,3.736720,-1.057843,6.443257,3.732626,-1.064072,0.111580,0.012532,0.064112,0.006105,0.064813,0.000124
114.070000,SAMPLE,3,6.394390,3.687207,-1.073981,6.323069,3.773447,-1.061105,6.453215,3.721367,-1.072370,6.453160,3.715431,-1.074125,0.111911,0.012876,0.068025,0.001611,0.065196,0.000144
114.164000,SAMPLE,3,6.403478,3.670365,-1.077694,6.332505,3.756484,-1.064842,6.462817,3.703304,-1.079610,6.463000,3.697781,-1.078468,0.111596,0.012852,0.067868,0.001916,0.065532,0.000774
114.259000,SAMPLE,3,6.412482,3.653512,-1.083785,6.340059,3.742787,-1.069668,6.470809,3.685199,-1.082854,6.470663,3.683656,-1.083274,0.114957,0.014116,0.066378,0.000931,0.065526,0.000511
114.357000,SAMPLE,3,6.421784,3.635747,-1.093258,6.349580,3.725211,-1.079129,6.479950,3.667685,-1.091695,6.480165,3.665751,-1.092691,0.114966,0.014129,0.066358,0.001564,0.065640,0.000567
114.446000,SAMPLE,3,6.428509,3.622636,-1.100553,6.358392,3.708568,-1.088603,6.488203,3.649818,-1.101271,6.488845,3.648786,-1.102355,0.110909,0.011951,0.065591,0.000718,0.065759,0.001802
114.533000,SAMPLE,3,6.436134,3.607472,-1.108852,6.365417,3.695018,-1.095932,6.496857,3.633472,-1.110837,6.495743,3.635053,-1.109967,0.112540,0.012920,0.066055,0.001986,0.065681,0.001115
114.626000,SAMPLE,3,6.444689,3.590205,-1.112528,6.374525,3.677212,-1.099695,6.506836,3.614884,-1.115764,6.504729,3.616932,-1.113828,0.111773,0.012833,0.066868,0.003237,0.065721,0.001300
114.725000,SAMPLE,3,6.453532,3.572205,-1.115780,6.383284,3.659949,-1.102853,6.506836,3.614884,-1.115764,6.513471,3.599304,-1.117350,0.112400,0.012928,0.068284,0.000016,0.065780,0.001569
114.815000,SAMPLE,3,6.461194,3.556501,-1.118736,6.389900,3.646816,-1.105379,6.515937,3.597394,-1.118463,6.520167,3.585875,-1.120082,0.115064,0.013357,0.068330,0.000273,0.065883,0.001347
114.911000,SAMPLE,3,6.468634,3.541102,-1.123822,6.398817,3.628961,-1.111176,6.524204,3.581011,-1.121712,6.529107,3.567700,-1.126426,0.112221,0.012645,0.068416,0.002110,0.066064,0.002604
115.012000,SAMPLE,3,6.477123,3.523178,-1.133377,6.407346,3.611525,-1.120650,6.532733,3.562291,-1.127312,6.537606,3.549975,-1.135705,0.112579,0.012727,0.067987,0.006065,0.066153,0.002328
115.108000,SAMPLE,3,6.485379,3.505303,-1.142601,6.415762,3.593894,-1.129724,6.540956,3.544986,-1.136888,6.546007,3.532008,-1.145041,0.112672,0.012877,0.068291,0.005713,0.066249,0.002440
115.201000,SAMPLE,3,6.493176,3.488160,-1.144256,6.422576,3.579417,-1.131245,6.549501,3.527426,-1.147112,6.552413,3.518212,-1.146166,0.115379,0.013011,0.068661,0.002856,0.066424,0.001910
115.299000,SAMPLE,3,6.501355,3.470162,-1.144256,6.430876,3.561766,-1.131245,6.557291,3.508780,-1.148429,6.560580,3.500242,-1.146584,0.115579,0.013011,0.067972,0.004173,0.066426,0.002328
115.378000,SAMPLE,3,6.507791,3.456000,-1.144711,6.437187,3.548344,-1.131245,6.565148,3.491484,-1.148603,6.566796,3.486584,-1.146960,0.116243,0.013467,0.067445,0.003891,0.066460,0.002248
115.465000,SAMPLE,3,6.514393,3.441407,-1.147248,6.445638,3.530299,-1.134403,6.573313,3.474228,-1.149796,6.575297,3.467887,-1.149892,0.112379,0.012845,0.067445,0.002549,0.066412,0.002644
115.565000,SAMPLE,3,6.522024,3.424411,-1.150342,6.453619,3.513115,-1.137561,6.581795,3.455828,-1.152617,6.583054,3.450798,-1.153085,0.112015,0.012782,0.067525,0.002274,0.066490,0.002742
115.661000,SAMPLE,3,6.530016,3.406418,-1.156550,6.461813,3.495275,-1.144166,6.587878,3.438001,-1.156729,6.590830,3.432982,-1.159338,0.112014,0.012385,0.065920,0.000178,0.066363,0.002787
115.739000,SAMPLE,3,6.536369,3.391848,-1.161285,6.466752,3.484338,-1.148300,6.587878,3.438001,-1.156729,6.595609,3.421975,-1.164022,0.115762,0.012985,0.069161,0.004556,0.066460,0.002737
115.820000,SAMPLE,3,6.542987,3.376585,-1.163746,6.474682,3.466679,-1.150924,6.596958,3.421347,-1.165402,6.603158,3.404699,-1.167585,0.113060,0.012823,0.070118,0.001656,0.066416,0.003839
115.913000,SAMPLE,3,6.548665,3.363278,-1.171325,6.480476,3.453565,-1.158453,6.606406,3.400841,-1.168743,6.608984,3.391413,-1.174528,0.113143,0.012873,0.068885,0.002582,0.066558,0.003203
116.009000,SAMPLE,3,6.556270,3.345163,-1.174996,6.488454,3.435226,-1.162000,6.613511,3.383259,-1.177635,6.616996,3.372415,-1.178902,0.112739,0.012996,0.068759,0.002640,0.066561,0.003906
116.104000,SAMPLE,3,6.563607,3.327603,-1.174996,6.496158,3.417443,-1.162000,6.620741,3.364868,-1.181027,6.624630,3.354052,-1.179297,0.112342,0.012996,0.068212,0.006031,0.066508,0.004301
116.190000,SAMPLE,3,6.569971,3.312378,-1.175345,6.502024,3.403902,-1.162253,6.627407,3.348331,-1.181045,6.630278,3.340437,-1.179633,0.113988,0.013092,0.067761,0.005700,0.066515,0.004289
116.284000,SAMPLE,3,6.577594,3.294037,-1.178471,6.509940,3.385535,-1.165411,6.634424,3.330499,-1.182030,6.637997,3.321634,-1.183002,0.113793,0.013061,0.067522,0.003558,0.066409,0.004531
116.381000,SAMPLE,3,6.583732,3.279148,-1.181092,6.517526,3.367783,-1.168568,6.643034,3.312176,-1.183758,6.645340,3.303979,-1.185936,0.110632,0.012524,0.067879,0.002666,0.066423,0.004844
116.476000,SAMPLE,3,6.590610,3.262333,-1.184089,6.523254,3.354273,-1.171095,6.650124,3.295313,-1.186908,6.651196,3.289838,-1.188520,0.113973,0.012994,0.068041,0.002819,0.066537,0.004431
116.562000,SAMPLE,3,6.597321,3.245852,-1.183836,6.531037,3.335850,-1.170621,6.650124,3.295313,-1.186908,6.658647,3.271278,-1.189151,0.111772,0.013215,0.072349,0.003071,0.066387,0.005315
116.653000,SAMPLE,3,6.604450,3.228411,-1.182141,6.537267,3.321158,-1.169390,6.663005,3.259191,-1.188173,6.664136,3.257199,-1.187481,0.114523,0.012752,0.066152,0.006032,0.066265,0.005340
116.750000,SAMPLE,3,6.611700,3.210752,-1.181468,6.544717,3.303657,-1.168221,6.670314,3.239462,-1.186116,6.671297,3.239498,-1.186218,0.114534,0.013247,0.065268,0.004648,0.066168,0.004750
116.823000,SAMPLE,3,6.616486,3.199053,-1.183457,6.550967,3.288928,-1.170747,6.670314,3.239462,-1.186116,6.677169,3.224657,-1.188728,0.111221,0.012710,0.067308,0.002659,0.065863,0.005271
116.914000,SAMPLE,3,6.623454,3.181902,-1.186457,6.556992,3.274630,-1.173274,6.679274,3.221265,-1.189517,6.682821,3.210794,-1.191158,0.114086,0.013184,0.068304,0.003060,0.066025,0.004701
117.005000,SAMPLE,3,6.629493,3.166912,-1.189236,6.564057,3.257731,-1.176432,6.686740,3.203631,-1.192566,6.689872,3.193346,-1.194455,0.111938,0.012805,0.068011,0.003330,0.065912,0.005218
117.098000,SAMPLE,3,6.636265,3.149962,-1.191832,6.569935,3.243554,-1.178958,6.691657,3.188427,-1.196774,6.695265,3.179598,-1.197078,0.114713,0.012874,0.067437,0.004942,0.066025,0.005245
117.196000,SAMPLE,3,6.643740,3.131253,-1.189180,6.577592,3.225078,-1.176508,6.699416,3.169336,-1.198203,6.702526,3.161082,-1.195943,0.114799,0.012672,0.067455,0.009023,0.065921,0.006763
117.290000,SAMPLE,3,6.650862,3.113548,-1.188592,6.585100,3.207087,-1.175371,6.706061,3.151218,-1.195272,6.709759,3.142624,-1.195421,0.114342,0.013221,0.066828,0.006680,0.065683,0.006829
117.385000,SAMPLE,3,6.656978,3.098276,-1.191181,6.592775,3.188618,-1.178213,6.713739,3.133887,-1.194923,6.717368,3.123439,-1.197743,0.110832,0.012968,0.067007,0.003741,0.065422,0.006562
117.480000,SAMPLE,3,6.663824,3.081117,-1.191181,6.600165,3.170772,-1.178213,6.719641,3.114708,-1.197114,6.722775,3.109290,-1.197625,0.109957,0.012968,0.065144,0.005932,0.065337,0.006443
117.572000,SAMPLE,3,6.670515,3.064347,-1.191339,6.605984,3.156719,-1.178371,6.726935,3.098463,-1.196691,6.729567,3.091947,-1.198076,0.112680,0.012968,0.065933,0.005352,0.065184,0.006737
117.667000,SAMPLE,3,6.677696,3.046259,-1.194402,6.613604,3.138227,-1.181529,6.734019,3.080027,-1.198249,6.737014,3.072803,-1.201039,0.112098,0.012873,0.065670,0.003846,0.064987,0.006636
117.764000,SAMPLE,3,6.684957,3.027803,-1.197623,6.620922,3.120306,-1.184687,6.741361,3.062477,-1.201092,6.744016,3.054839,-1.203847,0.112504,0.012937,0.066209,0.003468,0.064953,0.006224
117.843000,SAMPLE,3,6.690388,3.013885,-1.199832,6.626526,3.106471,-1.186834,6.741361,3.062477,-1.201092,6.749395,3.040803,-1.206373,0.112475,0.012997,0.070423,0.001260,0.064856,0.006542
117.936000,SAMPLE,3,6.697274,2.996185,-1.199453,6.632520,3.091636,-1.186834,6.748889,3.043779,-1.203312,6.754898,3.026696,-1.205756,0.115344,0.012618,0.070209,0.003859,0.065204,0.006303
118.020000,SAMPLE,3,6.702567,2.982638,-1.197147,6.638531,3.076809,-1.184371,6.756217,3.024488,-1.204999,6.760613,3.011939,-1.203204,0.113880,0.012776,0.068042,0.007852,0.065022,0.006057
118.118000,SAMPLE,3,6.709333,2.965458,-1.194053,6.645724,3.059211,-1.181213,6.764162,3.005451,-1.203024,6.767531,2.994331,-1.200249,0.113295,0.012839,0.067865,0.008972,0.064967,0.006196
118.216000,SAMPLE,3,6.716342,2.947788,-1.193633,6.652933,3.041701,-1.180532,6.771224,2.988012,-1.199596,6.774753,2.976172,-1.199346,0.113315,0.013101,0.068043,0.005963,0.064942,0.005713
118.304000,SAMPLE,3,6.723000,2.930911,-1.196570,6.660309,3.023689,-1.183690,6.778368,2.971203,-1.199359,6.782022,2.957973,-1.202383,0.111973,0.012880,0.068477,0.002789,0.064931,0.005814
118.395000,SAMPLE,3,6.729290,2.914827,-1.199538,6.665836,3.010085,-1.186216,6.784563,2.953339,-1.201440,6.787134,2.945026,-1.204342,0.114457,0.013322,0.067367,0.001902,0.065253,0.004804
118.489000,SAMPLE,3,6.735945,2.897717,-1.199080,6.673003,2.992341,-1.186305,6.791649,2.935901,-1.204660,6.794225,2.926855,-1.204051,0.113646,0.012774,0.067535,0.005580,0.065158,0.004971
118.585000,SAMPLE,3,6.742122,2.881911,-1.197982,6.680488,2.973897,-1.184726,6.799747,2.918753,-1.203441,6.801819,2.907869,-1.202150,0.110725,0.013256,0.068396,0.005458,0.065096,0.004168
118.682000,SAMPLE,3,6.748649,2.865273,-1.197625,6.687493,2.956689,-1.185016,6.806157,2.900105,-1.202345,6.808575,2.890796,-1.203272,0.109986,0.012609,0.067234,0.004720,0.065135,0.005647
118.778000,SAMPLE,3,6.755932,2.846586,-1.200540,6.693495,2.941857,-1.187542,6.813846,2.882163,-1.203858,6.814600,2.875725,-1.205672,0.113908,0.012997,0.067969,0.003319,0.065506,0.005132
118.877000,SAMPLE,3,6.763268,2.827686,-1.200540,6.700969,2.923317,-1.187574,6.821100,2.863186,-1.206513,6.821820,2.857349,-1.205829,0.114134,0.012966,0.067858,0.005974,0.065638,0.005290
118.956000,SAMPLE,3,6.768065,2.815331,-1.200579,6.706487,2.909630,-1.187574,6.828006,2.844163,-1.206303,6.827335,2.843257,-1.205914,0.112624,0.013005,0.066515,0.005724,0.065519,0.005335
119.040000,SAMPLE,3,6.774430,2.798865,-1.203371,6.712451,2.894783,-1.190100,6.828006,2.844163,-1.206303,6.833037,2.828308,-1.207819,0.114200,0.013271,0.070160,0.002933,0.065588,0.004448
119.137000,SAMPLE,3,6.781250,2.781065,-1.206465,6.719666,2.876673,-1.193258,6.836204,2.825302,-1.209115,6.839947,2.810703,-1.210976,0.113725,0.013207,0.070547,0.002650,0.065755,0.004511
119.231000,SAMPLE,3,6.787649,2.764208,-1.209560,6.726430,2.859538,-1.196416,6.848206,2.790179,-1.214978,6.846543,2.793616,-1.214171,0.113295,0.013144,0.065891,0.005418,0.065828,0.004611
119.320000,SAMPLE,3,6.792747,2.750683,-1.210727,6.731936,2.845484,-1.197774,6.848206,2.790179,-1.214978,6.852006,2.779002,-1.216213,0.112629,0.012954,0.068085,0.004250,0.065678,0.005486
119.416000,SAMPLE,3,6.799794,2.732055,-1.207570,6.739253,2.826870,-1.194711,6.854691,2.772056,-1.216534,6.858942,2.760314,-1.213869,0.112495,0.012859,0.067925,0.008964,0.065552,0.006300
119.516000,SAMPLE,3,6.806640,2.714129,-1.204348,6.746235,2.809268,-1.191553,6.861378,2.753379,-1.213603,6.865533,2.742624,-1.210902,0.112694,0.012796,0.067356,0.009255,0.065424,0.006554
119.609000,SAMPLE,3,6.813343,2.696723,-1.203284,6.753286,2.791636,-1.190290,6.868098,2.736702,-1.210380,6.872447,2.724399,-1.209658,0.112317,0.012994,0.067797,0.007096,0.065263,0.006374
119.701000,SAMPLE,3,6.820080,2.679173,-1.204865,6.760461,2.773645,-1.191963,6.874955,2.719454,-1.209174,6.879412,2.706136,-1.211346,0.111712,0.012901,0.068072,0.004309,0.065171,0.006482
119.794000,SAMPLE,3,6.825568,2.664796,-1.207422,6.766049,2.759555,-1.194490,6.882115,2.699923,-1.210748,6.884756,2.692055,-1.213511,0.111900,0.012933,0.066568,0.003326,0.065163,0.006089
119.888000,SAMPLE,3,6.831912,2.648040,-1.210209,6.772661,2.742745,-1.197247,6.888662,2.682657,-1.213779,6.891286,2.674655,-1.216483,0.111713,0.012962,0.066475,0.003570,0.065067,0.006274
119.981000,SAMPLE,3,6.838542,2.630548,-1.205294,6.779996,2.724139,-1.191784,6.895351,2.665840,-1.214794,6.898233,2.656198,-1.211700,0.110394,0.013510,0.066878,0.009500,0.064968,0.006406
120.077000,SAMPLE,3,6.845598,2.612316,-1.199071,6.785962,2.709293,-1.186555,6.900541,2.649341,-1.207518,6.903658,2.641755,-1.206219,0.113846,0.012516,0.066253,0.008447,0.065097,0.007147
120.176000,SAMPLE,3,6.852878,2.593693,-1.197924,6.793291,2.691228,-1.184995,6.907877,2.630908,-1.202858,6.910856,2.623048,-1.203947,0.114297,0.012930,0.066407,0.004934,0.064985,0.006023
120.270000,SAMPLE,3,6.858768,2.578636,-1.197924,6.800790,2.672767,-1.184995,6.914804,2.610928,-1.202494,6.917776,2.604861,-1.203667,0.110554,0.012930,0.064674,0.004569,0.064573,0.005743
120.365000,SAMPLE,3,6.865399,2.561686,-1.197924,6.807690,2.655778,-1.184995,6.922178,2.592235,-1.202621,6.924408,2.587510,-1.203473,0.110379,0.012930,0.064476,0.004696,0.064412,0.005549
120.446000,SAMPLE,3,6.871489,2.546106,-1.198608,6.813420,2.641654,-1.185784,6.922178,2.592235,-1.202621,6.929909,2.573205,-1.203739,0.111810,0.012824,0.068537,0.004013,0.064400,0.005131
120.534000,SAMPLE,3,6.876790,2.532571,-1.195361,6.819448,2.626833,-1.182358,6.931294,2.574641,-1.203152,6.935838,2.558451,-1.200141,0.110333,0.013003,0.068851,0.007791,0.064470,0.004780
120.625000,SAMPLE,3,6.883819,2.514815,-1.192330,6.827004,2.608452,-1.179200,6.937024,2.558255,-1.200759,6.942797,2.540895,-1.197352,0.109525,0.013130,0.068686,0.008429,0.064486,0.005023
120.709000,SAMPLE,3,6.890450,2.498190,-1.191025,6.832975,2.594028,-1.178032,6.943747,2.538971,-1.197220,6.948623,2.526110,-1.196696,0.111751,0.012993,0.067109,0.006196,0.064525,0.005671
120.808000,SAMPLE,3,6.897665,2.480036,-1.194120,6.840561,2.575636,-1.181190,6.952502,2.520348,-1.195958,6.955972,2.507891,-1.198954,0.111357,0.012930,0.068060,0.001838,0.064619,0.004835
120.906000,SAMPLE,3,6.904904,2.461646,-1.198166,6.847773,2.557990,-1.184897,6.960895,2.501259,-1.199741,6.963175,2.490088,-1.202013,0.112009,0.013268,0.068587,0.001576,0.064842,0.003848
120.999000,SAMPLE,3,6.910802,2.446403,-1.205392,6.853745,2.543146,-1.191963,6.966749,2.485757,-1.201859,6.969027,2.475538,-1.208622,0.112316,0.013429,0.068402,0.003533,0.065108,0.003230
121.092000,SAMPLE,3,6.917222,2.429394,-1.214392,6.860692,2.525451,-1.201437,6.973627,2.468034,-1.211583,6.975774,2.458179,-1.217571,0.111456,0.012955,0.068370,0.002809,0.065245,0.003180
121.188000,SAMPLE,3,6.923538,2.412194,-1.223667,6.867307,2.508123,-1.210911,6.979616,2.449834,-1.221027,6.982335,2.440433,-1.226981,0.111196,0.012756,0.067539,0.002639,0.065227,0.003315
121.287000,SAMPLE,3,6.930476,2.392722,-1.233468,6.874229,2.489460,-1.220384,6.986079,2.433084,-1.230534,6.989069,2.421779,-1.236449,0.111902,0.013084,0.068708,0.002934,0.065402,0.002981
121.372000,SAMPLE,3,6.935851,2.377194,-1.241899,6.879214,2.475659,-1.227963,6.992003,2.412879,-1.239382,6.993773,2.408158,-1.243497,0.113592,0.013936,0.066532,0.002517,0.065679,0.001597
121.472000,SAMPLE,3,6.940751,2.362646,-1.249952,6.885129,2.458838,-1.237437,6.999764,2.395250,-1.249876,6.999422,2.391311,-1.252971,0.111115,0.012515,0.067421,0.000076,0.065299,0.003018
121.566000,SAMPLE,3,6.946215,2.345988,-1.256505,6.891069,2.441460,-1.243461,6.999764,2.395250,-1.249876,7.005220,2.374240,-1.258843,0.110255,0.013044,0.072762,0.006629,0.065420,0.002338
121.654000,SAMPLE,3,6.951638,2.329333,-1.254899,6.896082,2.426721,-1.241961,7.009503,2.358564,-1.259280,7.009729,2.359667,-1.257375,0.112120,0.012939,0.064829,0.004381,0.065534,0.002476
121.736000,SAMPLE,3,6.956684,2.313969,-1.252409,6.900886,2.412700,-1.239466,7.009503,2.358564,-1.259280,7.014299,2.345612,-1.255184,0.113408,0.012943,0.069127,0.006871,0.065732,0.002775
121.835000,SAMPLE,3,6.963148,2.294321,-1.254023,6.907380,2.393795,-1.241076,7.022721,2.322057,-1.256653,7.020772,2.326079,-1.256638,0.114040,0.012947,0.065714,0.002630,0.065797,0.002615
121.927000,SAMPLE,3,6.967754,2.280249,-1.255413,6.913537,2.375776,-1.243200,7.027553,2.303506,-1.258704,7.026911,2.307409,-1.258902,0.109840,0.012212,0.064162,0.003291,0.065093,0.003489
122.013000,SAMPLE,3,6.973382,2.262778,-1.263382,6.918634,2.360609,-1.250266,7.027553,2.303506,-1.258704,7.031858,2.291712,-1.266183,0.112109,0.013117,0.067774,0.004679,0.065243,0.002800
122.108000,SAMPLE,3,6.979139,2.244358,-1.272477,6.924813,2.341698,-1.259740,7.035694,2.284097,-1.267029,7.038045,2.272369,-1.275455,0.111474,0.012738,0.069121,0.005448,0.065227,0.002978
122.200000,SAMPLE,3,6.984603,2.226288,-1.282301,6.929397,2.327251,-1.267318,7.043700,2.263887,-1.278383,7.042842,2.257711,-1.282856,0.115070,0.014983,0.070043,0.003918,0.066175,0.000554
122.296000,SAMPLE,3,6.990086,2.207255,-1.300054,6.935213,2.308170,-1.284042,7.044176,2.246437,-1.285797,7.048129,2.239034,-1.297425,0.114869,0.016012,0.066791,0.014257,0.066173,0.002629
122.378000,SAMPLE,3,6.993763,2.193587,-1.316191,6.939371,2.293594,-1.301726,7.049310,2.227826,-1.304137,7.052047,2.223963,-1.314295,0.113842,0.014464,0.065252,0.012053,0.065725,0.001896
122.472000,SAMPLE,3,6.998054,2.176393,-1.336958,6.944082,2.275753,-1.323832,7.060364,2.206929,-1.328154,7.057169,2.205767,-1.335390,0.113073,0.013126,0.069390,0.008804,0.066011,0.001568
122.567000,SAMPLE,3,7.002468,2.156937,-1.358720,6.948740,2.256379,-1.345937,7.061252,2.189601,-1.350930,7.061707,2.186359,-1.357170,0.113028,0.012783,0.067250,0.007790,0.066143,0.001550
122.660000,SAMPLE,3,7.006032,2.139615,-1.376093,6.951999,2.241576,-1.361321,7.066063,2.170212,-1.371425,7.064833,2.171527,-1.371854,0.115394,0.014772,0.067378,0.004668,0.066902,0.004238
122.755000,SAMPLE,3,7.009416,2.121737,-1.391720,6.955585,2.224023,-1.377137,7.068978,2.152652,-1.387749,7.068563,2.152858,-1.388936,0.115586,0.014583,0.067107,0.003971,0.066835,0.002784
122.854000,SAMPLE,3,7.012852,2.101869,-1.407592,6.959270,2.204419,-1.392926,7.072302,2.133274,-1.403270,7.072136,2.132773,-1.405125,0.115704,0.014665,0.067235,0.004321,0.066856,0.002467
122.942000,SAMPLE,3,7.015578,2.084549,-1.422118,6.962447,2.185911,-1.408716,7.072302,2.133274,-1.403270,7.075111,2.114274,-1.420918,0.114442,0.013402,0.074778,0.018848,0.066542,0.001200
123.033000,SAMPLE,3,7.017732,2.069596,-1.432103,6.964826,2.170813,-1.418947,7.077035,2.113356,-1.419701,7.077598,2.098920,-1.430307,0.114210,0.013156,0.073700,0.012402,0.066661,0.001796
123.121000,SAMPLE,3,7.020211,2.051537,-1.436135,6.967213,2.154992,-1.422632,7.079245,2.094621,-1.435614,7.079890,2.083024,-1.435208,0.116240,0.013503,0.073084,0.000521,0.067476,0.000926
123.208000,SAMPLE,3,7.022527,2.034253,-1.439040,6.969987,2.136206,-1.425790,7.082212,2.074143,-1.440396,7.082530,2.064117,-1.439115,0.114695,0.013250,0.071787,0.001356,0.067024,0.000075
123.300000,SAMPLE,3,7.024831,2.016685,-1.441947,6.972167,2.121142,-1.428316,7.084583,2.056005,-1.443367,7.084667,2.048423,-1.442072,0.116982,0.013631,0.071528,0.001420,0.067732,0.000125
123.393000,SAMPLE,3,7.027260,1.997709,-1.445661,6.974971,2.101372,-1.431624,7.087536,2.035269,-1.447223,7.087324,2.028492,-1.445859,0.116103,0.014038,0.071020,0.001561,0.067493,0.000197
123.491000,SAMPLE,3,7.029205,1.981700,-1.455439,6.977433,2.083169,-1.442637,7.089385,2.017868,-1.451427,7.089650,2.009944,-1.456442,0.113913,0.012802,0.070212,0.004012,0.066718,0.001004
123.567000,SAMPLE,3,7.030918,1.966032,-1.468386,6.979272,2.068123,-1.455268,7.091710,1.999666,-1.463899,7.091441,1.994503,-1.469284,0.114411,0.013118,0.069476,0.004488,0.066885,0.000898
123.656000,SAMPLE,3,7.032575,1.948760,-1.482281,6.980970,2.052658,-1.467900,7.092141,1.979637,-1.480230,7.092874,1.978663,-1.482195,0.116008,0.014381,0.067093,0.002051,0.067307,0.000085
123.756000,SAMPLE,3,7.034117,1.929896,-1.494710,6.982729,2.034343,-1.480990,7.092141,1.979637,-1.480230,7.094392,1.960411,-1.494985,0.116404,0.013720,0.076426,0.014480,0.067559,0.000275
123.853000,SAMPLE,3,7.035549,1.910479,-1.498940,6.984383,2.015426,-1.485411,7.097802,1.940293,-1.502050,7.096229,1.940595,-1.499775,0.116756,0.013529,0.069023,0.003110,0.067742,0.000836
123.937000,SAMPLE,3,7.036564,1.896163,-1.501277,6.985690,1.999923,-1.487937,7.098154,1.920671,-1.505126,7.097317,1.925097,-1.502302,0.115561,0.013340,0.066287,0.003849,0.067291,0.001025
124.033000,SAMPLE,3,7.037801,1.878006,-1.504371,6.987192,1.981489,-1.491095,7.099366,1.902271,-1.508142,7.098708,1.905249,-1.506496,0.115195,0.013277,0.066175,0.003770,0.066722,0.002124
124.124000,SAMPLE,3,7.039032,1.859070,-1.507371,6.988745,1.961655,-1.494253,7.099366,1.902271,-1.508142,7.099955,1.885499,-1.509654,0.114247,0.013119,0.074205,0.000770,0.066408,0.002282
124.220000,SAMPLE,3,7.040208,1.840096,-1.510529,6.990164,1.942761,-1.497411,7.101119,1.863907,-1.514211,7.101132,1.865518,-1.513430,0.114212,0.013119,0.065400,0.003682,0.066016,0.002901
124.314000,SAMPLE,3,7.041087,1.825208,-1.513087,6.991223,1.928115,-1.499937,7.101119,1.863907,-1.514211,7.101958,1.850910,-1.515956,0.114352,0.013150,0.071424,0.001124,0.066074,0.002869
124.396000,SAMPLE,3,7.042048,1.808031,-1.518058,6.992326,1.912185,-1.504403,7.102638,1.845039,-1.517365,7.102858,1.834771,-1.520631,0.115413,0.013656,0.070998,0.000693,0.066429,0.002572
124.496000,SAMPLE,3,7.042973,1.788392,-1.530339,6.993479,1.893294,-1.516376,7.102369,1.827533,-1.522001,7.103671,1.816873,-1.530603,0.115991,0.013963,0.071133,0.008339,0.067047,0.000263
124.593000,SAMPLE,3,7.043613,1.770034,-1.542339,6.994359,1.875336,-1.528300,7.103230,1.808064,-1.534190,7.104241,1.798626,-1.542041,0.116252,0.014039,0.070714,0.008149,0.067032,0.000298
124.693000,SAMPLE,3,7.044121,1.749488,-1.548104,6.995128,1.855404,-1.534800,7.103580,1.789865,-1.546378,7.104622,1.778186,-1.549068,0.116698,0.013304,0.071873,0.001726,0.066963,0.000963
124.790000,SAMPLE,3,7.044490,1.733218,-1.548104,6.995808,1.836521,-1.534800,7.104467,1.770231,-1.551055,7.104970,1.759302,-1.549447,0.114200,0.013304,0.070479,0.002951,0.065865,0.001343
124.872000,SAMPLE,3,7.044845,1.717570,-1.548104,6.996359,1.821205,-1.534800,7.105544,1.751797,-1.550877,7.105324,1.744294,-1.549725,0.114416,0.013304,0.069683,0.002773,0.066120,0.001621
124.954000,SAMPLE,3,7.045217,1.701196,-1.548104,6.996921,1.805605,-1.534800,7.105242,1.732163,-1.550877,7.105611,1.728240,-1.549936,0.115038,0.013304,0.067543,0.002773,0.066173,0.001832
125.051000,SAMPLE,3,7.045661,1.681611,-1.548104,6.997601,1.786712,-1.534800,7.105626,1.713247,-1.550959,7.105968,1.708959,-1.550126,0.115567,0.013304,0.067798,0.002855,0.066217,0.002022
125.148000,SAMPLE,3,7.046087,1.662308,-1.550132,6.998279,1.767587,-1.536663,7.105626,1.713247,-1.550959,7.106356,1.689805,-1.552021,0.115625,0.013469,0.078356,0.000827,0.066245,0.001889
125.236000,SAMPLE,3,7.046373,1.647920,-1.551181,6.998796,1.752016,-1.537926,7.106067,1.672862,-1.553676,7.106612,1.674522,-1.553757,0.114453,0.013255,0.064695,0.002494,0.065851,0.002576
125.335000,SAMPLE,3,7.046741,1.629161,-1.551371,6.999401,1.733616,-1.538021,7.106067,1.672862,-1.553676,7.106860,1.656012,-1.553744,0.114681,0.013350,0.073684,0.002305,0.065842,0.002373
125.427000,SAMPLE,3,7.047076,1.610442,-1.554466,6.999993,1.714614,-1.541179,7.106884,1.653272,-1.554954,7.107150,1.637918,-1.556760,0.114318,0.013287,0.073562,0.000489,0.066060,0.002295
125.516000,SAMPLE,3,7.047350,1.592576,-1.555704,7.000440,1.699042,-1.542442,7.107654,1.634356,-1.557299,7.107409,1.622392,-1.558636,0.116342,0.013262,0.073363,0.001595,0.067053,0.002931
125.607000,SAMPLE,3,7.047569,1.578061,-1.555704,7.000966,1.680470,-1.542695,7.107701,1.614374,-1.559131,7.107659,1.603247,-1.558726,0.112514,0.013010,0.070246,0.003427,0.065154,0.003022
125.697000,SAMPLE,3,7.047827,1.559224,-1.558521,7.001396,1.664476,-1.545221,7.108712,1.596270,-1.559358,7.107955,1.586899,-1.561249,0.115039,0.013300,0.071270,0.000837,0.066191,0.002728
125.781000,SAMPLE,3,7.048037,1.542171,-1.558522,7.001890,1.645093,-1.545317,7.110259,1.578361,-1.561913,7.108395,1.567922,-1.561879,0.112793,0.013205,0.071981,0.003390,0.065621,0.003357
125.868000,SAMPLE,3,7.048245,1.525208,-1.558623,7.002263,1.630434,-1.545317,7.110459,1.558787,-1.561924,7.108759,1.553133,-1.561880,0.114834,0.013306,0.070697,0.003301,0.066646,0.003257
125.962000,SAMPLE,3,7.048419,1.509359,-1.561118,7.002742,1.610461,-1.548001,7.110104,1.540824,-1.563183,7.109068,1.533097,-1.564410,0.110941,0.013117,0.069247,0.002065,0.065130,0.003292
126.052000,SAMPLE,3,7.048593,1.491305,-1.561149,7.003093,1.595055,-1.548001,7.111445,1.520275,-1.565516,7.109166,1.517834,-1.564410,0.113288,0.013148,0.069208,0.004366,0.066128,0.003260
126.143000,SAMPLE,3,7.048755,1.474552,-1.561281,7.003508,1.576849,-1.548475,7.111641,1.503128,-1.565279,7.109543,1.499813,-1.565247,0.111857,0.012807,0.069075,0.003997,0.065828,0.003966
126.237000,SAMPLE,3,7.048910,1.455201,-1.564037,7.003844,1.560873,-1.550938,7.111641,1.503128,-1.565279,7.109869,1.484253,-1.567201,0.114881,0.013099,0.078944,0.001242,0.067527,0.003165
126.335000,SAMPLE,3,7.049039,1.436011,-1.564037,7.004220,1.541961,-1.550938,7.112355,1.480275,-1.567744,7.110222,1.464902,-1.567294,0.115040,0.013099,0.077253,0.003707,0.067661,0.003257
126.427000,SAMPLE,3,7.049157,1.418708,-1.564036,7.004579,1.523860,-1.550938,7.112128,1.462872,-1.568664,7.110496,1.446772,-1.567551,0.114211,0.013099,0.076915,0.004628,0.067455,0.003515
126.522000,SAMPLE,3,7.049261,1.402289,-1.565521,7.004962,1.504011,-1.552832,7.112813,1.444029,-1.569032,7.110806,1.426661,-1.569713,0.110949,0.012688,0.076034,0.003512,0.066196,0.004193
126.622000,SAMPLE,3,7.049338,1.383497,-1.567053,7.005274,1.485750,-1.553938,7.112849,1.424794,-1.570168,7.111052,1.408231,-1.570423,0.111344,0.013115,0.075757,0.003115,0.066486,0.003370
126.715000,SAMPLE,3,7.049407,1.365256,-1.567053,7.005532,1.470468,-1.553938,7.112234,1.405819,-1.571495,7.111184,1.392536,-1.570620,0.113994,0.013115,0.074784,0.004442,0.067533,0.003568
126.806000,SAMPLE,3,7.049476,1.346618,-1.567369,7.005859,1.451029,-1.554222,7.112589,1.386794,-1.571581,7.111342,1.372962,-1.570797,0.113155,0.013147,0.074816,0.004212,0.067241,0.003428
126.901000,SAMPLE,3,7.049511,1.329008,-1.569990,7.006134,1.432747,-1.556875,7.112175,1.369068,-1.571731,7.111414,1.354697,-1.574009,0.112442,0.013115,0.074375,0.001741,0.067022,0.004019
126.998000,SAMPLE,3,7.049524,1.312778,-1.569989,7.006348,1.417443,-1.556875,7.112047,1.348849,-1.574811,7.111432,1.338976,-1.574158,0.113221,0.013115,0.072182,0.004822,0.067223,0.004169
127.089000,SAMPLE,3,7.049538,1.294746,-1.569989,7.006617,1.398066,-1.556875,7.112158,1.330210,-1.574806,7.111445,1.319055,-1.574275,0.111880,0.013115,0.071964,0.004817,0.066508,0.004285
127.180000,SAMPLE,3,7.049553,1.276935,-1.569989,7.006822,1.383352,-1.556875,7.113370,1.313283,-1.575300,7.111621,1.305010,-1.574469,0.114675,0.013115,0.073442,0.005310,0.068123,0.004480
127.273000,SAMPLE,3,7.049568,1.258683,-1.569989,7.007087,1.364343,-1.556875,7.113495,1.294822,-1.575008,7.111772,1.285967,-1.574564,0.113880,0.013114,0.073435,0.005019,0.067925,0.004576
127.369000,SAMPLE,3,7.049572,1.239695,-1.571939,7.007347,1.344945,-1.558675,7.112858,1.274713,-1.574941,7.111827,1.266662,-1.575895,0.113403,0.013264,0.072328,0.003002,0.067845,0.003956
127.461000,SAMPLE,3,7.049543,1.225011,-1.572935,7.007555,1.326335,-1.559811,7.112864,1.255674,-1.577908,7.111838,1.248020,-1.576784,0.109680,0.013123,0.070355,0.004973,0.066408,0.003849
127.560000,SAMPLE,3,7.049500,1.204862,-1.572935,7.007773,1.306526,-1.559811,7.112891,1.237347,-1.577481,7.111868,1.232178,-1.576912,0.109894,0.013124,0.071229,0.004546,0.068087,0.003977
127.632000,SAMPLE,3,7.049470,1.190546,-1.572935,7.007897,1.295221,-1.559811,7.112891,1.237347,-1.577481,7.111776,1.217146,-1.576912,0.112629,0.013124,0.078820,0.004546,0.067748,0.003977
127.731000,SAMPLE,3,7.049430,1.172073,-1.572936,7.008095,1.277180,-1.559811,7.112932,1.216267,-1.578109,7.111793,1.199284,-1.577141,0.112943,0.013124,0.077367,0.005173,0.068040,0.004206
127.831000,SAMPLE,3,7.049387,1.151991,-1.573307,7.008314,1.257255,-1.560032,7.113111,1.179686,-1.578744,7.111869,1.179487,-1.577661,0.112994,0.013274,0.069482,0.005437,0.068265,0.004354
127.929000,SAMPLE,3,7.049309,1.132763,-1.576071,7.008488,1.238393,-1.562938,7.112857,1.160421,-1.581381,7.111716,1.160709,-1.580819,0.113243,0.013133,0.069306,0.005310,0.068379,0.004748
128.021000,SAMPLE,3,7.049229,1.117672,-1.575971,7.008640,1.219236,-1.562138,7.112857,1.160421,-1.581381,7.111652,1.141518,-1.580921,0.109374,0.013834,0.076655,0.005409,0.066823,0.004950
128.107000,SAMPLE,3,7.049184,1.100018,-1.569687,7.008819,1.203310,-1.556080,7.112750,1.141347,-1.581922,7.111644,1.125646,-1.574423,0.110899,0.013607,0.075821,0.012235,0.067513,0.004736
128.197000,SAMPLE,3,7.049266,1.083018,-1.563601,7.009083,1.188576,-1.550501,7.112273,1.120762,-1.575187,7.111672,1.110779,-1.569346,0.112947,0.013100,0.073447,0.011587,0.068303,0.005745
128.295000,SAMPLE,3,7.049391,1.063678,-1.565642,7.009457,1.169632,-1.552293,7.112062,1.102535,-1.569273,7.111741,1.091080,-1.570890,0.113230,0.013349,0.073740,0.003631,0.068105,0.005248
128.374000,SAMPLE,3,7.049453,1.047583,-1.568263,7.009726,1.154066,-1.554819,7.112275,1.083518,-1.571680,7.111795,1.075572,-1.573324,0.113653,0.013444,0.072373,0.003416,0.068336,0.005061
128.473000,SAMPLE,3,7.049472,1.029267,-1.571421,7.009991,1.135689,-1.557977,7.112640,1.065215,-1.574997,7.111833,1.057351,-1.576436,0.113510,0.013444,0.072682,0.003576,0.068394,0.005015
128.562000,SAMPLE,3,7.049445,1.014820,-1.573789,7.010205,1.116532,-1.561135,7.112266,1.046068,-1.577276,7.111772,1.038179,-1.579392,0.109019,0.012654,0.070163,0.003487,0.066560,0.005603
128.647000,SAMPLE,3,7.049372,0.997839,-1.576536,7.010335,1.101070,-1.563661,7.112266,1.046068,-1.577276,7.111626,1.022811,-1.581918,0.110365,0.012875,0.079257,0.000740,0.067076,0.005381
128.739000,SAMPLE,3,7.049248,0.980654,-1.579473,7.010422,1.086333,-1.566188,7.111941,1.025823,-1.581184,7.111496,1.008441,-1.584299,0.112586,0.013286,0.077270,0.001710,0.068168,0.004826
128.832000,SAMPLE,3,7.049072,0.961983,-1.579353,7.010491,1.067386,-1.566546,7.111589,0.989307,-1.585632,7.111333,0.989736,-1.583246,0.112241,0.012807,0.068228,0.006279,0.068167,0.003893
128.925000,SAMPLE,3,7.048980,0.943155,-1.571136,7.010647,1.047966,-1.558256,7.111589,0.989307,-1.585632,7.111145,0.970318,-1.575795,0.111600,0.012880,0.077781,0.014496,0.067840,0.004660
129.013000,SAMPLE,3,7.049024,0.929341,-1.563936,7.010886,1.033262,-1.550677,7.111789,0.968178,-1.578745,7.111152,0.955392,-1.568767,0.110699,0.013259,0.073810,0.014809,0.067369,0.004832
129.105000,SAMPLE,3,7.049221,0.911282,-1.557456,7.011347,1.014236,-1.544404,7.111587,0.951237,-1.569408,7.111281,0.936166,-1.561770,0.109699,0.013053,0.074067,0.011952,0.066863,0.004313
129.201000,SAMPLE,3,7.049469,0.891663,-1.559538,7.011842,0.994906,-1.546588,7.111816,0.932228,-1.563030,7.111490,0.916869,-1.564091,0.109886,0.012950,0.074382,0.003492,0.066947,0.004553
129.293000,SAMPLE,3,7.049638,0.874405,-1.562475,7.012179,0.980257,-1.549114,7.111746,0.911381,-1.564586,7.111608,0.902486,-1.566461,0.112285,0.013360,0.072281,0.002112,0.068035,0.003986
129.383000,SAMPLE,3,7.049765,0.855948,-1.565380,7.012581,0.960261,-1.552272,7.111576,0.892836,-1.568460,7.111659,0.882769,-1.569634,0.110743,0.013108,0.071981,0.003081,0.067456,0.004254
129.476000,SAMPLE,3,7.049831,0.840221,-1.567938,7.012849,0.944748,-1.554798,7.112031,0.873263,-1.571533,7.111699,0.867125,-1.572277,0.110876,0.013139,0.070432,0.003595,0.067464,0.004339
129.571000,SAMPLE,3,7.049854,0.822721,-1.570837,7.013108,0.926728,-1.557656,7.112254,0.853148,-1.574642,7.111722,0.849018,-1.574402,0.110308,0.013181,0.069423,0.003805,0.067224,0.003565
129.657000,SAMPLE,3,7.049878,0.805274,-1.566746,7.013338,0.910730,-1.554232,7.112266,0.835429,-1.575012,7.111677,0.833018,-1.570928,0.111608,0.012514,0.069294,0.008266,0.067741,0.004182
129.733000,SAMPLE,3,7.049997,0.790080,-1.559073,7.013647,0.895575,-1.546654,7.112266,0.835429,-1.575012,7.111730,0.818150,-1.564657,0.111582,0.012419,0.077032,0.015939,0.067815,0.005584
129.830000,SAMPLE,3,7.050304,0.771465,-1.549505,7.014181,0.877046,-1.537180,7.112432,0.816522,-1.567134,7.111940,0.799757,-1.556016,0.111590,0.012325,0.076747,0.017629,0.067819,0.006512
129.925000,SAMPLE,3,7.050700,0.755621,-1.541926,7.014948,0.857061,-1.527706,7.111981,0.796711,-1.556978,7.112272,0.779874,-1.547087,0.107556,0.014220,0.073781,0.015052,0.066176,0.005161
130.015000,SAMPLE,3,7.051301,0.737525,-1.533246,7.015675,0.841541,-1.520227,7.112776,0.775435,-1.549436,7.112679,0.764331,-1.540314,0.109948,0.013019,0.072224,0.016190,0.066976,0.007068
130.112000,SAMPLE,3,7.051997,0.719710,-1.531277,7.016615,0.823545,-1.518132,7.111954,0.757120,-1.539083,7.113134,0.746186,-1.538950,0.109698,0.013145,0.070671,0.007806,0.066624,0.007673
130.205000,SAMPLE,3,7.052778,0.700681,-1.528246,7.017692,0.803690,-1.514975,7.113486,0.740636,-1.537363,7.113827,0.726227,-1.535616,0.108820,0.013271,0.072676,0.009117,0.066178,0.007370
130.305000,SAMPLE,3,7.053631,0.681385,-1.524993,7.018772,0.784900,-1.511817,7.114150,0.720254,-1.533959,7.114567,0.706819,-1.532159,0.109226,0.013176,0.071926,0.008966,0.066031,0.007166
130.388000,SAMPLE,3,7.054256,0.668087,-1.522782,7.019697,0.769580,-1.509290,7.115179,0.702091,-1.530753,7.115270,0.690749,-1.529373,0.107215,0.013492,0.069771,0.007970,0.065087,0.006591
130.482000,SAMPLE,3,7.055196,0.649120,-1.519688,7.020915,0.750282,-1.506132,7.115331,0.684442,-1.527491,7.116069,0.671654,-1.526098,0.106812,0.013555,0.069741,0.007804,0.064910,0.006410
130.580000,SAMPLE,3,7.056168,0.630672,-1.516498,7.022122,0.732080,-1.502975,7.116328,0.663397,-1.526131,7.116852,0.653836,-1.523319,0.106971,0.013524,0.068485,0.009633,0.064954,0.006821
130.665000,SAMPLE,3,7.057113,0.613745,-1.513688,7.023188,0.716685,-1.500448,7.116328,0.663397,-1.526131,7.117606,0.638276,-1.520793,0.108386,0.013239,0.077277,0.012443,0.065278,0.007105
130.760000,SAMPLE,3,7.058051,0.597698,-1.511067,7.024300,0.701178,-1.497922,7.118589,0.625321,-1.519872,7.118563,0.623528,-1.518423,0.108844,0.013145,0.066542,0.008805,0.065794,0.007356
130.854000,SAMPLE,3,7.059164,0.579552,-1.507940,7.025672,0.682786,-1.494764,7.120153,0.606543,-1.515496,7.119530,0.605410,-1.515540,0.108531,0.013176,0.066694,0.007556,0.065671,0.007600
130.952000,SAMPLE,3,7.060393,0.560385,-1.506468,7.027139,0.663812,-1.493311,7.120886,0.588338,-1.512914,7.120743,0.586176,-1.513501,0.108641,0.013157,0.066639,0.006446,0.065630,0.007033
131.048000,SAMPLE,3,7.061638,0.541056,-1.506468,7.028640,0.644480,-1.493311,7.122279,0.569756,-1.513168,7.121932,0.566738,-1.513437,0.108560,0.013157,0.067090,0.006699,0.065535,0.006969
131.127000,SAMPLE,3,7.062605,0.526056,-1.506468,7.029787,0.629704,-1.493311,7.122279,0.569756,-1.513168,7.122786,0.551857,-1.513437,0.108719,0.013157,0.073964,0.006699,0.065478,0.006969
131.221000,SAMPLE,3,7.063852,0.506966,-1.503026,7.031354,0.609765,-1.489775,7.122367,0.551344,-1.513281,7.123889,0.531830,-1.511409,0.107814,0.013252,0.073440,0.010255,0.064982,0.008383
131.316000,SAMPLE,3,7.065007,0.490881,-1.495068,7.032667,0.594305,-1.482196,7.124038,0.530561,-1.510548,7.124826,0.516734,-1.504031,0.108362,0.012873,0.071127,0.015480,0.065167,0.008962
131.410000,SAMPLE,3,7.066394,0.473612,-1.486068,7.034389,0.575901,-1.472722,7.125902,0.510969,-1.501027,7.126187,0.498511,-1.494706,0.107179,0.013347,0.070262,0.014959,0.064769,0.008637
131.508000,SAMPLE,3,7.068126,0.454275,-1.476784,7.036442,0.556007,-1.463248,7.127711,0.492563,-1.491526,7.127942,0.478346,-1.484990,0.106552,0.013536,0.070826,0.014742,0.064478,0.008206
131.594000,SAMPLE,3,7.069788,0.437386,-1.468447,7.038172,0.540524,-1.455669,7.128934,0.473046,-1.482034,7.129470,0.462221,-1.476873,0.107876,0.012778,0.069065,0.013586,0.064644,0.008426
131.693000,SAMPLE,3,7.071745,0.419184,-1.458957,7.040380,0.522183,-1.446196,7.132131,0.455770,-1.472381,7.131517,0.443914,-1.467259,0.107669,0.012761,0.070605,0.013424,0.064686,0.008302
131.789000,SAMPLE,3,7.074074,0.399301,-1.449338,7.042960,0.502350,-1.436722,7.131587,0.438128,-1.463403,7.133493,0.424770,-1.458099,0.107644,0.012616,0.069392,0.014065,0.064647,0.008761
131.884000,SAMPLE,3,7.076384,0.381049,-1.440243,7.045641,0.483147,-1.427248,7.135000,0.418809,-1.453700,7.135821,0.405768,-1.448508,0.106627,0.012995,0.069726,0.013457,0.064372,0.008265
131.982000,SAMPLE,3,7.078561,0.364879,-1.434713,7.048520,0.463739,-1.421646,7.136998,0.399977,-1.443965,7.138320,0.386475,-1.442786,0.103323,0.013067,0.068167,0.009252,0.063541,0.008073
132.078000,SAMPLE,3,7.081238,0.345273,-1.436198,7.050891,0.447915,-1.423130,7.140091,0.377645,-1.440135,7.140481,0.370503,-1.444058,0.107035,0.013068,0.067169,0.003937,0.064392,0.007861
132.172000,SAMPLE,3,7.083753,0.326705,-1.436438,7.053613,0.429611,-1.423256,7.142177,0.359086,-1.441591,7.142930,0.351718,-1.444121,0.107230,0.013182,0.066797,0.005153,0.064246,0.007683
132.242000,SAMPLE,3,7.085645,0.312586,-1.438680,7.055946,0.413782,-1.425782,7.144263,0.338623,-1.442887,7.144949,0.335707,-1.446050,0.105464,0.012898,0.064140,0.004206,0.063651,0.007370
132.335000,SAMPLE,3,7.088076,0.294084,-1.441712,7.058170,0.398416,-1.428309,7.144263,0.338623,-1.442887,7.146860,0.320352,-1.448577,0.108534,0.013403,0.071699,0.001175,0.064386,0.006865
132.434000,SAMPLE,3,7.090092,0.278389,-1.444428,7.060755,0.380199,-1.431467,7.149361,0.302600,-1.450513,7.149007,0.302818,-1.451447,0.105952,0.012961,0.064023,0.006085,0.063779,0.007019
132.528000,SAMPLE,3,7.092369,0.260263,-1.447460,7.063373,0.361305,-1.434625,7.149361,0.302600,-1.450513,7.151318,0.283770,-1.454438,0.105121,0.012835,0.070997,0.003053,0.063463,0.006978
132.622000,SAMPLE,3,7.094692,0.241353,-1.449047,7.065979,0.342145,-1.436267,7.154102,0.265422,-1.453798,7.153618,0.265128,-1.454486,0.104802,0.012780,0.064100,0.004751,0.063541,0.005439
132.719000,SAMPLE,3,7.096925,0.222952,-1.450631,7.067936,0.327592,-1.437372,7.154102,0.265422,-1.453798,7.155371,0.250630,-1.455619,0.108581,0.013259,0.071224,0.003167,0.064668,0.004987
132.809000,SAMPLE,3,7.099118,0.204691,-1.450237,7.070569,0.307851,-1.437504,7.156581,0.245702,-1.456385,7.157737,0.230647,-1.455287,0.107037,0.012733,0.070597,0.006148,0.064109,0.005050
132.902000,SAMPLE,3,7.101407,0.186356,-1.442710,7.073197,0.288789,-1.429759,7.158548,0.225906,-1.456905,7.160005,0.211528,-1.447428,0.106247,0.012951,0.069494,0.014195,0.063777,0.004718
132.994000,SAMPLE,3,7.103347,0.171422,-1.441649,7.075225,0.274618,-1.428580,7.159827,0.206698,-1.448927,7.161674,0.197168,-1.447304,0.106959,0.013069,0.066591,0.007278,0.063756,0.005655
133.077000,SAMPLE,3,7.105435,0.155188,-1.444238,7.077466,0.258829,-1.431054,7.162308,0.189216,-1.448043,7.163591,0.181308,-1.449306,0.107348,0.013185,0.066275,0.003805,0.063753,0.005067
133.176000,SAMPLE,3,7.107837,0.136062,-1.447459,7.080073,0.240083,-1.434211,7.166179,0.168695,-1.451414,7.166044,0.161947,-1.452615,0.107662,0.013248,0.066848,0.003954,0.063703,0.005155
133.274000,SAMPLE,3,7.110094,0.117620,-1.450052,7.082490,0.222288,-1.437219,7.166928,0.150617,-1.454323,7.168103,0.143970,-1.455739,0.108247,0.012833,0.065719,0.004271,0.063713,0.005686
133.372000,SAMPLE,3,7.112499,0.097988,-1.447368,7.085168,0.202521,-1.434680,7.168744,0.131681,-1.455708,7.170301,0.124163,-1.453747,0.108048,0.012688,0.065564,0.008340,0.063452,0.006379
133.466000,SAMPLE,3,7.114399,0.082830,-1.444810,7.087754,0.183858,-1.431522,7.171067,0.113066,-1.452593,7.172436,0.105579,-1.450732,0.104482,0.013288,0.064230,0.007783,0.062336,0.005922
133.566000,SAMPLE,3,7.116813,0.064032,-1.441755,7.090450,0.164848,-1.428743,7.172708,0.094439,-1.449483,7.174629,0.086480,-1.448327,0.104205,0.013012,0.063631,0.007728,0.062022,0.006572
133.654000,SAMPLE,3,7.119139,0.046109,-1.441755,7.092648,0.149478,-1.428743,7.176013,0.074556,-1.446624,7.176520,0.071122,-1.448327,0.106709,0.013012,0.063592,0.004869,0.062596,0.006572
133.754000,SAMPLE,3,7.121635,0.026869,-1.441755,7.095326,0.130753,-1.428743,7.178282,0.056323,-1.446907,7.178794,0.052780,-1.447790,0.107163,0.013012,0.063847,0.005153,0.062758,0.006035
133.848000,SAMPLE,3,7.124062,0.008258,-1.439871,7.098033,0.111893,-1.427006,7.178282,0.056323,-1.446907,7.181153,0.033768,-1.445895,0.106854,0.012865,0.072457,0.007036,0.062531,0.006024
133.939000,SAMPLE,3,7.126076,-0.006895,-1.437377,7.100286,0.096468,-1.424480,7.182762,0.018288,-1.443917,7.182979,0.018440,-1.443529,0.106532,0.012897,0.062028,0.006540,0.062288,0.006152
134.040000,SAMPLE,3,7.128605,-0.025511,-1.434270,7.103005,0.078216,-1.421322,7.182762,0.018288,-1.443917,7.185335,0.000212,-1.440371,0.106839,0.012948,0.069651,0.009647,0.062289,0.006101
134.132000,SAMPLE,3,7.131260,-0.044834,-1.434270,7.105972,0.058523,-1.421259,7.185382,0.000301,-1.441743,7.187851,-0.019045,-1.440131,0.106406,0.013011,0.070472,0.007473,0.062190,0.005861
134.228000,SAMPLE,3,7.133747,-0.062939,-1.434270,7.108782,0.039870,-1.421259,7.187734,-0.019508,-1.440776,7.190215,-0.037268,-1.440257,0.105797,0.013011,0.069288,0.006506,0.062029,0.005987
134.321000,SAMPLE,3,7.136036,-0.079591,-1.433670,7.111449,0.022175,-1.420459,7.189951,-0.039480,-1.440805,7.192506,-0.055272,-1.440361,0.104694,0.013211,0.067200,0.007135,0.061485,0.006691
134.405000,SAMPLE,3,7.138331,-0.095884,-1.427190,7.113779,0.007070,-1.414401,7.192160,-0.056873,-1.440871,7.194490,-0.070737,-1.434669,0.105840,0.012789,0.066478,0.013681,0.061532,0.007479
134.500000,SAMPLE,3,7.140697,-0.111813,-1.419232,7.116256,-0.008268,-1.406822,7.193780,-0.074812,-1.434117,7.196472,-0.086098,-1.427347,0.106390,0.012410,0.064706,0.014885,0.061417,0.008115
134.594000,SAMPLE,3,7.143411,-0.129075,-1.410549,7.119443,-0.026978,-1.397498,7.196539,-0.094344,-1.424641,7.199127,-0.104993,-1.419082,0.104872,0.013051,0.063473,0.014092,0.060698,0.008533
134.694000,SAMPLE,3,7.146687,-0.149079,-1.406710,7.122927,-0.046640,-1.393722,7.199339,-0.113179,-1.416369,7.202064,-0.124727,-1.415227,0.105158,0.012988,0.063726,0.009660,0.060495,0.008517
134.791000,SAMPLE,3,7.149800,-0.167698,-1.403202,7.126294,-0.065286,-1.390314,7.202027,-0.132732,-1.413168,7.204889,-0.143502,-1.411923,0.105075,0.012888,0.062852,0.009966,0.060168,0.008721
134.885000,SAMPLE,3,7.153072,-0.186661,-1.398194,7.129863,-0.084483,-1.385159,7.205277,-0.152342,-1.408583,7.207855,-0.162514,-1.406877,0.104781,0.013035,0.062476,0.010389,0.059869,0.008683
134.981000,SAMPLE,3,7.155923,-0.203014,-1.398194,7.133527,-0.103995,-1.385159,7.209157,-0.171645,-1.405020,7.211106,-0.182181,-1.406530,0.101521,0.013035,0.061789,0.006826,0.058985,0.008336
135.076000,SAMPLE,3,7.159079,-0.221121,-1.398194,7.136323,-0.118882,-1.385159,7.212540,-0.190504,-1.405068,7.213620,-0.197211,-1.406254,0.104741,0.013035,0.061607,0.006874,0.059552,0.008061
135.175000,SAMPLE,3,7.162338,-0.239856,-1.399815,7.139820,-0.137547,-1.386801,7.214675,-0.212067,-1.406038,7.216666,-0.216566,-1.407491,0.104758,0.013014,0.059256,0.006223,0.059110,0.007676
135.270000,SAMPLE,3,7.165555,-0.258654,-1.402916,7.143339,-0.156625,-1.389959,7.217785,-0.232985,-1.408213,7.219642,-0.235804,-1.410310,0.104420,0.012957,0.058197,0.005297,0.058716,0.007394
135.359000,SAMPLE,3,7.168360,-0.275353,-1.405821,7.145968,-0.171104,-1.392485,7.220782,-0.250424,-1.411683,7.221976,-0.250312,-1.412836,0.106627,0.013336,0.058047,0.005862,0.059176,0.007015
135.456000,SAMPLE,3,7.171513,-0.294412,-1.406636,7.149294,-0.189693,-1.394159,7.223777,-0.267782,-1.414451,7.224843,-0.269876,-1.414504,0.107050,0.012477,0.058657,0.007815,0.058703,0.007868
135.536000,SAMPLE,3,7.174254,-0.310670,-1.399931,7.152142,-0.205427,-1.388419,7.223777,-0.267782,-1.414451,7.227342,-0.285658,-1.410609,0.107541,0.011511,0.065513,0.014520,0.058685,0.010679
135.629000,SAMPLE,3,7.176824,-0.325243,-1.392446,7.155652,-0.223971,-1.378946,7.226452,-0.287602,-1.409770,7.230216,-0.303991,-1.401346,0.103462,0.013501,0.062288,0.017324,0.057466,0.008900
135.720000,SAMPLE,3,7.180100,-0.343003,-1.385841,7.158585,-0.238799,-1.373267,7.229656,-0.306237,-1.400512,7.232760,-0.319187,-1.394614,0.106402,0.012574,0.061705,0.014672,0.057795,0.008774
135.820000,SAMPLE,3,7.183925,-0.363264,-1.382556,7.162542,-0.258404,-1.370069,7.232762,-0.325238,-1.393216,7.236218,-0.339121,-1.391102,0.107018,0.012487,0.061895,0.010660,0.057597,0.008546
135.913000,SAMPLE,3,7.187236,-0.380504,-1.379839,7.166262,-0.276542,-1.366943,7.236403,-0.344429,-1.389875,7.239482,-0.357427,-1.388111,0.106056,0.012896,0.060982,0.010036,0.057115,0.008272
136.005000,SAMPLE,3,7.190236,-0.395972,-1.377585,7.170326,-0.296125,-1.363656,7.239829,-0.362454,-1.386859,7.243091,-0.377220,-1.384691,0.101813,0.013928,0.059857,0.009274,0.056083,0.007106
136.101000,SAMPLE,3,7.194278,-0.416111,-1.367731,7.174503,-0.315544,-1.354182,7.242381,-0.382111,-1.383387,7.246759,-0.397218,-1.374983,0.102493,0.013549,0.058906,0.015656,0.055778,0.007252
136.200000,SAMPLE,3,7.198019,-0.433863,-1.358741,7.178587,-0.333701,-1.345559,7.245779,-0.403353,-1.373786,7.249428,-0.411831,-1.367546,0.102030,0.013183,0.056674,0.015045,0.055932,0.008804
136.299000,SAMPLE,3,7.202417,-0.454141,-1.356207,7.182179,-0.349292,-1.344082,7.249783,-0.421184,-1.365040,7.253463,-0.432042,-1.364569,0.106784,0.012125,0.057704,0.008833,0.055625,0.008361
136.391000,SAMPLE,3,7.205837,-0.469650,-1.350283,7.186724,-0.368737,-1.337080,7.254226,-0.440273,-1.362658,7.257596,-0.452049,-1.357531,0.102708,0.013204,0.056609,0.012374,0.054670,0.007248
136.491000,SAMPLE,3,7.209912,-0.487439,-1.340866,7.191091,-0.386708,-1.327956,7.257632,-0.459878,-1.355102,7.261398,-0.470277,-1.349318,0.102474,0.012910,0.055107,0.014236,0.054271,0.008452
136.587000,SAMPLE,3,7.214482,-0.506784,-1.337064,7.195917,-0.406020,-1.324232,7.261590,-0.477721,-1.346910,7.265602,-0.489552,-1.345233,0.102461,0.012832,0.055352,0.009846,0.053947,0.008169
136.678000,SAMPLE,3,7.218562,-0.523813,-1.334127,7.199635,-0.420714,-1.321706,7.266887,-0.495397,-1.343537,7.268962,-0.504138,-1.342624,0.104821,0.012421,0.056061,0.009410,0.054105,0.008497
136.762000,SAMPLE,3,7.222274,-0.539107,-1.331694,7.204162,-0.438397,-1.319022,7.269912,-0.514696,-1.341117,7.272836,-0.521564,-1.340304,0.102326,0.012672,0.053528,0.009424,0.053519,0.008610
136.861000,SAMPLE,3,7.227154,-0.559043,-1.327962,7.209165,-0.457761,-1.315196,7.274972,-0.533259,-1.339278,7.277345,-0.541034,-1.337301,0.102868,0.012766,0.054326,0.011316,0.053324,0.009339
136.961000,SAMPLE,3,7.231269,-0.575423,-1.322409,7.214249,-0.476930,-1.309232,7.281148,-0.551583,-1.332241,7.282109,-0.560138,-1.330752,0.099953,0.013177,0.055283,0.009831,0.053088,0.008343
137.040000,SAMPLE,3,7.235534,-0.592164,-1.320925,7.218314,-0.492067,-1.308254,7.281148,-0.551583,-1.332241,7.284914,-0.571567,-1.329489,0.101567,0.012672,0.061052,0.011315,0.053503,0.008564
137.137000,SAMPLE,3,7.240380,-0.611086,-1.317538,7.222476,-0.507516,-1.305909,7.283488,-0.567498,-1.326083,7.289454,-0.590012,-1.326827,0.105106,0.011630,0.061304,0.008545,0.053407,0.009289
137.230000,SAMPLE,3,7.245125,-0.629088,-1.308899,7.227662,-0.526287,-1.296585,7.286844,-0.587123,-1.325830,7.293759,-0.607976,-1.318534,0.104274,0.012314,0.059174,0.016932,0.053018,0.009635
137.325000,SAMPLE,3,7.249236,-0.644324,-1.305891,7.232997,-0.545103,-1.292875,7.291201,-0.607055,-1.316719,7.298267,-0.626373,-1.314682,0.100542,0.013016,0.056125,0.010828,0.052214,0.008791
137.425000,SAMPLE,3,7.254581,-0.663936,-1.304344,7.238465,-0.564199,-1.291675,7.296652,-0.629502,-1.313913,7.302982,-0.645424,-1.313402,0.101031,0.012669,0.054366,0.009570,0.051821,0.009058
137.517000,SAMPLE,3,7.259404,-0.681606,-1.304344,7.242641,-0.578770,-1.291675,7.301340,-0.650085,-1.312572,7.306538,-0.660199,-1.313254,0.104193,0.012669,0.052461,0.008228,0.051768,0.008910
137.609000,SAMPLE,3,7.263830,-0.697820,-1.303952,7.247624,-0.596154,-1.291275,7.305347,-0.666970,-1.312903,7.310825,-0.677811,-1.312197,0.102950,0.012677,0.051723,0.008951,0.051077,0.008245
137.702000,SAMPLE,3,7.269045,-0.716658,-1.296848,7.253172,-0.615248,-1.284140,7.309921,-0.683989,-1.311581,7.315563,-0.696748,-1.305785,0.102644,0.012708,0.052327,0.014733,0.050600,0.008937
137.793000,SAMPLE,3,7.272876,-0.730233,-1.295584,7.257333,-0.629309,-1.282990,7.314999,-0.702183,-1.304301,7.319217,-0.711032,-1.305104,0.102114,0.012593,0.050608,0.008718,0.050162,0.009521
137.893000,SAMPLE,3,7.278123,-0.748897,-1.297164,7.262715,-0.647564,-1.284443,7.319761,-0.719753,-1.303860,7.324206,-0.730121,-1.306035,0.102498,0.012721,0.050824,0.006696,0.049761,0.008871
137.982000,SAMPLE,3,7.283366,-0.767521,-1.294543,7.268380,-0.666744,-1.281696,7.324886,-0.739272,-1.304799,7.329298,-0.749586,-1.302808,0.101884,0.012847,0.050219,0.010256,0.049310,0.008265
138.080000,SAMPLE,3,7.288501,-0.785531,-1.291480,7.272825,-0.681621,-1.279169,7.328854,-0.756949,-1.301421,7.333110,-0.764474,-1.300266,0.105086,0.012310,0.049451,0.009941,0.049330,0.008787
138.178000,SAMPLE,3,7.294027,-0.804684,-1.288732,7.278448,-0.700243,-1.276011,7.334305,-0.774858,-1.298664,7.338127,-0.783208,-1.297170,0.105597,0.012721,0.050119,0.009932,0.049052,0.008437
138.258000,SAMPLE,3,7.297651,-0.817191,-1.288732,7.282992,-0.715211,-1.276011,7.339605,-0.795127,-1.296799,7.342138,-0.798273,-1.296594,0.103029,0.012721,0.047402,0.008067,0.048342,0.007862
138.348000,SAMPLE,3,7.302438,-0.833703,-1.288718,7.288393,-0.732998,-1.276011,7.344690,-0.813832,-1.296883,7.347015,-0.816393,-1.296655,0.101679,0.012707,0.046691,0.008165,0.047819,0.007937
138.447000,SAMPLE,3,7.308115,-0.853232,-1.285549,7.294222,-0.752130,-1.272564,7.348999,-0.833956,-1.295651,7.352153,-0.835901,-1.294664,0.102052,0.012985,0.045200,0.010101,0.047326,0.009115
138.530000,SAMPLE,3,7.313032,-0.869751,-1.277307,7.298981,-0.767406,-1.264985,7.348999,-0.833956,-1.295651,7.356559,-0.851283,-1.287086,0.103305,0.012322,0.050743,0.018344,0.047283,0.009778
138.616000,SAMPLE,3,7.318100,-0.886274,-1.268781,7.303733,-0.782264,-1.257406,7.356434,-0.852465,-1.288001,7.360776,-0.865915,-1.280057,0.104997,0.011375,0.051113,0.019220,0.047283,0.011277
138.711000,SAMPLE,3,7.323065,-0.902026,-1.263209,7.309816,-0.800775,-1.250496,7.359473,-0.868749,-1.279133,7.366001,-0.884129,-1.273146,0.102114,0.012713,0.049324,0.015924,0.046517,0.009937
138.804000,SAMPLE,3,7.328573,-0.919279,-1.260335,7.316100,-0.819618,-1.247338,7.366658,-0.887682,-1.270871,7.371637,-0.902545,-1.269795,0.100439,0.012997,0.049486,0.010536,0.046201,0.009460
138.898000,SAMPLE,3,7.334359,-0.937243,-1.258724,7.320931,-0.833985,-1.246169,7.367951,-0.908700,-1.268430,7.375433,-0.916888,-1.269043,0.104127,0.012555,0.044081,0.009705,0.045841,0.010319
138.996000,SAMPLE,3,7.340077,-0.954899,-1.257751,7.327025,-0.852037,-1.244906,7.358041,-0.923176,-1.265165,7.381148,-0.935173,-1.267783,0.103687,0.012845,0.036456,0.007414,0.045563,0.010032
139.093000,SAMPLE,3,7.346282,-0.974115,-1.257441,7.333411,-0.870990,-1.245364,7.362332,-0.938541,-1.262052,7.381811,-0.951489,-1.267244,0.103926,0.012077,0.039028,0.004610,0.042122,0.009803
139.192000,SAMPLE,3,7.352280,-0.992387,-1.248882,7.339679,-0.889338,-1.237101,7.369857,-0.956095,-1.262209,7.385805,-0.969092,-1.258794,0.103817,0.011781,0.040324,0.013328,0.040823,0.009912
139.290000,SAMPLE,3,7.357387,-1.007478,-1.240936,7.346028,-0.907369,-1.228027,7.374869,-0.976478,-1.251120,7.389869,-0.986457,-1.250331,0.100752,0.012909,0.035590,0.010184,0.038691,0.009395
139.387000,SAMPLE,3,7.363807,-1.026107,-1.237163,7.352752,-0.926093,-1.224317,7.381329,-0.994035,-1.243812,7.394909,-1.005211,-1.245569,0.100624,0.012846,0.036547,0.006649,0.037469,0.008406
139.487000,SAMPLE,3,7.370130,-1.044256,-1.233847,7.358995,-0.943300,-1.221159,7.386658,-1.013501,-1.240547,7.399576,-1.022658,-1.241758,0.101567,0.012688,0.034915,0.006700,0.036517,0.007911
139.572000,SAMPLE,3,7.375342,-1.059060,-1.230688,7.363772,-0.956352,-1.218582,7.392695,-1.029778,-1.237174,7.403041,-1.035846,-1.238309,0.103357,0.012105,0.034038,0.006486,0.036141,0.007621
139.669000,SAMPLE,3,7.381884,-1.077299,-1.221786,7.370649,-0.974817,-1.209701,7.398833,-1.047296,-1.232059,7.408804,-1.054944,-1.228823,0.103096,0.012085,0.034460,0.010274,0.034992,0.007037
139.768000,SAMPLE,3,7.388504,-1.095232,-1.212312,7.377577,-0.992904,-1.200227,7.405171,-1.065176,-1.222635,7.414473,-1.073063,-1.219278,0.102910,0.012085,0.034368,0.010322,0.034145,0.006966
139.854000,SAMPLE,3,7.393521,-1.108484,-1.205546,7.383297,-1.007463,-1.192848,7.405171,-1.065176,-1.222635,7.419923,-1.087792,-1.211699,0.101537,0.012698,0.044848,0.017088,0.033544,0.006153
139.950000,SAMPLE,3,7.400721,-1.127197,-1.201725,7.390688,-1.025968,-1.189072,7.419302,-1.099471,-1.208386,7.425537,-1.105323,-1.208739,0.101725,0.012653,0.033376,0.006661,0.033080,0.007014
140.051000,SAMPLE,3,7.407915,-1.145658,-1.195113,7.398014,-1.044090,-1.182714,7.425707,-1.118728,-1.203967,7.431756,-1.122921,-1.202528,0.102049,0.012399,0.032277,0.008854,0.032945,0.007416
140.138000,SAMPLE,3,7.414609,-1.162365,-1.185018,7.404142,-1.058870,-1.173588,7.425707,-1.118728,-1.203967,7.436833,-1.137332,-1.193029,0.104022,0.011430,0.045026,0.018948,0.033475,0.008011
140.231000,SAMPLE,3,7.421768,-1.179770,-1.176018,7.411966,-1.077276,-1.164114,7.432645,-1.138577,-1.191619,7.443379,-1.155152,-1.184040,0.102961,0.011904,0.042605,0.015601,0.032758,0.008022
140.330000,SAMPLE,3,7.428383,-1.195469,-1.167821,7.419965,-1.095607,-1.154290,7.440185,-1.152680,-1.183467,7.450200,-1.172466,-1.175199,0.100216,0.013530,0.044386,0.015647,0.031703,0.007378
140.421000,SAMPLE,3,7.435675,-1.212288,-1.156466,7.428099,-1.113682,-1.141917,7.446783,-1.173660,-1.172544,7.457563,-1.190810,-1.162258,0.098897,0.014549,0.040194,0.016078,0.030666,0.005792
140.520000,SAMPLE,3,7.443492,-1.229749,-1.144221,7.434473,-1.127434,-1.132638,7.455772,-1.192630,-1.163528,7.463201,-1.204518,-1.153477,0.102711,0.011583,0.039097,0.019307,0.032016,0.009257
140.620000,SAMPLE,3,7.451821,-1.247720,-1.128839,7.443071,-1.145445,-1.117732,7.462518,-1.207551,-1.149686,7.470923,-1.222256,-1.138864,0.102649,0.011107,0.041569,0.020847,0.031832,0.010025
140.714000,SAMPLE,3,7.459734,-1.264120,-1.114118,7.451531,-1.162481,-1.102193,7.471956,-1.226066,-1.134950,7.478952,-1.239547,-1.122937,0.101970,0.011925,0.039968,0.020832,0.031196,0.008820
140.814000,SAMPLE,3,7.468684,-1.282131,-1.106555,7.460629,-1.180245,-1.094159,7.479599,-1.242854,-1.119774,7.487528,-1.257427,-1.115491,0.102204,0.012396,0.040766,0.013219,0.031071,0.008936
140.913000,SAMPLE,3,7.477532,-1.299686,-1.099572,7.469618,-1.197555,-1.088201,7.488656,-1.260465,-1.111761,7.496136,-1.274939,-1.108754,0.102437,0.011371,0.040769,0.012188,0.030960,0.009182
141.003000,SAMPLE,3,7.484203,-1.312615,-1.088500,7.478749,-1.214696,-1.073596,7.496652,-1.277480,-1.105806,7.504716,-1.292107,-1.094487,0.098071,0.014904,0.037276,0.017306,0.029006,0.005987
141.099000,SAMPLE,3,7.492724,-1.328590,-1.072710,7.485838,-1.227567,-1.060964,7.505140,-1.294674,-1.091209,7.511579,-1.305376,-1.081259,0.101257,0.011746,0.036117,0.018499,0.029907,0.008549
141.195000,SAMPLE,3,7.501086,-1.343685,-1.056605,7.494437,-1.242669,-1.045175,7.514011,-1.310019,-1.075399,7.519684,-1.320384,-1.065557,0.101234,0.011431,0.036062,0.018794,0.029813,0.008952
141.288000,SAMPLE,3,7.508099,-1.355895,-1.042237,7.502472,-1.256274,-1.029385,7.521012,-1.325524,-1.059332,7.526983,-1.333789,-1.050410,0.099781,0.012852,0.033003,0.017095,0.029074,0.008174
141.384000,SAMPLE,3,7.515693,-1.368674,-1.027047,7.510384,-1.269203,-1.014246,7.529937,-1.338948,-1.043233,7.534586,-1.346852,-1.035459,0.099612,0.012802,0.032962,0.016186,0.028864,0.008412
141.484000,SAMPLE,3,7.523418,-1.381304,-1.016802,7.518153,-1.281551,-1.004298,7.536356,-1.350649,-1.027711,7.541517,-1.358538,-1.025533,0.099892,0.012504,0.033273,0.010908,0.029084,0.008730
141.579000,SAMPLE,3,7.530921,-1.393337,-1.011508,7.524570,-1.291567,-0.998969,7.543327,-1.362668,-1.018027,7.547853,-1.368964,-1.019933,0.101968,0.012539,0.033083,0.006519,0.029677,0.008425
141.674000,SAMPLE,3,7.537111,-1.403238,-1.013266,7.532556,-1.303990,-1.000767,7.551991,-1.376039,-1.015069,7.555546,-1.381445,-1.020536,0.099353,0.012499,0.031004,0.001803,0.028545,0.007270
141.772000,SAMPLE,3,7.544705,-1.415461,-1.016455,7.540178,-1.315921,-1.003925,7.559811,-1.388955,-1.018578,7.562908,-1.393478,-1.022967,0.099643,0.012531,0.030509,0.002123,0.028541,0.006512
141.870000,SAMPLE,3,7.551310,-1.426155,-1.016664,7.546755,-1.326271,-1.003982,7.567296,-1.400991,-1.021589,7.569393,-1.404124,-1.023641,0.099987,0.012681,0.029812,0.004925,0.028502,0.006978
141.958000,SAMPLE,3,7.556228,-1.434042,-1.008565,7.551292,-1.333353,-0.997459,7.571930,-1.411306,-1.017578,7.573700,-1.411495,-1.016607,0.100810,0.011106,0.027631,0.009013,0.028525,0.008042
142.052000,SAMPLE,3,7.561079,-1.441619,-0.994225,7.556489,-1.341273,-0.982498,7.577102,-1.419773,-1.004990,7.578658,-1.419742,-1.001653,0.100451,0.011727,0.027093,0.010764,0.028064,0.007428
142.137000,SAMPLE,3,7.564733,-1.447193,-0.986911,7.560722,-1.347560,-0.974354,7.583150,-1.424773,-0.992708,7.582763,-1.426113,-0.993285,0.099713,0.012557,0.029015,0.005798,0.027739,0.006374
142.230000,SAMPLE,3,7.569808,-1.454760,-0.975049,7.566109,-1.355379,-0.962680,7.587868,-1.432404,-0.980724,7.588139,-1.434040,-0.982301,0.099450,0.012369,0.028740,0.005675,0.027665,0.007252
142.327000,SAMPLE,3,7.575784,-1.463546,-0.973418,7.572136,-1.364009,-0.961217,7.587868,-1.432404,-0.980724,7.593975,-1.442584,-0.979362,0.099604,0.012202,0.033404,0.007306,0.027754,0.005944
142.427000,SAMPLE,3,7.581342,-1.471757,-0.979658,7.577775,-1.372127,-0.967556,7.600502,-1.450342,-0.982995,7.599573,-1.450434,-0.984939,0.099694,0.012101,0.028736,0.003337,0.028055,0.005282
142.519000,SAMPLE,3,7.586504,-1.479511,-0.985942,7.582054,-1.378382,-0.973135,7.600502,-1.450342,-0.982995,7.603747,-1.456760,-0.990518,0.101227,0.012807,0.032354,0.002947,0.028547,0.004576
142.611000,SAMPLE,3,7.590401,-1.485410,-0.985476,7.586632,-1.385123,-0.973748,7.605908,-1.458784,-0.990142,7.608196,-1.463397,-0.991128,0.100358,0.011728,0.030812,0.004666,0.028306,0.005652
142.700000,SAMPLE,3,7.591641,-1.487274,-0.978021,7.588192,-1.387404,-0.963206,7.610358,-1.465372,-0.990764,7.609894,-1.465825,-0.984587,0.099929,0.014815,0.028810,0.012743,0.028164,0.006566
142.798000,SAMPLE,3,7.591422,-1.486955,-0.958697,7.588192,-1.387404,-0.947432,7.611322,-1.467026,-0.979961,7.610061,-1.465970,-0.966956,0.099604,0.011265,0.028164,0.021263,0.028067,0.008259
142.893000,SAMPLE,3,7.591072,-1.486472,-0.928874,7.588192,-1.387404,-0.917890,7.610457,-1.468205,-0.958817,7.610104,-1.466238,-0.939420,0.099110,0.010983,0.026636,0.029944,0.027778,0.010546
142.984000,SAMPLE,3,7.590586,-1.485848,-0.889318,7.588192,-1.387404,-0.877798,7.610494,-1.467812,-0.926778,7.610147,-1.466428,-0.899977,0.098473,0.011520,0.026863,0.037459,0.027564,0.010659
143.069000,SAMPLE,3,7.590014,-1.485174,-0.845084,7.588192,-1.387404,-0.837459,7.610377,-1.467010,-0.884814,7.610158,-1.466509,-0.862432,0.097787,0.007625,0.027286,0.039730,0.027462,0.017348
143.162000,SAMPLE,3,7.589444,-1.484557,-0.803103,7.588192,-1.387404,-0.786856,7.609176,-1.464872,-0.832142,7.610041,-1.466316,-0.811921,0.097161,0.016246,0.027872,0.029039,0.027513,0.008819
143.252000,SAMPLE,3,7.588846,-1.483963,-0.760945,7.588192,-1.387404,-0.748961,7.608214,-1.464101,-0.783769,7.609825,-1.466054,-0.774077,0.096561,0.011983,0.027742,0.022825,0.027583,0.013133
143.341000,SAMPLE,3,7.588202,-1.483376,-0.717392,7.588192,-1.387404,-0.702393,7.608214,-1.464101,-0.783769,7.609825,-1.466054,-0.726709,0.095972,0.014999,0.027784,0.066377,0.027705,0.009317
143.432000,SAMPLE,3,7.587597,-1.482868,-0.677853,7.588192,-1.387404,-0.669090,7.608469,-1.463491,-0.737259,7.609656,-1.465747,-0.695659,0.095466,0.008762,0.028480,0.059406,0.027924,0.017806
143.530000,SAMPLE,3,7.587046,-1.482440,-0.642958,7.588192,-1.387404,-0.628038,7.606932,-1.463265,-0.652268,7.609325,-1.465420,-0.655811,0.095043,0.014920,0.027625,0.009310,0.028036,0.012853
143.619000,SAMPLE,3,7.586469,-1.482023,-0.607392,7.588192,-1.387404,-0.597046,7.606932,-1.463265,-0.652268,7.609044,-1.465167,-0.624310,0.094635,0.010346,0.027760,0.044876,0.028174,0.016918
143.720000,SAMPLE,3,7.585874,-1.481625,-0.571613,7.588192,-1.387404,-0.562282,7.605443,-1.462103,-0.578974,7.608733,-1.465037,-0.590254,0.094250,0.009331,0.027642,0.007361,0.028244,0.018641
143.818000,SAMPLE,3,7.585272,-1.481253,-0.536182,7.588192,-1.387404,-0.527546,7.605443,-1.462103,-0.578974,7.608356,-1.464699,-0.553484,0.093894,0.008636,0.027814,0.042793,0.028406,0.017303
143.913000,SAMPLE,3,7.584691,-1.480921,-0.502739,7.588192,-1.387404,-0.492959,7.604608,-1.462410,-0.544183,7.607903,-1.464423,-0.519644,0.093582,0.009781,0.027191,0.041443,0.028478,0.016904
144.013000,SAMPLE,3,7.584165,-1.480641,-0.472979,7.588192,-1.387404,-0.463932,7.603642,-1.461928,-0.509485,7.607401,-1.464129,-0.489907,0.093324,0.009046,0.027010,0.036506,0.028506,0.016928
144.095000,SAMPLE,3,7.583815,-1.480466,-0.453368,7.588192,-1.387404,-0.441196,7.603142,-1.460784,-0.480262,7.606909,-1.463742,-0.465412,0.093165,0.012173,0.027586,0.026894,0.028514,0.012043
144.186000,SAMPLE,3,7.583321,-1.480234,-0.426084,7.588192,-1.387404,-0.412775,7.603216,-1.461044,-0.451871,7.606480,-1.463428,-0.435538,0.092958,0.013310,0.027642,0.025787,0.028615,0.009454
144.285000,SAMPLE,3,7.582848,-1.480027,-0.400289,7.588192,-1.387404,-0.387611,7.602832,-1.459530,-0.422828,7.606045,-1.462963,-0.409859,0.092777,0.012678,0.028626,0.022538,0.028797,0.009570
144.380000,SAMPLE,3,7.582443,-1.479860,-0.378405,7.588192,-1.387404,-0.365506,7.602473,-1.460519,-0.399123,7.605628,-1.462678,-0.386582,0.092635,0.012899,0.027844,0.020718,0.028858,0.008177
144.481000,SAMPLE,3,7.582023,-1.479699,-0.355858,7.588192,-1.387404,-0.343401,7.601875,-1.460271,-0.375998,7.605170,-1.462384,-0.365009,0.092501,0.012457,0.027777,0.020140,0.028907,0.009151
144.579000,SAMPLE,3,7.581669,-1.479571,-0.337068,7.588192,-1.387404,-0.325717,7.600277,-1.456913,-0.354681,7.604576,-1.461720,-0.347899,0.092398,0.011352,0.029320,0.017613,0.029041,0.010830
144.671000,SAMPLE,3,7.581271,-1.479436,-0.316068,7.588192,-1.387404,-0.303611,7.600375,-1.458345,-0.332765,7.604079,-1.461321,-0.325442,0.092292,0.012457,0.028457,0.016697,0.029127,0.009374
144.769000,SAMPLE,3,7.580912,-1.479322,-0.297203,7.588192,-1.387404,-0.284588,7.600878,-1.458037,-0.310384,7.603700,-1.460932,-0.305262,0.092206,0.012615,0.029184,0.013181,0.029283,0.008059
144.859000,SAMPLE,3,7.580630,-1.479238,-0.282518,7.588192,-1.387404,-0.271956,7.600389,-1.458141,-0.294023,7.603308,-1.460601,-0.292297,0.092145,0.010562,0.028905,0.011504,0.029353,0.009778
144.956000,SAMPLE,3,7.580320,-1.479151,-0.266413,7.588192,-1.387404,-0.256167,7.598809,-1.458810,-0.278804,7.603308,-1.460601,-0.276507,0.092084,0.010246,0.027488,0.012391,0.029539,0.010094
145.048000,SAMPLE,3,7.580082,-1.479088,-0.254097,7.588192,-1.387404,-0.240377,7.597937,-1.459167,-0.263094,7.602194,-1.460241,-0.260935,0.092042,0.013720,0.026751,0.008996,0.029054,0.006838
145.142000,SAMPLE,3,7.579782,-1.479012,-0.238624,7.588192,-1.387404,-0.224588,7.598228,-1.459467,-0.247248,7.601735,-1.460151,-0.244378,0.091993,0.014036,0.026874,0.008625,0.028942,0.005754
145.233000,SAMPLE,3,7.579496,-1.478945,-0.223939,7.588192,-1.387404,-0.211956,7.598228,-1.459467,-0.247248,7.601735,-1.460151,-0.231746,0.091953,0.011983,0.027023,0.023309,0.029116,0.007807
145.319000,SAMPLE,3,7.579216,-1.478883,-0.209571,7.588192,-1.387404,-0.199325,7.598578,-1.461381,-0.231532,7.601360,-1.460298,-0.219074,0.091918,0.010246,0.026100,0.021961,0.028910,0.009503
145.414000,SAMPLE,3,7.578929,-1.478824,-0.194963,7.588192,-1.387404,-0.183585,7.597947,-1.459041,-0.216547,7.600946,-1.460145,-0.204028,0.091888,0.011378,0.027441,0.021584,0.028873,0.009064
145.510000,SAMPLE,3,7.580680,-1.479161,-0.188309,7.589737,-1.387681,-0.176046,7.597947,-1.459837,-0.200765,7.602297,-1.460450,-0.196030,0.091927,0.012263,0.025914,0.012456,0.028590,0.007721
145.598000,SAMPLE,3,7.582648,-1.479533,-0.185646,7.592069,-1.388094,-0.173414,7.598973,-1.460289,-0.193273,7.604129,-1.460871,-0.193899,0.091922,0.012232,0.025236,0.007627,0.028455,0.008253
145.690000,SAMPLE,3,7.582468,-1.479500,-0.176247,7.592086,-1.388097,-0.163977,7.602053,-1.460396,-0.189147,7.603884,-1.460814,-0.184824,0.091907,0.012270,0.027359,0.012900,0.028422,0.008577
145.785000,SAMPLE,3,7.582287,-1.479468,-0.167057,7.592086,-1.388097,-0.154504,7.601851,-1.461068,-0.179686,7.603643,-1.460843,-0.175095,0.091895,0.012554,0.026858,0.012629,0.028337,0.008038
145.878000,SAMPLE,3,7.582109,-1.479439,-0.158057,7.592086,-1.388097,-0.146925,7.601669,-1.460986,-0.170200,7.603409,-1.460860,-0.167307,0.091885,0.011133,0.026890,0.012142,0.028264,0.009249
145.974000,SAMPLE,3,7.581927,-1.479411,-0.148868,7.592086,-1.388097,-0.137451,7.600673,-1.459917,-0.160196,7.603078,-1.460746,-0.157925,0.091877,0.011417,0.027045,0.011328,0.028208,0.009057
146.066000,P3,3,7.581779,-1.479389,-0.141384,7.592086,-1.388097,-0.128477,7.601406,-1.459536,-0.150093,7.602876,-1.460600,-0.149402,0.091872,0.012907,0.027917,0.008709,0.028251,0.008018
