sim_time,event,waypoint,gt_x,gt_y,gt_yaw,odom_x,odom_y,odom_yaw,icp_x,icp_y,icp_yaw,odom_position_error,odom_yaw_error,icp_position_error,icp_yaw_error
3.414000,START,0,-0.000000,-0.000000,-0.000000,-0.000000,-0.000000,0.000000,0.015548,0.022790,-0.000007,0.000000,0.000000,0.027588,0.000007
3.415000,SAMPLE,1,-0.000000,-0.000000,-0.000000,-0.000000,-0.000000,0.000000,0.015548,0.022790,-0.000007,0.000000,0.000000,0.027588,0.000007
3.511000,SAMPLE,1,-0.000000,-0.000000,-0.000000,-0.000000,-0.000000,0.000000,0.015548,0.022790,-0.000007,0.000000,0.000000,0.027588,0.000007
3.603000,SAMPLE,1,0.000201,-0.000000,-0.000874,0.000221,-0.000000,-0.001050,0.015548,0.022790,-0.000007,0.000020,0.000176,0.027475,0.000867
3.684000,SAMPLE,1,0.000603,-0.000001,-0.009100,0.000421,-0.000000,-0.009000,0.016007,0.023548,-0.000980,0.000182,0.000100,0.028140,0.008120
3.776000,SAMPLE,1,0.000917,-0.000007,-0.024800,0.000421,-0.000000,-0.024600,0.015887,0.024225,-0.011789,0.000496,0.000200,0.028483,0.013011
3.857000,SAMPLE,1,0.001404,-0.000025,-0.049200,0.000421,-0.000000,-0.047500,0.016634,0.024676,-0.034782,0.000984,0.001700,0.029018,0.014417
3.948000,SAMPLE,1,0.003418,-0.000168,-0.085726,0.001765,-0.000099,-0.086750,0.017282,0.025492,-0.069416,0.001654,0.001024,0.029166,0.016310
4.031000,SAMPLE,1,0.004899,-0.000317,-0.127652,0.002352,-0.000154,-0.126200,0.017282,0.025492,-0.069416,0.002553,0.001452,0.028625,0.058236
4.124000,SAMPLE,1,0.006034,-0.000495,-0.185102,0.002352,-0.000154,-0.184700,0.020386,0.027033,-0.115002,0.003698,0.000402,0.031044,0.070100
4.224000,SAMPLE,1,0.007230,-0.000757,-0.246302,0.002352,-0.000154,-0.244700,0.021086,0.023554,-0.232019,0.004915,0.001602,0.027983,0.014282
4.324000,SAMPLE,1,0.008860,-0.001215,-0.297302,0.003120,-0.000376,-0.304700,0.021086,0.023554,-0.232019,0.005801,0.007398,0.027622,0.065282
4.420000,SAMPLE,1,0.011014,-0.001946,-0.357902,0.003917,-0.000648,-0.352700,0.024696,0.024557,-0.291856,0.007215,0.005202,0.029827,0.066046
4.508000,SAMPLE,1,0.012914,-0.002716,-0.412502,0.004893,-0.001041,-0.412700,0.025307,0.023929,-0.352227,0.008193,0.000198,0.029386,0.060275
4.600000,SAMPLE,1,0.014730,-0.003570,-0.471302,0.005647,-0.001392,-0.460700,0.028385,0.022677,-0.412110,0.009341,0.010602,0.029586,0.059192
4.697000,SAMPLE,1,0.015886,-0.004205,-0.521115,0.005929,-0.001553,-0.520700,0.029350,0.022619,-0.472569,0.010304,0.000415,0.030014,0.048546
4.787000,SAMPLE,1,0.019914,-0.006695,-0.580513,0.008971,-0.003435,-0.580700,0.031716,0.021236,-0.532587,0.011418,0.000187,0.030322,0.047926
4.881000,SAMPLE,1,0.024087,-0.009601,-0.636913,0.012420,-0.005849,-0.640700,0.036471,0.018724,-0.592811,0.012255,0.003787,0.030914,0.044101
4.964000,SAMPLE,1,0.027714,-0.012442,-0.689729,0.014942,-0.007831,-0.688700,0.040218,0.016828,-0.652962,0.013578,0.001029,0.031829,0.036766
5.064000,SAMPLE,1,0.033531,-0.017517,-0.740744,0.021120,-0.013272,-0.748700,0.045777,0.013912,-0.712926,0.013117,0.007956,0.033731,0.027818
5.161000,SAMPLE,1,0.043368,-0.027095,-0.802536,0.030218,-0.022284,-0.808700,0.053571,0.006729,-0.773102,0.014003,0.006164,0.035330,0.029434
5.252000,SAMPLE,1,0.053752,-0.038452,-0.858336,0.038506,-0.031395,-0.856700,0.064712,-0.004741,-0.832536,0.016799,0.001636,0.035448,0.025800
5.344000,SAMPLE,1,0.063626,-0.050571,-0.915336,0.048171,-0.043268,-0.916700,0.074821,-0.019513,-0.893727,0.017094,0.001364,0.033015,0.021609
5.440000,SAMPLE,1,0.075281,-0.066699,-0.974136,0.057114,-0.055549,-0.964700,0.086280,-0.035034,-0.953982,0.021315,0.009436,0.033521,0.020154
5.540000,SAMPLE,1,0.086109,-0.083739,-1.036481,0.067289,-0.071187,-1.024700,0.098062,-0.051047,-1.013178,0.022622,0.011781,0.034808,0.023304
5.625000,SAMPLE,1,0.093210,-0.096376,-1.081648,0.076707,-0.087794,-1.084700,0.107243,-0.066567,-1.073155,0.018601,0.003052,0.032947,0.008493
5.720000,SAMPLE,1,0.102309,-0.114777,-1.141675,0.085514,-0.105747,-1.144700,0.107243,-0.066567,-1.073155,0.019068,0.003025,0.048462,0.068520
5.811000,SAMPLE,1,0.109685,-0.132069,-1.193659,0.091551,-0.119890,-1.189592,0.115850,-0.089667,-1.134880,0.021844,0.004067,0.042848,0.058779
5.903000,SAMPLE,1,0.116282,-0.150013,-1.243347,0.098061,-0.137435,-1.240926,0.124316,-0.109019,-1.192484,0.022141,0.002420,0.041774,0.050863
5.987000,SAMPLE,1,0.121717,-0.167376,-1.293094,0.102899,-0.152685,-1.287137,0.132444,-0.127443,-1.243854,0.023873,0.005957,0.041348,0.049239
6.084000,SAMPLE,1,0.126038,-0.184093,-1.342955,0.107788,-0.171532,-1.346037,0.138463,-0.144421,-1.302809,0.022155,0.003081,0.041572,0.040147
6.178000,SAMPLE,1,0.130096,-0.204042,-1.398720,0.110978,-0.187112,-1.392437,0.141839,-0.164765,-1.360541,0.025537,0.006284,0.040995,0.038180
6.271000,SAMPLE,1,0.133015,-0.223940,-1.451215,0.113921,-0.206488,-1.446621,0.146130,-0.184082,-1.417855,0.025868,0.004594,0.041960,0.033360
6.359000,SAMPLE,1,0.134842,-0.242731,-1.495281,0.115574,-0.222401,-1.486618,0.148748,-0.204452,-1.470949,0.028010,0.008663,0.040727,0.024332
6.447000,SAMPLE,1,0.135926,-0.261739,-1.531232,0.116830,-0.242139,-1.526203,0.149761,-0.224853,-1.515017,0.027365,0.005029,0.039395,0.016215
6.547000,SAMPLE,1,0.136366,-0.278193,-1.556040,0.117378,-0.260835,-1.555137,0.150961,-0.246184,-1.548082,0.025726,0.000903,0.035180,0.007958
6.635000,SAMPLE,1,0.136447,-0.295337,-1.574316,0.117480,-0.275424,-1.570784,0.150834,-0.264001,-1.571173,0.027500,0.003531,0.034481,0.003142
6.721000,SAMPLE,1,0.136291,-0.313525,-1.582945,0.117370,-0.295171,-1.580018,0.150834,-0.264001,-1.571173,0.026360,0.002927,0.051615,0.011772
6.812000,SAMPLE,1,0.136049,-0.331144,-1.586050,0.117211,-0.310160,-1.582650,0.150844,-0.283918,-1.582910,0.028199,0.003400,0.049489,0.003140
6.905000,SAMPLE,1,0.135806,-0.345877,-1.588348,0.116966,-0.328495,-1.585145,0.150948,-0.304309,-1.585969,0.025633,0.003203,0.044240,0.002378
6.999000,SAMPLE,1,0.135472,-0.364905,-1.588348,0.116738,-0.344378,-1.585145,0.150647,-0.322895,-1.588677,0.027791,0.003203,0.044667,0.000329
7.099000,SAMPLE,1,0.135132,-0.384230,-1.588348,0.116468,-0.363218,-1.585145,0.150288,-0.342404,-1.588585,0.028105,0.003203,0.044487,0.000237
7.192000,SAMPLE,1,0.134816,-0.402236,-1.588348,0.116206,-0.381469,-1.585145,0.150393,-0.360529,-1.588423,0.027886,0.003203,0.044521,0.000075
7.292000,SAMPLE,1,0.134466,-0.422170,-1.588348,0.115922,-0.401277,-1.585145,0.149584,-0.379773,-1.588421,0.027936,0.003203,0.045011,0.000073
7.387000,SAMPLE,1,0.134151,-0.440147,-1.588348,0.115660,-0.419507,-1.585145,0.149780,-0.400108,-1.588215,0.027711,0.003203,0.042981,0.000133
7.487000,SAMPLE,1,0.133857,-0.456869,-1.588348,0.115381,-0.438915,-1.585145,0.148966,-0.418343,-1.588128,0.025762,0.003203,0.041383,0.000220
7.584000,SAMPLE,1,0.133521,-0.475993,-1.588348,0.115106,-0.458145,-1.585145,0.148689,-0.437439,-1.587980,0.025645,0.003203,0.041430,0.000368
7.679000,SAMPLE,1,0.133197,-0.494453,-1.588348,0.114894,-0.472912,-1.585145,0.148492,-0.455548,-1.588159,0.028267,0.003204,0.041803,0.000189
7.774000,SAMPLE,1,0.132850,-0.514229,-1.588348,0.114608,-0.492794,-1.585145,0.148109,-0.475209,-1.588026,0.028146,0.003204,0.041897,0.000322
7.870000,SAMPLE,1,0.132526,-0.532679,-1.588348,0.114340,-0.511529,-1.585145,0.147593,-0.494982,-1.588049,0.027894,0.003204,0.040597,0.000299
7.962000,SAMPLE,1,0.132272,-0.547118,-1.588349,0.114075,-0.529990,-1.585145,0.147141,-0.512644,-1.588334,0.024990,0.003204,0.037543,0.000015
8.052000,SAMPLE,1,0.131949,-0.565515,-1.588349,0.113848,-0.545799,-1.585145,0.147546,-0.531922,-1.588510,0.026766,0.003204,0.037037,0.000162
8.139000,SAMPLE,1,0.131656,-0.582208,-1.588349,0.113631,-0.560892,-1.585145,0.148242,-0.550998,-1.589240,0.027916,0.003204,0.035343,0.000891
8.231000,SAMPLE,1,0.131354,-0.599415,-1.588349,0.113370,-0.579101,-1.585145,0.147700,-0.568746,-1.589643,0.027131,0.003204,0.034752,0.001294
8.317000,SAMPLE,1,0.131035,-0.617580,-1.588349,0.113141,-0.595036,-1.585145,0.147700,-0.568746,-1.589643,0.028783,0.003204,0.051599,0.001294
8.406000,SAMPLE,1,0.130788,-0.631653,-1.588349,0.112873,-0.613750,-1.585145,0.147705,-0.587753,-1.589801,0.025327,0.003204,0.047047,0.001452
8.505000,SAMPLE,1,0.130446,-0.651122,-1.588349,0.112593,-0.633222,-1.585145,0.147250,-0.606205,-1.589931,0.025282,0.003204,0.047957,0.001582
8.603000,SAMPLE,1,0.130104,-0.670603,-1.588349,0.112318,-0.652430,-1.585145,0.146604,-0.626341,-1.589702,0.025429,0.003204,0.047238,0.001353
8.702000,SAMPLE,1,0.129775,-0.689337,-1.588349,0.112050,-0.671091,-1.585145,0.146311,-0.645685,-1.589692,0.025438,0.003204,0.046680,0.001342
8.796000,SAMPLE,1,0.129439,-0.708512,-1.588349,0.111827,-0.686627,-1.585145,0.144701,-0.664023,-1.589582,0.028092,0.003205,0.047034,0.001233
8.892000,SAMPLE,1,0.129105,-0.727520,-1.588349,0.111550,-0.705951,-1.585145,0.144183,-0.683835,-1.589413,0.027810,0.003205,0.046213,0.001064
8.984000,SAMPLE,1,0.128846,-0.742244,-1.588349,0.111288,-0.724191,-1.585145,0.144729,-0.703354,-1.589292,0.025184,0.003205,0.042008,0.000943
9.072000,SAMPLE,1,0.128535,-0.759998,-1.588350,0.111065,-0.739726,-1.585145,0.144061,-0.721936,-1.589165,0.026761,0.003205,0.041107,0.000815
9.165000,SAMPLE,1,0.128214,-0.778248,-1.588350,0.110789,-0.758966,-1.585145,0.144364,-0.741272,-1.589088,0.025989,0.003205,0.040349,0.000738
9.247000,SAMPLE,1,0.127928,-0.794530,-1.588350,0.110575,-0.773870,-1.585145,0.144095,-0.759707,-1.589104,0.026980,0.003205,0.038393,0.000754
9.332000,SAMPLE,1,0.127679,-0.808727,-1.588350,0.110346,-0.789869,-1.585145,0.143268,-0.779627,-1.588966,0.025615,0.003205,0.033013,0.000616
9.420000,SAMPLE,1,0.127371,-0.826294,-1.588350,0.110124,-0.805320,-1.585145,0.142803,-0.799529,-1.589024,0.027155,0.003205,0.030896,0.000674
9.505000,SAMPLE,1,0.127073,-0.843238,-1.588350,0.109856,-0.823991,-1.585145,0.142803,-0.799529,-1.589024,0.025824,0.003205,0.046454,0.000674
9.591000,SAMPLE,1,0.126772,-0.860383,-1.588350,0.109629,-0.839800,-1.585145,0.142287,-0.818383,-1.589004,0.026787,0.003205,0.044775,0.000654
9.687000,SAMPLE,1,0.126443,-0.879138,-1.588350,0.109357,-0.858746,-1.585145,0.142271,-0.837529,-1.588836,0.026604,0.003205,0.044518,0.000486
9.773000,SAMPLE,1,0.126196,-0.893177,-1.588350,0.109145,-0.873544,-1.585145,0.141388,-0.856098,-1.588914,0.026004,0.003206,0.040071,0.000564
9.869000,SAMPLE,1,0.125856,-0.912574,-1.588350,0.108858,-0.893542,-1.585145,0.141088,-0.876835,-1.588646,0.025517,0.003206,0.038849,0.000295
9.955000,SAMPLE,1,0.125555,-0.929689,-1.588350,0.108639,-0.908825,-1.585145,0.140685,-0.896651,-1.588803,0.026860,0.003206,0.036338,0.000453
10.041000,SAMPLE,1,0.125263,-0.946250,-1.588990,0.108373,-0.927223,-1.585902,0.140719,-0.914100,-1.588698,0.025442,0.003087,0.035672,0.000292
10.115000,SAMPLE,1,0.124953,-0.961359,-1.594590,0.108171,-0.939168,-1.590113,0.140719,-0.914100,-1.588698,0.027822,0.004477,0.049819,0.005892
10.200000,SAMPLE,1,0.124567,-0.975515,-1.601600,0.107715,-0.958110,-1.599587,0.140240,-0.935303,-1.593294,0.024226,0.002013,0.043159,0.008306
10.288000,SAMPLE,1,0.124002,-0.991714,-1.609937,0.107244,-0.972587,-1.607166,0.139351,-0.953433,-1.602630,0.025430,0.002771,0.041244,0.007307
10.380000,SAMPLE,1,0.123184,-1.010392,-1.619032,0.106624,-0.987985,-1.614745,0.138960,-0.971489,-1.612199,0.027863,0.004287,0.041981,0.006833
10.466000,SAMPLE,1,0.122304,-1.027577,-1.623857,0.105706,-1.007279,-1.620652,0.138282,-0.990910,-1.621318,0.026221,0.003205,0.039997,0.002539
10.563000,SAMPLE,1,0.121292,-1.046117,-1.626183,0.104745,-1.025980,-1.622958,0.136950,-1.009093,-1.624780,0.026064,0.003225,0.040198,0.001403
10.651000,SAMPLE,1,0.120437,-1.061380,-1.627888,0.103910,-1.041779,-1.624758,0.136519,-1.028393,-1.626449,0.025638,0.003130,0.036698,0.001439
10.747000,SAMPLE,1,0.119323,-1.080358,-1.631046,0.102858,-1.060698,-1.627916,0.134464,-1.048575,-1.629527,0.025644,0.003130,0.035205,0.001519
10.825000,SAMPLE,1,0.118363,-1.095916,-1.633667,0.101984,-1.075651,-1.630442,0.134464,-1.048575,-1.629527,0.026057,0.003225,0.050005,0.004140
10.919000,SAMPLE,1,0.117094,-1.115211,-1.640501,0.100995,-1.091620,-1.635760,0.133575,-1.067563,-1.632663,0.028561,0.004741,0.050418,0.007838
11.006000,SAMPLE,1,0.115822,-1.132417,-1.648933,0.099650,-1.110910,-1.645234,0.132546,-1.087570,-1.638698,0.026908,0.003699,0.047864,0.010234
11.098000,SAMPLE,1,0.114547,-1.147743,-1.660011,0.098451,-1.126021,-1.655813,0.131173,-1.106293,-1.648346,0.027036,0.004198,0.044660,0.011666
11.180000,SAMPLE,1,0.112926,-1.164453,-1.674323,0.097007,-1.141606,-1.669660,0.129653,-1.125222,-1.662896,0.027845,0.004663,0.042648,0.011427
11.263000,SAMPLE,1,0.111003,-1.181686,-1.690121,0.094884,-1.161260,-1.687650,0.127312,-1.145853,-1.679440,0.026020,0.002471,0.039371,0.010681
11.341000,SAMPLE,1,0.109014,-1.197324,-1.704944,0.093044,-1.176019,-1.701981,0.125586,-1.165179,-1.698249,0.026625,0.002963,0.036165,0.006695
11.440000,SAMPLE,1,0.106287,-1.216322,-1.722429,0.090471,-1.194345,-1.719221,0.122842,-1.183891,-1.714773,0.027077,0.003208,0.036412,0.007657
11.523000,SAMPLE,1,0.103939,-1.230877,-1.739582,0.087956,-1.210146,-1.738142,0.122842,-1.183891,-1.714773,0.026177,0.001440,0.050646,0.024809
11.611000,SAMPLE,1,0.100546,-1.249631,-1.760361,0.085169,-1.225805,-1.755826,0.119771,-1.203664,-1.737110,0.028357,0.004535,0.049825,0.023251
11.707000,SAMPLE,1,0.096803,-1.268095,-1.780395,0.081433,-1.244616,-1.776831,0.116985,-1.224932,-1.759179,0.028062,0.003563,0.047648,0.021216
11.800000,SAMPLE,1,0.093182,-1.284570,-1.793829,0.077181,-1.264158,-1.792976,0.112063,-1.241935,-1.780305,0.025936,0.000853,0.046629,0.013524
11.892000,SAMPLE,1,0.088903,-1.302821,-1.808513,0.073596,-1.279578,-1.805608,0.107844,-1.261504,-1.796558,0.027831,0.002905,0.045452,0.011955
11.988000,SAMPLE,1,0.084290,-1.321301,-1.821917,0.069140,-1.297658,-1.818897,0.102430,-1.281883,-1.812435,0.028080,0.003020,0.043392,0.009482
12.072000,SAMPLE,1,0.079810,-1.338229,-1.837445,0.065100,-1.313140,-1.833479,0.098515,-1.300752,-1.825459,0.029083,0.003966,0.041885,0.011986
12.154000,SAMPLE,1,0.075065,-1.355149,-1.851340,0.060893,-1.328402,-1.846110,0.092930,-1.319169,-1.843134,0.030269,0.005229,0.040171,0.008205
12.252000,SAMPLE,1,0.070388,-1.370985,-1.864030,0.055549,-1.346766,-1.861050,0.087481,-1.337275,-1.858998,0.028403,0.002980,0.037796,0.005032
12.329000,SAMPLE,1,0.065534,-1.386822,-1.872246,0.050907,-1.362078,-1.869050,0.087481,-1.337275,-1.858998,0.028744,0.003196,0.054190,0.013248
12.427000,SAMPLE,1,0.059417,-1.406097,-1.884323,0.044982,-1.380960,-1.881023,0.076322,-1.378365,-1.881840,0.028988,0.003299,0.032478,0.002483
12.514000,SAMPLE,1,0.053719,-1.423348,-1.896475,0.040113,-1.395902,-1.891384,0.076322,-1.378365,-1.881840,0.030633,0.005091,0.050342,0.014634
12.613000,SAMPLE,1,0.048258,-1.439174,-1.909896,0.033832,-1.414335,-1.907173,0.070203,-1.396672,-1.894076,0.028724,0.002722,0.047833,0.015820
12.706000,SAMPLE,1,0.041527,-1.457748,-1.927712,0.027061,-1.433154,-1.925463,0.063312,-1.414694,-1.910222,0.028533,0.002249,0.048252,0.017490
12.797000,SAMPLE,1,0.034925,-1.475116,-1.940316,0.021592,-1.447685,-1.935845,0.056678,-1.436174,-1.927991,0.030500,0.004471,0.044606,0.012325
12.883000,SAMPLE,1,0.028313,-1.491895,-1.952068,0.014324,-1.466317,-1.949334,0.049624,-1.453634,-1.941667,0.029154,0.002734,0.043796,0.010402
12.982000,SAMPLE,1,0.020311,-1.511320,-1.972487,0.006759,-1.484831,-1.969279,0.042627,-1.470363,-1.955437,0.029754,0.003208,0.046641,0.017049
13.079000,SAMPLE,1,0.012322,-1.529581,-1.994371,0.000463,-1.499425,-1.986963,0.034268,-1.488969,-1.976869,0.032403,0.007408,0.046162,0.017502
13.175000,SAMPLE,1,0.005887,-1.543560,-2.008952,-0.007192,-1.516284,-2.005518,0.026057,-1.507060,-1.999305,0.030249,0.003433,0.041702,0.009646
13.268000,SAMPLE,1,-0.002761,-1.561694,-2.023477,-0.015741,-1.534365,-2.020166,0.017774,-1.526845,-2.014045,0.030254,0.003312,0.040448,0.009433
13.355000,SAMPLE,1,-0.010264,-1.577477,-2.037438,-0.022040,-1.547258,-2.029497,0.009335,-1.544560,-2.029146,0.032432,0.007940,0.038310,0.008291
13.445000,SAMPLE,1,-0.016746,-1.591391,-2.048814,-0.028118,-1.559504,-2.033287,0.009335,-1.544560,-2.029146,0.033854,0.015528,0.053603,0.019668
13.536000,SAMPLE,1,-0.020918,-1.599427,-2.050283,-0.032323,-1.567912,-2.034773,-0.003978,-1.575081,-2.047280,0.033514,0.015510,0.029660,0.003003
13.619000,SAMPLE,1,-0.025137,-1.607555,-2.049277,-0.036123,-1.575520,-2.034097,-0.003978,-1.575081,-2.047280,0.033867,0.015180,0.038760,0.001997
13.713000,SAMPLE,1,-0.029072,-1.615158,-2.047753,-0.040062,-1.583425,-2.032518,-0.008945,-1.586641,-2.047383,0.033583,0.015234,0.034905,0.000370
13.802000,SAMPLE,1,-0.033218,-1.623191,-2.047230,-0.044344,-1.592040,-2.031760,-0.012882,-1.593594,-2.046275,0.033078,0.015470,0.035910,0.000955
13.890000,SAMPLE,1,-0.035713,-1.628032,-2.049124,-0.046522,-1.596426,-2.033184,-0.017136,-1.601151,-2.046207,0.033403,0.015940,0.032675,0.002917
13.977000,SAMPLE,1,-0.037257,-1.630986,-2.055797,-0.048034,-1.599435,-2.040026,-0.020037,-1.605581,-2.049137,0.033340,0.015771,0.030691,0.006660
14.062000,SAMPLE,1,-0.039076,-1.634404,-2.064134,-0.049956,-1.603182,-2.049500,-0.022456,-1.609522,-2.058744,0.033063,0.014634,0.029922,0.005390
14.154000,SAMPLE,1,-0.040672,-1.637351,-2.069394,-0.051212,-1.605589,-2.053795,-0.024096,-1.612584,-2.067206,0.033465,0.015599,0.029802,0.002187
14.249000,SAMPLE,1,-0.042227,-1.640187,-2.076367,-0.052687,-1.608382,-2.060579,-0.025837,-1.614999,-2.072188,0.033481,0.015789,0.030051,0.004179
14.341000,SAMPLE,1,-0.043779,-1.642962,-2.085367,-0.054185,-1.611161,-2.070052,-0.027405,-1.618272,-2.081419,0.033460,0.015315,0.029626,0.003948
14.438000,SAMPLE,1,-0.045156,-1.645375,-2.093230,-0.055403,-1.613375,-2.077631,-0.029156,-1.620282,-2.091176,0.033601,0.015599,0.029760,0.002055
14.531000,SAMPLE,1,-0.046772,-1.648153,-2.102325,-0.056949,-1.616128,-2.087105,-0.029992,-1.623181,-2.100700,0.033603,0.015220,0.030086,0.001625
14.620000,SAMPLE,1,-0.048344,-1.650801,-2.111041,-0.058205,-1.618321,-2.094684,-0.029992,-1.623181,-2.100700,0.033944,0.016357,0.033161,0.010341
14.715000,SAMPLE,1,-0.049888,-1.653356,-2.116649,-0.059726,-1.620931,-2.100987,-0.032016,-1.625783,-2.110009,0.033885,0.015662,0.032859,0.006640
14.802000,SAMPLE,1,-0.051189,-1.655480,-2.121969,-0.061037,-1.623153,-2.106445,-0.032909,-1.628767,-2.116560,0.033794,0.015525,0.032368,0.005409
14.888000,SAMPLE,1,-0.053270,-1.658862,-2.121080,-0.063320,-1.627000,-2.105071,-0.034713,-1.630555,-2.122266,0.033409,0.016009,0.033847,0.001186
14.975000,SAMPLE,1,-0.057084,-1.665111,-2.118082,-0.066659,-1.632669,-2.102410,-0.037589,-1.635694,-2.119495,0.033826,0.015672,0.035291,0.001413
15.070000,SAMPLE,1,-0.061177,-1.671815,-2.119791,-0.070695,-1.639514,-2.104158,-0.042394,-1.642128,-2.119226,0.033674,0.015634,0.035130,0.000565
15.156000,SAMPLE,1,-0.064384,-1.677085,-2.113926,-0.073485,-1.644258,-2.099718,-0.045200,-1.647229,-2.118990,0.034065,0.014208,0.035488,0.005064
15.248000,SAMPLE,1,-0.067943,-1.683020,-2.109926,-0.077180,-1.650633,-2.094545,-0.049826,-1.654687,-2.111240,0.033678,0.015381,0.033630,0.001314
15.327000,SAMPLE,1,-0.070367,-1.687066,-2.111066,-0.079918,-1.655368,-2.095510,-0.053553,-1.660442,-2.111634,0.033105,0.015556,0.031489,0.000568
15.424000,SAMPLE,1,-0.073231,-1.691863,-2.106613,-0.082889,-1.660528,-2.090876,-0.053553,-1.660442,-2.111634,0.032789,0.015737,0.037075,0.005021
15.509000,SAMPLE,1,-0.076133,-1.696755,-2.106805,-0.085399,-1.664913,-2.091321,-0.055711,-1.666789,-2.107417,0.033163,0.015485,0.036263,0.000612
15.593000,SAMPLE,1,-0.079006,-1.701577,-2.109584,-0.087917,-1.669294,-2.093847,-0.059128,-1.672253,-2.107629,0.033491,0.015737,0.035427,0.001956
15.677000,SAMPLE,1,-0.081498,-1.705734,-2.111441,-0.090531,-1.673813,-2.095973,-0.062558,-1.677033,-2.110733,0.033174,0.015468,0.034387,0.000708
15.769000,SAMPLE,1,-0.085423,-1.712299,-2.106528,-0.094739,-1.681108,-2.090455,-0.066767,-1.683647,-2.111170,0.032553,0.016073,0.034190,0.004642
15.858000,SAMPLE,1,-0.089468,-1.719183,-2.097339,-0.098062,-1.686968,-2.082876,-0.070931,-1.690885,-2.102750,0.033342,0.014463,0.033830,0.005411
15.952000,SAMPLE,1,-0.092901,-1.725162,-2.086183,-0.101821,-1.693742,-2.071052,-0.074936,-1.698366,-2.091747,0.032661,0.015130,0.032261,0.005564
16.039000,SAMPLE,1,-0.096096,-1.730859,-2.077562,-0.104628,-1.698925,-2.063473,-0.078512,-1.704831,-2.081006,0.033054,0.014088,0.031411,0.003444
16.133000,SAMPLE,1,-0.098846,-1.735857,-2.069405,-0.108014,-1.705303,-2.053300,-0.082232,-1.711297,-2.071485,0.031899,0.016105,0.029651,0.002080
16.230000,SAMPLE,1,-0.101734,-1.741238,-2.058982,-0.110911,-1.710915,-2.043276,-0.085053,-1.717330,-2.059913,0.031681,0.015705,0.029152,0.000931
16.330000,SAMPLE,1,-0.104987,-1.747389,-2.056108,-0.113990,-1.716968,-2.040660,-0.087807,-1.722083,-2.056046,0.031725,0.015447,0.030587,0.000062
16.430000,SAMPLE,1,-0.109870,-1.756604,-2.060555,-0.118566,-1.725934,-2.045002,-0.091859,-1.730401,-2.060074,0.031879,0.015553,0.031796,0.000482
16.522000,SAMPLE,1,-0.113258,-1.762961,-2.059993,-0.122066,-1.732754,-2.044545,-0.091859,-1.730401,-2.060074,0.031465,0.015448,0.038963,0.000081
16.615000,SAMPLE,1,-0.117065,-1.770083,-2.063680,-0.125810,-1.740024,-2.048268,-0.096132,-1.737632,-2.059719,0.031305,0.015412,0.038617,0.003961
16.712000,SAMPLE,1,-0.122353,-1.779869,-2.069382,-0.130813,-1.749641,-2.054160,-0.100470,-1.744988,-2.063419,0.031389,0.015222,0.041177,0.005963
16.807000,SAMPLE,1,-0.129507,-1.792786,-2.084805,-0.137816,-1.762745,-2.070202,-0.106152,-1.754733,-2.069481,0.031169,0.014603,0.044649,0.015325
16.890000,SAMPLE,1,-0.137986,-1.807429,-2.107181,-0.145148,-1.775873,-2.090581,-0.112585,-1.768185,-2.086006,0.032359,0.016600,0.046747,0.021175
16.988000,SAMPLE,1,-0.148260,-1.824228,-2.130368,-0.154887,-1.792395,-2.114252,-0.121736,-1.783998,-2.111848,0.032516,0.016116,0.048187,0.018520
17.081000,SAMPLE,1,-0.156652,-1.837431,-2.143558,-0.164964,-1.808762,-2.130726,-0.132223,-1.798913,-2.133357,0.029849,0.012832,0.045611,0.010201
17.172000,SAMPLE,1,-0.166223,-1.852039,-2.158400,-0.172744,-1.821004,-2.143358,-0.142214,-1.816853,-2.149473,0.031713,0.015042,0.042597,0.008928
17.270000,SAMPLE,1,-0.176435,-1.867107,-2.174821,-0.182170,-1.835379,-2.159147,-0.152943,-1.833045,-2.164686,0.032242,0.015674,0.041377,0.010135
17.370000,SAMPLE,1,-0.185941,-1.880655,-2.190769,-0.191212,-1.848706,-2.174937,-0.163724,-1.848514,-2.180384,0.032381,0.015832,0.039072,0.010384
17.462000,SAMPLE,1,-0.196300,-1.894970,-2.201471,-0.201495,-1.863388,-2.186076,-0.173130,-1.861661,-2.195849,0.032006,0.015395,0.040575,0.005622
17.542000,SAMPLE,1,-0.204294,-1.905862,-2.207008,-0.210770,-1.876426,-2.192808,-0.182482,-1.874936,-2.203800,0.030140,0.014200,0.037844,0.003207
17.628000,SAMPLE,1,-0.214842,-1.920047,-2.212408,-0.219750,-1.888884,-2.197100,-0.194533,-1.891518,-2.211345,0.031547,0.015308,0.035020,0.001063
17.722000,SAMPLE,1,-0.225939,-1.934856,-2.214514,-0.230730,-1.904015,-2.199058,-0.194533,-1.891518,-2.211345,0.031211,0.015457,0.053521,0.003169
17.802000,SAMPLE,1,-0.235745,-1.947935,-2.213433,-0.239999,-1.916784,-2.198045,-0.204933,-1.907736,-2.213166,0.031440,0.015388,0.050649,0.000267
17.883000,SAMPLE,1,-0.243816,-1.958761,-2.208641,-0.249235,-1.929591,-2.192268,-0.219663,-1.924704,-2.212849,0.029669,0.016373,0.041752,0.004208
17.976000,SAMPLE,1,-0.254907,-1.973831,-2.202094,-0.258454,-1.942539,-2.187139,-0.227871,-1.940530,-2.204368,0.031493,0.014955,0.042895,0.002274
18.068000,SAMPLE,1,-0.265318,-1.988171,-2.197220,-0.269478,-1.958220,-2.181805,-0.240436,-1.958557,-2.196998,0.030238,0.015415,0.038679,0.000222
18.158000,SAMPLE,1,-0.275722,-2.002548,-2.197220,-0.278343,-1.970877,-2.181805,-0.250575,-1.975036,-2.195434,0.031780,0.015415,0.037274,0.001786
18.248000,SAMPLE,1,-0.286298,-2.017190,-2.193986,-0.289587,-1.986957,-2.178734,-0.263169,-1.989467,-2.194728,0.030412,0.015252,0.036105,0.000743
18.334000,SAMPLE,1,-0.296847,-2.031940,-2.190670,-0.298695,-2.000111,-2.175255,-0.275316,-2.005817,-2.189277,0.031882,0.015415,0.033852,0.001393
18.428000,SAMPLE,1,-0.305828,-2.044543,-2.188194,-0.309780,-2.016186,-2.172202,-0.275316,-2.005817,-2.189277,0.028630,0.015991,0.049302,0.001083
18.520000,SAMPLE,1,-0.316639,-2.059921,-2.178120,-0.318779,-2.029415,-2.163458,-0.287099,-2.021237,-2.187657,0.030581,0.014662,0.048673,0.009537
18.600000,SAMPLE,1,-0.326295,-2.073938,-2.169173,-0.327666,-2.042720,-2.155779,-0.298156,-2.037159,-2.177478,0.031248,0.013394,0.046309,0.008305
18.698000,SAMPLE,1,-0.337100,-2.090082,-2.150462,-0.338572,-2.059485,-2.137916,-0.308595,-2.053011,-2.166552,0.030632,0.012547,0.046763,0.016089
18.792000,SAMPLE,1,-0.347502,-2.106295,-2.133649,-0.349146,-2.076461,-2.119560,-0.318795,-2.069027,-2.147636,0.029880,0.014089,0.047043,0.013987
18.878000,SAMPLE,1,-0.355265,-2.118707,-2.125638,-0.357431,-2.090148,-2.110942,-0.330395,-2.085223,-2.132358,0.028641,0.014697,0.041710,0.006720
18.964000,SAMPLE,1,-0.364458,-2.133794,-2.109015,-0.367571,-2.107387,-2.092489,-0.339865,-2.101914,-2.119813,0.026590,0.016526,0.040264,0.010798
19.051000,SAMPLE,1,-0.373010,-2.148440,-2.089120,-0.375133,-2.120814,-2.074805,-0.350414,-2.117417,-2.098864,0.027707,0.014315,0.038380,0.009744
19.140000,SAMPLE,1,-0.381420,-2.163552,-2.067054,-0.383981,-2.137294,-2.051550,-0.360646,-2.132779,-2.076414,0.026383,0.015505,0.037129,0.009360
19.240000,SAMPLE,1,-0.389017,-2.177927,-2.046792,-0.392878,-2.154865,-2.026945,-0.369459,-2.151242,-2.052560,0.023384,0.019847,0.033085,0.005768
19.333000,SAMPLE,1,-0.396812,-2.193495,-2.023410,-0.399363,-2.168413,-2.007610,-0.378217,-2.167607,-2.028185,0.025211,0.015800,0.031874,0.004775
19.421000,SAMPLE,1,-0.403867,-2.208443,-2.000556,-0.406943,-2.185202,-1.982805,-0.378217,-2.167607,-2.028185,0.023444,0.017751,0.048224,0.027630
19.516000,SAMPLE,1,-0.411462,-2.225542,-1.977664,-0.413154,-2.199798,-1.964071,-0.385815,-2.183333,-2.004010,0.025800,0.013593,0.049391,0.026347
19.609000,SAMPLE,1,-0.418171,-2.241564,-1.956664,-0.420160,-2.217221,-1.941966,-0.393322,-2.199802,-1.979688,0.024424,0.014698,0.048596,0.023024
19.698000,SAMPLE,1,-0.424304,-2.257117,-1.936122,-0.425285,-2.230745,-1.924281,-0.400695,-2.217615,-1.957810,0.026390,0.011840,0.046020,0.021689
19.793000,SAMPLE,1,-0.429778,-2.271815,-1.918217,-0.431942,-2.249415,-1.902176,-0.407202,-2.235137,-1.935197,0.022505,0.016041,0.043069,0.016979
19.888000,SAMPLE,1,-0.435719,-2.288782,-1.896554,-0.437847,-2.267208,-1.880071,-0.413255,-2.252903,-1.913022,0.021680,0.016484,0.042332,0.016467
19.988000,SAMPLE,1,-0.441320,-2.305934,-1.876785,-0.443252,-2.284729,-1.860466,-0.418744,-2.268838,-1.891028,0.021292,0.016319,0.043425,0.014243
20.076000,SAMPLE,1,-0.446526,-2.323080,-1.852731,-0.447646,-2.300015,-1.839913,-0.425106,-2.286422,-1.871330,0.023092,0.012818,0.042458,0.018599
20.165000,SAMPLE,1,-0.450958,-2.339147,-1.826584,-0.452370,-2.318135,-1.811492,-0.430688,-2.305198,-1.843928,0.021059,0.015092,0.039540,0.017344
20.253000,SAMPLE,1,-0.454435,-2.353047,-1.804999,-0.455898,-2.333266,-1.788755,-0.436461,-2.322529,-1.815535,0.019835,0.016244,0.035418,0.010536
20.333000,SAMPLE,1,-0.458053,-2.369109,-1.778210,-0.459169,-2.348928,-1.763576,-0.436461,-2.322529,-1.815535,0.020212,0.014634,0.051341,0.037325
20.414000,SAMPLE,1,-0.461082,-2.384604,-1.748684,-0.461923,-2.364143,-1.735787,-0.439938,-2.342624,-1.785898,0.020479,0.012897,0.047004,0.037214
20.500000,SAMPLE,1,-0.463719,-2.400682,-1.718116,-0.464213,-2.379190,-1.707997,-0.443403,-2.360967,-1.751082,0.021497,0.010119,0.044609,0.032966
20.584000,SAMPLE,1,-0.465544,-2.414079,-1.694200,-0.466607,-2.399046,-1.674360,-0.446264,-2.378359,-1.716355,0.015071,0.019840,0.040591,0.022155
20.675000,SAMPLE,1,-0.467515,-2.431974,-1.666455,-0.468021,-2.414359,-1.651347,-0.449853,-2.398534,-1.683031,0.017622,0.015108,0.037817,0.016576
20.766000,SAMPLE,1,-0.468933,-2.449190,-1.639171,-0.469254,-2.432928,-1.622926,-0.451717,-2.417671,-1.654755,0.016265,0.016245,0.035914,0.015584
20.856000,SAMPLE,1,-0.469912,-2.467353,-1.608653,-0.469889,-2.448915,-1.597145,-0.453427,-2.433449,-1.626393,0.018438,0.011508,0.037699,0.017740
20.949000,SAMPLE,1,-0.470305,-2.485301,-1.576347,-0.470068,-2.468913,-1.562408,-0.454053,-2.452638,-1.591878,0.016390,0.013940,0.036483,0.015531
21.047000,SAMPLE,1,-0.470097,-2.503695,-1.542688,-0.469588,-2.487896,-1.528821,-0.453064,-2.471297,-1.557602,0.015807,0.013867,0.036603,0.014914
21.132000,SAMPLE,1,-0.469553,-2.517635,-1.520882,-0.468754,-2.503347,-1.505255,-0.452563,-2.489528,-1.527397,0.014311,0.015627,0.032844,0.006515
21.226000,SAMPLE,1,-0.468396,-2.535525,-1.491428,-0.467172,-2.522797,-1.474134,-0.452061,-2.508928,-1.496793,0.012786,0.017294,0.031213,0.005365
21.307000,SAMPLE,1,-0.466798,-2.552446,-1.461268,-0.465411,-2.538700,-1.446687,-0.452061,-2.508928,-1.496793,0.013816,0.014581,0.045945,0.035526
21.402000,SAMPLE,1,-0.464425,-2.570969,-1.425073,-0.462567,-2.558495,-1.409450,-0.450797,-2.526704,-1.463027,0.012611,0.015623,0.046315,0.037954
21.492000,SAMPLE,1,-0.462158,-2.585207,-1.400675,-0.459881,-2.573766,-1.384010,-0.448146,-2.546283,-1.425679,0.011666,0.016665,0.041369,0.025004
21.589000,SAMPLE,1,-0.458781,-2.603084,-1.366344,-0.455930,-2.592844,-1.348323,-0.444968,-2.565296,-1.393342,0.010630,0.018020,0.040233,0.026999
21.684000,SAMPLE,1,-0.454601,-2.621362,-1.323240,-0.451172,-2.611997,-1.304279,-0.440913,-2.583892,-1.356505,0.009973,0.018961,0.039891,0.033264
21.783000,SAMPLE,1,-0.449527,-2.639675,-1.279887,-0.445548,-2.630925,-1.262010,-0.436619,-2.601095,-1.310911,0.009612,0.017876,0.040682,0.031025
21.864000,SAMPLE,1,-0.444399,-2.655876,-1.249582,-0.440468,-2.646097,-1.234542,-0.431752,-2.620015,-1.270965,0.010539,0.015040,0.038025,0.021383
21.955000,SAMPLE,1,-0.439530,-2.669927,-1.223184,-0.434993,-2.661130,-1.207152,-0.426760,-2.637392,-1.238156,0.009898,0.016032,0.034952,0.014972
22.042000,SAMPLE,1,-0.433336,-2.686108,-1.186313,-0.427599,-2.679451,-1.166573,-0.418997,-2.656993,-1.199246,0.008788,0.019740,0.032454,0.012933
22.130000,SAMPLE,1,-0.426713,-2.701629,-1.148545,-0.421335,-2.693449,-1.133731,-0.418997,-2.656993,-1.199246,0.009789,0.014813,0.045297,0.050702
22.218000,SAMPLE,1,-0.419353,-2.717241,-1.111597,-0.414325,-2.707832,-1.100889,-0.411166,-2.672757,-1.158085,0.010668,0.010708,0.045231,0.046488
22.317000,SAMPLE,1,-0.410123,-2.735018,-1.073184,-0.404923,-2.725482,-1.063108,-0.402889,-2.689907,-1.117105,0.010862,0.010076,0.045688,0.043921
22.406000,SAMPLE,1,-0.402653,-2.748368,-1.048092,-0.394914,-2.742797,-1.030721,-0.394954,-2.707324,-1.079293,0.009536,0.017371,0.041760,0.031201
22.502000,SAMPLE,1,-0.393157,-2.764201,-1.011271,-0.384310,-2.759753,-0.991942,-0.385675,-2.725250,-1.046962,0.009902,0.019329,0.039663,0.035691
22.589000,SAMPLE,1,-0.384197,-2.777956,-0.974734,-0.375707,-2.772461,-0.959100,-0.375774,-2.741786,-1.007997,0.010113,0.015634,0.037137,0.033262
22.685000,SAMPLE,1,-0.373696,-2.792774,-0.932947,-0.364356,-2.787945,-0.916847,-0.366706,-2.758714,-0.967042,0.010514,0.016100,0.034770,0.034095
22.779000,SAMPLE,1,-0.362314,-2.807481,-0.892826,-0.354403,-2.800471,-0.882955,-0.355186,-2.770739,-0.924664,0.010570,0.009871,0.037427,0.031838
22.872000,SAMPLE,1,-0.352678,-2.819117,-0.865108,-0.341559,-2.815553,-0.847731,-0.343743,-2.785758,-0.885532,0.011677,0.017377,0.034535,0.020424
22.966000,SAMPLE,1,-0.341152,-2.832195,-0.831518,-0.329265,-2.829014,-0.814095,-0.331204,-2.800466,-0.850752,0.012305,0.017424,0.033252,0.019233
23.049000,SAMPLE,1,-0.330368,-2.843704,-0.804342,-0.318511,-2.840110,-0.788355,-0.320299,-2.810525,-0.818442,0.012390,0.015987,0.034674,0.014100
23.147000,SAMPLE,1,-0.317000,-2.857202,-0.775811,-0.304389,-2.853912,-0.759552,-0.306928,-2.827240,-0.787732,0.013033,0.016258,0.031610,0.011921
23.244000,SAMPLE,1,-0.303870,-2.869728,-0.747390,-0.290653,-2.866593,-0.731131,-0.293233,-2.840262,-0.759167,0.013584,0.016258,0.031327,0.011777
23.327000,SAMPLE,1,-0.291491,-2.880889,-0.720273,-0.279006,-2.876780,-0.706495,-0.293233,-2.840262,-0.759167,0.013143,0.013779,0.040664,0.038894
23.422000,SAMPLE,1,-0.279508,-2.891188,-0.700334,-0.263627,-2.889565,-0.681913,-0.279625,-2.850696,-0.729135,0.015963,0.018421,0.040492,0.028801
23.515000,SAMPLE,1,-0.265270,-2.902933,-0.678451,-0.251711,-2.899069,-0.664229,-0.250991,-2.877328,-0.680027,0.014098,0.014222,0.029317,0.001576
23.598000,SAMPLE,1,-0.252591,-2.912933,-0.656384,-0.239602,-2.908360,-0.644229,-0.250991,-2.877328,-0.680027,0.013771,0.012155,0.035641,0.023643
23.692000,SAMPLE,1,-0.237856,-2.923973,-0.629100,-0.223562,-2.920058,-0.615808,-0.236187,-2.890276,-0.653828,0.014820,0.013293,0.033739,0.024728
23.789000,SAMPLE,1,-0.225351,-2.932852,-0.605761,-0.208100,-2.930677,-0.588287,-0.221343,-2.900372,-0.625487,0.017387,0.017474,0.032726,0.019726
23.884000,SAMPLE,1,-0.210269,-2.943022,-0.580644,-0.191777,-2.941257,-0.562416,-0.206641,-2.911386,-0.599141,0.018575,0.018228,0.031843,0.018497
23.976000,SAMPLE,1,-0.194627,-2.953045,-0.559002,-0.178273,-2.949599,-0.544442,-0.190813,-2.922758,-0.573484,0.016713,0.014560,0.030526,0.014482
24.071000,SAMPLE,1,-0.179358,-2.962373,-0.537339,-0.162131,-2.959133,-0.522337,-0.173985,-2.932358,-0.551408,0.017529,0.015002,0.030491,0.014069
24.167000,SAMPLE,1,-0.163273,-2.971718,-0.515692,-0.145237,-2.968605,-0.500231,-0.158871,-2.940052,-0.529634,0.018303,0.015461,0.031971,0.013942
24.262000,SAMPLE,1,-0.147173,-2.980621,-0.494030,-0.128263,-2.977644,-0.478126,-0.141971,-2.949603,-0.507627,0.019143,0.015904,0.031451,0.013597
24.357000,SAMPLE,1,-0.134104,-2.987510,-0.475340,-0.115091,-2.984322,-0.459892,-0.125860,-2.958098,-0.485711,0.019279,0.015448,0.030545,0.010371
24.452000,SAMPLE,1,-0.117148,-2.995983,-0.453098,-0.097060,-2.992976,-0.436937,-0.108518,-2.966505,-0.461833,0.020312,0.016161,0.030715,0.008735
24.542000,SAMPLE,1,-0.101038,-3.003675,-0.437822,-0.079522,-3.000993,-0.420726,-0.091341,-2.976661,-0.443959,0.021683,0.017096,0.028702,0.006137
24.641000,SAMPLE,1,-0.084453,-3.011281,-0.421717,-0.062910,-3.008271,-0.404937,-0.074806,-2.983107,-0.427964,0.021752,0.016781,0.029780,0.006247
24.734000,SAMPLE,1,-0.068031,-3.018504,-0.407991,-0.048590,-3.014301,-0.392955,-0.074806,-2.983107,-0.427964,0.019890,0.015036,0.036039,0.019973
24.827000,SAMPLE,1,-0.053881,-3.024533,-0.397008,-0.030720,-3.021576,-0.379916,-0.039857,-2.998995,-0.398494,0.023349,0.017093,0.029135,0.001486
24.920000,SAMPLE,1,-0.037541,-3.031274,-0.383576,-0.017075,-3.026944,-0.368634,-0.039857,-2.998995,-0.398494,0.020920,0.014942,0.032362,0.014918
25.009000,SAMPLE,1,-0.020817,-3.037902,-0.371269,0.001464,-3.033957,-0.355045,-0.023058,-3.005830,-0.384968,0.022628,0.016225,0.032151,0.013699
25.102000,SAMPLE,1,-0.003691,-3.044443,-0.359472,0.019273,-3.040426,-0.343121,-0.005400,-3.012302,-0.371607,0.023312,0.016351,0.032186,0.012135
25.198000,SAMPLE,1,0.013081,-3.050656,-0.349122,0.033179,-3.045334,-0.334992,0.012082,-3.019466,-0.359483,0.020791,0.014130,0.031206,0.010361
25.293000,SAMPLE,1,0.030993,-3.057028,-0.333912,0.051966,-3.051717,-0.319650,0.029600,-3.026057,-0.348544,0.021635,0.014262,0.031003,0.014632
25.383000,SAMPLE,1,0.043989,-3.061468,-0.324548,0.069753,-3.057472,-0.306160,0.047557,-3.032044,-0.333100,0.026073,0.018388,0.029640,0.008552
25.478000,SAMPLE,1,0.060717,-3.066977,-0.312486,0.083667,-3.061790,-0.296687,0.064791,-3.039534,-0.319403,0.023529,0.015800,0.027743,0.006916
25.573000,SAMPLE,1,0.079219,-3.072860,-0.303202,0.102821,-3.067546,-0.287213,0.082328,-3.043616,-0.309671,0.024193,0.015989,0.029409,0.006469
25.672000,SAMPLE,1,0.098311,-3.078734,-0.293539,0.121846,-3.073069,-0.277739,0.101558,-3.049662,-0.300022,0.024207,0.015800,0.029252,0.006483
25.772000,SAMPLE,1,0.117399,-3.084403,-0.283876,0.140781,-3.078369,-0.268266,0.120396,-3.055941,-0.291087,0.024148,0.015611,0.028619,0.007211
25.864000,SAMPLE,1,0.135152,-3.089496,-0.274687,0.159399,-3.083394,-0.258792,0.139270,-3.061131,-0.281403,0.025003,0.015895,0.028663,0.006716
25.947000,SAMPLE,1,0.146762,-3.092729,-0.268340,0.173466,-3.087061,-0.251213,0.157404,-3.064999,-0.272731,0.027298,0.017127,0.029702,0.004391
26.038000,SAMPLE,1,0.164192,-3.097453,-0.261477,0.188424,-3.090852,-0.245834,0.175021,-3.070172,-0.264725,0.025115,0.015643,0.029352,0.003248
26.130000,SAMPLE,1,0.181551,-3.102018,-0.252572,0.207181,-3.095465,-0.236360,0.192705,-3.074863,-0.255553,0.026454,0.016212,0.029356,0.002981
26.218000,SAMPLE,1,0.197829,-3.106144,-0.243761,0.221419,-3.098838,-0.228781,0.192705,-3.074863,-0.255553,0.024695,0.014980,0.031697,0.011791
26.313000,SAMPLE,1,0.216169,-3.110620,-0.235677,0.240139,-3.103103,-0.220008,0.211074,-3.080730,-0.245506,0.025121,0.015670,0.030321,0.009828
26.405000,SAMPLE,1,0.231256,-3.114220,-0.233298,0.258945,-3.107272,-0.217181,0.229986,-3.085259,-0.236615,0.028547,0.016117,0.028989,0.003317
26.489000,SAMPLE,1,0.246839,-3.117913,-0.231941,0.273122,-3.110391,-0.215824,0.248249,-3.089696,-0.233785,0.027338,0.016117,0.028252,0.001844
26.577000,SAMPLE,1,0.264080,-3.121977,-0.230899,0.288135,-3.113675,-0.214545,0.265153,-3.093777,-0.232703,0.025447,0.016355,0.028220,0.001804
26.667000,SAMPLE,1,0.281596,-3.126115,-0.233418,0.307446,-3.117906,-0.217202,0.285284,-3.097868,-0.232155,0.027122,0.016215,0.028486,0.001263
26.766000,SAMPLE,1,0.300178,-3.130563,-0.236639,0.325705,-3.121965,-0.220360,0.304307,-3.102925,-0.234813,0.026937,0.016278,0.027946,0.001826
26.864000,SAMPLE,1,0.318946,-3.135105,-0.237429,0.344664,-3.126227,-0.221213,0.321266,-3.107492,-0.237383,0.027207,0.016216,0.027711,0.000047
26.952000,SAMPLE,1,0.333137,-3.138539,-0.237429,0.359678,-3.129603,-0.221213,0.341580,-3.110693,-0.238520,0.028005,0.016216,0.029098,0.001090
27.043000,SAMPLE,1,0.350008,-3.142622,-0.237429,0.377476,-3.133606,-0.221213,0.358065,-3.116149,-0.238376,0.028909,0.016216,0.027672,0.000947
27.124000,SAMPLE,1,0.365927,-3.146486,-0.239132,0.392591,-3.137015,-0.222981,0.377014,-3.120603,-0.239100,0.028296,0.016151,0.028158,0.000032
27.217000,SAMPLE,1,0.384328,-3.150988,-0.241214,0.407710,-3.140454,-0.224245,0.377014,-3.120603,-0.239100,0.025645,0.016970,0.031253,0.002114
27.308000,SAMPLE,1,0.399205,-3.154692,-0.247706,0.426558,-3.144818,-0.232018,0.396272,-3.125164,-0.241025,0.029081,0.015688,0.029673,0.006681
27.401000,SAMPLE,1,0.417205,-3.159309,-0.253275,0.445741,-3.149418,-0.237450,0.415042,-3.130361,-0.248874,0.030201,0.015825,0.029029,0.004401
27.483000,SAMPLE,1,0.433564,-3.163582,-0.258020,0.461038,-3.153159,-0.242026,0.434166,-3.134928,-0.254101,0.029384,0.015994,0.028660,0.003920
27.572000,SAMPLE,1,0.450350,-3.168056,-0.263337,0.475643,-3.156800,-0.246952,0.453072,-3.140753,-0.259302,0.027685,0.016384,0.027438,0.004035
27.650000,SAMPLE,1,0.462614,-3.171369,-0.263915,0.490564,-3.160570,-0.247879,0.471888,-3.145521,-0.264759,0.029963,0.016036,0.027462,0.000844
27.738000,SAMPLE,1,0.480232,-3.176157,-0.266789,0.506070,-3.164515,-0.250405,0.490829,-3.149640,-0.267095,0.028339,0.016384,0.028555,0.000306
27.824000,SAMPLE,1,0.497086,-3.180788,-0.269631,0.524806,-3.169339,-0.253563,0.509687,-3.154873,-0.270252,0.029991,0.016068,0.028816,0.000621
27.917000,SAMPLE,1,0.515464,-3.185874,-0.269100,0.540059,-3.173295,-0.253108,0.509687,-3.154873,-0.270252,0.027625,0.015993,0.031535,0.001152
28.006000,SAMPLE,1,0.533264,-3.190755,-0.266132,0.559195,-3.178213,-0.249950,0.528617,-3.160125,-0.270448,0.028805,0.016182,0.030980,0.004316
28.103000,SAMPLE,1,0.548270,-3.194825,-0.263511,0.577306,-3.182806,-0.246792,0.547514,-3.164533,-0.267323,0.031425,0.016719,0.030301,0.003812
28.196000,SAMPLE,1,0.566428,-3.199698,-0.261281,0.592377,-3.186583,-0.244866,0.565846,-3.170153,-0.264095,0.029075,0.016416,0.029551,0.002813
28.288000,SAMPLE,1,0.584278,-3.204507,-0.265595,0.611556,-3.191416,-0.249334,0.584726,-3.175256,-0.262697,0.030257,0.016261,0.029255,0.002898
28.371000,SAMPLE,1,0.599870,-3.208785,-0.270221,0.626064,-3.195143,-0.253760,0.603640,-3.181372,-0.266231,0.029534,0.016461,0.027672,0.003990
28.465000,SAMPLE,1,0.618259,-3.213898,-0.271894,0.644828,-3.200027,-0.255434,0.621574,-3.186300,-0.271019,0.029972,0.016460,0.027796,0.000875
28.559000,SAMPLE,1,0.633766,-3.218242,-0.274452,0.660192,-3.204059,-0.257960,0.640249,-3.191188,-0.274702,0.029991,0.016491,0.027820,0.000250
28.655000,SAMPLE,1,0.651703,-3.223322,-0.277578,0.678352,-3.208881,-0.261118,0.658849,-3.195924,-0.277545,0.030311,0.016460,0.028315,0.000033
28.735000,SAMPLE,1,0.666870,-3.227658,-0.278558,0.693156,-3.212850,-0.262129,0.676627,-3.200717,-0.279861,0.030170,0.016429,0.028654,0.001303
28.824000,SAMPLE,1,0.684685,-3.232742,-0.277577,0.712038,-3.217905,-0.261176,0.695151,-3.206210,-0.278609,0.031119,0.016400,0.028522,0.001033
28.919000,SAMPLE,1,0.702895,-3.237977,-0.283808,0.726909,-3.221908,-0.265789,0.695151,-3.206210,-0.278609,0.028895,0.018019,0.032697,0.005199
29.010000,SAMPLE,1,0.717181,-3.242203,-0.290930,0.744833,-3.226878,-0.274563,0.713791,-3.211990,-0.283105,0.031615,0.016367,0.030402,0.007825
29.101000,SAMPLE,1,0.734384,-3.247410,-0.297326,0.763782,-3.232285,-0.281387,0.731906,-3.217835,-0.292144,0.033060,0.015939,0.029679,0.005182
29.190000,SAMPLE,1,0.751122,-3.252572,-0.301525,0.778337,-3.236517,-0.285087,0.750807,-3.223764,-0.298677,0.031598,0.016439,0.028810,0.002848
29.288000,SAMPLE,1,0.770581,-3.258689,-0.307447,0.797220,-3.242112,-0.290745,0.769274,-3.229173,-0.303823,0.031376,0.016702,0.029545,0.003624
29.366000,SAMPLE,1,0.783456,-3.262818,-0.313492,0.812532,-3.246752,-0.297995,0.789389,-3.235377,-0.309758,0.033220,0.015497,0.028075,0.003734
29.465000,SAMPLE,1,0.802738,-3.269190,-0.325617,0.831385,-3.252665,-0.310018,0.808373,-3.241413,-0.319580,0.033071,0.015599,0.028342,0.006038
29.554000,SAMPLE,1,0.819784,-3.275044,-0.336447,0.845948,-3.257406,-0.319597,0.826924,-3.247235,-0.331699,0.031555,0.016850,0.028712,0.004748
29.643000,SAMPLE,1,0.837447,-3.281290,-0.343207,0.864911,-3.263762,-0.327021,0.846065,-3.253837,-0.340921,0.032581,0.016186,0.028774,0.002286
29.742000,SAMPLE,1,0.856207,-3.288070,-0.350522,0.883063,-3.269988,-0.334045,0.864377,-3.260084,-0.347677,0.032376,0.016478,0.029154,0.002845
29.839000,SAMPLE,1,0.874822,-3.294942,-0.354957,0.897945,-3.275199,-0.338366,0.882722,-3.266645,-0.354551,0.030405,0.016591,0.029379,0.000406
29.934000,SAMPLE,1,0.889711,-3.300472,-0.356441,0.916658,-3.281796,-0.339850,0.901680,-3.273715,-0.356616,0.032787,0.016591,0.029312,0.000175
30.019000,SAMPLE,1,0.905366,-3.306309,-0.357641,0.930858,-3.286823,-0.341050,0.901680,-3.273715,-0.356616,0.032087,0.016591,0.032802,0.001025
30.111000,SAMPLE,1,0.922875,-3.312841,-0.355616,0.948936,-3.293227,-0.339124,0.919451,-3.281775,-0.357251,0.032618,0.016493,0.031254,0.001635
30.211000,SAMPLE,1,0.941693,-3.319797,-0.352395,0.967619,-3.299784,-0.335966,0.935886,-3.287978,-0.355729,0.032752,0.016430,0.032344,0.003334
30.311000,SAMPLE,1,0.959505,-3.326315,-0.349174,0.985328,-3.305937,-0.332808,0.954720,-3.295488,-0.352388,0.032895,0.016367,0.031196,0.003214
30.407000,SAMPLE,1,0.974399,-3.331722,-0.346600,1.003604,-3.312221,-0.329650,0.973137,-3.300509,-0.349614,0.035117,0.016950,0.031239,0.003014
30.499000,SAMPLE,1,0.991242,-3.337779,-0.344137,1.018171,-3.317185,-0.327471,0.992117,-3.307751,-0.345815,0.033900,0.016666,0.030040,0.001678
30.583000,SAMPLE,1,1.006940,-3.343394,-0.341557,1.035877,-3.323184,-0.324337,1.010427,-3.313713,-0.344009,0.035296,0.017221,0.029885,0.002452
30.680000,SAMPLE,1,1.025737,-3.350020,-0.338099,1.054849,-3.329513,-0.321479,1.026867,-3.320638,-0.338904,0.035610,0.016621,0.029404,0.000805
30.771000,SAMPLE,1,1.043446,-3.356270,-0.340770,1.069854,-3.334527,-0.323755,1.044701,-3.326408,-0.338653,0.034208,0.017015,0.029889,0.002117
30.867000,SAMPLE,1,1.058162,-3.361510,-0.343391,1.087579,-3.340506,-0.326913,1.064232,-3.333245,-0.342145,0.036146,0.016479,0.028909,0.001246
30.967000,SAMPLE,1,1.076664,-3.368147,-0.344020,1.105977,-3.346758,-0.327039,1.082234,-3.339120,-0.344746,0.036287,0.016980,0.029557,0.000726
31.067000,SAMPLE,1,1.095162,-3.374755,-0.342336,1.124194,-3.352921,-0.325429,1.100700,-3.347072,-0.342560,0.036327,0.016907,0.028231,0.000224
31.150000,SAMPLE,1,1.110251,-3.380124,-0.341361,1.138311,-3.357673,-0.324576,1.118732,-3.352433,-0.341371,0.035936,0.016785,0.028961,0.000010
31.244000,SAMPLE,1,1.128568,-3.386648,-0.343572,1.157261,-3.364066,-0.326818,1.137740,-3.359293,-0.342208,0.036513,0.016754,0.028852,0.001364
31.325000,SAMPLE,1,1.141346,-3.391245,-0.347588,1.172174,-3.369157,-0.331195,1.156185,-3.365733,-0.347366,0.037924,0.016393,0.029515,0.000222
31.412000,SAMPLE,1,1.158058,-3.397342,-0.352763,1.186388,-3.374079,-0.335921,1.156185,-3.365733,-0.347366,0.036657,0.016842,0.031665,0.005397
31.507000,SAMPLE,1,1.175094,-3.403626,-0.353371,1.204651,-3.380466,-0.336629,1.171886,-3.370958,-0.352689,0.037550,0.016742,0.032825,0.000682
31.594000,SAMPLE,1,1.191558,-3.409707,-0.353913,1.219185,-3.385557,-0.336805,1.188963,-3.379389,-0.353737,0.036694,0.017108,0.030428,0.000176
31.688000,SAMPLE,1,1.208264,-3.415884,-0.353839,1.236390,-3.391590,-0.336913,1.209647,-3.386031,-0.354823,0.037166,0.016926,0.029885,0.000984
31.773000,SAMPLE,1,1.224381,-3.421854,-0.355924,1.250990,-3.396714,-0.338650,1.226592,-3.391743,-0.354380,0.036607,0.017275,0.030192,0.001545
31.873000,SAMPLE,1,1.240560,-3.427894,-0.359390,1.269843,-3.403389,-0.342658,1.245386,-3.398101,-0.357135,0.038184,0.016732,0.030182,0.002255
31.960000,SAMPLE,1,1.256923,-3.434094,-0.364739,1.284404,-3.408624,-0.347184,1.264531,-3.406480,-0.362250,0.037469,0.017555,0.028643,0.002489
32.043000,SAMPLE,1,1.272765,-3.440190,-0.368923,1.302824,-3.415354,-0.352192,1.282644,-3.412055,-0.368176,0.038991,0.016731,0.029819,0.000747
32.122000,SAMPLE,1,1.287936,-3.446076,-0.371007,1.317638,-3.420819,-0.354087,1.282644,-3.412055,-0.368176,0.038989,0.016921,0.034431,0.002831
32.221000,SAMPLE,1,1.305560,-3.452948,-0.372586,1.335138,-3.427304,-0.355666,1.301146,-3.418995,-0.371337,0.039147,0.016921,0.034238,0.001249
32.315000,SAMPLE,1,1.319120,-3.458263,-0.374338,1.348830,-3.432401,-0.357497,1.317696,-3.426413,-0.373129,0.039390,0.016841,0.031881,0.001209
32.410000,SAMPLE,1,1.337419,-3.465485,-0.377982,1.367554,-3.439430,-0.361455,1.335131,-3.435350,-0.375097,0.039837,0.016527,0.030221,0.002885
32.495000,SAMPLE,1,1.353968,-3.472129,-0.385953,1.382422,-3.445110,-0.368639,1.353250,-3.442731,-0.378641,0.039238,0.017314,0.029406,0.007312
32.589000,SAMPLE,1,1.370379,-3.478863,-0.391159,1.399758,-3.451879,-0.374113,1.374209,-3.448867,-0.387904,0.039891,0.017046,0.030240,0.003255
32.672000,SAMPLE,1,1.386308,-3.485443,-0.392917,1.414648,-3.457734,-0.375718,1.391615,-3.455406,-0.392325,0.039635,0.017199,0.030502,0.000592
32.760000,SAMPLE,1,1.402863,-3.492319,-0.394464,1.429048,-3.463427,-0.376855,1.409271,-3.464101,-0.394836,0.038993,0.017609,0.028937,0.000372
32.855000,SAMPLE,1,1.419687,-3.499342,-0.395215,1.446375,-3.470305,-0.378150,1.426723,-3.470790,-0.396102,0.039439,0.017065,0.029406,0.000887
32.937000,SAMPLE,1,1.432054,-3.504501,-0.395215,1.461245,-3.476212,-0.378150,1.443392,-3.478186,-0.396428,0.040649,0.017065,0.028654,0.001213
33.030000,SAMPLE,1,1.449656,-3.511831,-0.393741,1.479190,-3.483328,-0.376666,1.460323,-3.484415,-0.395113,0.041045,0.017075,0.029418,0.001372
33.114000,SAMPLE,1,1.464654,-3.518063,-0.393171,1.493002,-3.488791,-0.376318,1.460323,-3.484415,-0.395113,0.040748,0.016853,0.033925,0.001942
33.212000,SAMPLE,1,1.483289,-3.525761,-0.391332,1.511613,-3.496113,-0.374060,1.477676,-3.491625,-0.394811,0.041003,0.017271,0.034594,0.003479
33.305000,SAMPLE,1,1.500708,-3.532991,-0.395871,1.530039,-3.503389,-0.378639,1.495987,-3.500717,-0.391577,0.041673,0.017232,0.032617,0.004294
33.396000,SAMPLE,1,1.514135,-3.538612,-0.396097,1.543720,-3.508840,-0.379018,1.514712,-3.508107,-0.396183,0.041972,0.017079,0.030511,0.000086
33.487000,SAMPLE,1,1.531636,-3.545903,-0.394047,1.562311,-3.516213,-0.376910,1.531640,-3.514031,-0.396330,0.042690,0.017137,0.031872,0.002283
33.581000,SAMPLE,1,1.548887,-3.553085,-0.395207,1.580170,-3.523292,-0.378192,1.549284,-3.522475,-0.395304,0.043200,0.017015,0.030612,0.000097
33.671000,SAMPLE,1,1.564475,-3.559594,-0.395962,1.593639,-3.528646,-0.378518,1.567680,-3.529894,-0.396345,0.042524,0.017444,0.029872,0.000383
33.759000,SAMPLE,1,1.577868,-3.565206,-0.397195,1.607896,-3.534330,-0.379845,1.585942,-3.538679,-0.396705,0.043070,0.017351,0.027728,0.000490
33.842000,SAMPLE,1,1.593819,-3.571923,-0.399943,1.626224,-3.541680,-0.383002,1.604907,-3.546148,-0.399332,0.044325,0.016940,0.028059,0.000611
33.929000,SAMPLE,1,1.609407,-3.578539,-0.403503,1.640276,-3.547364,-0.386329,1.622287,-3.553512,-0.402752,0.043872,0.017174,0.028147,0.000751
34.011000,SAMPLE,1,1.625175,-3.585318,-0.407118,1.654809,-3.553316,-0.389845,1.622287,-3.553512,-0.402752,0.043615,0.017273,0.031937,0.004366
34.101000,SAMPLE,1,1.642264,-3.592701,-0.408334,1.673109,-3.560849,-0.391055,1.640412,-3.561156,-0.407495,0.044339,0.017279,0.031599,0.000840
34.190000,SAMPLE,1,1.655958,-3.598632,-0.410321,1.687567,-3.566819,-0.393381,1.658100,-3.568849,-0.408661,0.044847,0.016939,0.029860,0.001659
34.286000,SAMPLE,1,1.673667,-3.606398,-0.415123,1.705726,-3.574416,-0.398039,1.674371,-3.576773,-0.412427,0.045284,0.017084,0.029633,0.002696
34.376000,SAMPLE,1,1.691463,-3.614274,-0.418186,1.720467,-3.580637,-0.400566,1.693811,-3.584497,-0.415793,0.044415,0.017621,0.029869,0.002393
34.466000,SAMPLE,1,1.707445,-3.621403,-0.421060,1.738194,-3.588176,-0.403724,1.711202,-3.591803,-0.419355,0.045272,0.017336,0.029838,0.001705
34.555000,SAMPLE,1,1.720291,-3.627175,-0.423476,1.751826,-3.594020,-0.406250,1.728237,-3.599058,-0.422573,0.045757,0.017226,0.029218,0.000903
34.654000,SAMPLE,1,1.739131,-3.635705,-0.427528,1.770185,-3.601953,-0.410158,1.745088,-3.607515,-0.425743,0.045864,0.017370,0.028813,0.001785
34.746000,SAMPLE,1,1.756545,-3.643726,-0.436133,1.788491,-3.610009,-0.419224,1.764155,-3.615969,-0.433394,0.046448,0.016910,0.028782,0.002739
34.846000,SAMPLE,1,1.774838,-3.652360,-0.445986,1.806020,-3.617919,-0.428697,1.781457,-3.623845,-0.443065,0.046460,0.017289,0.029273,0.002921
34.943000,SAMPLE,1,1.792561,-3.660932,-0.454065,1.823923,-3.626201,-0.436821,1.798864,-3.632517,-0.452588,0.046795,0.017244,0.029106,0.001476
35.038000,SAMPLE,1,1.809947,-3.669456,-0.457449,1.838297,-3.632938,-0.439624,1.818069,-3.641181,-0.456993,0.046230,0.017825,0.029418,0.000456
35.133000,SAMPLE,1,1.824235,-3.676535,-0.463770,1.856048,-3.641347,-0.446881,1.835951,-3.650362,-0.461901,0.047436,0.016888,0.028675,0.001869
35.219000,SAMPLE,1,1.840424,-3.684740,-0.473849,1.870036,-3.648132,-0.455713,1.835951,-3.650362,-0.461901,0.047085,0.018136,0.034668,0.011948
35.310000,SAMPLE,1,1.857062,-3.693342,-0.480359,1.887962,-3.657003,-0.462887,1.853327,-3.659024,-0.473054,0.047701,0.017473,0.034521,0.007305
35.407000,SAMPLE,1,1.874037,-3.702260,-0.485927,1.905177,-3.665669,-0.468608,1.870546,-3.668597,-0.480359,0.048048,0.017320,0.033844,0.005569
35.506000,SAMPLE,1,1.891652,-3.711570,-0.485852,1.922765,-3.674579,-0.468558,1.887970,-3.677123,-0.485817,0.048336,0.017295,0.034643,0.000035
35.606000,SAMPLE,1,1.909112,-3.720772,-0.484273,1.939921,-3.683246,-0.466978,1.907328,-3.686199,-0.486906,0.048553,0.017295,0.034619,0.002633
35.699000,SAMPLE,1,1.922115,-3.727602,-0.482883,1.952952,-3.689807,-0.465588,1.924296,-3.695480,-0.485395,0.048779,0.017295,0.032196,0.002512
35.780000,SAMPLE,1,1.936035,-3.734918,-0.484667,1.965797,-3.696267,-0.466978,1.940891,-3.703904,-0.483736,0.048782,0.017689,0.031392,0.000930
35.878000,SAMPLE,1,1.954161,-3.744526,-0.490388,1.983634,-3.705314,-0.472636,1.956333,-3.712695,-0.486442,0.049053,0.017752,0.031905,0.003946
35.975000,SAMPLE,1,1.968116,-3.751999,-0.492977,2.000837,-3.714144,-0.475794,1.973906,-3.721751,-0.491684,0.050037,0.017183,0.030797,0.001293
36.073000,SAMPLE,1,1.986084,-3.761667,-0.493768,2.018283,-3.723146,-0.476452,1.991708,-3.731087,-0.494847,0.050206,0.017316,0.031093,0.001079
36.168000,SAMPLE,1,2.003270,-3.770978,-0.501081,2.036029,-3.732370,-0.484160,2.008120,-3.740096,-0.495859,0.050633,0.016921,0.031261,0.005222
36.257000,SAMPLE,1,2.019534,-3.779997,-0.510939,2.050155,-3.739884,-0.492770,2.025502,-3.749945,-0.506738,0.050466,0.018169,0.030639,0.004201
36.350000,SAMPLE,1,2.036380,-3.789538,-0.518934,2.067731,-3.749427,-0.501394,2.043093,-3.759702,-0.516326,0.050910,0.017540,0.030582,0.002608
36.438000,SAMPLE,1,2.052032,-3.798499,-0.520752,2.081754,-3.757132,-0.502962,2.060995,-3.769488,-0.520522,0.050937,0.017790,0.030364,0.000230
36.529000,SAMPLE,1,2.065872,-3.806460,-0.523278,2.099142,-3.766734,-0.506120,2.077634,-3.779978,-0.523372,0.051817,0.017158,0.028976,0.000093
36.620000,SAMPLE,1,2.080538,-3.814947,-0.525655,2.112299,-3.774047,-0.508331,2.093852,-3.789232,-0.526060,0.051784,0.017325,0.028958,0.000405
36.712000,SAMPLE,1,2.096631,-3.824265,-0.523339,2.129043,-3.783357,-0.505931,2.093852,-3.789232,-0.526060,0.052192,0.017408,0.035143,0.002721
36.806000,SAMPLE,1,2.113453,-3.833985,-0.524760,2.146531,-3.793060,-0.507352,2.110942,-3.798998,-0.523530,0.052621,0.017408,0.035077,0.001230
36.894000,SAMPLE,1,2.128969,-3.842981,-0.525853,2.160088,-3.800607,-0.508638,2.128589,-3.809133,-0.525059,0.052573,0.017214,0.033850,0.000793
36.992000,SAMPLE,1,2.146422,-3.853098,-0.524513,2.177562,-3.810337,-0.507475,2.144998,-3.818833,-0.526192,0.052898,0.017038,0.034295,0.001679
37.077000,SAMPLE,1,2.158639,-3.860131,-0.519327,2.191562,-3.818082,-0.502194,2.162082,-3.829009,-0.524964,0.053404,0.017133,0.031311,0.005638
37.163000,SAMPLE,1,2.173906,-3.868773,-0.510706,2.208712,-3.827395,-0.492720,2.178897,-3.838795,-0.516781,0.054070,0.017985,0.030390,0.006076
37.251000,SAMPLE,1,2.189486,-3.877416,-0.502084,2.222698,-3.834836,-0.485141,2.196194,-3.847849,-0.506713,0.054000,0.016943,0.030318,0.004629
37.337000,SAMPLE,1,2.204319,-3.885478,-0.493558,2.236133,-3.841854,-0.477562,2.213801,-3.857884,-0.497359,0.053992,0.015996,0.029177,0.003801
37.425000,SAMPLE,1,2.217345,-3.892410,-0.483620,2.253592,-3.850761,-0.464765,2.213801,-3.857884,-0.497359,0.055213,0.018855,0.034707,0.013739
37.521000,SAMPLE,1,2.233716,-3.900853,-0.468304,2.270822,-3.859233,-0.448975,2.230185,-3.866712,-0.485861,0.055759,0.019329,0.034323,0.017557
37.615000,SAMPLE,1,2.250190,-3.909026,-0.452138,2.284595,-3.865761,-0.435944,2.246635,-3.875727,-0.470320,0.055278,0.016194,0.033488,0.018182
37.704000,SAMPLE,1,2.266876,-3.916953,-0.435795,2.302803,-3.874036,-0.418354,2.262225,-3.883440,-0.454193,0.055971,0.017441,0.033835,0.018398
37.805000,SAMPLE,1,2.284406,-3.924949,-0.419690,2.320417,-3.881703,-0.402565,2.281872,-3.891683,-0.436578,0.056276,0.017125,0.033362,0.016887
37.900000,SAMPLE,1,2.297868,-3.930855,-0.406388,2.334041,-3.887402,-0.389483,2.299011,-3.899782,-0.420933,0.056538,0.016905,0.031094,0.014546
37.996000,SAMPLE,1,2.315688,-3.938330,-0.388907,2.352516,-3.894782,-0.371694,2.315873,-3.906771,-0.403113,0.057033,0.017213,0.031560,0.014206
38.090000,SAMPLE,1,2.332263,-3.944976,-0.372661,2.370027,-3.901449,-0.354904,2.333430,-3.914825,-0.386561,0.057625,0.017757,0.030174,0.013900
38.179000,SAMPLE,1,2.347927,-3.950950,-0.356541,2.383685,-3.906393,-0.340873,2.350127,-3.921280,-0.368989,0.057131,0.015669,0.029751,0.012448
38.264000,SAMPLE,1,2.364179,-3.956876,-0.342489,2.402387,-3.912863,-0.325083,2.366996,-3.927972,-0.353036,0.058284,0.017406,0.029040,0.010547
38.357000,SAMPLE,1,2.380283,-3.962487,-0.327805,2.416661,-3.917574,-0.312452,2.385142,-3.934561,-0.337089,0.057798,0.015353,0.028346,0.009284
38.443000,SAMPLE,1,2.392718,-3.966639,-0.316294,2.434276,-3.923108,-0.296662,2.402483,-3.940363,-0.321221,0.060183,0.019632,0.028032,0.004927
38.537000,SAMPLE,1,2.410768,-3.972396,-0.300979,2.449505,-3.927659,-0.284031,2.418867,-3.945668,-0.305749,0.059178,0.016949,0.027928,0.004769
38.632000,SAMPLE,1,2.428076,-3.977625,-0.285506,2.467582,-3.932782,-0.268241,2.418867,-3.945668,-0.305749,0.059763,0.017265,0.033257,0.020243
38.721000,SAMPLE,1,2.445020,-3.982446,-0.268730,2.486263,-3.937734,-0.250302,2.456432,-3.956781,-0.271904,0.060828,0.018428,0.028087,0.003174
38.817000,SAMPLE,1,2.463763,-3.987452,-0.252940,2.501666,-3.941570,-0.237670,2.456432,-3.956781,-0.271904,0.059513,0.015270,0.031534,0.018964
38.913000,SAMPLE,1,2.478643,-3.991197,-0.240465,2.519961,-3.945851,-0.222631,2.476238,-3.962262,-0.256134,0.061347,0.017835,0.029035,0.015669
39.005000,SAMPLE,1,2.495985,-3.995362,-0.231091,2.538791,-3.950011,-0.212710,2.494714,-3.966716,-0.241155,0.062363,0.018381,0.028674,0.010065
39.099000,SAMPLE,1,2.514247,-3.999572,-0.221807,2.553887,-3.953212,-0.205131,2.513639,-3.970857,-0.231040,0.060997,0.016677,0.028721,0.009233
39.192000,SAMPLE,1,2.531615,-4.003407,-0.212713,2.572300,-3.956953,-0.195657,2.529056,-3.975800,-0.221421,0.061752,0.017056,0.027726,0.008708
39.287000,SAMPLE,1,2.550240,-4.007310,-0.199229,2.591343,-3.960605,-0.182331,2.548131,-3.979510,-0.212095,0.062216,0.016898,0.027880,0.012866
39.386000,SAMPLE,1,2.568850,-4.010946,-0.187650,2.610288,-3.963971,-0.170457,2.568279,-3.983332,-0.197660,0.062640,0.017193,0.027620,0.010010
39.472000,SAMPLE,1,2.581685,-4.013342,-0.180937,2.625039,-3.966452,-0.162878,2.586909,-3.986840,-0.186988,0.063861,0.018059,0.027012,0.006051
39.570000,SAMPLE,1,2.601969,-4.016951,-0.171085,2.644789,-3.969601,-0.153404,2.605168,-3.990281,-0.177507,0.063840,0.017681,0.026860,0.006422
39.656000,SAMPLE,1,2.618722,-4.019774,-0.162559,2.659985,-3.971893,-0.145825,2.625699,-3.993613,-0.168126,0.063208,0.016733,0.027075,0.005568
39.748000,SAMPLE,1,2.635684,-4.022480,-0.154839,2.678140,-3.974472,-0.137402,2.643271,-3.996286,-0.158120,0.064088,0.017438,0.027271,0.003281
39.845000,SAMPLE,1,2.655327,-4.025530,-0.154018,2.697704,-3.977158,-0.136402,2.663424,-3.999082,-0.154095,0.064309,0.017616,0.027659,0.000077
39.937000,SAMPLE,1,2.669833,-4.027791,-0.155440,2.712626,-3.979215,-0.137823,2.663424,-3.999082,-0.154095,0.064737,0.017617,0.029415,0.001344
40.023000,SAMPLE,1,2.686381,-4.030394,-0.156868,2.730725,-3.981736,-0.139212,2.679271,-4.002321,-0.154555,0.065833,0.017655,0.028960,0.002313
40.110000,SAMPLE,1,2.704378,-4.033241,-0.156868,2.746466,-3.983941,-0.139212,2.698155,-4.004883,-0.156814,0.064821,0.017655,0.029032,0.000053
40.196000,SAMPLE,1,2.718145,-4.035418,-0.156868,2.761404,-3.986034,-0.139212,2.716030,-4.007844,-0.156492,0.065651,0.017655,0.027656,0.000376
40.287000,SAMPLE,1,2.734854,-4.038064,-0.156881,2.779543,-3.988576,-0.139212,2.734700,-4.010359,-0.156546,0.066679,0.017669,0.027705,0.000335
40.386000,SAMPLE,1,2.754983,-4.041248,-0.156881,2.799099,-3.991316,-0.139212,2.754865,-4.013672,-0.156014,0.066629,0.017669,0.027576,0.000867
40.486000,SAMPLE,1,2.773833,-4.044229,-0.156881,2.817613,-3.993910,-0.139212,2.773593,-4.016589,-0.155996,0.066698,0.017669,0.027642,0.000885
40.575000,SAMPLE,1,2.791611,-4.047029,-0.154807,2.832938,-3.996048,-0.137475,2.791623,-4.019469,-0.155927,0.065628,0.017331,0.027560,0.001120
40.670000,SAMPLE,1,2.807435,-4.049478,-0.152249,2.852545,-3.998729,-0.134317,2.810803,-4.023526,-0.153556,0.067899,0.017931,0.026169,0.001307
40.769000,SAMPLE,1,2.825980,-4.052293,-0.148996,2.870595,-4.001140,-0.131160,2.833317,-4.026425,-0.151834,0.067876,0.017837,0.026888,0.002838
40.868000,SAMPLE,1,2.845622,-4.055225,-0.147914,2.889820,-4.003660,-0.130244,2.850631,-4.029291,-0.150123,0.067914,0.017670,0.026413,0.002209
40.969000,SAMPLE,1,2.865238,-4.058147,-0.147914,2.908910,-4.006161,-0.130244,2.868522,-4.032067,-0.150000,0.067896,0.017670,0.026286,0.002086
41.058000,SAMPLE,1,2.882589,-4.060732,-0.147258,2.923532,-4.008076,-0.130054,2.887290,-4.034635,-0.149949,0.066701,0.017204,0.026517,0.002691
41.141000,SAMPLE,1,2.896198,-4.062736,-0.145079,2.943368,-4.010639,-0.126896,2.904687,-4.037598,-0.148649,0.070278,0.018183,0.026533,0.003570
41.231000,SAMPLE,1,2.914329,-4.065358,-0.142079,2.958625,-4.012566,-0.124370,2.904687,-4.037598,-0.148649,0.068914,0.017709,0.029387,0.006570
41.316000,SAMPLE,1,2.930814,-4.067695,-0.139250,2.973240,-4.014374,-0.121844,2.924712,-4.039826,-0.142758,0.068140,0.017407,0.028529,0.003507
41.409000,SAMPLE,1,2.949447,-4.070302,-0.139982,2.993093,-4.016795,-0.122133,2.942202,-4.042465,-0.141239,0.069051,0.017849,0.028765,0.001257
41.498000,SAMPLE,1,2.966427,-4.072719,-0.142792,3.008407,-4.018694,-0.124660,2.962444,-4.045178,-0.140857,0.068418,0.018133,0.027827,0.001935
41.585000,SAMPLE,1,2.983070,-4.075134,-0.144554,3.026922,-4.021042,-0.126817,2.979253,-4.047963,-0.142196,0.069634,0.017737,0.027438,0.002358
41.677000,SAMPLE,1,2.998611,-4.077400,-0.145602,3.042699,-4.023057,-0.127810,2.998988,-4.050840,-0.143287,0.069978,0.017792,0.026563,0.002315
41.772000,SAMPLE,1,3.016646,-4.080057,-0.147591,3.061491,-4.025484,-0.129862,3.022342,-4.054356,-0.144734,0.070634,0.017729,0.026325,0.002857
41.871000,SAMPLE,1,3.035886,-4.082952,-0.150889,3.079961,-4.027926,-0.133020,3.041691,-4.055855,-0.149229,0.070502,0.017869,0.027712,0.001660
41.962000,SAMPLE,1,3.054309,-4.085780,-0.153857,3.099520,-4.030575,-0.136178,3.060664,-4.059717,-0.151664,0.071356,0.017679,0.026827,0.002193
42.058000,SAMPLE,1,3.072840,-4.088687,-0.158343,3.114420,-4.032636,-0.139254,3.080542,-4.061955,-0.154935,0.069789,0.019089,0.027819,0.003408
42.144000,SAMPLE,1,3.085527,-4.090740,-0.162295,3.131894,-4.035143,-0.145512,3.080542,-4.061955,-0.154935,0.072394,0.016783,0.029213,0.007359
42.227000,SAMPLE,1,3.100275,-4.093197,-0.166540,3.145064,-4.037103,-0.148765,3.095209,-4.064706,-0.160534,0.071781,0.017775,0.028937,0.006006
42.320000,SAMPLE,1,3.115422,-4.095759,-0.168839,3.160677,-4.039462,-0.151065,3.112685,-4.068194,-0.166569,0.072232,0.017775,0.027701,0.002270
42.420000,SAMPLE,1,3.130696,-4.098375,-0.170373,3.172549,-4.041277,-0.152612,3.142513,-4.073066,-0.170694,0.070794,0.017761,0.027931,0.000320
42.508000,SAMPLE,1,3.141285,-4.100190,-0.168966,3.186481,-4.043412,-0.151191,3.142513,-4.073066,-0.170694,0.072570,0.017775,0.027152,0.001728
42.597000,SAMPLE,1,3.153394,-4.102256,-0.169501,3.197179,-4.045042,-0.151570,3.157061,-4.075320,-0.169305,0.072045,0.017931,0.027185,0.000197
42.691000,SAMPLE,1,3.165824,-4.104417,-0.175028,3.209661,-4.046981,-0.157128,3.170126,-4.078028,-0.170309,0.072253,0.017900,0.026737,0.004718
42.779000,SAMPLE,1,3.176266,-4.106280,-0.179038,3.219068,-4.048484,-0.160204,3.183798,-4.079718,-0.175457,0.071919,0.018834,0.027609,0.003581
42.877000,SAMPLE,1,3.187781,-4.108394,-0.182670,3.230368,-4.050345,-0.164883,3.195395,-4.081589,-0.181589,0.071995,0.017787,0.027865,0.001081
42.961000,SAMPLE,1,3.195480,-4.109824,-0.184720,3.240750,-4.052083,-0.166933,3.205960,-4.083685,-0.183545,0.073372,0.017787,0.028162,0.001175
43.046000,SAMPLE,1,3.204112,-4.111437,-0.185244,3.248826,-4.053444,-0.167628,3.216429,-4.085900,-0.185341,0.073229,0.017616,0.028352,0.000097
43.136000,SAMPLE,1,3.212907,-4.113110,-0.192381,3.256295,-4.054726,-0.173554,3.226328,-4.087147,-0.190113,0.072740,0.018826,0.029226,0.002267
43.230000,SAMPLE,1,3.221786,-4.114884,-0.200634,3.265452,-4.056383,-0.182712,3.235629,-4.089390,-0.200654,0.073001,0.017921,0.029010,0.000021
43.326000,SAMPLE,1,3.230277,-4.116639,-0.208923,3.273728,-4.057937,-0.190470,3.235629,-4.089390,-0.200654,0.073033,0.018453,0.027769,0.008269
43.420000,SAMPLE,1,3.237081,-4.118111,-0.215931,3.281989,-4.059573,-0.198578,3.243539,-4.091615,-0.207037,0.073779,0.017353,0.027271,0.008894
43.514000,SAMPLE,1,3.243328,-4.119483,-0.215144,3.286921,-4.060566,-0.197504,3.252008,-4.093405,-0.217156,0.073291,0.017640,0.027485,0.002012
43.609000,SAMPLE,1,3.246573,-4.120177,-0.204657,3.290563,-4.061280,-0.186373,3.258218,-4.094655,-0.216746,0.073512,0.018284,0.028053,0.012089
43.704000,SAMPLE,1,3.246854,-4.120236,-0.192826,3.291034,-4.061367,-0.174525,3.261276,-4.095520,-0.205556,0.073602,0.018301,0.028616,0.012730
43.801000,SAMPLE,1,3.246668,-4.120200,-0.183352,3.291034,-4.061367,-0.165052,3.261286,-4.094862,-0.193128,0.073686,0.018301,0.029252,0.009775
43.897000,SAMPLE,1,3.246483,-4.120167,-0.173973,3.291034,-4.061367,-0.157473,3.261351,-4.095077,-0.183611,0.073770,0.016501,0.029164,0.009637
43.987000,SAMPLE,1,3.246343,-4.120143,-0.166868,3.291034,-4.061367,-0.147999,3.261083,-4.095047,-0.173819,0.073836,0.018869,0.029104,0.006950
44.086000,SAMPLE,1,3.246151,-4.120111,-0.157110,3.291034,-4.061367,-0.138525,3.261332,-4.095813,-0.164960,0.073928,0.018585,0.028651,0.007850
44.185000,SAMPLE,1,3.245962,-4.120082,-0.147542,3.291034,-4.061367,-0.129052,3.261448,-4.095374,-0.155244,0.074020,0.018490,0.029160,0.007702
44.198000,P1,1,3.245930,-4.120077,-0.145931,3.291034,-4.061367,-0.129052,3.261448,-4.095374,-0.155244,0.074035,0.016880,0.029173,0.009313
44.280000,SAMPLE,2,3.246346,-4.120137,-0.140643,3.291753,-4.061457,-0.121978,3.261436,-4.095055,-0.145661,0.074197,0.018665,0.029272,0.005017
44.378000,SAMPLE,2,3.250829,-4.120740,-0.126633,3.295428,-4.061886,-0.110999,3.262118,-4.095182,-0.138826,0.073844,0.015634,0.027940,0.012193
44.474000,SAMPLE,2,3.260186,-4.121817,-0.102472,3.304807,-4.062818,-0.087675,3.268898,-4.096111,-0.121268,0.073972,0.014796,0.027142,0.018796
44.571000,SAMPLE,2,3.272208,-4.122878,-0.073400,3.319320,-4.063847,-0.054102,3.280346,-4.097652,-0.093906,0.075526,0.019298,0.026506,0.020506
44.661000,SAMPLE,2,3.288344,-4.123755,-0.035296,3.338095,-4.064462,-0.012428,3.297510,-4.098465,-0.055981,0.077401,0.022868,0.026900,0.020685
44.761000,SAMPLE,2,3.308218,-4.124082,0.000812,3.358094,-4.064351,0.021696,3.316412,-4.099008,-0.015763,0.077817,0.020884,0.026378,0.016575
44.845000,SAMPLE,2,3.325506,-4.123862,0.023671,3.373854,-4.063843,0.041754,3.335124,-4.099892,0.014095,0.077070,0.018082,0.025828,0.009577
44.927000,SAMPLE,2,3.338980,-4.123439,0.039145,3.389602,-4.063044,0.059438,3.335124,-4.099892,0.014095,0.078804,0.020293,0.023861,0.025050
45.016000,SAMPLE,2,3.356378,-4.122589,0.058169,3.405564,-4.061953,0.076522,3.355542,-4.099340,0.037095,0.078076,0.018353,0.023264,0.021074
45.107000,SAMPLE,2,3.374592,-4.121386,0.073945,3.424622,-4.060337,0.092785,3.374397,-4.098196,0.058424,0.078930,0.018840,0.023190,0.015521
45.191000,SAMPLE,2,3.390908,-4.120063,0.087524,3.440040,-4.058801,0.105417,3.392524,-4.096708,0.074479,0.078530,0.017893,0.023411,0.013046
45.283000,SAMPLE,2,3.409235,-4.118295,0.106916,3.459908,-4.056512,0.125956,3.411468,-4.094749,0.091035,0.079906,0.019040,0.023651,0.015881
45.379000,SAMPLE,2,3.425649,-4.116344,0.130416,3.475759,-4.054330,0.148088,3.431244,-4.093427,0.113382,0.079729,0.017672,0.023590,0.017034
45.474000,SAMPLE,2,3.443813,-4.113711,0.157251,3.494997,-4.051183,0.175759,3.450847,-4.090664,0.141649,0.080806,0.018508,0.024096,0.015602
45.562000,SAMPLE,2,3.461564,-4.110708,0.177109,3.514648,-4.047465,0.196985,3.469011,-4.087741,0.167548,0.082569,0.019876,0.024144,0.009562
45.648000,SAMPLE,2,3.478168,-4.107613,0.191556,3.529720,-4.044355,0.209906,3.487785,-4.084708,0.185791,0.081604,0.018350,0.024842,0.005765
45.741000,SAMPLE,2,3.495726,-4.104070,0.205587,3.548076,-4.040295,0.224246,3.505496,-4.080951,0.200854,0.082510,0.018659,0.025099,0.004733
45.829000,SAMPLE,2,3.510925,-4.100838,0.213374,3.563528,-4.036705,0.232101,3.524285,-4.076873,0.211740,0.082946,0.018727,0.027438,0.001634
45.910000,SAMPLE,2,3.525945,-4.097524,0.221142,3.578266,-4.033163,0.239680,3.524285,-4.076873,0.211740,0.082944,0.018538,0.020717,0.009402
46.004000,SAMPLE,2,3.544438,-4.093300,0.226158,3.597371,-4.028425,0.244580,3.543479,-4.072903,0.221184,0.083730,0.018422,0.020419,0.004974
46.096000,SAMPLE,2,3.563067,-4.089014,0.226158,3.612752,-4.024586,0.244580,3.562830,-4.067450,0.226126,0.081361,0.018422,0.021565,0.000032
46.190000,SAMPLE,2,3.577569,-4.085666,0.227601,3.630796,-4.020071,0.245833,3.581312,-4.063067,0.226428,0.084473,0.018231,0.022906,0.001173
46.276000,SAMPLE,2,3.595272,-4.081599,0.222358,3.646239,-4.016223,0.241309,3.598680,-4.058833,0.227659,0.082895,0.018951,0.023020,0.005302
46.373000,SAMPLE,2,3.613306,-4.077645,0.208225,3.664493,-4.011860,0.226901,3.618244,-4.055192,0.218246,0.083354,0.018676,0.022990,0.010021
46.469000,SAMPLE,2,3.632763,-4.073695,0.192278,3.683338,-4.007669,0.211112,3.637164,-4.052104,0.201070,0.083170,0.018834,0.022036,0.008792
46.560000,SAMPLE,2,3.651065,-4.070269,0.177594,3.702617,-4.003695,0.195322,3.657462,-4.047328,0.184948,0.084200,0.017728,0.023816,0.007354
46.645000,SAMPLE,2,3.664212,-4.067984,0.166225,3.716863,-4.000969,0.182690,3.675702,-4.043991,0.168958,0.085225,0.016465,0.026602,0.002732
46.745000,SAMPLE,2,3.683850,-4.064852,0.150059,3.736020,-3.997589,0.166901,3.694416,-4.040874,0.153192,0.085124,0.016842,0.026203,0.003134
46.840000,SAMPLE,2,3.703089,-4.062094,0.134409,3.751242,-3.995122,0.154269,3.714148,-4.037985,0.137280,0.082486,0.019860,0.026525,0.002871
46.927000,SAMPLE,2,3.719850,-4.059947,0.120041,3.769362,-3.992449,0.138480,3.714148,-4.037985,0.137280,0.083710,0.018439,0.022690,0.017239
47.019000,SAMPLE,2,3.738268,-4.057862,0.106299,3.784701,-3.990412,0.126248,3.731800,-4.035445,0.120083,0.081887,0.019950,0.023331,0.013784
47.106000,SAMPLE,2,3.755862,-4.056064,0.097342,3.803917,-3.988072,0.116262,3.750071,-4.033512,0.104576,0.083260,0.018919,0.023284,0.007233
47.204000,SAMPLE,2,3.771690,-4.054582,0.089290,3.822495,-3.985992,0.106788,3.769439,-4.030737,0.094811,0.085356,0.017498,0.023950,0.005521
47.298000,SAMPLE,2,3.791036,-4.052938,0.080100,3.838316,-3.984357,0.099209,3.788210,-4.029550,0.085350,0.083299,0.019109,0.023558,0.005250
47.392000,SAMPLE,2,3.809355,-4.051550,0.071006,3.857179,-3.982569,0.089735,3.807888,-4.028312,0.076854,0.083938,0.018730,0.023285,0.005848
47.488000,SAMPLE,2,3.827524,-4.050340,0.062688,3.875743,-3.980986,0.081212,3.827224,-4.026887,0.066829,0.084469,0.018524,0.023454,0.004141
47.573000,SAMPLE,2,3.845438,-4.049231,0.061658,3.891534,-3.979715,0.080181,3.846332,-4.025467,0.059427,0.083411,0.018524,0.023781,0.002231
47.667000,SAMPLE,2,3.860652,-4.048292,0.061658,3.910232,-3.978212,0.080181,3.865587,-4.024306,0.059276,0.085845,0.018524,0.024489,0.002382
47.755000,SAMPLE,2,3.876851,-4.047291,0.061658,3.924795,-3.977042,0.080181,3.884116,-4.022717,0.059047,0.085050,0.018524,0.025626,0.002610
47.845000,SAMPLE,2,3.895405,-4.046146,0.061658,3.944469,-3.975461,0.080181,3.903228,-4.021385,0.059318,0.086044,0.018524,0.025967,0.002340
47.945000,SAMPLE,2,3.914643,-4.044958,0.061658,3.963093,-3.973965,0.080181,3.923193,-4.020771,0.058820,0.085950,0.018524,0.025654,0.002837
48.031000,SAMPLE,2,3.931431,-4.043921,0.061658,3.977720,-3.972790,0.080181,3.941232,-4.019185,0.058842,0.084866,0.018524,0.026607,0.002816
48.130000,SAMPLE,2,3.948262,-4.042882,0.061658,3.997456,-3.971204,0.080181,3.941232,-4.019185,0.058842,0.086936,0.018524,0.024718,0.002816
48.220000,SAMPLE,2,3.965693,-4.041806,0.061658,4.012481,-3.969996,0.080181,3.959002,-4.017772,0.059112,0.085707,0.018524,0.024948,0.002545
48.303000,SAMPLE,2,3.982539,-4.040764,0.062408,4.031577,-3.968460,0.081181,3.978106,-4.016921,0.059140,0.087365,0.018774,0.024251,0.003267
48.396000,SAMPLE,2,4.001320,-4.039525,0.070339,4.047416,-3.967124,0.087821,3.997642,-4.015813,0.059667,0.085830,0.017482,0.023995,0.010673
48.493000,SAMPLE,2,4.019555,-4.038156,0.079718,4.066104,-3.965390,0.097295,4.015725,-4.014408,0.067603,0.086381,0.017576,0.024056,0.012115
48.582000,SAMPLE,2,4.037130,-4.036675,0.088339,4.085413,-3.963411,0.106768,4.035182,-4.012679,0.077785,0.087743,0.018429,0.024075,0.010555
48.669000,SAMPLE,2,4.051714,-4.035331,0.096050,4.101315,-3.961644,0.115297,4.054844,-4.010765,0.087248,0.088826,0.019247,0.024765,0.008802
48.765000,SAMPLE,2,4.071299,-4.033297,0.111550,4.120924,-3.959224,0.130705,4.075182,-4.009331,0.100102,0.089159,0.019155,0.024278,0.011448
48.862000,SAMPLE,2,4.090184,-4.031053,0.124692,4.140464,-3.956521,0.144145,4.095653,-4.007865,0.115480,0.089907,0.019452,0.023824,0.009212
48.950000,SAMPLE,2,4.107941,-4.028699,0.139061,4.156284,-3.954122,0.156776,4.116571,-4.004824,0.128848,0.088874,0.017716,0.025387,0.010213
49.046000,SAMPLE,2,4.127220,-4.025819,0.159184,4.175770,-3.950861,0.176368,4.134555,-4.001777,0.146368,0.089307,0.017184,0.025136,0.012817
49.134000,SAMPLE,2,4.141531,-4.023414,0.172898,4.191230,-3.947978,0.191234,4.134555,-4.001777,0.146368,0.090336,0.018336,0.022734,0.026530
49.227000,SAMPLE,2,4.160314,-4.019987,0.188214,4.210834,-3.944021,0.207024,4.172980,-3.995889,0.182866,0.091231,0.018810,0.027224,0.005348
49.319000,SAMPLE,2,4.177633,-4.016560,0.202898,4.225947,-3.940749,0.219655,4.172980,-3.995889,0.182866,0.089898,0.016757,0.021188,0.020032
49.410000,SAMPLE,2,4.194304,-4.013000,0.217613,4.244108,-3.936543,0.235445,4.192068,-3.991059,0.198515,0.091247,0.017831,0.022054,0.019098
49.505000,SAMPLE,2,4.212741,-4.008805,0.228922,4.263270,-3.931815,0.247255,4.210520,-3.988291,0.214225,0.092090,0.018334,0.020633,0.014697
49.597000,SAMPLE,2,4.230500,-4.004557,0.242506,4.278500,-3.927893,0.258034,4.230401,-3.983809,0.226149,0.090450,0.015528,0.020748,0.016358
49.688000,SAMPLE,2,4.245112,-4.000819,0.258377,4.297784,-3.922593,0.278195,4.250275,-3.978946,0.241075,0.094306,0.019817,0.022474,0.017302
49.775000,SAMPLE,2,4.262390,-3.996113,0.274190,4.313008,-3.918136,0.291818,4.267626,-3.975516,0.261054,0.092966,0.017628,0.021252,0.013136
49.875000,SAMPLE,2,4.281373,-3.990529,0.298382,4.331743,-3.912271,0.315305,4.285689,-3.970089,0.279801,0.093067,0.016923,0.020891,0.018582
49.961000,SAMPLE,2,4.298331,-3.985128,0.318498,4.350687,-3.905859,0.337410,4.304150,-3.964303,0.303064,0.094999,0.018912,0.021623,0.015434
50.052000,SAMPLE,2,4.312718,-3.980246,0.335591,4.365302,-3.900588,0.354395,4.323551,-3.958380,0.325103,0.095449,0.018804,0.024402,0.010487
50.147000,SAMPLE,2,4.330303,-3.973958,0.351812,4.384000,-3.893491,0.371729,4.341546,-3.951404,0.343140,0.096738,0.019917,0.025201,0.008671
50.237000,SAMPLE,2,4.347451,-3.967455,0.374825,4.398853,-3.887542,0.391297,4.341546,-3.951404,0.343140,0.095017,0.016473,0.017103,0.031684
50.327000,SAMPLE,2,4.363737,-3.960786,0.404335,4.417020,-3.879724,0.423145,4.359635,-3.943660,0.365055,0.097006,0.018810,0.017610,0.039280
50.427000,SAMPLE,2,4.380745,-3.953155,0.438566,4.434159,-3.871647,0.456731,4.376785,-3.935109,0.394574,0.097451,0.018165,0.018475,0.043992
50.524000,SAMPLE,2,4.396803,-3.945308,0.470471,4.450820,-3.863123,0.488818,4.393325,-3.930196,0.429250,0.098347,0.018347,0.015507,0.041221
50.620000,SAMPLE,2,4.411614,-3.937544,0.494730,4.468340,-3.853479,0.516318,4.426313,-3.912318,0.488644,0.101414,0.021588,0.029196,0.006086
50.708000,SAMPLE,2,4.426813,-3.929124,0.518609,4.482008,-3.845532,0.538055,4.426313,-3.912318,0.488644,0.100171,0.019446,0.016814,0.029965
50.803000,SAMPLE,2,4.442003,-3.920180,0.546493,4.498376,-3.835437,0.567826,4.441737,-3.903733,0.516289,0.101781,0.021333,0.016450,0.030204
50.891000,SAMPLE,2,4.457361,-3.910502,0.578764,4.511746,-3.826649,0.595353,4.461835,-3.893976,0.544990,0.099945,0.016589,0.017121,0.033774
50.984000,SAMPLE,2,4.472245,-3.900426,0.611109,4.527491,-3.815589,0.628839,4.476994,-3.884315,0.581166,0.101239,0.017731,0.016796,0.029943
51.079000,SAMPLE,2,4.484259,-3.891801,0.634606,4.539711,-3.806480,0.652279,4.490932,-3.871697,0.613528,0.101758,0.017673,0.021183,0.021078
51.162000,SAMPLE,2,4.497709,-3.881614,0.660982,4.555413,-3.794093,0.682450,4.490932,-3.871697,0.613528,0.104832,0.021468,0.012012,0.047454
51.246000,SAMPLE,2,4.511238,-3.870820,0.685577,4.567714,-3.783863,0.704387,4.508511,-3.863591,0.646093,0.103688,0.018810,0.007726,0.039484
51.345000,SAMPLE,2,4.526508,-3.858031,0.709656,4.582804,-3.770738,0.727997,4.522974,-3.852110,0.673402,0.103873,0.018342,0.006896,0.036254
51.437000,SAMPLE,2,4.540611,-3.845566,0.738516,4.594622,-3.759952,0.752026,4.553633,-3.825112,0.725609,0.101228,0.013510,0.024248,0.012907
51.525000,SAMPLE,2,4.550957,-3.835970,0.757161,4.608887,-3.746251,0.778347,4.553633,-3.825112,0.725609,0.106795,0.021186,0.011183,0.031552
51.613000,SAMPLE,2,4.563285,-3.824030,0.781674,4.619487,-3.735580,0.798884,4.569002,-3.813188,0.752215,0.104795,0.017210,0.012256,0.029459
51.706000,SAMPLE,2,4.575502,-3.811592,0.805803,4.632044,-3.722333,0.823681,4.579768,-3.799574,0.777880,0.105660,0.017879,0.012753,0.027922
51.789000,SAMPLE,2,4.586707,-3.799696,0.825898,4.642507,-3.710834,0.842066,4.592387,-3.786768,0.802496,0.104929,0.016168,0.014120,0.023402
51.881000,SAMPLE,2,4.596639,-3.788719,0.844326,4.655139,-3.696333,0.865521,4.604677,-3.772071,0.826028,0.109350,0.021195,0.018487,0.018299
51.977000,SAMPLE,2,4.608161,-3.775471,0.866440,4.664605,-3.685011,0.883755,4.617540,-3.758869,0.848900,0.106625,0.017315,0.019068,0.017539
52.072000,SAMPLE,2,4.620169,-3.760953,0.893858,4.676959,-3.669525,0.911689,4.628681,-3.744676,0.874498,0.107630,0.017831,0.018369,0.019361
52.161000,SAMPLE,2,4.630498,-3.747748,0.919808,4.687903,-3.654984,0.938910,4.641356,-3.730505,0.902909,0.109090,0.019102,0.020378,0.016899
52.251000,SAMPLE,2,4.640899,-3.733743,0.944855,4.696993,-3.642281,0.960747,4.651831,-3.716400,0.929646,0.107293,0.015893,0.020500,0.015209
52.342000,SAMPLE,2,4.649554,-3.721494,0.967023,4.708054,-3.625973,0.989168,4.651831,-3.716400,0.929646,0.112011,0.022145,0.005579,0.037377
52.436000,SAMPLE,2,4.659573,-3.706520,0.996212,4.716020,-3.613551,1.012405,4.664077,-3.701714,0.957235,0.108765,0.016193,0.006587,0.038976
52.521000,SAMPLE,2,4.668756,-3.691901,1.022956,4.726349,-3.596425,1.042626,4.673928,-3.686181,0.985083,0.111501,0.019670,0.007711,0.037873
52.620000,SAMPLE,2,4.678334,-3.675694,1.051660,4.733949,-3.583056,1.065363,4.684113,-3.670542,1.014430,0.108050,0.013703,0.007742,0.037230
52.720000,SAMPLE,2,4.685852,-3.662197,1.073534,4.742703,-3.566729,1.091284,4.701452,-3.639306,1.068959,0.111113,0.017750,0.027700,0.004575
52.811000,SAMPLE,2,4.694369,-3.645997,1.100533,4.751598,-3.549016,1.119705,4.701452,-3.639306,1.068959,0.112608,0.019172,0.009744,0.031574
52.902000,SAMPLE,2,4.702110,-3.630293,1.125298,4.759531,-3.532089,1.145626,4.710493,-3.621466,1.098025,0.113760,0.020328,0.012173,0.027273
52.992000,SAMPLE,2,4.709165,-3.615040,1.149611,4.765427,-3.518698,1.166013,4.719230,-3.605448,1.124674,0.111567,0.016402,0.013904,0.024937
53.079000,SAMPLE,2,4.715994,-3.599327,1.171366,4.771551,-3.503974,1.186284,4.726558,-3.588094,1.150720,0.110358,0.014918,0.015420,0.020646
53.175000,SAMPLE,2,4.721710,-3.585440,1.190174,4.778407,-3.486480,1.209139,4.732354,-3.571975,1.174410,0.114051,0.018966,0.017163,0.015764
53.274000,SAMPLE,2,4.728218,-3.568567,1.214506,4.784634,-3.469367,1.232995,4.741679,-3.554646,1.198697,0.114120,0.018488,0.019365,0.015809
53.367000,SAMPLE,2,4.734597,-3.550858,1.235948,4.791000,-3.450586,1.255100,4.748553,-3.537167,1.220889,0.115046,0.019152,0.019550,0.015059
53.460000,SAMPLE,2,4.740146,-3.534365,1.256948,4.795567,-3.436177,1.272784,4.753966,-3.519122,1.242952,0.112749,0.015836,0.020575,0.013996
53.558000,SAMPLE,2,4.745721,-3.516492,1.279922,4.800695,-3.418791,1.294889,4.758884,-3.502124,1.264952,0.112105,0.014967,0.019487,0.014970
53.657000,SAMPLE,2,4.750253,-3.500838,1.297801,4.805896,-3.399622,1.316345,4.765290,-3.484979,1.286015,0.115503,0.018544,0.021854,0.011786
53.753000,SAMPLE,2,4.755086,-3.483005,1.314540,4.810354,-3.381889,1.332621,4.766852,-3.467709,1.304531,0.115234,0.018081,0.019298,0.010008
53.850000,SAMPLE,2,4.759579,-3.465320,1.329683,4.814752,-3.363113,1.348410,4.771654,-3.449753,1.320441,0.116147,0.018728,0.019701,0.009242
53.942000,SAMPLE,2,4.763833,-3.447441,1.344998,4.818851,-3.344303,1.364200,4.771654,-3.449753,1.320441,0.116895,0.019202,0.008156,0.024557
54.030000,SAMPLE,2,4.767362,-3.431568,1.359366,4.821746,-3.330046,1.376831,4.781840,-3.411760,1.352869,0.115171,0.017466,0.024535,0.006497
54.123000,SAMPLE,2,4.770470,-3.416644,1.371983,4.825322,-3.311032,1.392621,4.785174,-3.393455,1.368690,0.119007,0.020638,0.027459,0.003293
54.189000,SAMPLE,2,4.773291,-3.402202,1.384140,4.827326,-3.299596,1.402095,4.785174,-3.393455,1.368690,0.115965,0.017954,0.014756,0.015450
54.290000,SAMPLE,2,4.776649,-3.383607,1.400403,4.830328,-3.281102,1.417884,4.788388,-3.375582,1.384296,0.115710,0.017481,0.014220,0.016107
54.379000,SAMPLE,2,4.779000,-3.369457,1.412232,4.832579,-3.265835,1.430516,4.791952,-3.356853,1.400477,0.116654,0.018284,0.018073,0.011755
54.463000,SAMPLE,2,4.781590,-3.352506,1.426442,4.835136,-3.246647,1.446305,4.796096,-3.337602,1.416285,0.118631,0.019864,0.020798,0.010157
54.557000,SAMPLE,2,4.783893,-3.335813,1.441284,4.836855,-3.232181,1.458937,4.798486,-3.318828,1.432428,0.116382,0.017653,0.022393,0.008856
54.657000,SAMPLE,2,4.786269,-3.316326,1.457547,4.838846,-3.213063,1.474726,4.799555,-3.301405,1.448334,0.115877,0.017180,0.019979,0.009213
54.742000,SAMPLE,2,4.788124,-3.299114,1.468470,4.840570,-3.193803,1.487116,4.802484,-3.281794,1.462910,0.117647,0.018646,0.022499,0.005560
54.835000,SAMPLE,2,4.789547,-3.284744,1.475941,4.841751,-3.179051,1.494695,4.802484,-3.281794,1.462910,0.117883,0.018753,0.013269,0.013031
54.936000,SAMPLE,2,4.791351,-3.264786,1.485604,4.843167,-3.159249,1.504168,4.803462,-3.263699,1.472803,0.117572,0.018564,0.012160,0.012801
55.029000,SAMPLE,2,4.792818,-3.246630,1.494888,4.844329,-3.140506,1.513642,4.808417,-3.225756,1.490834,0.117965,0.018754,0.026059,0.004055
55.121000,SAMPLE,2,4.794044,-3.229488,1.503888,4.845290,-3.122152,1.523116,4.808417,-3.225756,1.490834,0.118942,0.019228,0.014849,0.013055
55.221000,SAMPLE,2,4.795273,-3.209760,1.513457,4.846138,-3.102455,1.532589,4.810285,-3.208231,1.500664,0.118751,0.019133,0.015090,0.012793
55.309000,SAMPLE,2,4.796062,-3.195078,1.520941,4.846654,-3.087474,1.540168,4.811587,-3.188543,1.510163,0.118904,0.019228,0.016844,0.010778
55.397000,SAMPLE,2,4.796811,-3.179016,1.526321,4.847056,-3.072974,1.544929,4.811395,-3.169046,1.519613,0.117343,0.018608,0.017666,0.006708
55.493000,SAMPLE,2,4.797618,-3.160262,1.529321,4.847538,-3.053159,1.548087,4.812654,-3.150538,1.524938,0.118165,0.018766,0.017906,0.004383
55.584000,SAMPLE,2,4.798297,-3.143334,1.532258,4.847924,-3.034921,1.551245,4.812887,-3.131599,1.527957,0.119231,0.018987,0.018724,0.004301
55.679000,SAMPLE,2,4.799009,-3.124074,1.535415,4.848207,-3.019408,1.553771,4.814306,-3.113704,1.531152,0.115653,0.018356,0.018481,0.004264
55.767000,SAMPLE,2,4.799601,-3.106658,1.538289,4.848506,-3.000094,1.556929,4.815141,-3.093061,1.534180,0.117249,0.018640,0.020649,0.004110
55.851000,SAMPLE,2,4.800028,-3.093048,1.540658,4.848690,-2.985506,1.559455,4.815924,-3.074417,1.537359,0.118039,0.018798,0.024490,0.003298
55.941000,SAMPLE,2,4.800518,-3.075975,1.543468,4.848879,-2.966118,1.562613,4.816467,-3.055758,1.540427,0.120031,0.019145,0.025751,0.003041
56.025000,SAMPLE,2,4.800964,-3.058816,1.546278,4.848985,-2.950739,1.565139,4.817578,-3.036437,1.543482,0.118266,0.018861,0.027873,0.002796
56.114000,SAMPLE,2,4.801357,-3.041805,1.549152,4.849051,-2.935676,1.567666,4.817578,-3.036437,1.543482,0.116353,0.018514,0.017087,0.005670
56.209000,SAMPLE,2,4.801732,-3.023031,1.553365,4.849079,-2.916350,1.571774,4.817753,-3.017882,1.546535,0.116716,0.018409,0.016828,0.006830
56.300000,SAMPLE,2,4.801941,-3.007282,1.562835,4.848998,-2.900371,1.580953,4.816413,-2.997459,1.551410,0.116808,0.018118,0.017491,0.011424
56.388000,SAMPLE,2,4.801954,-2.990090,1.577519,4.848660,-2.881595,1.596742,4.816520,-2.978707,1.564087,0.118121,0.019223,0.018487,0.013432
56.480000,SAMPLE,2,4.801715,-2.971910,1.588941,4.848174,-2.866108,1.606468,4.817373,-2.961035,1.580178,0.115553,0.017528,0.019065,0.008763
56.566000,SAMPLE,2,4.801349,-2.955311,1.596133,4.847396,-2.846787,1.614842,4.816466,-2.941962,1.590332,0.117889,0.018709,0.020168,0.005801
56.655000,SAMPLE,2,4.800918,-2.938776,1.596219,4.846744,-2.832244,1.615176,4.816589,-2.922951,1.595980,0.115971,0.018957,0.022271,0.000239
56.752000,SAMPLE,2,4.800452,-2.919259,1.593061,4.845921,-2.812998,1.612018,4.816938,-2.904100,1.593647,0.115580,0.018957,0.022396,0.000586
56.836000,SAMPLE,2,4.800162,-2.905564,1.590819,4.845303,-2.797547,1.609492,4.815141,-2.884433,1.590568,0.117070,0.018673,0.025901,0.000251
56.931000,SAMPLE,2,4.799830,-2.887610,1.587724,4.844625,-2.779297,1.606334,4.815141,-2.884433,1.590568,0.117210,0.018610,0.015637,0.002844
57.031000,SAMPLE,2,4.799530,-2.868044,1.584503,4.843975,-2.760161,1.603176,4.816645,-2.865465,1.586016,0.116680,0.018673,0.017308,0.001513
57.119000,SAMPLE,2,4.799315,-2.850533,1.581567,4.843504,-2.745031,1.600650,4.814680,-2.846871,1.583399,0.114382,0.019083,0.015795,0.001833
57.208000,SAMPLE,2,4.799156,-2.833477,1.578662,4.842987,-2.726723,1.597492,4.814758,-2.828159,1.580289,0.115402,0.018830,0.016483,0.001627
57.297000,SAMPLE,2,4.799041,-2.818495,1.579543,4.842565,-2.710728,1.598116,4.815102,-2.809565,1.577304,0.116224,0.018573,0.018377,0.002239
57.389000,SAMPLE,2,4.798812,-2.800098,1.587702,4.841962,-2.691411,1.606642,4.815926,-2.790563,1.579144,0.116939,0.018940,0.019591,0.008559
57.479000,SAMPLE,2,4.798451,-2.783119,1.596418,4.841375,-2.676623,1.614221,4.814991,-2.771085,1.588248,0.114821,0.017803,0.020454,0.008170
57.571000,SAMPLE,2,4.797885,-2.764308,1.605418,4.840412,-2.656646,1.623695,4.815444,-2.751561,1.597535,0.115756,0.018277,0.021697,0.007883
57.664000,SAMPLE,2,4.797182,-2.746301,1.614513,4.839320,-2.637678,1.633168,4.812963,-2.733446,1.607123,0.116510,0.018656,0.020354,0.007390
57.757000,SAMPLE,2,4.796346,-2.728951,1.622293,4.838358,-2.623162,1.640197,4.812226,-2.715355,1.616719,0.113826,0.017905,0.020905,0.005574
57.843000,SAMPLE,2,4.795563,-2.714171,1.624924,4.836950,-2.603465,1.643816,4.812226,-2.715355,1.616719,0.118190,0.018891,0.016705,0.008205
57.941000,SAMPLE,2,4.794523,-2.695515,1.628082,4.835561,-2.584875,1.646974,4.811545,-2.675610,1.626637,0.118006,0.018891,0.026190,0.001445
58.036000,SAMPLE,2,4.793496,-2.678085,1.631935,4.834433,-2.570350,1.650100,4.810197,-2.658070,1.629739,0.115250,0.018165,0.026068,0.002196
58.118000,SAMPLE,2,4.792366,-2.660374,1.636177,4.833124,-2.554404,1.654326,4.810197,-2.658070,1.629739,0.113538,0.018149,0.017979,0.006438
58.212000,SAMPLE,2,4.791369,-2.645425,1.638703,4.831528,-2.535693,1.657484,4.809316,-2.637149,1.634472,0.116850,0.018781,0.019764,0.004231
58.307000,SAMPLE,2,4.790109,-2.627333,1.641861,4.829915,-2.517469,1.660642,4.806860,-2.618932,1.637405,0.116853,0.018781,0.018741,0.004456
58.395000,SAMPLE,2,4.788808,-2.609722,1.648872,4.828440,-2.501538,1.666868,4.805237,-2.601325,1.640363,0.115215,0.017996,0.018450,0.008509
58.494000,SAMPLE,2,4.787161,-2.590421,1.663099,4.826452,-2.482314,1.681010,4.804471,-2.581724,1.649946,0.115026,0.017912,0.019373,0.013153
58.579000,SAMPLE,2,4.785441,-2.572727,1.672029,4.824662,-2.466732,1.688984,4.803230,-2.562906,1.663667,0.113018,0.016956,0.020320,0.008361
58.665000,SAMPLE,2,4.783925,-2.558294,1.679039,4.822239,-2.447113,1.698458,4.801427,-2.543752,1.673560,0.117597,0.019419,0.022755,0.005479
58.765000,SAMPLE,2,4.781811,-2.539656,1.688608,4.819774,-2.428592,1.707931,4.799663,-2.524262,1.683044,0.117373,0.019324,0.023573,0.005564
58.855000,SAMPLE,2,4.779658,-2.522019,1.695491,4.817613,-2.413270,1.713510,4.799663,-2.524262,1.683044,0.115182,0.018020,0.020130,0.012447
58.954000,SAMPLE,2,4.777106,-2.502406,1.705059,4.814698,-2.393643,1.722984,4.795004,-2.485591,1.699227,0.115076,0.017925,0.024558,0.005832
59.046000,SAMPLE,2,4.774653,-2.484831,1.714154,4.811774,-2.375157,1.732458,4.791847,-2.466646,1.708810,0.115786,0.018304,0.025027,0.005344
59.140000,SAMPLE,2,4.771920,-2.466513,1.723303,4.808550,-2.355974,1.741931,4.791847,-2.466646,1.708810,0.116450,0.018629,0.019927,0.014493
59.240000,SAMPLE,2,4.769287,-2.449828,1.731454,4.805105,-2.336583,1.751405,4.786728,-2.429542,1.728000,0.118775,0.019951,0.026753,0.003453
59.340000,SAMPLE,2,4.766135,-2.430947,1.741212,4.801671,-2.318260,1.760879,4.782275,-2.411171,1.737823,0.118158,0.019667,0.025527,0.003388
59.434000,SAMPLE,2,4.762936,-2.412867,1.749515,4.798696,-2.303107,1.767808,4.779948,-2.391445,1.747471,0.115438,0.018293,0.027355,0.002045
59.522000,SAMPLE,2,4.759805,-2.395616,1.749736,4.795024,-2.284809,1.768221,4.779948,-2.391445,1.747471,0.116270,0.018485,0.020571,0.002266
59.614000,SAMPLE,2,4.757226,-2.381269,1.747220,4.792185,-2.270520,1.765695,4.775795,-2.374433,1.750364,0.116136,0.018474,0.019788,0.003143
59.702000,SAMPLE,2,4.753936,-2.362767,1.747572,4.788318,-2.250897,1.766303,4.773499,-2.356629,1.746835,0.117035,0.018731,0.020504,0.000737
59.797000,SAMPLE,2,4.750635,-2.344449,1.750635,4.785312,-2.235815,1.768829,4.766862,-2.336899,1.746246,0.114035,0.018194,0.017897,0.004389
59.883000,SAMPLE,2,4.747709,-2.328476,1.752756,4.781588,-2.217398,1.771229,4.765498,-2.318783,1.749965,0.116130,0.018473,0.020258,0.002790
59.974000,SAMPLE,2,4.744385,-2.310411,1.752756,4.778428,-2.201842,1.771229,4.761642,-2.299883,1.752307,0.113781,0.018473,0.020215,0.000449
60.069000,SAMPLE,2,4.741080,-2.292448,1.752756,4.774699,-2.183491,1.771229,4.758379,-2.280295,1.752318,0.114026,0.018473,0.021142,0.000438
60.168000,SAMPLE,2,4.738274,-2.277209,1.753193,4.771043,-2.165501,1.771924,4.755439,-2.262735,1.752416,0.116415,0.018731,0.022452,0.000776
60.254000,SAMPLE,2,4.735031,-2.259760,1.756052,4.767861,-2.149992,1.774450,4.756129,-2.243239,1.755753,0.114572,0.018398,0.026797,0.000298
60.334000,SAMPLE,2,4.732026,-2.243843,1.758799,4.764802,-2.135275,1.776976,4.751413,-2.225300,1.758540,0.113408,0.018177,0.026827,0.000259
60.433000,SAMPLE,2,4.728558,-2.225786,1.761957,4.761037,-2.117415,1.780134,4.751413,-2.225300,1.758540,0.113133,0.018177,0.022860,0.003417
60.526000,SAMPLE,2,4.725477,-2.209889,1.762315,4.756869,-2.097854,1.781092,4.746747,-2.204956,1.761568,0.116350,0.018777,0.021834,0.000747
60.615000,SAMPLE,2,4.722032,-2.192337,1.768238,4.753614,-2.082759,1.786374,4.742897,-2.187034,1.762627,0.114038,0.018136,0.021528,0.005611
60.707000,SAMPLE,2,4.718518,-2.175167,1.776302,4.749537,-2.064547,1.794797,4.737168,-2.168016,1.767860,0.114887,0.018495,0.019974,0.008442
60.799000,SAMPLE,2,4.714668,-2.156855,1.779631,4.745975,-2.049024,1.797639,4.734035,-2.150512,1.776136,0.112284,0.018008,0.020380,0.003496
60.897000,SAMPLE,2,4.710682,-2.138185,1.781968,4.741685,-2.030568,1.800418,4.732533,-2.130623,1.780355,0.111994,0.018450,0.023123,0.001614
60.994000,SAMPLE,2,4.707353,-2.122663,1.782605,4.737463,-2.012508,1.801068,4.726906,-2.113124,1.782371,0.114196,0.018463,0.021756,0.000234
61.086000,SAMPLE,2,4.703417,-2.104636,1.789984,4.732830,-1.993052,1.809066,4.721516,-2.092328,1.782977,0.115395,0.019082,0.021887,0.007007
61.180000,SAMPLE,2,4.699308,-2.086575,1.799173,4.729134,-1.978081,1.816645,4.717457,-2.073370,1.791863,0.112519,0.017471,0.022445,0.007311
61.277000,SAMPLE,2,4.695128,-2.068972,1.808483,4.724527,-1.960082,1.826118,4.714257,-2.057619,1.801791,0.112789,0.017635,0.022244,0.006692
61.362000,SAMPLE,2,4.691006,-2.052176,1.812765,4.719515,-1.941155,1.831192,4.709472,-2.039556,1.810822,0.114622,0.018427,0.022366,0.001942
61.455000,SAMPLE,2,4.686592,-2.034157,1.807535,4.715572,-1.926280,1.827279,4.709472,-2.039556,1.810822,0.111703,0.019744,0.023508,0.003287
61.554000,SAMPLE,2,4.682729,-2.017954,1.803407,4.710661,-1.907272,1.821855,4.699250,-2.003355,1.803595,0.114152,0.018449,0.022047,0.000188
61.642000,SAMPLE,2,4.678614,-2.000632,1.805328,4.705747,-1.888179,1.824145,4.695138,-1.981155,1.803555,0.115681,0.018817,0.025543,0.001773
61.733000,SAMPLE,2,4.674424,-1.983210,1.808359,4.701972,-1.873672,1.826671,4.690891,-1.962741,1.806583,0.112948,0.018312,0.026270,0.001776
61.821000,SAMPLE,2,4.670270,-1.966117,1.809274,4.697060,-1.854959,1.827650,4.690891,-1.962741,1.806583,0.114341,0.018376,0.020896,0.002691
61.914000,SAMPLE,2,4.665750,-1.947470,1.807821,4.693034,-1.839593,1.826197,4.686485,-1.944958,1.808934,0.111273,0.018376,0.020887,0.001113
62.004000,SAMPLE,2,4.662462,-1.933861,1.807821,4.688425,-1.821943,1.826197,4.681446,-1.923547,1.807052,0.114890,0.018376,0.021605,0.000769
62.095000,SAMPLE,2,4.658300,-1.916682,1.809681,4.684484,-1.806893,1.828060,4.677513,-1.907827,1.807110,0.112868,0.018379,0.021155,0.002572
62.187000,SAMPLE,2,4.653692,-1.897970,1.816155,4.679344,-1.787565,1.834755,4.673988,-1.889221,1.810408,0.113346,0.018600,0.022102,0.005747
62.278000,SAMPLE,2,4.649364,-1.880992,1.824871,4.675270,-1.772713,1.842334,4.668581,-1.870010,1.818322,0.111335,0.017463,0.022134,0.006549
62.366000,SAMPLE,2,4.644777,-1.863554,1.829998,4.669935,-1.753821,1.848334,4.663740,-1.851592,1.827508,0.112580,0.018336,0.022420,0.002490
62.460000,SAMPLE,2,4.639920,-1.845346,1.833030,4.664512,-1.734898,1.851492,4.658664,-1.832404,1.831284,0.113152,0.018462,0.022777,0.001746
62.554000,SAMPLE,2,4.636075,-1.831056,1.834168,4.660354,-1.720508,1.852661,4.653962,-1.814492,1.834477,0.113182,0.018494,0.024378,0.000309
62.641000,SAMPLE,2,4.631411,-1.813825,1.834700,4.654959,-1.701928,1.852724,4.653962,-1.814492,1.834477,0.114348,0.018025,0.022561,0.000223
62.733000,SAMPLE,2,4.626571,-1.795887,1.835711,4.650510,-1.686559,1.853848,4.647668,-1.792542,1.834780,0.111918,0.018137,0.021360,0.000931
62.833000,SAMPLE,2,4.621150,-1.776104,1.840069,4.644874,-1.667369,1.858222,4.638773,-1.757604,1.839284,0.111292,0.018152,0.025550,0.000785
62.933000,SAMPLE,2,4.615703,-1.756596,1.847369,4.639152,-1.648205,1.864953,4.632870,-1.738722,1.845105,0.110898,0.017584,0.024783,0.002264
63.030000,SAMPLE,2,4.610264,-1.737669,1.852732,4.633285,-1.629086,1.870853,4.632870,-1.738722,1.845105,0.110997,0.018121,0.022630,0.007628
63.131000,SAMPLE,2,4.604723,-1.718651,1.855954,4.627500,-1.610491,1.874011,4.622724,-1.700756,1.855365,0.110532,0.018058,0.025382,0.000588
63.220000,SAMPLE,2,4.600330,-1.703696,1.856648,4.622710,-1.595225,1.874990,4.622724,-1.700756,1.855365,0.110757,0.018342,0.022587,0.001283
63.314000,SAMPLE,2,4.594805,-1.684975,1.860648,4.616702,-1.576148,1.878490,4.617656,-1.678545,1.855800,0.111007,0.017842,0.023739,0.004848
63.407000,SAMPLE,2,4.589519,-1.667537,1.869606,4.610621,-1.557328,1.888138,4.610007,-1.660396,1.859955,0.112211,0.018531,0.021697,0.009651
63.504000,SAMPLE,2,4.583746,-1.649103,1.878985,4.604375,-1.538616,1.897611,4.604277,-1.641507,1.869449,0.112396,0.018626,0.021891,0.009536
63.598000,SAMPLE,2,4.577912,-1.631058,1.888175,4.599216,-1.523582,1.905190,4.598444,-1.623703,1.878878,0.109567,0.017016,0.021810,0.009296
63.691000,SAMPLE,2,4.572132,-1.613642,1.893242,4.592879,-1.505559,1.911267,4.592985,-1.604616,1.888491,0.110056,0.018025,0.022722,0.004751
63.785000,SAMPLE,2,4.567001,-1.598414,1.899800,4.586142,-1.486727,1.919324,4.587855,-1.587147,1.892487,0.113316,0.019525,0.023703,0.007313
63.873000,SAMPLE,2,4.561161,-1.581658,1.912545,4.580592,-1.471721,1.930777,4.581282,-1.568411,1.902593,0.111640,0.018232,0.024090,0.009952
63.965000,SAMPLE,2,4.554937,-1.564421,1.922047,4.573708,-1.453707,1.940672,4.574722,-1.551273,1.916395,0.112294,0.018625,0.023755,0.005652
64.063000,SAMPLE,2,4.548130,-1.546107,1.930371,4.566488,-1.435338,1.948845,4.567227,-1.531905,1.925951,0.112279,0.018475,0.023799,0.004420
64.152000,SAMPLE,2,4.541682,-1.529044,1.933637,4.560630,-1.420653,1.951661,4.560300,-1.514674,1.931862,0.110035,0.018025,0.023519,0.001774
64.232000,SAMPLE,2,4.537144,-1.517126,1.935468,4.554931,-1.406471,1.953809,4.560300,-1.514674,1.931862,0.112076,0.018340,0.023286,0.003606
64.313000,SAMPLE,2,4.531013,-1.501069,1.936068,4.548951,-1.391631,1.954259,4.554219,-1.497572,1.935082,0.110899,0.018190,0.023468,0.000986
64.398000,SAMPLE,2,4.524943,-1.485340,1.943089,4.542925,-1.376809,1.960672,4.546949,-1.476456,1.935343,0.110010,0.017582,0.023731,0.007746
64.488000,SAMPLE,2,4.518039,-1.467891,1.952184,4.535317,-1.358540,1.970145,4.540020,-1.458185,1.943706,0.110707,0.017961,0.024029,0.008478
64.586000,SAMPLE,2,4.510790,-1.450053,1.960409,4.527778,-1.340906,1.978519,4.533264,-1.441611,1.954752,0.110461,0.018110,0.024007,0.005657
64.679000,SAMPLE,2,4.504789,-1.435496,1.963140,4.521411,-1.326227,1.981348,4.524119,-1.423981,1.962196,0.110526,0.018208,0.022500,0.000944
64.775000,SAMPLE,2,4.497400,-1.417717,1.965730,4.513662,-1.308499,1.984064,4.518154,-1.404601,1.964984,0.110422,0.018334,0.024550,0.000746
64.874000,SAMPLE,2,4.490169,-1.400406,1.967044,4.506195,-1.291498,1.985385,4.510162,-1.386199,1.966460,0.110081,0.018341,0.024527,0.000584
64.970000,SAMPLE,2,4.482618,-1.382376,1.969638,4.498135,-1.273194,1.987643,4.502712,-1.368604,1.967185,0.110278,0.018005,0.024361,0.002453
65.063000,SAMPLE,2,4.475070,-1.364672,1.977385,4.489959,-1.254942,1.995635,4.494951,-1.350229,1.973204,0.110736,0.018250,0.024574,0.004182
65.156000,SAMPLE,2,4.467743,-1.347811,1.983935,4.483524,-1.240824,2.001514,4.487093,-1.333538,1.980930,0.108145,0.017579,0.024044,0.003005
65.241000,SAMPLE,2,4.462120,-1.335007,1.984741,4.475151,-1.222661,2.002990,4.487093,-1.333538,1.980930,0.113100,0.018250,0.025016,0.003811
65.336000,SAMPLE,2,4.454268,-1.317163,1.986256,4.468696,-1.208690,2.004506,4.472300,-1.296203,1.985444,0.109428,0.018250,0.027649,0.000812
65.433000,SAMPLE,2,4.446486,-1.299486,1.984150,4.460466,-1.190890,2.002517,4.464733,-1.281141,1.984752,0.109492,0.018366,0.025875,0.000601
65.518000,SAMPLE,2,4.439268,-1.282968,1.981277,4.453820,-1.176417,1.999990,4.464733,-1.281141,1.984752,0.107541,0.018714,0.025530,0.003475
65.613000,SAMPLE,2,4.433120,-1.268792,1.978687,4.446032,-1.159329,1.996832,4.456605,-1.259939,1.981747,0.110222,0.018145,0.025099,0.003060
65.708000,SAMPLE,2,4.425739,-1.251684,1.978069,4.438063,-1.141745,1.996174,4.448975,-1.243105,1.978557,0.110627,0.018106,0.024770,0.000488
65.791000,SAMPLE,2,4.418615,-1.235132,1.977056,4.431471,-1.127166,1.995353,4.441642,-1.225346,1.977974,0.108728,0.018297,0.025021,0.000918
65.885000,SAMPLE,2,4.410969,-1.217359,1.977056,4.423328,-1.109153,1.995353,4.432218,-1.208307,1.977223,0.108910,0.018297,0.023096,0.000167
65.979000,SAMPLE,2,4.404738,-1.202849,1.975266,4.416854,-1.094809,1.993617,4.425352,-1.190194,1.977382,0.108717,0.018351,0.024189,0.002116
66.072000,SAMPLE,2,4.397248,-1.185236,1.969928,4.408771,-1.076723,1.988159,4.417683,-1.171158,1.974361,0.109123,0.018231,0.024815,0.004433
66.152000,SAMPLE,2,4.390976,-1.170309,1.967212,4.402690,-1.062965,1.985632,4.410377,-1.153227,1.969077,0.107982,0.018420,0.025850,0.001865
66.240000,SAMPLE,2,4.384317,-1.154292,1.961048,4.396526,-1.048887,1.980514,4.403784,-1.134601,1.964474,0.106110,0.019466,0.027689,0.003426
66.338000,SAMPLE,2,4.376942,-1.136120,1.951477,4.388894,-1.031086,1.971040,4.396154,-1.116725,1.955064,0.105712,0.019563,0.027300,0.003588
66.434000,SAMPLE,2,4.371246,-1.121728,1.943142,4.381733,-1.013931,1.960867,4.396154,-1.116725,1.955064,0.108307,0.017725,0.025406,0.011923
66.520000,SAMPLE,2,4.364693,-1.104612,1.929199,4.375757,-0.999146,1.948682,4.389825,-1.098590,1.945366,0.106045,0.019483,0.025843,0.016166
66.620000,SAMPLE,2,4.358079,-1.086527,1.913252,4.368942,-0.981579,1.932893,4.373591,-1.063676,1.914470,0.105509,0.019641,0.027618,0.001218
66.709000,SAMPLE,2,4.352361,-1.070120,1.898562,4.362592,-0.964399,1.917103,4.373591,-1.063676,1.914470,0.106214,0.018541,0.022186,0.015908
66.791000,SAMPLE,2,4.346972,-1.053919,1.885112,4.357295,-0.949425,1.904472,4.367729,-1.047114,1.898651,0.105003,0.019360,0.021844,0.013539
66.883000,SAMPLE,2,4.341575,-1.036899,1.870270,4.351307,-0.931704,1.888682,4.362595,-1.025139,1.883099,0.105644,0.018412,0.024086,0.012829
66.968000,SAMPLE,2,4.337649,-1.023937,1.858743,4.346797,-0.917696,1.876051,4.355943,-1.008686,1.867441,0.106634,0.017307,0.023817,0.008697
67.056000,SAMPLE,2,4.332584,-1.006377,1.844316,4.342128,-0.902547,1.863419,4.350716,-0.989838,1.851176,0.104268,0.019104,0.024542,0.006860
67.141000,SAMPLE,2,4.328207,-0.990363,1.830579,4.336872,-0.884596,1.847630,4.346381,-0.972022,1.835031,0.106122,0.017051,0.025820,0.004452
67.233000,SAMPLE,2,4.323697,-0.972862,1.815263,4.332986,-0.870577,1.834998,4.346381,-0.972022,1.835031,0.102706,0.019735,0.022700,0.019768
67.326000,SAMPLE,2,4.319886,-0.957171,1.802631,4.327971,-0.851445,1.819209,4.340277,-0.954290,1.819371,0.106035,0.016577,0.020594,0.016740
67.420000,SAMPLE,2,4.315684,-0.938741,1.787000,4.324357,-0.836811,1.806577,4.335493,-0.934791,1.803804,0.102299,0.019577,0.020198,0.016804
67.503000,SAMPLE,2,4.312361,-0.923116,1.773418,4.320212,-0.818927,1.790788,4.330999,-0.916578,1.787561,0.104484,0.017370,0.019752,0.014143
67.599000,SAMPLE,2,4.308435,-0.903213,1.757417,4.316832,-0.803353,1.778156,4.327989,-0.898255,1.771780,0.100212,0.020739,0.020173,0.014363
67.688000,SAMPLE,2,4.305446,-0.886772,1.743522,4.313118,-0.784988,1.762367,4.322971,-0.879032,1.756843,0.102073,0.018844,0.019158,0.013320
67.773000,SAMPLE,2,4.302735,-0.870576,1.729786,4.310413,-0.770544,1.749735,4.319637,-0.859805,1.741136,0.100326,0.019949,0.020042,0.011350
67.871000,SAMPLE,2,4.300135,-0.853652,1.716997,4.307039,-0.751024,1.734845,4.317810,-0.840377,1.724841,0.102860,0.017848,0.022105,0.007844
67.952000,SAMPLE,2,4.297874,-0.837833,1.708592,4.304643,-0.736174,1.726885,4.314635,-0.820527,1.712636,0.101885,0.018293,0.024092,0.004044
68.043000,SAMPLE,2,4.295597,-0.820875,1.699783,4.301873,-0.718005,1.717411,4.311606,-0.802041,1.703231,0.103061,0.017628,0.024718,0.003448
68.139000,SAMPLE,2,4.293122,-0.801070,1.690262,4.299609,-0.702261,1.709832,4.311606,-0.802041,1.703231,0.099021,0.019570,0.018509,0.012968
68.235000,SAMPLE,2,4.291017,-0.782811,1.680789,4.297156,-0.684111,1.700359,4.307338,-0.762461,1.684059,0.098891,0.019570,0.026086,0.003270
68.314000,SAMPLE,2,4.289576,-0.769371,1.674252,4.295232,-0.668884,1.692780,4.307338,-0.762461,1.684059,0.100645,0.018528,0.019059,0.009807
68.408000,SAMPLE,2,4.287800,-0.751526,1.665536,4.292975,-0.649733,1.683306,4.303215,-0.743041,1.673931,0.101925,0.017770,0.017597,0.008395
68.503000,SAMPLE,2,4.286159,-0.733396,1.656441,4.290967,-0.631178,1.673832,4.302115,-0.724180,1.664480,0.102331,0.017391,0.018427,0.008038
68.590000,SAMPLE,2,4.284711,-0.715629,1.647726,4.289433,-0.615760,1.666253,4.300381,-0.705068,1.655171,0.099981,0.018528,0.018896,0.007446
68.685000,SAMPLE,2,4.283321,-0.696439,1.638347,4.287687,-0.596586,1.656780,4.299356,-0.685347,1.645791,0.099949,0.018433,0.019498,0.007444
68.778000,SAMPLE,2,4.282202,-0.678711,1.629157,4.286493,-0.582099,1.649201,4.297141,-0.667690,1.636329,0.096708,0.020044,0.018565,0.007172
68.859000,SAMPLE,2,4.281426,-0.664608,1.622336,4.285359,-0.566899,1.641622,4.295797,-0.649639,1.626903,0.097788,0.019286,0.020751,0.004567
68.958000,SAMPLE,2,4.280530,-0.645559,1.613052,4.284079,-0.547583,1.632148,4.296044,-0.630098,1.617734,0.098040,0.019096,0.021903,0.004682
69.038000,SAMPLE,2,4.279928,-0.629872,1.604999,4.283232,-0.532892,1.624569,4.295425,-0.611010,1.608142,0.097036,0.019570,0.024412,0.003143
69.130000,SAMPLE,2,4.279368,-0.611062,1.597155,4.282290,-0.513694,1.615945,4.295425,-0.611010,1.608142,0.097411,0.018791,0.016058,0.010988
69.221000,SAMPLE,2,4.278983,-0.595608,1.594318,4.281457,-0.494438,1.612380,4.293427,-0.592655,1.598316,0.101200,0.018062,0.014743,0.003998
69.313000,SAMPLE,2,4.278607,-0.578552,1.591381,4.280871,-0.479903,1.609853,4.294166,-0.571896,1.594138,0.098675,0.018472,0.016924,0.002757
69.407000,SAMPLE,2,4.278256,-0.560181,1.588381,4.280148,-0.460611,1.606695,4.293625,-0.554188,1.590794,0.099588,0.018314,0.016497,0.002413
69.501000,SAMPLE,2,4.277949,-0.541079,1.585255,4.279489,-0.441433,1.603538,4.292724,-0.534478,1.588201,0.099658,0.018283,0.016182,0.002946
69.600000,SAMPLE,2,4.277705,-0.522122,1.582066,4.279025,-0.426682,1.601011,4.292528,-0.515076,1.585133,0.095449,0.018946,0.016412,0.003067
69.698000,SAMPLE,2,4.277511,-0.502133,1.578876,4.278455,-0.406785,1.597853,4.291301,-0.496822,1.581013,0.095353,0.018977,0.014777,0.002137
69.791000,SAMPLE,2,4.277409,-0.487262,1.576382,4.277977,-0.388034,1.594695,4.291811,-0.476769,1.577913,0.099230,0.018314,0.017819,0.001531
69.887000,SAMPLE,2,4.277335,-0.468419,1.573129,4.277569,-0.369764,1.591538,4.291835,-0.457517,1.575705,0.098655,0.018408,0.018141,0.002576
69.974000,SAMPLE,2,4.277318,-0.450995,1.570350,4.277260,-0.353925,1.589011,4.292607,-0.438469,1.572451,0.097070,0.018661,0.019765,0.002100
70.063000,SAMPLE,2,4.277349,-0.434390,1.567477,4.276957,-0.335696,1.585853,4.293215,-0.419579,1.568822,0.098694,0.018377,0.021705,0.001345
70.152000,SAMPLE,2,4.277434,-0.416470,1.564572,4.276743,-0.320182,1.583327,4.292232,-0.401796,1.565781,0.096290,0.018755,0.020839,0.001209
70.247000,SAMPLE,2,4.277553,-0.400545,1.562045,4.276526,-0.300415,1.580169,4.291948,-0.382354,1.562646,0.100136,0.018124,0.023197,0.000601
70.340000,SAMPLE,2,4.277741,-0.382273,1.558982,4.276404,-0.285352,1.577643,4.292578,-0.361865,1.559635,0.096930,0.018661,0.025232,0.000653
70.434000,SAMPLE,2,4.277998,-0.363119,1.555856,4.276304,-0.266194,1.574485,4.293742,-0.342166,1.556613,0.096939,0.018629,0.026209,0.000757
70.528000,SAMPLE,2,4.278305,-0.344387,1.552793,4.276263,-0.246889,1.571327,4.293742,-0.342166,1.556613,0.097519,0.018534,0.015595,0.003820
70.625000,SAMPLE,2,4.278606,-0.328842,1.550141,4.276283,-0.228216,1.568169,4.293134,-0.323214,1.553796,0.100653,0.018028,0.015580,0.003655
70.724000,SAMPLE,2,4.279067,-0.308150,1.546857,4.276365,-0.208479,1.565011,4.294243,-0.284919,1.547496,0.099708,0.018155,0.027748,0.000640
70.821000,SAMPLE,2,4.279542,-0.289514,1.543730,4.276503,-0.189816,1.561853,4.294243,-0.284919,1.547496,0.099744,0.018123,0.015402,0.003766
70.920000,SAMPLE,2,4.280074,-0.270975,1.540541,4.276651,-0.175312,1.559327,4.293016,-0.267753,1.543280,0.095724,0.018786,0.013337,0.002739
71.015000,SAMPLE,2,4.280704,-0.251174,1.537383,4.276910,-0.155450,1.556169,4.297079,-0.228699,1.537587,0.095799,0.018786,0.027808,0.000204
71.108000,SAMPLE,2,4.281332,-0.233187,1.534351,4.277214,-0.136684,1.553011,4.297079,-0.228699,1.537587,0.096590,0.018660,0.016374,0.003236
71.203000,SAMPLE,2,4.281889,-0.218432,1.531793,4.277570,-0.118309,1.549853,4.297258,-0.209524,1.534400,0.100216,0.018060,0.017764,0.002607
71.300000,SAMPLE,2,4.282729,-0.197772,1.528509,4.277924,-0.102376,1.547327,4.296543,-0.191907,1.530282,0.095517,0.018818,0.015008,0.001773
71.396000,SAMPLE,2,4.283502,-0.180088,1.526109,4.278382,-0.084066,1.544548,4.297172,-0.171088,1.527197,0.096158,0.018439,0.016366,0.001088
71.490000,SAMPLE,2,4.284336,-0.161444,1.526109,4.278888,-0.064788,1.544548,4.298933,-0.153736,1.525153,0.096810,0.018439,0.016507,0.000956
71.581000,SAMPLE,2,4.285159,-0.143042,1.526109,4.279393,-0.045563,1.544548,4.300287,-0.134413,1.525868,0.097649,0.018439,0.017415,0.000241
71.671000,SAMPLE,2,4.285784,-0.129065,1.526109,4.279774,-0.031032,1.544548,4.301322,-0.114448,1.525987,0.098218,0.018439,0.021333,0.000122
71.766000,SAMPLE,2,4.286620,-0.110391,1.526109,4.280282,-0.011691,1.544548,4.301720,-0.096313,1.526430,0.098903,0.018439,0.020644,0.000321
71.862000,SAMPLE,2,4.287446,-0.091904,1.526109,4.280786,0.007513,1.544548,4.301882,-0.076116,1.526375,0.099640,0.018439,0.021393,0.000266
71.954000,SAMPLE,2,4.288249,-0.073964,1.526109,4.281176,0.022371,1.544548,4.301616,-0.057435,1.525967,0.096595,0.018439,0.021257,0.000142
72.050000,SAMPLE,2,4.289114,-0.054626,1.526109,4.281696,0.042175,1.544548,4.302635,-0.037949,1.525749,0.097084,0.018439,0.021469,0.000360
72.149000,SAMPLE,2,4.289956,-0.035791,1.526109,4.282188,0.060895,1.544548,4.303367,-0.018715,1.524382,0.096997,0.018439,0.021712,0.001727
72.249000,SAMPLE,2,4.290799,-0.016958,1.526109,4.282669,0.079225,1.544548,4.304867,-0.002109,1.524386,0.096527,0.018439,0.020455,0.001723
72.349000,SAMPLE,2,4.291552,-0.000123,1.526109,4.283188,0.098997,1.544548,4.306588,0.018023,1.524866,0.099472,0.018439,0.023566,0.001243
72.434000,SAMPLE,2,4.292300,0.016609,1.526109,4.283583,0.114055,1.544548,4.307044,0.037121,1.524871,0.097835,0.018439,0.025261,0.001237
72.525000,SAMPLE,2,4.293126,0.035084,1.526109,4.284089,0.133312,1.544548,4.307044,0.037121,1.524871,0.098643,0.018439,0.014065,0.001237
72.615000,SAMPLE,2,4.293935,0.053171,1.526109,4.284494,0.148738,1.544548,4.307250,0.054736,1.525032,0.096032,0.018439,0.013406,0.001077
72.713000,SAMPLE,2,4.294746,0.071301,1.526109,4.284974,0.167006,1.544548,4.306843,0.074800,1.524970,0.096202,0.018439,0.012592,0.001139
72.800000,SAMPLE,2,4.295426,0.086495,1.526109,4.285377,0.182369,1.544548,4.308305,0.093449,1.525051,0.096398,0.018439,0.014637,0.001058
72.884000,SAMPLE,2,4.296156,0.102816,1.526109,4.285883,0.201646,1.544548,4.310415,0.112099,1.524871,0.099363,0.018439,0.017015,0.001237
72.969000,SAMPLE,2,4.296872,0.118843,1.526109,4.286265,0.216199,1.544548,4.311363,0.132013,1.524918,0.097932,0.018439,0.019581,0.001190
73.055000,SAMPLE,2,4.297521,0.133332,1.526109,4.286671,0.231646,1.544548,4.312628,0.150267,1.524947,0.098911,0.018440,0.022694,0.001161
73.154000,SAMPLE,2,4.298402,0.153029,1.526109,4.287178,0.250956,1.544548,4.313189,0.169666,1.525081,0.098568,0.018440,0.022259,0.001027
73.246000,SAMPLE,2,4.299176,0.170338,1.526109,4.287656,0.269170,1.544548,4.313284,0.188621,1.525176,0.099501,0.018440,0.023093,0.000932
73.343000,SAMPLE,2,4.300051,0.189897,1.526108,4.288168,0.288658,1.544548,4.314795,0.207449,1.525204,0.099474,0.018440,0.022923,0.000904
73.432000,SAMPLE,2,4.300834,0.207405,1.526108,4.288572,0.304053,1.544548,4.314795,0.207449,1.525204,0.097422,0.018440,0.013961,0.000904
73.530000,SAMPLE,2,4.301675,0.226260,1.526908,4.289060,0.322678,1.545148,4.316215,0.245028,1.524674,0.097240,0.018240,0.023741,0.002234
73.620000,SAMPLE,2,4.302309,0.241082,1.528903,4.289448,0.338579,1.547390,4.316215,0.245028,1.524674,0.098342,0.018488,0.014455,0.004228
73.710000,SAMPLE,2,4.303081,0.259487,1.528903,4.289888,0.357384,1.547390,4.318023,0.264518,1.528889,0.098782,0.018488,0.015766,0.000014
73.801000,SAMPLE,2,4.303798,0.276605,1.529355,4.290316,0.375716,1.548053,4.318915,0.283398,1.528829,0.100024,0.018699,0.016573,0.000526
73.887000,SAMPLE,2,4.304486,0.293719,1.531412,4.290656,0.391502,1.549948,4.317885,0.304334,1.528908,0.098755,0.018536,0.017094,0.002504
73.976000,SAMPLE,2,4.305172,0.311137,1.531412,4.290972,0.406656,1.549948,4.319038,0.323004,1.530969,0.096569,0.018536,0.018251,0.000444
74.074000,SAMPLE,2,4.305907,0.329847,1.532306,4.291359,0.425263,1.550453,4.322377,0.342449,1.531485,0.096519,0.018147,0.020739,0.000821
74.161000,SAMPLE,2,4.306445,0.344223,1.534080,4.291732,0.444944,1.552664,4.322211,0.360636,1.532457,0.101789,0.018584,0.022758,0.001623
74.248000,SAMPLE,2,4.307071,0.361265,1.534080,4.292003,0.459888,1.552664,4.322547,0.378828,1.533197,0.099768,0.018584,0.023408,0.000883
74.345000,SAMPLE,2,4.307721,0.378984,1.534626,4.292335,0.478285,1.553422,4.323365,0.396101,1.533215,0.100487,0.018796,0.023188,0.001411
74.437000,SAMPLE,2,4.308380,0.397925,1.537063,4.292591,0.494199,1.555695,4.323815,0.417263,1.536232,0.097560,0.018633,0.024744,0.000831
74.528000,SAMPLE,2,4.308967,0.415347,1.537063,4.292875,0.512997,1.555695,4.324436,0.436356,1.536596,0.098967,0.018633,0.026089,0.000467
74.622000,SAMPLE,2,4.309459,0.429896,1.537063,4.293154,0.531479,1.555695,4.324436,0.436356,1.536596,0.102884,0.018633,0.016311,0.000467
74.717000,SAMPLE,2,4.310128,0.449737,1.537063,4.293394,0.547372,1.555695,4.324743,0.452924,1.536914,0.099059,0.018633,0.014958,0.000149
74.809000,SAMPLE,2,4.310720,0.467254,1.537063,4.293670,0.565654,1.555695,4.324828,0.474891,1.536517,0.099866,0.018633,0.016043,0.000546
74.897000,SAMPLE,2,4.311301,0.484841,1.539061,4.293895,0.581105,1.557401,4.325089,0.492011,1.536615,0.097826,0.018340,0.015541,0.002446
74.990000,SAMPLE,2,4.311862,0.502861,1.539761,4.294136,0.600398,1.558443,4.324810,0.509381,1.538719,0.099135,0.018681,0.014497,0.001043
75.078000,SAMPLE,2,4.312374,0.519370,1.539761,4.294317,0.614997,1.558443,4.326258,0.529043,1.538311,0.097317,0.018681,0.016921,0.001450
75.167000,SAMPLE,2,4.312834,0.534172,1.539761,4.294555,0.634280,1.558443,4.326973,0.547705,1.538495,0.101763,0.018682,0.019572,0.001266
75.260000,SAMPLE,2,4.313428,0.553289,1.539761,4.294746,0.649721,1.558443,4.328084,0.567304,1.538546,0.098225,0.018682,0.020279,0.001215
75.350000,SAMPLE,2,4.313948,0.570061,1.539761,4.294972,0.668046,1.558443,4.329981,0.587813,1.539284,0.099806,0.018682,0.023920,0.000477
75.448000,SAMPLE,2,4.314539,0.589601,1.542012,4.295196,0.687392,1.560622,4.330470,0.605680,1.540277,0.099686,0.018610,0.022635,0.001735
75.527000,SAMPLE,2,4.314898,0.602290,1.542618,4.295343,0.702791,1.561348,4.330470,0.605680,1.540277,0.102386,0.018730,0.015937,0.002341
75.618000,SAMPLE,2,4.315410,0.620430,1.542618,4.295482,0.717454,1.561348,4.329168,0.624755,1.542663,0.099049,0.018730,0.014422,0.000045
75.711000,SAMPLE,2,4.315934,0.639023,1.542618,4.295671,0.737453,1.561348,4.331172,0.643919,1.542198,0.100494,0.018730,0.016005,0.000419
75.808000,SAMPLE,2,4.316477,0.658290,1.542618,4.295853,0.756736,1.561348,4.331232,0.663377,1.542066,0.100584,0.018730,0.015607,0.000551
75.902000,SAMPLE,2,4.316991,0.676588,1.543384,4.296028,0.775462,1.562201,4.332123,0.682586,1.541696,0.101072,0.018817,0.016278,0.001688
75.971000,SAMPLE,2,4.317315,0.688817,1.544937,4.296119,0.787335,1.563717,4.332105,0.701165,1.541384,0.100772,0.018779,0.019267,0.003553
76.063000,SAMPLE,2,4.317766,0.706243,1.544937,4.296253,0.806282,1.563717,4.332383,0.721205,1.543220,0.102326,0.018779,0.020917,0.001717
76.143000,SAMPLE,2,4.318177,0.722142,1.544937,4.296359,0.821271,1.563717,4.332906,0.739391,1.543237,0.101502,0.018780,0.022682,0.001700
76.229000,SAMPLE,2,4.318575,0.737537,1.544937,4.296472,0.837271,1.563717,4.332906,0.739391,1.543237,0.102154,0.018780,0.014450,0.001700
76.325000,SAMPLE,2,4.319050,0.755868,1.544937,4.296609,0.856502,1.563717,4.333602,0.759174,1.542911,0.103105,0.018780,0.014923,0.002026
76.411000,SAMPLE,2,4.319492,0.772957,1.544937,4.296713,0.871312,1.563717,4.334201,0.776882,1.542971,0.100958,0.018780,0.015224,0.001966
76.499000,SAMPLE,2,4.319953,0.790783,1.544937,4.296826,0.887269,1.563717,4.335199,0.795825,1.543060,0.099220,0.018780,0.016058,0.001877
76.588000,SAMPLE,2,4.320404,0.808208,1.544937,4.296961,0.906216,1.563717,4.335525,0.816129,1.543369,0.100773,0.018780,0.017070,0.001568
76.681000,SAMPLE,2,4.320854,0.825623,1.544937,4.297089,0.924395,1.563717,4.336038,0.835023,1.542997,0.101590,0.018780,0.017858,0.001940
76.764000,SAMPLE,2,4.321193,0.839013,1.546524,4.297187,0.940037,1.565706,4.336044,0.853171,1.543326,0.103837,0.019183,0.020519,0.003197
76.854000,SAMPLE,2,4.321613,0.856947,1.547540,4.297257,0.955415,1.566369,4.336615,0.872345,1.546462,0.101436,0.018829,0.021497,0.001079
76.950000,SAMPLE,2,4.322051,0.875762,1.547540,4.297339,0.974026,1.566369,4.337347,0.891089,1.546605,0.101323,0.018829,0.021653,0.000935
77.043000,SAMPLE,2,4.322466,0.894667,1.552090,4.297400,0.994026,1.571119,4.337768,0.912097,1.548269,0.102472,0.019029,0.023194,0.003821
77.134000,SAMPLE,2,4.322695,0.912253,1.563790,4.297320,1.009288,1.581419,4.338458,0.931566,1.559326,0.100298,0.017630,0.024929,0.004464
77.230000,SAMPLE,2,4.322722,0.926944,1.574475,4.297014,1.027559,1.593819,4.338162,0.949266,1.572153,0.103848,0.019344,0.027141,0.002322
77.331000,SAMPLE,2,4.322550,0.946988,1.584333,4.296463,1.047352,1.603456,4.338785,0.969491,1.582116,0.103699,0.019123,0.027748,0.002217
77.431000,SAMPLE,2,4.322199,0.966117,1.594091,4.295763,1.066086,1.612930,4.338298,0.988689,1.591599,0.103406,0.018839,0.027725,0.002492
77.513000,SAMPLE,2,4.321744,0.983106,1.600606,4.295068,1.081439,1.618509,4.338298,0.988689,1.591599,0.101886,0.017903,0.017470,0.009006
77.607000,SAMPLE,2,4.321100,1.001893,1.609700,4.294029,1.101232,1.627983,4.338205,1.007112,1.599038,0.102961,0.018282,0.017884,0.010663
77.702000,SAMPLE,2,4.320423,1.017687,1.617753,4.292873,1.119891,1.637456,4.338055,1.025664,1.608678,0.105852,0.019703,0.019353,0.009076
77.791000,SAMPLE,2,4.319554,1.034913,1.622759,4.291793,1.135454,1.641335,4.336767,1.044298,1.618117,0.104304,0.018576,0.019605,0.004643
77.885000,SAMPLE,2,4.318557,1.054436,1.619540,4.290452,1.154691,1.638119,4.335817,1.064331,1.621865,0.104120,0.018580,0.019895,0.002326
77.980000,SAMPLE,2,4.317760,1.072267,1.611851,4.289274,1.173370,1.630288,4.333725,1.082645,1.618282,0.105039,0.018437,0.019041,0.006431
78.074000,SAMPLE,2,4.317004,1.091520,1.608477,4.288346,1.189343,1.627485,4.333811,1.102237,1.610374,0.101934,0.019008,0.019933,0.001897
78.166000,SAMPLE,2,4.316445,1.106825,1.605951,4.287295,1.208388,1.624327,4.333225,1.122321,1.607372,0.105663,0.018377,0.022840,0.001421
78.256000,SAMPLE,2,4.315883,1.123482,1.603077,4.286532,1.222978,1.621801,4.332611,1.141014,1.604135,0.103735,0.018724,0.024231,0.001058
78.338000,SAMPLE,2,4.315344,1.140930,1.600298,4.285741,1.238864,1.619275,4.331484,1.160278,1.600878,0.102310,0.018976,0.025197,0.000580
78.437000,SAMPLE,2,4.314810,1.160051,1.597077,4.284859,1.257654,1.616117,4.331173,1.178544,1.597612,0.102095,0.019040,0.024693,0.000534
78.528000,SAMPLE,2,4.314375,1.177578,1.594077,4.284062,1.275868,1.612959,4.330541,1.197084,1.594527,0.102858,0.018882,0.025334,0.000449
78.621000,SAMPLE,2,4.314033,1.193076,1.591614,4.283263,1.295546,1.609801,4.330541,1.197084,1.594527,0.106991,0.018187,0.016987,0.002912
78.703000,SAMPLE,2,4.313700,1.210215,1.588741,4.282698,1.310494,1.607275,4.330217,1.217654,1.591107,0.104961,0.018534,0.018114,0.002366
78.797000,SAMPLE,2,4.313421,1.227143,1.585836,4.282186,1.325053,1.604748,4.330242,1.236669,1.587972,0.102771,0.018913,0.019331,0.002136
78.894000,SAMPLE,2,4.313156,1.246783,1.582709,4.281543,1.344895,1.601590,4.330472,1.254517,1.584928,0.103079,0.018881,0.018965,0.002219
78.978000,SAMPLE,2,4.312984,1.263080,1.579962,4.281098,1.359952,1.599064,4.329786,1.274083,1.581754,0.101984,0.019102,0.020084,0.001792
79.073000,SAMPLE,2,4.312867,1.277866,1.577404,4.280611,1.378198,1.595906,4.329453,1.292059,1.578031,0.105389,0.018502,0.021829,0.000627
79.163000,SAMPLE,2,4.312771,1.296568,1.574436,4.280147,1.397919,1.592748,4.329810,1.310478,1.573705,0.106472,0.018312,0.021996,0.000731
79.261000,SAMPLE,2,4.312731,1.315590,1.571246,4.279767,1.416578,1.589590,4.329873,1.329857,1.570537,0.106232,0.018344,0.022302,0.000709
79.357000,SAMPLE,2,4.312752,1.334387,1.568184,4.279494,1.432134,1.587064,4.331350,1.348767,1.567855,0.103250,0.018880,0.023510,0.000328
79.456000,SAMPLE,2,4.312835,1.354093,1.564963,4.279210,1.451468,1.583906,4.331896,1.369423,1.564814,0.103017,0.018944,0.024461,0.000149
79.555000,SAMPLE,2,4.312971,1.372515,1.561773,4.278999,1.469741,1.580748,4.331958,1.387185,1.561477,0.102990,0.018975,0.023994,0.000296
79.653000,SAMPLE,2,4.313181,1.392240,1.558584,4.278838,1.489003,1.577590,4.332554,1.405262,1.558249,0.102677,0.019006,0.023343,0.000335
79.753000,SAMPLE,2,4.313400,1.408493,1.555900,4.278738,1.508119,1.574433,4.332799,1.425618,1.555374,0.105484,0.018533,0.025876,0.000526
79.844000,SAMPLE,2,4.313685,1.425770,1.552435,4.278703,1.526434,1.570275,4.332917,1.444217,1.552340,0.106570,0.017840,0.026649,0.000095
79.931000,SAMPLE,2,4.314103,1.444019,1.542516,4.278778,1.542308,1.561290,4.333705,1.463455,1.543200,0.104445,0.018775,0.027605,0.000684
80.020000,SAMPLE,2,4.314704,1.461850,1.531187,4.278992,1.557433,1.551312,4.333705,1.463455,1.543200,0.102036,0.020125,0.019069,0.012013
80.110000,SAMPLE,2,4.315384,1.477806,1.526382,4.279440,1.576585,1.545009,4.334629,1.482462,1.531118,0.105115,0.018626,0.019800,0.004735
80.205000,SAMPLE,2,4.316270,1.497090,1.523319,4.279981,1.596367,1.541851,4.335408,1.501000,1.524884,0.105701,0.018532,0.019533,0.001565
80.294000,SAMPLE,2,4.317068,1.513432,1.520572,4.280434,1.611361,1.539325,4.336138,1.521384,1.521887,0.104557,0.018753,0.020662,0.001315
80.389000,SAMPLE,2,4.318056,1.532425,1.516427,4.281075,1.630655,1.535117,4.336791,1.540481,1.518973,0.104961,0.018690,0.020393,0.002546
80.479000,SAMPLE,2,4.319149,1.551122,1.507877,4.281697,1.646548,1.527893,4.338209,1.560599,1.513848,0.102513,0.020016,0.021286,0.005971
80.562000,SAMPLE,2,4.320245,1.567461,1.499635,4.282586,1.665211,1.518419,4.339531,1.579831,1.504350,0.104753,0.018784,0.022912,0.004714
80.656000,SAMPLE,2,4.321386,1.582862,1.494374,4.283444,1.680724,1.513140,4.340030,1.597515,1.495411,0.104960,0.018766,0.023713,0.001037
80.742000,SAMPLE,2,4.322804,1.600577,1.487632,4.284632,1.700025,1.505567,4.341800,1.617465,1.488515,0.106522,0.017935,0.025417,0.000883
80.835000,SAMPLE,2,4.324395,1.618689,1.478537,4.285669,1.715031,1.497988,4.343348,1.637438,1.479890,0.103834,0.019451,0.026660,0.001353
80.912000,SAMPLE,2,4.325911,1.634380,1.470851,4.286840,1.730270,1.490409,4.343348,1.637438,1.479890,0.103544,0.019557,0.017704,0.009038
81.007000,SAMPLE,2,4.327945,1.653776,1.461567,4.288521,1.749977,1.480935,4.345614,1.656301,1.470397,0.103966,0.019368,0.017849,0.008830
81.102000,SAMPLE,2,4.329700,1.669243,1.453799,4.290286,1.768589,1.471462,4.347738,1.675930,1.460919,0.106878,0.017662,0.019237,0.007120
81.194000,SAMPLE,2,4.331873,1.687193,1.447372,4.291877,1.784128,1.466333,4.350256,1.694980,1.451194,0.104863,0.018961,0.019964,0.003822
81.281000,SAMPLE,2,4.334271,1.705981,1.440594,4.294010,1.803771,1.459059,4.352528,1.713447,1.444806,0.105753,0.018465,0.019725,0.004212
81.370000,SAMPLE,2,4.336462,1.722317,1.434095,4.295668,1.818192,1.453530,4.356061,1.733974,1.437316,0.104193,0.019435,0.022803,0.003221
81.468000,SAMPLE,2,4.338799,1.738931,1.429139,4.298003,1.837419,1.447819,4.357857,1.753465,1.430217,0.106603,0.018680,0.023967,0.001078
81.560000,SAMPLE,2,4.341397,1.756963,1.426171,4.299913,1.852721,1.445293,4.360588,1.771676,1.426424,0.104358,0.019122,0.024182,0.000253
81.656000,SAMPLE,2,4.344038,1.774907,1.423045,4.302234,1.870889,1.442135,4.363716,1.790376,1.423240,0.104691,0.019091,0.025030,0.000196
81.747000,SAMPLE,2,4.346809,1.793303,1.419200,4.304735,1.889968,1.438227,4.366542,1.810119,1.419910,0.105424,0.019027,0.025926,0.000710
81.838000,SAMPLE,2,4.349634,1.811472,1.414784,4.306816,1.905290,1.434251,4.369862,1.829232,1.414577,0.103128,0.019467,0.026919,0.000207
81.919000,SAMPLE,2,4.351575,1.823728,1.412237,4.308832,1.919825,1.431525,4.369862,1.829232,1.414577,0.105174,0.019288,0.019098,0.002340
82.012000,SAMPLE,2,4.354531,1.841864,1.406873,4.311559,1.938830,1.425817,4.372756,1.847789,1.411225,0.106062,0.018944,0.019164,0.004352
82.101000,SAMPLE,2,4.357576,1.859836,1.398633,4.314499,1.958368,1.416712,4.377285,1.868536,1.404857,0.107537,0.018078,0.021544,0.006224
82.193000,SAMPLE,2,4.360802,1.877903,1.389444,4.316860,1.973203,1.409133,4.378744,1.885426,1.396215,0.104942,0.019689,0.019456,0.006771
82.285000,SAMPLE,2,4.364153,1.895843,1.382917,4.320051,1.992328,1.402009,4.383660,1.904606,1.384458,0.106086,0.019092,0.021386,0.001541
82.381000,SAMPLE,2,4.367796,1.914657,1.375924,4.323344,2.011254,1.394935,4.390704,1.923427,1.377434,0.106334,0.019011,0.024529,0.001510
82.468000,SAMPLE,2,4.370422,1.927784,1.370944,4.325925,2.025549,1.389306,4.394260,1.942720,1.371493,0.107415,0.018363,0.028131,0.000550
82.561000,SAMPLE,2,4.374245,1.946196,1.361741,4.329521,2.044623,1.379833,4.398545,1.959221,1.363618,0.108112,0.018092,0.027571,0.001878
82.634000,SAMPLE,2,4.377495,1.961248,1.354446,4.331816,2.056316,1.374148,4.399820,1.980163,1.354547,0.105472,0.019702,0.029262,0.000101
82.732000,SAMPLE,2,4.381605,1.979644,1.347443,4.335551,2.074709,1.367125,4.406892,1.998485,1.346626,0.105633,0.019682,0.031534,0.000817
82.819000,SAMPLE,2,4.385611,1.997015,1.341011,4.338710,2.089771,1.361796,4.406892,1.998485,1.346626,0.103939,0.020785,0.021331,0.005616
82.919000,SAMPLE,2,4.389587,2.013710,1.332958,4.342952,2.109316,1.352322,4.410618,2.017448,1.339800,0.106373,0.019364,0.021361,0.006841
83.008000,SAMPLE,2,4.394008,2.031605,1.323958,4.347198,2.128029,1.342848,4.414987,2.038325,1.329538,0.107185,0.018890,0.022029,0.005580
83.096000,SAMPLE,2,4.398339,2.048568,1.319371,4.350742,2.143113,1.338606,4.419988,2.057188,1.320077,0.105851,0.019235,0.023302,0.000705
83.179000,SAMPLE,2,4.402468,2.064645,1.320201,4.354310,2.158203,1.338756,4.425324,2.076065,1.315687,0.105224,0.018555,0.025550,0.004514
83.275000,SAMPLE,2,4.407009,2.082474,1.322691,4.358460,2.175891,1.341306,4.430157,2.093917,1.317728,0.105279,0.018615,0.025822,0.004963
83.363000,SAMPLE,2,4.410581,2.096621,1.323149,4.362986,2.195372,1.342054,4.435130,2.112415,1.319817,0.109622,0.018905,0.029191,0.003332
83.448000,SAMPLE,2,4.414922,2.113723,1.321444,4.366486,2.210358,1.340696,4.439705,2.130458,1.318099,0.108094,0.019252,0.029904,0.003345
83.543000,SAMPLE,2,4.419403,2.131260,1.321191,4.370770,2.228599,1.340727,4.446005,2.150260,1.316583,0.108812,0.019537,0.032691,0.004608
83.630000,SAMPLE,2,4.423881,2.148882,1.322075,4.374409,2.244179,1.341454,4.446005,2.150260,1.316583,0.107373,0.019379,0.022167,0.005492
83.728000,SAMPLE,2,4.428610,2.167502,1.322075,4.378790,2.262948,1.341454,4.448012,2.169416,1.319108,0.107666,0.019379,0.019496,0.002967
83.819000,SAMPLE,2,4.432247,2.181818,1.322388,4.382138,2.277289,1.341612,4.451024,2.188106,1.319911,0.107822,0.019223,0.019802,0.002477
83.912000,SAMPLE,2,4.436961,2.200438,1.322036,4.386670,2.296769,1.341512,4.461345,2.206512,1.317928,0.108669,0.019476,0.025129,0.004108
84.007000,SAMPLE,2,4.441579,2.218512,1.320021,4.391017,2.315276,1.339454,4.466235,2.223888,1.319205,0.109177,0.019433,0.025235,0.000815
84.106000,SAMPLE,2,4.446254,2.236730,1.318987,4.395241,2.333184,1.338454,4.469361,2.244113,1.315892,0.109113,0.019467,0.024258,0.003095
84.190000,SAMPLE,2,4.449959,2.251099,1.317026,4.398935,2.348752,1.336167,4.475272,2.261508,1.314765,0.110179,0.019140,0.027369,0.002262
84.282000,SAMPLE,2,4.454439,2.268183,1.311991,4.403457,2.367433,1.330409,4.480798,2.278803,1.310876,0.111579,0.018418,0.028418,0.001115
84.373000,SAMPLE,2,4.459037,2.285348,1.307804,4.407021,2.381841,1.327356,4.486678,2.298082,1.305465,0.109620,0.019553,0.030433,0.002338
84.471000,SAMPLE,2,4.464210,2.304506,1.305625,4.411856,2.401248,1.325209,4.492569,2.318276,1.302172,0.110000,0.019584,0.031526,0.003452
84.569000,SAMPLE,2,4.469330,2.323250,1.303150,4.416513,2.419712,1.322714,4.501883,2.338192,1.298280,0.109975,0.019564,0.035818,0.004870
84.653000,SAMPLE,2,4.473671,2.339020,1.301178,4.420124,2.433934,1.321104,4.501883,2.338192,1.298280,0.108978,0.019925,0.028224,0.002898
84.747000,SAMPLE,2,4.477876,2.354166,1.299051,4.425037,2.453083,1.318640,4.509630,2.373098,1.294487,0.112145,0.019590,0.036969,0.004564
84.843000,SAMPLE,2,4.482937,2.372284,1.297524,4.429710,2.471162,1.317125,4.515846,2.391071,1.292702,0.112294,0.019601,0.037894,0.004821
84.928000,SAMPLE,2,4.487389,2.388110,1.295583,4.433392,2.485323,1.315198,4.515846,2.391071,1.292702,0.111203,0.019615,0.028611,0.002881
85.016000,SAMPLE,2,4.492383,2.405692,1.291660,4.437458,2.500798,1.312172,4.522203,2.409101,1.290906,0.109826,0.020512,0.030015,0.000754
85.110000,SAMPLE,2,4.497599,2.423707,1.286227,4.442458,2.519466,1.306514,4.528630,2.429248,1.285693,0.110500,0.020287,0.031522,0.000534
85.203000,SAMPLE,2,4.502009,2.438657,1.282935,4.447379,2.537458,1.302651,4.531645,2.448138,1.281554,0.112898,0.019716,0.031115,0.001382
85.298000,SAMPLE,2,4.507436,2.456930,1.279870,4.451630,2.552883,1.300156,4.537276,2.466641,1.276538,0.111002,0.020287,0.031381,0.003332
85.380000,SAMPLE,2,4.512552,2.473858,1.275641,4.457035,2.572138,1.295198,4.543778,2.486074,1.272524,0.112877,0.019558,0.033530,0.003116
85.481000,SAMPLE,2,4.518444,2.493126,1.272388,4.462367,2.590879,1.292040,4.552907,2.501968,1.269804,0.112695,0.019652,0.035579,0.002584
85.570000,SAMPLE,2,4.522915,2.507552,1.267249,4.466806,2.606251,1.286301,4.556222,2.522360,1.266688,0.113532,0.019052,0.036451,0.000561
85.667000,SAMPLE,2,4.529050,2.526822,1.257681,4.472444,2.625198,1.276827,4.562108,2.539494,1.258141,0.113499,0.019146,0.035404,0.000460
85.761000,SAMPLE,2,4.534966,2.544817,1.249387,4.478104,2.643589,1.268754,4.562108,2.539494,1.258141,0.113970,0.019366,0.027659,0.008753
85.861000,SAMPLE,2,4.541449,2.564168,1.246500,4.483994,2.662382,1.266235,4.579603,2.580252,1.240960,0.113786,0.019735,0.041406,0.005540
85.951000,SAMPLE,2,4.547114,2.580982,1.245142,4.488495,2.676669,1.264877,4.584414,2.597255,1.239422,0.112215,0.019735,0.040695,0.005721
86.049000,SAMPLE,2,4.551975,2.595327,1.243202,4.494024,2.694130,1.262730,4.590937,2.614807,1.237420,0.114544,0.019528,0.043560,0.005782
86.140000,SAMPLE,2,4.558134,2.613364,1.240202,4.500119,2.713179,1.259572,4.597647,2.633517,1.234341,0.115451,0.019370,0.044355,0.005860
86.233000,SAMPLE,2,4.564197,2.630946,1.237170,4.504846,2.727813,1.257046,4.604200,2.652032,1.231070,0.113604,0.019875,0.045220,0.006101
86.326000,SAMPLE,2,4.570036,2.647705,1.234155,4.510634,2.745556,1.253888,4.604200,2.652032,1.231070,0.114470,0.019733,0.034437,0.003085
86.417000,SAMPLE,2,4.576434,2.665894,1.230124,4.515640,2.760753,1.251112,4.609312,2.667364,1.228933,0.112669,0.020988,0.032910,0.001190
86.503000,SAMPLE,2,4.581371,2.679729,1.226267,4.521766,2.779071,1.245304,4.620004,2.686893,1.224754,0.115852,0.019037,0.039292,0.001512
86.594000,SAMPLE,2,4.587473,2.696594,1.222711,4.526518,2.793055,1.242427,4.626802,2.704714,1.217070,0.114106,0.019717,0.040158,0.005641
86.675000,SAMPLE,2,4.593070,2.712010,1.222233,4.531644,2.808100,1.241901,4.633048,2.723218,1.214771,0.114046,0.019668,0.041519,0.007462
86.765000,SAMPLE,2,4.598874,2.727975,1.221902,4.537681,2.825793,1.241743,4.639945,2.741630,1.214576,0.115382,0.019841,0.043281,0.007325
86.854000,SAMPLE,2,4.604638,2.743797,1.220968,4.542406,2.839619,1.240859,4.646031,2.758403,1.213766,0.114257,0.019890,0.043894,0.007203
86.950000,SAMPLE,2,4.610352,2.759424,1.219011,4.548899,2.858535,1.238743,4.654274,2.777769,1.212136,0.116617,0.019733,0.047599,0.006874
87.048000,SAMPLE,2,4.617277,2.778138,1.212329,4.555396,2.877205,1.231746,4.654274,2.777769,1.212136,0.116806,0.019417,0.036999,0.000193
87.142000,SAMPLE,2,4.624075,2.796034,1.203992,4.561876,2.895313,1.223622,4.668272,2.812977,1.199728,0.117154,0.019631,0.047333,0.004264
87.239000,SAMPLE,2,4.631381,2.814943,1.200434,4.567342,2.910350,1.220806,4.668272,2.812977,1.199728,0.114906,0.020373,0.036943,0.000706
87.326000,SAMPLE,2,4.636718,2.828641,1.198034,4.574008,2.928524,1.217648,4.676898,2.831444,1.193868,0.117937,0.019615,0.040277,0.004166
87.425000,SAMPLE,2,4.643584,2.846146,1.196439,4.580484,2.946050,1.216069,4.684283,2.849811,1.191190,0.118162,0.019631,0.040864,0.005248
87.512000,SAMPLE,2,4.650580,2.863875,1.193439,4.586060,2.961047,1.213543,4.691901,2.867829,1.188985,0.116641,0.020104,0.041510,0.004454
87.605000,SAMPLE,2,4.657055,2.880145,1.190565,4.592814,2.979053,1.210385,4.698399,2.885198,1.186730,0.117940,0.019820,0.041651,0.003835
87.694000,SAMPLE,2,4.663631,2.896566,1.189807,4.598216,2.993362,1.209690,4.705669,2.902805,1.183551,0.116827,0.019883,0.042499,0.006256
87.789000,SAMPLE,2,4.669659,2.911643,1.191607,4.605196,3.011880,1.211743,4.712949,2.921128,1.182915,0.119176,0.020136,0.044316,0.008692
87.890000,SAMPLE,2,4.676838,2.929743,1.194891,4.611752,3.029432,1.214901,4.722471,2.938069,1.185601,0.119055,0.020010,0.046387,0.009290
87.990000,SAMPLE,2,4.683967,2.947945,1.200524,4.618450,3.047606,1.220559,4.728734,2.955926,1.189007,0.119267,0.020035,0.045473,0.011517
88.084000,SAMPLE,2,4.691115,2.966384,1.200669,4.625222,3.066167,1.220640,4.735468,2.974191,1.194781,0.119576,0.019972,0.045035,0.005887
88.174000,SAMPLE,2,4.697340,2.982397,1.199739,4.630373,3.080243,1.219546,4.741827,2.994256,1.193210,0.118568,0.019806,0.046040,0.006529
88.264000,SAMPLE,2,4.702865,2.996624,1.201522,4.636994,3.098378,1.221543,4.750233,3.010257,1.193152,0.121214,0.020021,0.049291,0.008369
88.355000,SAMPLE,2,4.709423,3.013597,1.203321,4.642406,3.113267,1.223312,4.750233,3.010257,1.193152,0.120106,0.019990,0.040946,0.010169
88.446000,SAMPLE,2,4.715653,3.029849,1.205763,4.648754,3.130873,1.225775,4.762780,3.046880,1.198930,0.121167,0.020012,0.050110,0.006833
88.533000,SAMPLE,2,4.721945,3.046352,1.207874,4.653967,3.145420,1.227975,4.769832,3.064269,1.201204,0.120148,0.020101,0.051130,0.006670
88.621000,SAMPLE,2,4.728373,3.063309,1.209178,4.660590,3.164012,1.229269,4.769832,3.064269,1.201204,0.121390,0.020091,0.041471,0.007974
88.710000,SAMPLE,2,4.733747,3.077544,1.211010,4.665622,3.178199,1.231133,4.778526,3.082645,1.202543,0.121541,0.020123,0.045069,0.008466
88.801000,SAMPLE,2,4.739730,3.093502,1.213774,4.672102,3.196630,1.234290,4.784485,3.100098,1.204466,0.123325,0.020516,0.045239,0.009308
88.901000,SAMPLE,2,4.746778,3.112432,1.214526,4.678600,3.215222,1.234998,4.792108,3.118060,1.207538,0.123346,0.020472,0.045677,0.006988
89.001000,SAMPLE,2,4.753437,3.130349,1.214611,4.684741,3.232823,1.234740,4.800109,3.136408,1.208188,0.123370,0.020129,0.047063,0.006423
89.098000,SAMPLE,2,4.760117,3.148297,1.214596,4.689871,3.247511,1.234740,4.805565,3.154362,1.208441,0.121564,0.020145,0.045851,0.006155
89.194000,SAMPLE,2,4.766984,3.166793,1.216121,4.696411,3.266267,1.236256,4.812587,3.171736,1.209030,0.121965,0.020135,0.045870,0.007092
89.282000,SAMPLE,2,4.772582,3.181938,1.217374,4.702391,3.283501,1.237519,4.818379,3.189826,1.210483,0.123458,0.020145,0.046471,0.006891
89.370000,SAMPLE,2,4.777758,3.195952,1.217360,4.707487,3.298223,1.237519,4.826452,3.206528,1.211236,0.124086,0.020160,0.049829,0.006123
89.463000,SAMPLE,2,4.784387,3.213953,1.218854,4.713931,3.316878,1.239004,4.833045,3.226162,1.212090,0.124730,0.020150,0.050167,0.006764
89.558000,SAMPLE,2,4.790683,3.231135,1.220316,4.718818,3.331093,1.240456,4.841068,3.244534,1.214077,0.123110,0.020140,0.052136,0.006239
89.650000,SAMPLE,2,4.797219,3.249048,1.221741,4.725061,3.349339,1.241940,4.847646,3.261719,1.215656,0.123551,0.020200,0.051995,0.006085
89.745000,SAMPLE,2,4.802929,3.264700,1.219751,4.731453,3.368023,1.239730,4.854868,3.279534,1.215174,0.125636,0.019978,0.054017,0.004578
89.830000,SAMPLE,2,4.808641,3.280236,1.217468,4.736346,3.382202,1.237677,4.854868,3.279534,1.215174,0.124995,0.020210,0.046232,0.002294
89.922000,SAMPLE,2,4.815001,3.297472,1.217452,4.742679,3.400506,1.237677,4.860923,3.298060,1.212897,0.125882,0.020225,0.045926,0.004555
90.012000,SAMPLE,2,4.820762,3.313122,1.218978,4.747871,3.415540,1.239193,4.867512,3.315376,1.212583,0.125708,0.020215,0.046804,0.006395
90.102000,SAMPLE,2,4.826530,3.328862,1.221306,4.753918,3.433152,1.242322,4.872917,3.334653,1.213850,0.127078,0.021016,0.046747,0.007456
90.189000,SAMPLE,2,4.832695,3.345911,1.224849,4.759050,3.448307,1.245130,4.880576,3.351417,1.216813,0.126129,0.020281,0.048197,0.008036
90.270000,SAMPLE,2,4.838493,3.361956,1.221804,4.764179,3.463462,1.242656,4.888773,3.370082,1.219281,0.125803,0.020852,0.050932,0.002524
90.357000,SAMPLE,2,4.844342,3.377906,1.216668,4.769190,3.478069,1.238180,4.896819,3.388800,1.214374,0.125220,0.021512,0.053596,0.002294
90.447000,SAMPLE,2,4.849650,3.392169,1.213416,4.775647,3.496574,1.233722,4.902266,3.405639,1.208937,0.127972,0.020306,0.054313,0.004478
90.536000,SAMPLE,2,4.856255,3.409825,1.210884,4.780947,3.511671,1.231680,4.909037,3.425201,1.207292,0.126665,0.020796,0.054976,0.003592
90.630000,SAMPLE,2,4.863024,3.427593,1.202305,4.787632,3.530364,1.222706,4.909037,3.425201,1.207292,0.127460,0.020401,0.046075,0.004987
90.730000,SAMPLE,2,4.870294,3.446158,1.193739,4.794251,3.548343,1.214233,4.925659,3.463085,1.189965,0.127374,0.020494,0.057895,0.003774
90.824000,SAMPLE,2,4.877431,3.464080,1.189215,4.801270,3.567070,1.209530,4.925659,3.463085,1.189965,0.128092,0.020315,0.048239,0.000749
90.925000,SAMPLE,2,4.884966,3.482703,1.183225,4.808111,3.585022,1.203872,4.938787,3.500915,1.180881,0.127968,0.020647,0.056819,0.002343
91.022000,SAMPLE,2,4.891217,3.497918,1.179535,4.815241,3.603425,1.199464,4.938787,3.500915,1.180881,0.130016,0.019929,0.047665,0.001346
91.118000,SAMPLE,2,4.898786,3.516136,1.173143,4.821081,3.618322,1.193956,4.945580,3.519164,1.175309,0.128375,0.020813,0.046892,0.002166
91.213000,SAMPLE,2,4.906621,3.534548,1.163670,4.828481,3.636766,1.184483,4.952632,3.537548,1.169526,0.128664,0.020813,0.046109,0.005856
91.303000,SAMPLE,2,4.913983,3.551419,1.155862,4.835797,3.654517,1.176209,4.960919,3.555502,1.160110,0.129392,0.020347,0.047113,0.004248
91.395000,SAMPLE,2,4.921627,3.568622,1.149406,4.841932,3.669135,1.170430,4.969564,3.573489,1.151837,0.128274,0.021024,0.048183,0.002431
91.488000,SAMPLE,2,4.928143,3.583040,1.142538,4.849446,3.686723,1.162606,4.977426,3.591249,1.144939,0.130167,0.020069,0.049962,0.002401
91.578000,SAMPLE,2,4.935547,3.599040,1.131035,4.855868,3.701378,1.152019,4.986159,3.609896,1.137521,0.129699,0.020984,0.051763,0.006486
91.663000,SAMPLE,2,4.943407,3.615482,1.119822,4.864127,3.719593,1.139606,4.994163,3.627018,1.122104,0.130861,0.019784,0.052050,0.002283
91.760000,SAMPLE,2,4.952127,3.633336,1.114250,4.872414,3.737459,1.134414,5.001960,3.645052,1.112482,0.131133,0.020164,0.051192,0.001768
91.853000,SAMPLE,2,4.960242,3.649790,1.110005,4.878911,3.751340,1.131088,5.010472,3.662906,1.108845,0.130105,0.021082,0.051914,0.001160
91.943000,SAMPLE,2,4.968575,3.666364,1.098258,4.887405,3.769156,1.118922,5.020144,3.681473,1.100404,0.130976,0.020664,0.053737,0.002146
92.032000,SAMPLE,2,4.975518,3.679752,1.086853,4.894310,3.783156,1.106990,5.029551,3.697622,1.084905,0.131481,0.020137,0.056910,0.001948
92.133000,SAMPLE,2,4.985026,3.697613,1.076730,4.903192,3.800687,1.097083,5.038467,3.715157,1.074393,0.131609,0.020353,0.056247,0.002336
92.219000,SAMPLE,2,4.993950,3.713975,1.064866,4.910555,3.814892,1.087114,5.038467,3.715157,1.074393,0.130917,0.022248,0.044532,0.009527
92.310000,SAMPLE,2,5.002757,3.729608,1.050340,4.919661,3.831903,1.071325,5.050159,3.734180,1.061637,0.131793,0.020985,0.047622,0.011297
92.395000,SAMPLE,2,5.011824,3.745176,1.037430,4.927275,3.845651,1.059293,5.058793,3.750576,1.046513,0.131315,0.021864,0.047278,0.009084
92.484000,SAMPLE,2,5.019885,3.758709,1.029803,4.937153,3.863041,1.049398,5.067638,3.768101,1.032182,0.133152,0.019595,0.048667,0.002379
92.568000,SAMPLE,2,5.028723,3.773257,1.018708,4.945193,3.876874,1.038430,5.077890,3.784165,1.023336,0.133094,0.019721,0.050362,0.004628
92.662000,SAMPLE,2,5.038791,3.789365,1.005751,4.955223,3.893639,1.024840,5.088596,3.802442,1.008459,0.133629,0.019090,0.051492,0.002709
92.753000,SAMPLE,2,5.049580,3.806098,0.990277,4.963617,3.907261,1.012209,5.099412,3.819200,0.994177,0.132754,0.021932,0.051525,0.003900
92.844000,SAMPLE,2,5.059990,3.821769,0.979611,4.974329,3.924150,1.000248,5.111102,3.836551,0.979936,0.133490,0.020637,0.053207,0.000325
92.939000,SAMPLE,2,5.069106,3.835270,0.975058,4.983009,3.937591,0.995538,5.122552,3.853365,0.972083,0.133725,0.020479,0.056426,0.002975
93.035000,SAMPLE,2,5.080342,3.851750,0.967782,4.993933,3.954344,0.988530,5.133580,3.869671,0.966564,0.134135,0.020748,0.056174,0.001218
93.125000,SAMPLE,2,5.091491,3.867708,0.954435,5.005050,3.970970,0.974680,5.133580,3.869671,0.966564,0.134666,0.020245,0.042136,0.012129
93.216000,SAMPLE,2,5.102643,3.883296,0.946079,5.014086,3.984173,0.967059,5.146529,3.886939,0.952796,0.134233,0.020979,0.044036,0.006716
93.305000,SAMPLE,2,5.111761,3.895866,0.939635,5.025497,4.000599,0.959135,5.158116,3.902593,0.942984,0.135685,0.019500,0.046840,0.003350
93.398000,SAMPLE,2,5.123642,3.911961,0.929406,5.034734,4.013663,0.951206,5.170672,3.918717,0.934700,0.135084,0.021800,0.047513,0.005295
93.487000,SAMPLE,2,5.134246,3.925970,0.916651,5.046184,4.029466,0.936901,5.182744,3.934871,0.924616,0.135891,0.020250,0.049309,0.007965
93.580000,SAMPLE,2,5.146101,3.941282,0.908401,5.055713,4.042320,0.929430,5.194899,3.950669,0.911286,0.135567,0.021029,0.049693,0.002885
93.670000,SAMPLE,2,5.157658,3.956047,0.905085,5.067584,4.058153,0.925759,5.206175,3.967344,0.904401,0.136158,0.020674,0.049815,0.000684
93.758000,SAMPLE,2,5.166349,3.967086,0.902033,5.076790,4.070354,0.922633,5.218542,3.982554,0.901237,0.136693,0.020600,0.054437,0.000796
93.845000,SAMPLE,2,5.177742,3.981419,0.896559,5.088916,4.086259,0.916425,5.230315,3.998004,0.895631,0.137410,0.019866,0.055127,0.000928
93.935000,SAMPLE,2,5.189506,3.996020,0.889056,5.098698,4.098920,0.909725,5.230315,3.998004,0.895631,0.137238,0.020668,0.040858,0.006575
94.034000,SAMPLE,2,5.202465,4.011877,0.881945,5.110931,4.114543,0.902751,5.256049,4.029472,0.880046,0.137546,0.020806,0.056398,0.001900
94.125000,SAMPLE,2,5.213670,4.025438,0.878701,5.122546,4.129205,0.899185,5.256049,4.029472,0.880046,0.138098,0.020484,0.042570,0.001345
94.217000,SAMPLE,2,5.223925,4.037780,0.876063,5.132144,4.141248,0.896659,5.269445,4.044151,0.876098,0.138309,0.020596,0.045964,0.000034
94.305000,SAMPLE,2,5.235302,4.051393,0.873221,5.144410,4.156549,0.893501,5.281782,4.058182,0.872985,0.138993,0.020280,0.046973,0.000236
94.388000,SAMPLE,2,5.246465,4.064642,0.866977,5.154467,4.168992,0.887635,5.294468,4.073264,0.869814,0.139113,0.020658,0.048772,0.002837
94.481000,SAMPLE,2,5.259101,4.079357,0.855222,5.167030,4.184242,0.875612,5.306095,4.088855,0.861864,0.139564,0.020389,0.047943,0.006642
94.572000,SAMPLE,2,5.268745,4.090348,0.845725,5.176673,4.195690,0.865833,5.320361,4.104474,0.849568,0.139908,0.020108,0.053514,0.003843
94.665000,SAMPLE,2,5.280651,4.103664,0.837307,5.188648,4.209632,0.857509,5.332920,4.118237,0.838034,0.140335,0.020202,0.054262,0.000727
94.750000,SAMPLE,2,5.292237,4.116477,0.834152,5.199018,4.221581,0.854654,5.332920,4.118237,0.838034,0.140487,0.020501,0.040721,0.003882
94.835000,SAMPLE,2,5.303655,4.129028,0.830340,5.209067,4.233097,0.851527,5.358944,4.147415,0.829517,0.140632,0.021188,0.058266,0.000823
94.934000,SAMPLE,2,5.317487,4.143996,0.817585,5.222216,4.247957,0.839775,5.373621,4.161483,0.819441,0.141012,0.022190,0.058794,0.001856
95.026000,SAMPLE,2,5.329660,4.156793,0.802901,5.234834,4.261808,0.823985,5.373621,4.161483,0.819441,0.141492,0.021084,0.044210,0.016540
95.117000,SAMPLE,2,5.339836,4.167203,0.790819,5.244624,4.272252,0.811704,5.385589,4.175422,0.804303,0.141777,0.020884,0.046485,0.013483
95.207000,SAMPLE,2,5.350750,4.178138,0.782033,5.256503,4.284648,0.801822,5.398381,4.188987,0.788894,0.142221,0.019790,0.048852,0.006861
95.300000,SAMPLE,2,5.361868,4.189065,0.770648,5.267748,4.296133,0.789948,5.410531,4.201163,0.779116,0.142556,0.019300,0.050145,0.008468
95.396000,SAMPLE,2,5.372852,4.199632,0.761174,5.276211,4.304611,0.782369,5.420138,4.211573,0.766824,0.142688,0.021195,0.048770,0.005650
95.486000,SAMPLE,2,5.382532,4.208775,0.752269,5.286217,4.314463,0.772896,5.431999,4.222263,0.757022,0.142992,0.020627,0.051273,0.004753
95.579000,SAMPLE,2,5.391994,4.217552,0.743269,5.294014,4.322011,0.765317,5.442299,4.232391,0.747562,0.143219,0.022048,0.052448,0.004293
95.666000,SAMPLE,2,5.398907,4.223862,0.736353,5.303165,4.330719,0.755843,5.452030,4.241081,0.737577,0.143474,0.019490,0.055845,0.001224
95.754000,SAMPLE,2,5.407153,4.231274,0.727732,5.310129,4.337234,0.748264,5.463636,4.250009,0.727552,0.143670,0.020532,0.059509,0.000180
95.842000,SAMPLE,2,5.415102,4.238295,0.719017,5.318435,4.344873,0.738790,5.470838,4.257688,0.717995,0.143887,0.019774,0.059013,0.001021
95.928000,SAMPLE,2,5.422386,4.244617,0.710490,5.324682,4.350520,0.731212,5.470838,4.257688,0.717995,0.144089,0.020721,0.050184,0.007505
96.017000,SAMPLE,2,5.429808,4.250947,0.701680,5.330940,4.356092,0.723633,5.478351,4.264765,0.708853,0.144327,0.021953,0.050471,0.007173
96.113000,SAMPLE,2,5.436176,4.256286,0.693532,5.338069,4.362331,0.714159,5.486771,4.271534,0.698917,0.144466,0.020627,0.052843,0.005385
96.204000,SAMPLE,2,5.443199,4.262084,0.686759,5.345074,4.368359,0.707085,5.495681,4.277482,0.690161,0.144647,0.020327,0.054694,0.003402
96.296000,SAMPLE,2,5.449414,4.267135,0.677948,5.350212,4.372716,0.699506,5.503228,4.284375,0.682557,0.144874,0.021558,0.056509,0.004609
96.390000,SAMPLE,2,5.454777,4.271430,0.673337,5.356530,4.377993,0.693569,5.509349,4.289155,0.673066,0.144943,0.020232,0.057378,0.000272
96.479000,SAMPLE,2,5.458955,4.274747,0.666766,5.359976,4.380848,0.688093,5.515608,4.294334,0.668085,0.145101,0.021327,0.059943,0.001318
96.569000,SAMPLE,2,5.460162,4.275688,0.650768,5.361095,4.381761,0.670735,5.519135,4.295886,0.658297,0.145141,0.019968,0.062336,0.007529
96.667000,SAMPLE,2,5.460612,4.276020,0.622781,5.361095,4.381761,0.642977,5.519763,4.296877,0.636718,0.145206,0.020196,0.062720,0.013937
96.762000,SAMPLE,2,5.461176,4.276411,0.588439,5.361095,4.381761,0.608635,5.519789,4.297675,0.605359,0.145310,0.020196,0.062351,0.016920
96.860000,SAMPLE,2,5.461666,4.276728,0.559260,5.361095,4.381761,0.580846,5.522995,4.298240,0.569743,0.145418,0.021586,0.064992,0.010483
96.961000,SAMPLE,2,5.462285,4.277100,0.523134,5.361095,4.381761,0.539162,5.522351,4.299307,0.534850,0.145579,0.016028,0.064039,0.011716
97.045000,SAMPLE,2,5.462757,4.277364,0.496147,5.361095,4.381761,0.514638,5.524174,4.298955,0.501321,0.145718,0.018491,0.065102,0.005174
97.119000,SAMPLE,2,5.463154,4.277573,0.473694,5.361095,4.381761,0.497585,5.524174,4.298955,0.501321,0.145846,0.023891,0.064658,0.027626
97.218000,SAMPLE,2,5.463663,4.277825,0.445273,5.361095,4.381761,0.469164,5.524671,4.298907,0.472714,0.146024,0.023891,0.064548,0.027440
97.308000,SAMPLE,2,5.464143,4.278047,0.418842,5.361095,4.381761,0.440743,5.526034,4.298567,0.444574,0.146204,0.021901,0.065204,0.025732
97.404000,SAMPLE,2,5.464513,4.278207,0.398681,5.361095,4.381761,0.416225,5.528370,4.300439,0.414654,0.146352,0.017543,0.067616,0.015973
97.497000,SAMPLE,2,5.464918,4.278372,0.376797,5.361095,4.381761,0.398540,5.524282,4.299060,0.391098,0.146521,0.021743,0.062865,0.014301
97.589000,SAMPLE,2,5.465302,4.278520,0.356239,5.361095,4.381761,0.376435,5.524212,4.299970,0.369617,0.146690,0.020196,0.062693,0.013377
97.671000,SAMPLE,2,5.465660,4.278649,0.337229,5.361095,4.381761,0.358751,5.524870,4.300221,0.347683,0.146853,0.021522,0.063017,0.010454
97.761000,SAMPLE,2,5.466045,4.278780,0.316892,5.361095,4.381761,0.336646,5.525519,4.301138,0.325069,0.147036,0.019754,0.063538,0.008177
97.845000,SAMPLE,2,5.466291,4.278859,0.303986,5.361095,4.381761,0.322288,5.525920,4.301258,0.303873,0.147156,0.018301,0.063697,0.000113
97.935000,SAMPLE,2,5.466574,4.278945,0.289144,5.361095,4.381761,0.309656,5.526518,4.301318,0.287899,0.147299,0.020512,0.063983,0.001245
98.016000,SAMPLE,2,5.466832,4.279020,0.275723,5.361095,4.381761,0.297025,5.526518,4.301318,0.287899,0.147431,0.021301,0.063715,0.012176
98.114000,SAMPLE,2,5.467140,4.279105,0.259776,5.361095,4.381761,0.281235,5.526352,4.300939,0.272027,0.147593,0.021459,0.063110,0.012251
98.210000,SAMPLE,2,5.467439,4.279182,0.244302,5.361095,4.381761,0.265446,5.525295,4.299363,0.256600,0.147755,0.021143,0.061274,0.012298
98.300000,SAMPLE,2,5.467688,4.279242,0.231513,5.361095,4.381761,0.252814,5.525385,4.299206,0.240938,0.147893,0.021301,0.061053,0.009425
98.394000,SAMPLE,2,5.467981,4.279309,0.216513,5.361095,4.381761,0.237025,5.525957,4.299993,0.225591,0.148057,0.020512,0.061555,0.009079
98.491000,SAMPLE,2,5.468217,4.279359,0.204405,5.361095,4.381761,0.224885,5.529092,4.301581,0.208963,0.148193,0.020480,0.064804,0.004559
98.576000,SAMPLE,2,5.468379,4.279392,0.196163,5.361095,4.381761,0.217306,5.529235,4.301195,0.198025,0.148288,0.021143,0.064643,0.001862
98.676000,SAMPLE,2,5.468570,4.279429,0.186405,5.361095,4.381761,0.207833,5.527510,4.301162,0.189970,0.148401,0.021428,0.062818,0.003565
98.762000,SAMPLE,2,5.468710,4.279455,0.179300,5.361095,4.381761,0.198359,5.528011,4.301300,0.180360,0.148484,0.019059,0.063196,0.001060
98.852000,SAMPLE,2,5.468884,4.279486,0.170489,5.361095,4.381761,0.190780,5.526949,4.301276,0.170687,0.148589,0.020291,0.062020,0.000198
98.935000,SAMPLE,2,5.469048,4.279513,0.162152,5.361095,4.381761,0.183201,5.526949,4.301276,0.170687,0.148689,0.021049,0.061856,0.008535
99.027000,SAMPLE,2,5.469224,4.279541,0.153247,5.361095,4.381761,0.173727,5.530477,4.301676,0.150967,0.148798,0.020480,0.065130,0.002280
99.062000,P2,2,5.469280,4.279550,0.150426,5.361095,4.381761,0.170488,5.530477,4.301676,0.150967,0.148832,0.020062,0.065074,0.000541
99.116000,SAMPLE,3,5.469852,4.279637,0.146847,5.361268,4.381791,0.168348,5.530477,4.301676,0.150967,0.149084,0.021501,0.064506,0.004119
99.213000,SAMPLE,3,5.473850,4.280207,0.135520,5.365685,4.382509,0.154925,5.530823,4.301234,0.143640,0.148881,0.019404,0.060729,0.008120
99.299000,SAMPLE,3,5.482729,4.281325,0.114420,5.372833,4.383558,0.136896,5.536016,4.301145,0.130051,0.150096,0.022476,0.056854,0.015632
99.390000,SAMPLE,3,5.496416,4.282693,0.084167,5.387228,4.385294,0.103422,5.547255,4.302612,0.106264,0.149830,0.019255,0.054602,0.022097
99.484000,SAMPLE,3,5.515921,4.283933,0.041860,5.406512,4.386873,0.059525,5.562228,4.305071,0.071169,0.150223,0.017665,0.050903,0.029309
99.581000,SAMPLE,3,5.537235,4.284339,-0.004106,5.426497,4.387614,0.014506,5.582484,4.305056,0.025816,0.151422,0.018612,0.049766,0.029922
99.675000,SAMPLE,3,5.553863,4.283971,-0.039445,5.442022,4.387563,-0.019838,5.602704,4.304741,-0.019313,0.152446,0.019607,0.053074,0.020132
99.765000,SAMPLE,3,5.573153,4.282865,-0.075558,5.462006,4.386779,-0.058475,5.622155,4.304501,-0.059267,0.152157,0.017083,0.053567,0.016292
99.865000,SAMPLE,3,5.593400,4.280990,-0.108379,5.481172,4.385341,-0.090170,5.642255,4.303585,-0.096318,0.153246,0.018209,0.053826,0.012061
99.946000,SAMPLE,3,5.610442,4.278930,-0.131437,5.496848,4.383745,-0.111807,5.660790,4.302621,-0.125857,0.154563,0.019630,0.055643,0.005580
100.045000,SAMPLE,3,5.630615,4.276032,-0.154106,5.516436,4.381322,-0.134254,5.681698,4.298188,-0.149780,0.155316,0.019851,0.055681,0.004326
100.132000,SAMPLE,3,5.644705,4.273727,-0.170776,5.531615,4.379133,-0.152788,5.681698,4.298188,-0.149780,0.154595,0.017988,0.044349,0.020997
100.230000,SAMPLE,3,5.665148,4.269896,-0.200787,5.551335,4.375800,-0.182594,5.721851,4.293050,-0.200855,0.155465,0.018193,0.061248,0.000068
100.326000,SAMPLE,3,5.684885,4.265574,-0.231040,5.570943,4.371866,-0.213415,5.721851,4.293050,-0.200855,0.155823,0.017625,0.046059,0.030184
100.415000,SAMPLE,3,5.703250,4.261003,-0.256592,5.586418,4.368330,-0.235552,5.741340,4.288429,-0.231377,0.158647,0.021040,0.046936,0.025215
100.506000,SAMPLE,3,5.721843,4.255926,-0.275134,5.605467,4.363542,-0.255173,5.760095,4.281700,-0.259609,0.158508,0.019961,0.046125,0.015525
100.601000,SAMPLE,3,5.740126,4.250620,-0.290134,5.624495,4.358420,-0.270962,5.778541,4.278666,-0.278327,0.158087,0.019172,0.047564,0.011807
100.699000,SAMPLE,3,5.756097,4.245733,-0.304304,5.639164,4.354244,-0.284044,5.799739,4.273098,-0.294355,0.159524,0.020260,0.051512,0.009948
100.781000,SAMPLE,3,5.773226,4.240166,-0.324859,5.658297,4.348421,-0.307212,5.817421,4.267621,-0.311047,0.157885,0.017647,0.052029,0.013812
100.868000,SAMPLE,3,5.790603,4.234123,-0.344754,5.673505,4.343448,-0.324896,5.837742,4.259225,-0.334942,0.160199,0.019857,0.053407,0.009812
100.958000,SAMPLE,3,5.807974,4.227711,-0.361615,5.688547,4.338247,-0.339925,5.856892,4.252269,-0.356533,0.162730,0.021690,0.054736,0.005083
101.046000,SAMPLE,3,5.824967,4.221140,-0.376299,5.706586,4.331705,-0.355715,5.876114,4.245726,-0.373000,0.161983,0.020585,0.056749,0.003300
101.129000,SAMPLE,3,5.838038,4.215895,-0.386758,5.721392,4.326100,-0.367546,5.876114,4.245726,-0.373000,0.160473,0.019212,0.048370,0.013759
101.227000,SAMPLE,3,5.855622,4.208603,-0.400054,5.738824,4.319258,-0.380836,5.894716,4.237518,-0.388488,0.160892,0.019218,0.048625,0.011566
101.321000,SAMPLE,3,5.873074,4.201088,-0.413921,5.756570,4.312012,-0.395275,5.912209,4.230080,-0.401402,0.160865,0.018646,0.048704,0.012519
101.417000,SAMPLE,3,5.891155,4.192976,-0.429552,5.771083,4.305848,-0.407907,5.929856,4.222464,-0.414211,0.164795,0.021645,0.048655,0.015341
101.512000,SAMPLE,3,5.908120,4.185052,-0.444709,5.788754,4.298048,-0.423696,5.949382,4.215765,-0.431283,0.164366,0.021013,0.051438,0.013426
101.608000,SAMPLE,3,5.922059,4.178302,-0.457499,5.805763,4.290215,-0.439486,5.967207,4.208336,-0.446957,0.161398,0.018013,0.054226,0.010542
101.699000,SAMPLE,3,5.938628,4.169986,-0.472673,5.819591,4.283605,-0.452117,5.985170,4.200211,-0.462600,0.164557,0.020555,0.055495,0.010073
101.794000,SAMPLE,3,5.956010,4.160925,-0.489145,5.837161,4.274896,-0.468707,6.001708,4.190532,-0.478479,0.164665,0.020438,0.054450,0.010666
101.886000,SAMPLE,3,5.973217,4.151538,-0.510245,5.854720,4.265770,-0.490417,6.019939,4.181036,-0.495399,0.164592,0.019827,0.055254,0.014846
101.984000,SAMPLE,3,5.990063,4.141870,-0.530935,5.871556,4.256541,-0.511323,6.037688,4.169603,-0.518194,0.164903,0.019612,0.055112,0.012741
102.085000,SAMPLE,3,6.007389,4.131503,-0.547369,5.888451,4.246878,-0.527441,6.057441,4.160953,-0.539538,0.165704,0.019928,0.058073,0.007832
102.178000,SAMPLE,3,6.021742,4.122626,-0.561174,5.902225,4.238738,-0.540523,6.073558,4.150384,-0.555169,0.166632,0.020652,0.058783,0.006006
102.273000,SAMPLE,3,6.038257,4.112008,-0.582874,5.919262,4.228263,-0.562991,6.091309,4.141031,-0.573428,0.166358,0.019883,0.060473,0.009446
102.365000,SAMPLE,3,6.054421,4.101046,-0.609453,5.936026,4.217356,-0.590978,6.108893,4.128207,-0.598495,0.165968,0.018475,0.060867,0.010959
102.458000,SAMPLE,3,6.070043,4.089824,-0.637022,5.948734,4.208620,-0.613715,6.125216,4.115677,-0.626792,0.169790,0.023307,0.060930,0.010230
102.557000,SAMPLE,3,6.086453,4.077353,-0.660816,5.964604,4.197120,-0.638436,6.140193,4.106344,-0.653089,0.170855,0.022381,0.061061,0.007728
102.653000,SAMPLE,3,6.099713,4.066894,-0.675201,5.980560,4.185061,-0.655999,6.155549,4.092935,-0.672145,0.167812,0.019202,0.061610,0.003056
102.753000,SAMPLE,3,6.115683,4.053824,-0.697053,5.996277,4.172694,-0.677657,6.171704,4.080068,-0.691570,0.168486,0.019396,0.061864,0.005483
102.844000,SAMPLE,3,6.130102,4.041495,-0.718274,6.011175,4.160433,-0.699762,6.186976,4.067304,-0.713743,0.168196,0.018512,0.062456,0.004531
102.938000,SAMPLE,3,6.144406,4.028693,-0.742898,6.023128,4.150165,-0.720441,6.201092,4.054615,-0.737749,0.171651,0.022457,0.062332,0.005149
103.026000,SAMPLE,3,6.158028,4.015857,-0.768761,6.037968,4.136759,-0.748862,6.201092,4.054615,-0.737749,0.170386,0.019899,0.057937,0.031012
103.121000,SAMPLE,3,6.172132,4.001878,-0.791679,6.052443,4.122958,-0.772433,6.217639,4.040811,-0.766377,0.170252,0.019246,0.059889,0.025303
103.216000,SAMPLE,3,6.185529,3.988085,-0.808852,6.063459,4.112076,-0.786117,6.233098,4.026116,-0.791855,0.173997,0.022735,0.060902,0.016997
103.307000,SAMPLE,3,6.196298,3.976612,-0.825637,6.077439,4.097774,-0.807788,6.246459,4.012513,-0.809297,0.169728,0.017848,0.061684,0.016340
103.391000,SAMPLE,3,6.208648,3.962960,-0.844919,6.088294,4.086222,-0.824773,6.260614,3.997469,-0.830838,0.172275,0.020146,0.062381,0.014081
103.483000,SAMPLE,3,6.220991,3.948827,-0.861566,6.101206,4.072012,-0.842144,6.273875,3.980300,-0.851419,0.171823,0.019422,0.061541,0.010147
103.581000,SAMPLE,3,6.233952,3.933397,-0.883342,6.114169,4.057171,-0.863933,6.286417,3.968685,-0.869557,0.172244,0.019409,0.063228,0.013785
103.681000,SAMPLE,3,6.244801,3.919960,-0.898507,6.126873,4.042012,-0.880688,6.298302,3.954095,-0.890661,0.169717,0.017819,0.063463,0.007846
103.773000,SAMPLE,3,6.256277,3.905387,-0.909086,6.136712,4.029988,-0.889594,6.310980,3.937320,-0.906477,0.172688,0.019492,0.063341,0.002609
103.871000,SAMPLE,3,6.268880,3.888949,-0.924757,6.149189,4.014357,-0.904962,6.323540,3.921848,-0.918905,0.173358,0.019795,0.063797,0.005851
103.954000,SAMPLE,3,6.279150,3.875134,-0.938652,6.158645,4.002162,-0.917594,6.335801,3.902183,-0.934278,0.175093,0.021058,0.062777,0.004374
104.045000,SAMPLE,3,6.289743,3.860437,-0.953675,6.169920,3.987184,-0.933383,6.347406,3.887691,-0.950701,0.174420,0.020292,0.063779,0.002974
104.130000,SAMPLE,3,6.298247,3.848306,-0.965279,6.179360,3.974266,-0.946015,6.347406,3.887691,-0.950701,0.173205,0.019264,0.062990,0.014578
104.227000,SAMPLE,3,6.309658,3.831589,-0.977321,6.190952,3.957968,-0.957865,6.369887,3.856858,-0.979939,0.173386,0.019456,0.065315,0.002618
104.308000,SAMPLE,3,6.319200,3.817319,-0.985658,6.199794,3.945296,-0.965444,6.369887,3.856858,-0.979939,0.175031,0.020214,0.064284,0.005719
104.405000,SAMPLE,3,6.329532,3.801569,-0.994847,6.210644,3.929455,-0.974917,6.380982,3.840122,-0.989398,0.174612,0.019930,0.064292,0.005449
104.497000,SAMPLE,3,6.338329,3.787908,-1.002521,6.219533,3.916240,-0.982496,6.391597,3.822417,-0.998468,0.174876,0.020025,0.063468,0.004053
104.590000,SAMPLE,3,6.347842,3.772867,-1.011331,6.229973,3.900429,-0.991970,6.401781,3.807323,-1.008156,0.173681,0.019361,0.064005,0.003176
104.689000,SAMPLE,3,6.358415,3.755757,-1.024520,6.240646,3.883877,-1.005270,6.411965,3.790330,-1.017140,0.174023,0.019250,0.063741,0.007380
104.779000,SAMPLE,3,6.368295,3.739278,-1.035220,6.249147,3.870322,-1.014802,6.422413,3.774399,-1.031136,0.177112,0.020418,0.064515,0.004084
104.871000,SAMPLE,3,6.377937,3.722950,-1.040136,6.259474,3.853614,-1.019731,6.432027,3.756433,-1.039212,0.176371,0.020406,0.063615,0.000925
104.971000,SAMPLE,3,6.386310,3.708531,-1.049690,6.269506,3.837095,-1.030625,6.441136,3.739495,-1.045830,0.173701,0.019065,0.062966,0.003860
105.071000,SAMPLE,3,6.396305,3.690927,-1.059263,6.279608,3.820067,-1.040099,6.453393,3.722185,-1.057327,0.174055,0.019164,0.065085,0.001936
105.166000,SAMPLE,3,6.405508,3.674353,-1.068737,6.289005,3.803881,-1.049573,6.463435,3.706636,-1.066913,0.174214,0.019164,0.066315,0.001823
105.262000,SAMPLE,3,6.414740,3.657360,-1.078107,6.298620,3.786947,-1.059046,6.473532,3.689658,-1.076843,0.174002,0.019060,0.067079,0.001264
105.346000,SAMPLE,3,6.423282,3.641246,-1.089985,6.306388,3.772959,-1.069725,6.482455,3.671362,-1.087225,0.176103,0.020260,0.066396,0.002760
105.445000,SAMPLE,3,6.430796,3.626649,-1.100117,6.315398,3.756255,-1.081512,6.490949,3.653791,-1.100920,0.173534,0.018604,0.065993,0.000803
105.536000,SAMPLE,3,6.439091,3.610160,-1.109148,6.322647,3.742513,-1.089091,6.499419,3.636953,-1.110664,0.176285,0.020057,0.066011,0.001516
105.631000,SAMPLE,3,6.447897,3.592303,-1.114854,6.331848,3.724755,-1.095065,6.509043,3.616524,-1.117778,0.176099,0.019789,0.065768,0.002924
105.721000,SAMPLE,3,6.455761,3.576210,-1.117822,6.340519,3.707861,-1.098223,6.509043,3.616524,-1.117778,0.174965,0.019600,0.066815,0.000045
105.808000,SAMPLE,3,6.462291,3.562722,-1.122996,6.347567,3.693991,-1.103923,6.518485,3.600055,-1.120445,0.174336,0.019074,0.067465,0.002551
105.904000,SAMPLE,3,6.470537,3.545357,-1.132091,6.356368,3.676325,-1.113396,6.525969,3.582974,-1.126928,0.173745,0.018695,0.066990,0.005163
105.992000,SAMPLE,3,6.477527,3.530298,-1.140617,6.362739,3.663259,-1.120975,6.534464,3.565454,-1.136262,0.175655,0.019642,0.066917,0.004355
106.086000,SAMPLE,3,6.485404,3.512915,-1.149933,6.371057,3.645814,-1.130449,6.543084,3.550245,-1.146046,0.175321,0.019484,0.068707,0.003887
106.182000,SAMPLE,3,6.493310,3.495102,-1.154504,6.379527,3.627696,-1.134820,6.550278,3.532799,-1.155147,0.174723,0.019684,0.068311,0.000643
106.274000,SAMPLE,3,6.500764,3.478244,-1.154504,6.386008,3.613784,-1.134820,6.557287,3.513395,-1.157323,0.177595,0.019684,0.066562,0.002819
106.369000,SAMPLE,3,6.508509,3.460685,-1.156799,6.394286,3.595984,-1.136873,6.565267,3.495645,-1.157572,0.177066,0.019927,0.066661,0.000773
106.457000,SAMPLE,3,6.514466,3.447086,-1.159136,6.400995,3.581458,-1.139399,6.565267,3.495645,-1.157572,0.175873,0.019737,0.070276,0.001564
106.551000,SAMPLE,3,6.521895,3.430002,-1.162199,6.408974,3.564052,-1.142557,6.582149,3.459163,-1.166040,0.175273,0.019643,0.066940,0.003840
106.642000,SAMPLE,3,6.529079,3.413303,-1.167303,6.416953,3.546450,-1.147915,6.582149,3.459163,-1.166040,0.174070,0.019388,0.070140,0.001263
106.734000,SAMPLE,3,6.536533,3.395806,-1.168220,6.423510,3.531856,-1.148610,6.589475,3.441965,-1.169226,0.176871,0.019610,0.070239,0.001006
106.831000,SAMPLE,3,6.544133,3.377914,-1.170642,6.431399,3.514259,-1.150757,6.598006,3.421508,-1.174708,0.176915,0.019885,0.069302,0.004066
106.922000,SAMPLE,3,6.549897,3.364269,-1.171696,6.439012,3.497173,-1.152462,6.605630,3.405450,-1.175649,0.173086,0.019234,0.069297,0.003953
107.013000,SAMPLE,3,6.557065,3.347202,-1.174633,6.445442,3.482660,-1.154988,6.613096,3.387607,-1.177063,0.175524,0.019644,0.069079,0.002430
107.103000,SAMPLE,3,6.563994,3.330569,-1.177664,6.452967,3.465546,-1.158146,6.620558,3.370295,-1.180182,0.174774,0.019518,0.069121,0.002517
107.195000,SAMPLE,3,6.570776,3.314147,-1.180687,6.458792,3.452193,-1.160673,6.626701,3.352227,-1.182193,0.177756,0.020015,0.067659,0.001506
107.276000,SAMPLE,3,6.576126,3.301095,-1.182940,6.465120,3.437589,-1.163199,6.634171,3.334610,-1.184781,0.175935,0.019741,0.067026,0.001841
107.363000,SAMPLE,3,6.582437,3.285580,-1.186719,6.472600,3.420181,-1.167707,6.639678,3.318110,-1.189090,0.173729,0.019012,0.065838,0.002372
107.456000,SAMPLE,3,6.589475,3.268025,-1.191313,6.478568,3.406099,-1.171383,6.649292,3.300025,-1.194275,0.177100,0.019930,0.067839,0.002961
107.545000,SAMPLE,3,6.596359,3.250729,-1.192103,6.486328,3.387666,-1.172520,6.657212,3.280983,-1.196561,0.175665,0.019583,0.067959,0.004458
107.644000,SAMPLE,3,6.602395,3.235560,-1.192103,6.493778,3.369959,-1.172520,6.662439,3.262886,-1.196264,0.172802,0.019583,0.065970,0.004161
107.736000,SAMPLE,3,6.608839,3.219367,-1.192429,6.499502,3.356356,-1.172804,6.669167,3.245767,-1.196563,0.175272,0.019624,0.065852,0.004134
107.828000,SAMPLE,3,6.615852,3.201647,-1.195439,6.507224,3.337907,-1.175962,6.669167,3.245767,-1.196563,0.174261,0.019476,0.069203,0.001124
107.918000,SAMPLE,3,6.622483,3.184746,-1.198439,6.513118,3.323713,-1.178488,6.677161,3.226906,-1.198755,0.176841,0.019950,0.069044,0.000316
108.014000,SAMPLE,3,6.628992,3.168021,-1.201492,6.520061,3.306856,-1.181646,6.682294,3.210520,-1.203907,0.176468,0.019845,0.068171,0.002415
108.108000,SAMPLE,3,6.635121,3.152157,-1.201842,6.527634,3.288345,-1.182152,6.689952,3.192688,-1.205784,0.173495,0.019690,0.068185,0.003943
108.193000,SAMPLE,3,6.641261,3.136340,-1.199126,6.533651,3.273701,-1.179625,6.697228,3.174238,-1.206351,0.174493,0.019500,0.067591,0.007225
108.292000,SAMPLE,3,6.648296,3.118375,-1.196558,6.540975,3.256021,-1.177036,6.704560,3.156207,-1.203653,0.174540,0.019522,0.067801,0.007095
108.378000,SAMPLE,3,6.654952,3.101424,-1.197095,6.547113,3.241246,-1.177162,6.711899,3.137604,-1.201708,0.176576,0.019932,0.067468,0.004613
108.465000,SAMPLE,3,6.661181,3.085508,-1.198516,6.554493,3.223429,-1.178931,6.719395,3.120218,-1.203241,0.174369,0.019585,0.067776,0.004725
108.545000,SAMPLE,3,6.665915,3.073367,-1.199599,6.560215,3.209552,-1.180383,6.726275,3.102568,-1.204974,0.172392,0.019216,0.067053,0.005375
108.639000,SAMPLE,3,6.672873,3.055409,-1.202640,6.566286,3.194749,-1.182910,6.733885,3.084363,-1.207279,0.175432,0.019731,0.067533,0.004639
108.735000,SAMPLE,3,6.679659,3.037743,-1.204762,6.573628,3.176701,-1.185367,6.733885,3.084363,-1.207279,0.174791,0.019395,0.071511,0.002517
108.822000,SAMPLE,3,6.686141,3.020930,-1.199311,6.580925,3.158817,-1.179723,6.741204,3.064497,-1.211278,0.173445,0.019588,0.070214,0.011967
108.913000,SAMPLE,3,6.692684,3.004276,-1.195123,6.586983,3.144235,-1.175636,6.747740,3.046653,-1.206150,0.175389,0.019487,0.069476,0.011027
109.003000,SAMPLE,3,6.698215,2.990253,-1.195123,6.594577,3.126029,-1.175636,6.754728,3.029265,-1.200379,0.170810,0.019487,0.068670,0.005256
109.102000,SAMPLE,3,6.705366,2.972119,-1.195597,6.601978,3.108279,-1.176488,6.761349,3.010015,-1.201445,0.170964,0.019108,0.067603,0.005849
109.200000,SAMPLE,3,6.712690,2.953440,-1.198754,6.608106,3.093499,-1.179015,6.767986,2.992800,-1.201967,0.174798,0.019740,0.067874,0.003213
109.290000,SAMPLE,3,6.719414,2.936138,-1.200663,6.615535,3.075441,-1.181223,6.776871,2.973157,-1.204445,0.173770,0.019440,0.068350,0.003782
109.387000,SAMPLE,3,6.726725,2.917369,-1.197802,6.623154,3.056949,-1.178433,6.783135,2.954132,-1.205450,0.173809,0.019369,0.067332,0.007647
109.483000,SAMPLE,3,6.732922,2.901562,-1.196697,6.630817,3.038475,-1.176854,6.792017,2.934374,-1.203047,0.170794,0.019843,0.067593,0.006350
109.580000,SAMPLE,3,6.739954,2.883728,-1.193634,6.636936,3.023806,-1.174328,6.797632,2.917894,-1.201590,0.173880,0.019306,0.067038,0.007956
109.679000,SAMPLE,3,6.747220,2.865436,-1.192497,6.644308,3.006248,-1.173002,6.804362,2.900266,-1.198307,0.174410,0.019496,0.066920,0.005810
109.772000,SAMPLE,3,6.754167,2.847922,-1.194550,6.652045,2.987805,-1.174960,6.810735,2.882200,-1.198257,0.173194,0.019590,0.066144,0.003707
109.869000,SAMPLE,3,6.761221,2.829985,-1.197739,6.659380,2.970176,-1.178117,6.817994,2.863271,-1.201129,0.173277,0.019622,0.065811,0.003389
109.958000,SAMPLE,3,6.767220,2.814592,-1.200645,6.664841,2.956943,-1.180644,6.824629,2.846271,-1.204055,0.175343,0.020001,0.065569,0.003411
110.043000,SAMPLE,3,6.772179,2.801802,-1.200334,6.672134,2.939181,-1.180373,6.831093,2.829623,-1.206052,0.169947,0.019961,0.065152,0.005718
110.133000,SAMPLE,3,6.778917,2.784529,-1.197397,6.678241,2.924393,-1.177846,6.838955,2.810497,-1.203112,0.172330,0.019550,0.065413,0.005716
110.217000,SAMPLE,3,6.784989,2.769092,-1.194681,6.684197,2.910077,-1.175320,6.838955,2.810497,-1.203112,0.173308,0.019361,0.068020,0.008431
110.313000,SAMPLE,3,6.792149,2.751004,-1.193702,6.691769,2.891988,-1.174152,6.845929,2.791070,-1.200368,0.173068,0.019550,0.067064,0.006666
110.407000,SAMPLE,3,6.799165,2.733290,-1.193702,6.699223,2.874191,-1.174152,6.853194,2.772137,-1.198759,0.172747,0.019550,0.066546,0.005056
110.503000,SAMPLE,3,6.806111,2.715700,-1.196165,6.706632,2.856455,-1.176552,6.859897,2.754835,-1.198696,0.172361,0.019614,0.066517,0.002531
110.591000,SAMPLE,3,6.811455,2.702063,-1.198470,6.712759,2.841675,-1.179078,6.867226,2.737216,-1.201022,0.170975,0.019393,0.065925,0.002551
110.684000,SAMPLE,3,6.818247,2.684598,-1.200811,6.720176,2.823646,-1.181086,6.874336,2.719204,-1.204117,0.170154,0.019725,0.065905,0.003307
110.771000,SAMPLE,3,6.824781,2.667855,-1.195133,6.726031,2.809471,-1.176041,6.881360,2.701858,-1.204923,0.172646,0.019092,0.066010,0.009790
110.851000,SAMPLE,3,6.830725,2.652904,-1.190724,6.732121,2.794971,-1.171386,6.888227,2.684355,-1.197154,0.172933,0.019338,0.065542,0.006430
110.951000,SAMPLE,3,6.838261,2.634077,-1.189966,6.739836,2.776736,-1.170407,6.896282,2.665545,-1.195995,0.173318,0.019559,0.066006,0.006030
111.037000,SAMPLE,3,6.843284,2.621529,-1.189966,6.745703,2.762874,-1.170407,6.896282,2.665545,-1.195995,0.171757,0.019559,0.068892,0.006030
111.118000,SAMPLE,3,6.849475,2.606049,-1.191562,6.751630,2.748855,-1.171765,6.903120,2.647439,-1.196349,0.173110,0.019798,0.067757,0.004787
111.207000,SAMPLE,3,6.856278,2.588909,-1.193620,6.759373,2.730414,-1.174123,6.910531,2.629579,-1.197666,0.171506,0.019497,0.067804,0.004046
111.300000,SAMPLE,3,6.863428,2.570972,-1.189141,6.767140,2.711984,-1.169562,6.918422,2.610134,-1.199714,0.170751,0.019579,0.067514,0.010573
111.397000,SAMPLE,3,6.870616,2.553210,-1.183515,6.773218,2.697754,-1.164536,6.926527,2.591968,-1.194956,0.174297,0.018979,0.068031,0.011441
111.495000,SAMPLE,3,6.876889,2.537887,-1.181368,6.781150,2.679394,-1.161852,6.930884,2.573578,-1.187771,0.170852,0.019516,0.064725,0.006404
111.579000,SAMPLE,3,6.883351,2.522140,-1.181368,6.787315,2.665167,-1.161852,6.938586,2.555123,-1.185811,0.172278,0.019516,0.064333,0.004444
111.675000,SAMPLE,3,6.890667,2.504258,-1.184330,6.795084,2.647196,-1.164631,6.945676,2.537196,-1.185752,0.171951,0.019699,0.064116,0.001422
111.770000,SAMPLE,3,6.898181,2.485711,-1.187519,6.802887,2.628975,-1.167788,6.954329,2.519210,-1.190112,0.172063,0.019731,0.065382,0.002593
111.854000,SAMPLE,3,6.903093,2.473491,-1.189730,6.808748,2.615179,-1.170315,6.961480,2.501555,-1.193199,0.170225,0.019415,0.064782,0.003469
111.953000,SAMPLE,3,6.909990,2.456199,-1.192209,6.815839,2.598360,-1.172623,6.969936,2.485146,-1.197284,0.170512,0.019586,0.066569,0.005075
112.052000,SAMPLE,3,6.917530,2.437313,-1.189408,6.823542,2.580108,-1.169912,6.976988,2.463560,-1.196577,0.170951,0.019496,0.064994,0.007168
112.138000,SAMPLE,3,6.923787,2.421771,-1.186566,6.829429,2.566266,-1.167386,6.976988,2.463560,-1.196577,0.172575,0.019181,0.067650,0.010010
112.235000,SAMPLE,3,6.931159,2.403550,-1.187415,6.836977,2.548612,-1.167499,6.983854,2.447581,-1.193922,0.172954,0.019916,0.068669,0.006507
112.330000,SAMPLE,3,6.937321,2.388216,-1.190036,6.844731,2.530359,-1.170657,6.989829,2.430125,-1.191594,0.169640,0.019379,0.067182,0.001557
112.424000,SAMPLE,3,6.944008,2.371439,-1.193068,6.851979,2.513150,-1.173815,6.999276,2.412729,-1.195435,0.168972,0.019253,0.068988,0.002367
112.511000,SAMPLE,3,6.950760,2.354299,-1.199397,6.857936,2.498846,-1.179286,7.004931,2.394515,-1.197329,0.171785,0.020111,0.067468,0.002068
112.602000,SAMPLE,3,6.957219,2.337501,-1.208211,6.865187,2.481045,-1.188760,7.012160,2.377032,-1.203494,0.170513,0.019451,0.067685,0.004717
112.694000,SAMPLE,3,6.962288,2.323995,-1.216100,6.870682,2.467213,-1.197138,7.018984,2.359542,-1.212880,0.170008,0.018961,0.066919,0.003220
112.790000,SAMPLE,3,6.969078,2.305241,-1.231284,6.877772,2.448725,-1.212520,7.025726,2.344144,-1.224190,0.170073,0.018764,0.068720,0.007094
112.877000,SAMPLE,3,6.974982,2.288123,-1.246126,6.882997,2.434497,-1.225152,7.032197,2.324731,-1.239936,0.172877,0.020974,0.067924,0.006190
112.967000,SAMPLE,3,6.980384,2.271694,-1.260504,6.889201,2.416828,-1.240941,7.038349,2.305022,-1.255500,0.171401,0.019563,0.066863,0.005005
113.055000,SAMPLE,3,6.985760,2.254514,-1.274763,6.894239,2.401809,-1.253573,7.038349,2.305022,-1.255500,0.173412,0.021190,0.072915,0.019263
113.155000,SAMPLE,3,6.991310,2.235783,-1.291026,6.899959,2.383911,-1.269362,7.048207,2.268030,-1.284931,0.174031,0.021664,0.065399,0.006095
113.245000,SAMPLE,3,6.995386,2.221273,-1.303026,6.905554,2.365391,-1.285152,7.053752,2.250137,-1.301181,0.169822,0.017874,0.065112,0.001845
113.343000,SAMPLE,3,7.000434,2.202302,-1.318815,6.910823,2.346917,-1.300941,7.058492,2.231538,-1.316870,0.170128,0.017874,0.065003,0.001945
113.424000,SAMPLE,3,7.004355,2.186637,-1.332552,6.914605,2.332903,-1.313573,7.058492,2.231538,-1.316870,0.171607,0.018980,0.070334,0.015682
113.520000,SAMPLE,3,7.008768,2.167839,-1.348074,6.918450,2.317893,-1.326204,7.068101,2.194475,-1.349050,0.175139,0.021870,0.065038,0.000976
113.611000,SAMPLE,3,7.012046,2.152950,-1.360393,6.922984,2.299106,-1.341994,7.068101,2.194475,-1.349050,0.171154,0.018400,0.069761,0.011344
113.703000,SAMPLE,3,7.015722,2.135077,-1.375867,6.926978,2.281328,-1.357783,7.072971,2.175544,-1.364934,0.171070,0.018084,0.070108,0.010933
113.795000,SAMPLE,3,7.019243,2.116507,-1.391025,6.930178,2.266060,-1.370415,7.077159,2.156313,-1.380800,0.174065,0.020610,0.070277,0.010225
113.887000,SAMPLE,3,7.022404,2.098505,-1.402023,6.933888,2.247158,-1.382402,7.080987,2.136557,-1.396289,0.173011,0.019622,0.069856,0.005734
113.980000,SAMPLE,3,7.025345,2.080761,-1.411307,6.937207,2.229295,-1.391875,7.084465,2.117324,-1.407191,0.172716,0.019432,0.069513,0.004117
114.071000,SAMPLE,3,7.027693,2.065827,-1.418629,6.939927,2.213913,-1.399454,7.087543,2.097066,-1.417667,0.172140,0.019175,0.067512,0.000963
114.164000,SAMPLE,3,7.030390,2.047712,-1.427643,6.943071,2.195228,-1.408928,7.091735,2.077740,-1.427473,0.171422,0.018715,0.068300,0.000169
114.249000,SAMPLE,3,7.032676,2.031368,-1.436074,6.945390,2.180675,-1.416507,7.094024,2.059567,-1.437074,0.172949,0.019567,0.067519,0.001000
114.337000,SAMPLE,3,7.035117,2.012751,-1.444885,6.947789,2.164856,-1.424086,7.094024,2.059567,-1.437074,0.175391,0.020799,0.075245,0.007811
114.431000,SAMPLE,3,7.037374,1.994264,-1.453979,6.950526,2.145714,-1.433560,7.095705,2.039207,-1.446041,0.174584,0.020420,0.073638,0.007939
114.522000,SAMPLE,3,7.039015,1.979831,-1.461365,6.952997,2.127172,-1.443033,7.098799,2.020001,-1.455437,0.170613,0.018331,0.072026,0.005928
114.618000,SAMPLE,3,7.041105,1.959953,-1.470900,6.954961,2.111410,-1.450612,7.100479,2.001616,-1.464890,0.174241,0.020288,0.072534,0.006010
114.703000,SAMPLE,3,7.042698,1.943378,-1.479237,6.957117,2.092830,-1.460086,7.103499,1.984065,-1.474817,0.172221,0.019151,0.073159,0.004419
114.796000,SAMPLE,3,7.044256,1.925517,-1.488426,6.958660,2.078449,-1.467665,7.105048,1.963368,-1.484385,0.175256,0.020761,0.071613,0.004042
114.888000,SAMPLE,3,7.045713,1.906869,-1.497331,6.960605,2.058755,-1.477138,7.105868,1.946398,-1.493540,0.174106,0.020193,0.071980,0.003792
114.985000,SAMPLE,3,7.046797,1.891340,-1.505100,6.962266,2.040135,-1.486612,7.107728,1.926550,-1.502910,0.171130,0.018488,0.070374,0.002190
115.077000,SAMPLE,3,7.047874,1.873750,-1.514195,6.963430,2.025676,-1.494191,7.108722,1.907584,-1.512391,0.173817,0.020003,0.069622,0.001804
115.168000,SAMPLE,3,7.048884,1.854382,-1.523384,6.964854,2.005906,-1.503665,7.110156,1.889028,-1.521698,0.173265,0.019719,0.070390,0.001686
115.259000,SAMPLE,3,7.049646,1.836683,-1.532289,6.965806,1.990895,-1.511244,7.110838,1.867413,-1.530666,0.175529,0.021046,0.068475,0.001623
115.350000,SAMPLE,3,7.050262,1.818657,-1.541005,6.966854,1.971765,-1.520717,7.111083,1.848943,-1.540288,0.174353,0.020288,0.067945,0.000717
115.445000,SAMPLE,3,7.050761,1.799935,-1.546137,6.967752,1.952523,-1.526362,7.110723,1.828483,-1.548701,0.173706,0.019775,0.066411,0.002564
115.538000,SAMPLE,3,7.051103,1.785350,-1.548663,6.968381,1.937958,-1.528888,7.110723,1.828483,-1.548701,0.173586,0.019775,0.073587,0.000038
115.634000,SAMPLE,3,7.051492,1.766441,-1.551758,6.969154,1.918795,-1.532046,7.112417,1.789719,-1.554663,0.173180,0.019712,0.065220,0.002905
115.722000,SAMPLE,3,7.051809,1.748427,-1.554695,6.969871,1.899503,-1.535204,7.113266,1.770716,-1.557735,0.171865,0.019491,0.065373,0.003040
115.812000,SAMPLE,3,7.052055,1.731665,-1.557600,6.970370,1.885006,-1.537731,7.113266,1.770716,-1.557735,0.173741,0.019869,0.072606,0.000135
115.913000,SAMPLE,3,7.052288,1.711560,-1.560852,6.970977,1.865710,-1.540888,7.112184,1.735255,-1.564126,0.174281,0.019964,0.064413,0.003273
116.005000,SAMPLE,3,7.052422,1.696236,-1.563379,6.971517,1.846655,-1.544046,7.112184,1.735255,-1.564126,0.170796,0.019332,0.071373,0.000747
116.102000,SAMPLE,3,7.052526,1.678534,-1.566441,6.971981,1.828197,-1.547204,7.113171,1.717031,-1.566940,0.169960,0.019237,0.071833,0.000499
116.199000,SAMPLE,3,7.052603,1.658551,-1.565600,6.972356,1.812202,-1.546431,7.112610,1.698006,-1.569886,0.173344,0.019169,0.071815,0.004286
116.293000,SAMPLE,3,7.052736,1.640122,-1.563361,6.972866,1.793061,-1.543638,7.112795,1.677997,-1.568826,0.172539,0.019722,0.071005,0.005465
116.380000,SAMPLE,3,7.052837,1.623149,-1.566266,6.973337,1.774625,-1.546796,7.113321,1.659693,-1.567950,0.171071,0.019469,0.070666,0.001684
116.467000,SAMPLE,3,7.052893,1.605398,-1.569108,6.973695,1.758871,-1.549323,7.113321,1.659693,-1.567950,0.172703,0.019785,0.081237,0.001158
116.565000,SAMPLE,3,7.052898,1.589216,-1.571823,6.974067,1.740180,-1.552481,7.114386,1.618811,-1.573183,0.170307,0.019343,0.068239,0.001359
116.650000,SAMPLE,3,7.052859,1.572909,-1.574634,6.974316,1.725551,-1.555007,7.113176,1.601728,-1.576619,0.171664,0.019627,0.066849,0.001986
116.741000,SAMPLE,3,7.052755,1.553510,-1.577728,6.974597,1.705827,-1.558165,7.113544,1.582282,-1.579792,0.171198,0.019564,0.067254,0.002064
116.822000,SAMPLE,3,7.052652,1.540688,-1.579876,6.974767,1.690912,-1.560691,7.113544,1.582282,-1.579792,0.169214,0.019185,0.073742,0.000084
116.918000,SAMPLE,3,7.052457,1.522270,-1.582400,6.974895,1.676449,-1.562867,7.113464,1.563387,-1.582865,0.172589,0.019532,0.073570,0.000465
117.006000,SAMPLE,3,7.052281,1.504324,-1.578398,6.975088,1.656640,-1.558725,7.114132,1.544397,-1.585466,0.170759,0.019672,0.073698,0.007069
117.104000,SAMPLE,3,7.052129,1.485216,-1.580169,6.975307,1.637936,-1.560483,7.113690,1.525819,-1.581522,0.170953,0.019685,0.073745,0.001353
117.199000,SAMPLE,3,7.051961,1.469462,-1.582726,6.975447,1.622441,-1.563010,7.114481,1.507888,-1.583001,0.171047,0.019717,0.073385,0.000275
117.281000,SAMPLE,3,7.051740,1.452788,-1.585442,6.975567,1.603147,-1.566167,7.114786,1.487723,-1.586175,0.168553,0.019275,0.072078,0.000733
117.363000,SAMPLE,3,7.051482,1.436681,-1.588221,6.975616,1.588652,-1.568694,7.114742,1.469187,-1.589233,0.169856,0.019527,0.071123,0.001012
117.450000,SAMPLE,3,7.051151,1.419123,-1.591063,6.975629,1.573052,-1.571220,7.113388,1.450943,-1.592312,0.171458,0.019843,0.069900,0.001249
117.540000,SAMPLE,3,7.050756,1.400931,-1.593968,6.975590,1.553337,-1.574378,7.113388,1.450943,-1.592312,0.169933,0.019590,0.080149,0.001656
117.633000,SAMPLE,3,7.050395,1.386147,-1.596526,6.975520,1.538800,-1.576904,7.113832,1.411682,-1.599842,0.170027,0.019622,0.068383,0.003316
117.733000,SAMPLE,3,7.049891,1.366907,-1.595667,6.975394,1.519495,-1.575862,7.113179,1.391315,-1.600884,0.169802,0.019805,0.067832,0.005217
117.821000,SAMPLE,3,7.049516,1.349308,-1.587782,6.975374,1.500232,-1.567178,7.113179,1.391315,-1.600884,0.168152,0.020604,0.076273,0.013103
117.911000,SAMPLE,3,7.049303,1.332506,-1.578971,6.975481,1.485675,-1.559599,7.113568,1.370979,-1.593913,0.170030,0.019372,0.074901,0.014942
118.008000,SAMPLE,3,7.049237,1.313452,-1.569592,6.975792,1.466309,-1.550125,7.111681,1.354810,-1.583822,0.169586,0.019467,0.074898,0.014229
118.096000,SAMPLE,3,7.049309,1.298549,-1.562653,6.976169,1.450861,-1.542946,7.111563,1.336112,-1.574310,0.168962,0.019707,0.072709,0.011657
118.186000,SAMPLE,3,7.049465,1.281459,-1.561985,6.976708,1.432163,-1.542528,7.112453,1.315680,-1.566571,0.167348,0.019457,0.071684,0.004586
118.272000,SAMPLE,3,7.049596,1.263804,-1.564764,6.977140,1.416169,-1.545054,7.112504,1.297326,-1.567638,0.168716,0.019710,0.071282,0.002874
118.363000,SAMPLE,3,7.049681,1.245258,-1.567795,6.977605,1.396922,-1.548212,7.113062,1.277571,-1.570553,0.167919,0.019583,0.071143,0.002757
118.454000,SAMPLE,3,7.049707,1.227377,-1.570795,6.977922,1.382062,-1.550738,7.113379,1.258835,-1.573760,0.170530,0.020057,0.071019,0.002965
118.547000,SAMPLE,3,7.049706,1.211398,-1.569772,6.978317,1.362066,-1.549546,7.112977,1.239403,-1.575550,0.166726,0.020225,0.069192,0.005779
118.644000,SAMPLE,3,7.049774,1.192344,-1.565342,6.978765,1.343103,-1.545431,7.113032,1.220839,-1.571343,0.166645,0.019911,0.069379,0.006001
118.737000,SAMPLE,3,7.049900,1.174440,-1.562248,6.979152,1.328561,-1.542904,7.112628,1.202709,-1.568130,0.169584,0.019343,0.068804,0.005883
118.835000,SAMPLE,3,7.050099,1.154746,-1.559090,6.979737,1.308706,-1.539746,7.112457,1.182829,-1.564856,0.169277,0.019343,0.068390,0.005766
118.935000,SAMPLE,3,7.050351,1.135759,-1.555869,6.980351,1.289916,-1.536588,7.112987,1.163364,-1.561895,0.169307,0.019280,0.068450,0.006026
119.022000,SAMPLE,3,7.050588,1.121076,-1.553819,6.981039,1.270645,-1.534381,7.112987,1.163364,-1.561895,0.164947,0.019438,0.075379,0.008076
119.122000,SAMPLE,3,7.050882,1.101456,-1.559403,6.981691,1.251466,-1.540810,7.114085,1.125106,-1.563979,0.165198,0.018593,0.067483,0.004576
119.207000,SAMPLE,3,7.051003,1.084823,-1.567929,6.982073,1.236913,-1.548388,7.114085,1.125106,-1.563979,0.166981,0.019541,0.074847,0.003950
119.299000,SAMPLE,3,7.050993,1.066156,-1.572861,6.982372,1.221506,-1.553217,7.114082,1.104312,-1.573162,0.169830,0.019643,0.073730,0.000301
119.392000,SAMPLE,3,7.050973,1.048159,-1.570486,6.982726,1.202172,-1.551033,7.114323,1.088248,-1.578035,0.168457,0.019452,0.074970,0.007549
119.476000,SAMPLE,3,7.050998,1.032623,-1.567770,6.983033,1.187565,-1.548507,7.114080,1.069085,-1.575371,0.169193,0.019263,0.072861,0.007601
119.553000,SAMPLE,3,7.051050,1.019855,-1.565686,6.983394,1.172264,-1.545981,7.112905,1.050142,-1.572490,0.166750,0.019705,0.068872,0.006804
119.652000,SAMPLE,3,7.051180,1.000296,-1.562560,6.983917,1.152450,-1.542823,7.113674,1.028162,-1.569223,0.166358,0.019737,0.068425,0.006663
119.738000,SAMPLE,3,7.051336,0.984099,-1.559749,6.984345,1.137814,-1.540296,7.113674,1.028162,-1.569223,0.167678,0.019453,0.076339,0.009474
119.827000,SAMPLE,3,7.051558,0.966381,-1.556844,6.984962,1.118624,-1.537138,7.113833,0.993285,-1.563109,0.166171,0.019706,0.067838,0.006264
119.913000,SAMPLE,3,7.051819,0.949324,-1.554034,6.985500,1.103212,-1.534612,7.113833,0.993285,-1.563109,0.167571,0.019422,0.076015,0.009075
120.007000,SAMPLE,3,7.052075,0.934600,-1.553291,6.986175,1.084982,-1.533570,7.113962,0.974739,-1.560257,0.164188,0.019721,0.073764,0.006966
120.096000,SAMPLE,3,7.052385,0.916889,-1.553291,6.986753,1.069477,-1.533570,7.114691,0.955975,-1.559332,0.166105,0.019721,0.073551,0.006041
120.191000,SAMPLE,3,7.052723,0.897607,-1.553291,6.987472,1.050175,-1.533570,7.115028,0.936818,-1.559195,0.165936,0.019721,0.073616,0.005904
120.285000,SAMPLE,3,7.053037,0.879705,-1.553291,6.988167,1.031504,-1.533570,7.114959,0.917406,-1.559281,0.165078,0.019721,0.072496,0.005990
120.380000,SAMPLE,3,7.053383,0.859908,-1.553290,6.988912,1.011518,-1.533570,7.115163,0.898242,-1.559339,0.164748,0.019721,0.072706,0.006048
120.477000,SAMPLE,3,7.053654,0.844467,-1.553290,6.989478,0.996307,-1.533570,7.115472,0.877358,-1.559783,0.164846,0.019721,0.070024,0.006492
120.561000,SAMPLE,3,7.053939,0.828197,-1.553290,6.990167,0.977815,-1.533570,7.116402,0.857554,-1.559273,0.162642,0.019720,0.069018,0.005983
120.652000,SAMPLE,3,7.054271,0.809221,-1.553290,6.990756,0.962005,-1.533570,7.116470,0.839637,-1.559066,0.165460,0.019720,0.069238,0.005776
120.742000,SAMPLE,3,7.054575,0.791854,-1.553290,6.991450,0.943354,-1.533570,7.117059,0.820366,-1.559067,0.164125,0.019720,0.068682,0.005777
120.831000,SAMPLE,3,7.054878,0.774542,-1.553290,6.991993,0.928775,-1.533570,7.117365,0.801911,-1.559036,0.166560,0.019720,0.068218,0.005746
120.926000,SAMPLE,3,7.055159,0.758558,-1.552640,6.992740,0.908789,-1.532470,7.117365,0.801911,-1.559036,0.162682,0.020170,0.075823,0.006396
121.019000,SAMPLE,3,7.055558,0.739970,-1.544066,6.993376,0.893360,-1.525520,7.117560,0.781357,-1.558845,0.165515,0.018546,0.074547,0.014779
121.115000,SAMPLE,3,7.056173,0.721991,-1.529803,6.994359,0.874776,-1.510780,7.117601,0.762465,-1.550866,0.164816,0.019023,0.073563,0.021063
121.200000,SAMPLE,3,7.056994,0.703992,-1.520693,6.995646,0.855039,-1.500833,7.117804,0.744544,-1.536007,0.163030,0.019860,0.073091,0.015314
121.290000,SAMPLE,3,7.057764,0.689663,-1.513398,6.996751,0.840069,-1.493254,7.118730,0.725536,-1.525325,0.162310,0.020144,0.070737,0.011927
121.376000,SAMPLE,3,7.058737,0.673890,-1.504540,6.997931,0.825612,-1.485225,7.119115,0.707207,-1.515908,0.163453,0.019315,0.068959,0.011368
121.468000,SAMPLE,3,7.060060,0.655536,-1.494085,6.999742,0.805916,-1.474051,7.120643,0.687212,-1.504260,0.162026,0.020033,0.068364,0.010175
121.561000,SAMPLE,3,7.061549,0.637257,-1.484706,7.001632,0.787338,-1.464578,7.122286,0.669934,-1.494852,0.161599,0.020128,0.068969,0.010146
121.653000,SAMPLE,3,7.063127,0.619910,-1.475706,7.003247,0.772733,-1.456999,7.122286,0.669934,-1.494852,0.164135,0.018707,0.077474,0.019146
121.751000,SAMPLE,3,7.064725,0.603630,-1.470263,7.005568,0.753069,-1.449925,7.125075,0.631114,-1.478131,0.160723,0.020338,0.066314,0.007868
121.843000,SAMPLE,3,7.066590,0.585771,-1.464742,7.007886,0.734497,-1.444986,7.127892,0.613398,-1.470969,0.159893,0.019756,0.067240,0.006227
121.930000,SAMPLE,3,7.068461,0.568208,-1.464730,7.009831,0.719125,-1.444986,7.130316,0.594952,-1.470015,0.161906,0.019744,0.067389,0.005285
122.025000,SAMPLE,3,7.070493,0.549125,-1.464730,7.012313,0.699503,-1.444986,7.130316,0.594952,-1.470015,0.161240,0.019744,0.075358,0.005285
122.109000,SAMPLE,3,7.072188,0.533204,-1.464730,7.014141,0.685049,-1.444986,7.131477,0.573755,-1.469573,0.162562,0.019744,0.071830,0.004843
122.205000,SAMPLE,3,7.073884,0.517277,-1.465172,7.016582,0.665729,-1.445775,7.132858,0.555375,-1.469347,0.159127,0.019397,0.070209,0.004175
122.295000,SAMPLE,3,7.075806,0.499000,-1.466690,7.018492,0.650459,-1.446817,7.134800,0.536944,-1.469964,0.161940,0.019873,0.070143,0.003274
122.387000,SAMPLE,3,7.077574,0.481944,-1.468208,7.020730,0.632365,-1.448523,7.137335,0.517331,-1.471464,0.160803,0.019685,0.069452,0.003256
122.483000,SAMPLE,3,7.079535,0.462627,-1.470215,7.023072,0.613075,-1.450430,7.139977,0.501690,-1.473543,0.160694,0.019785,0.071967,0.003328
122.571000,SAMPLE,3,7.081364,0.444885,-1.464520,7.025003,0.597351,-1.445612,7.142029,0.480756,-1.474505,0.162550,0.018908,0.070477,0.009985
122.660000,SAMPLE,3,7.083194,0.428377,-1.455994,7.026943,0.582392,-1.438033,7.141770,0.461879,-1.467079,0.163966,0.017960,0.067480,0.011086
122.747000,SAMPLE,3,7.084924,0.413846,-1.449397,7.029572,0.563394,-1.429459,7.144839,0.442841,-1.457262,0.159463,0.019938,0.066562,0.007864
122.845000,SAMPLE,3,7.087188,0.395444,-1.449112,7.032258,0.544617,-1.429886,7.144839,0.442841,-1.457262,0.158966,0.019226,0.074634,0.008150
122.934000,SAMPLE,3,7.089228,0.378289,-1.456714,7.034252,0.530250,-1.436478,7.145415,0.425122,-1.454622,0.161600,0.020237,0.073146,0.002093
123.035000,SAMPLE,3,7.091449,0.358058,-1.466377,7.036817,0.510574,-1.445951,7.150229,0.385335,-1.469270,0.162005,0.020426,0.064801,0.002893
123.130000,SAMPLE,3,7.093292,0.339691,-1.474385,7.039064,0.491973,-1.454425,7.150229,0.385335,-1.469270,0.161649,0.019960,0.072974,0.005115
123.224000,SAMPLE,3,7.094985,0.321882,-1.476639,7.041160,0.473756,-1.456928,7.154389,0.347004,-1.483357,0.161130,0.019711,0.064498,0.006719
123.320000,SAMPLE,3,7.096525,0.305748,-1.474312,7.042983,0.457955,-1.454704,7.154389,0.347004,-1.483357,0.161350,0.019608,0.071065,0.009045
123.416000,SAMPLE,3,7.098358,0.287111,-1.471155,7.045195,0.439244,-1.451546,7.155732,0.324818,-1.482057,0.161154,0.019608,0.068656,0.010902
123.515000,SAMPLE,3,7.100286,0.268142,-1.468000,7.047515,0.420142,-1.448388,7.157981,0.307014,-1.478248,0.160900,0.019611,0.069568,0.010248
123.603000,SAMPLE,3,7.102160,0.250095,-1.467238,7.049937,0.400576,-1.447504,7.161111,0.288468,-1.473494,0.159285,0.019734,0.070340,0.006256
123.696000,SAMPLE,3,7.103996,0.232431,-1.467238,7.051786,0.385658,-1.447504,7.162729,0.269367,-1.472506,0.161877,0.019734,0.069382,0.005268
123.773000,SAMPLE,3,7.105321,0.219692,-1.467238,7.053678,0.370385,-1.447504,7.164520,0.251496,-1.472838,0.159297,0.019734,0.067201,0.005600
123.860000,SAMPLE,3,7.107209,0.201527,-1.467238,7.055641,0.354549,-1.447504,7.165690,0.231309,-1.472985,0.161477,0.019734,0.065628,0.005747
123.955000,SAMPLE,3,7.108996,0.184334,-1.467238,7.057888,0.336414,-1.447504,7.167811,0.212954,-1.472976,0.160437,0.019734,0.065409,0.005738
124.049000,SAMPLE,3,7.110959,0.165445,-1.467901,7.060261,0.317255,-1.448104,7.169193,0.194092,-1.473127,0.160051,0.019797,0.064900,0.005226
124.143000,SAMPLE,3,7.112890,0.146596,-1.469512,7.062633,0.297884,-1.449809,7.170809,0.175699,-1.474012,0.159417,0.019702,0.064820,0.004501
124.230000,SAMPLE,3,7.114567,0.129961,-1.471040,7.064429,0.283034,-1.451009,7.170809,0.175699,-1.474012,0.161075,0.020031,0.072492,0.002972
124.328000,SAMPLE,3,7.116208,0.113463,-1.471750,7.066765,0.263489,-1.451957,7.172931,0.156111,-1.475352,0.157963,0.019793,0.070968,0.003602
124.417000,SAMPLE,3,7.118063,0.094797,-1.471750,7.068597,0.248145,-1.451957,7.174297,0.136368,-1.476586,0.161129,0.019793,0.069932,0.004836
124.504000,SAMPLE,3,7.119644,0.078881,-1.472239,7.070813,0.229572,-1.452651,7.176281,0.116352,-1.476759,0.158405,0.019588,0.067910,0.004520
124.593000,SAMPLE,3,7.121468,0.060399,-1.470826,7.072697,0.213683,-1.451628,7.177451,0.097878,-1.477337,0.160856,0.019198,0.067370,0.006511
124.680000,SAMPLE,3,7.123305,0.042750,-1.462731,7.074638,0.197897,-1.444786,7.178847,0.078604,-1.474889,0.162601,0.017946,0.066108,0.012158
124.780000,SAMPLE,3,7.125072,0.027041,-1.454679,7.077095,0.179205,-1.435312,7.181223,0.060131,-1.465439,0.159549,0.019367,0.065175,0.010760
124.880000,SAMPLE,3,7.127405,0.007705,-1.448390,7.080322,0.156294,-1.428275,7.183692,0.040834,-1.456944,0.155870,0.020115,0.065313,0.008554
124.977000,SAMPLE,3,7.129760,-0.011202,-1.445264,7.082524,0.141084,-1.425749,7.185023,0.021571,-1.453182,0.159444,0.019515,0.064250,0.007917
125.075000,SAMPLE,3,7.132160,-0.029958,-1.441114,7.085236,0.122726,-1.421941,7.187181,0.003861,-1.450634,0.159732,0.019173,0.064584,0.009521
125.153000,SAMPLE,3,7.134319,-0.046065,-1.433635,7.087664,0.106911,-1.414744,7.189346,-0.015658,-1.444847,0.159932,0.018891,0.062870,0.011212
125.251000,SAMPLE,3,7.137007,-0.064896,-1.424161,7.090753,0.087855,-1.405270,7.191921,-0.037309,-1.435418,0.159600,0.018891,0.061454,0.011257
125.332000,SAMPLE,3,7.138839,-0.077033,-1.418295,7.093266,0.073152,-1.398441,7.194816,-0.056139,-1.425911,0.156947,0.019854,0.059749,0.007616
125.421000,SAMPLE,3,7.141696,-0.095270,-1.411284,7.096763,0.053460,-1.390567,7.194816,-0.056139,-1.425911,0.155370,0.020717,0.065977,0.014627
125.514000,SAMPLE,3,7.144724,-0.113565,-1.402095,7.099578,0.038330,-1.382988,7.197323,-0.075668,-1.418837,0.158462,0.019106,0.064829,0.016742
125.604000,SAMPLE,3,7.147801,-0.131161,-1.393189,7.103249,0.019506,-1.373515,7.199676,-0.095976,-1.410201,0.157117,0.019675,0.062682,0.017012
125.694000,SAMPLE,3,7.150527,-0.146122,-1.389181,7.106398,0.003969,-1.369536,7.203590,-0.114917,-1.400666,0.156445,0.019645,0.061558,0.011485
125.788000,SAMPLE,3,7.153842,-0.164255,-1.391354,7.110123,-0.014372,-1.371851,7.205917,-0.136169,-1.396685,0.156129,0.019503,0.059166,0.005331
125.878000,SAMPLE,3,7.157047,-0.182158,-1.396406,7.113136,-0.029485,-1.376528,7.209503,-0.153037,-1.399893,0.158862,0.019878,0.059997,0.003487
125.968000,SAMPLE,3,7.160159,-0.199853,-1.395758,7.116945,-0.048894,-1.376159,7.213213,-0.172805,-1.405024,0.157023,0.019599,0.059551,0.009266
126.061000,SAMPLE,3,7.163297,-0.217442,-1.392727,7.120579,-0.067178,-1.373001,7.215770,-0.190891,-1.402847,0.156218,0.019725,0.058808,0.010121
126.158000,SAMPLE,3,7.166825,-0.236958,-1.391872,7.123645,-0.082431,-1.372338,7.219015,-0.209641,-1.398899,0.160447,0.019534,0.058906,0.007027
126.254000,SAMPLE,3,7.169561,-0.252082,-1.391872,7.127460,-0.101399,-1.372338,7.221733,-0.229505,-1.398902,0.156455,0.019534,0.056848,0.007030
126.344000,SAMPLE,3,7.172715,-0.269526,-1.391872,7.131056,-0.119283,-1.372338,7.225680,-0.246838,-1.398812,0.155912,0.019534,0.057619,0.006940
126.440000,SAMPLE,3,7.175983,-0.287652,-1.392951,7.134890,-0.138418,-1.373270,7.225680,-0.246838,-1.398812,0.154788,0.019681,0.064308,0.005861
126.531000,SAMPLE,3,7.179279,-0.305934,-1.391798,7.138005,-0.153951,-1.372428,7.229419,-0.266954,-1.399393,0.157488,0.019370,0.063510,0.007595
126.619000,SAMPLE,3,7.182331,-0.322564,-1.385516,7.141011,-0.168754,-1.367436,7.231505,-0.285396,-1.399012,0.159263,0.018080,0.061641,0.013496
126.716000,SAMPLE,3,7.185782,-0.340516,-1.377327,7.144760,-0.186510,-1.358562,7.235097,-0.302002,-1.393791,0.159375,0.018765,0.062571,0.016465
126.812000,SAMPLE,3,7.188921,-0.356405,-1.373825,7.148977,-0.205888,-1.354130,7.240022,-0.318429,-1.384390,0.155727,0.019695,0.063667,0.010564
126.903000,SAMPLE,3,7.192435,-0.373760,-1.369175,7.153040,-0.224103,-1.349473,7.242212,-0.338523,-1.379362,0.154754,0.019703,0.060987,0.010187
126.988000,SAMPLE,3,7.195927,-0.390706,-1.366785,7.156470,-0.239257,-1.347357,7.246110,-0.357715,-1.375207,0.156505,0.019429,0.060057,0.008422
127.087000,SAMPLE,3,7.199896,-0.409889,-1.366785,7.160732,-0.258010,-1.347357,7.249477,-0.376639,-1.372927,0.156847,0.019429,0.059698,0.006142
127.180000,SAMPLE,3,7.203389,-0.426775,-1.366785,7.163967,-0.272247,-1.347357,7.252795,-0.395552,-1.372895,0.159476,0.019429,0.058445,0.006110
127.267000,SAMPLE,3,7.206255,-0.440559,-1.363621,7.168231,-0.290925,-1.343373,7.255479,-0.413724,-1.372798,0.154390,0.020249,0.056063,0.009177
127.358000,SAMPLE,3,7.210081,-0.458379,-1.354905,7.171898,-0.306499,-1.335794,7.260472,-0.431266,-1.365861,0.156606,0.019112,0.057222,0.010955
127.421000,SAMPLE,3,7.212930,-0.471179,-1.348463,7.175577,-0.321615,-1.328215,7.260472,-0.431266,-1.365861,0.154158,0.020249,0.062075,0.017397
127.510000,SAMPLE,3,7.216840,-0.488133,-1.340656,7.179201,-0.336030,-1.321536,7.264958,-0.451295,-1.356590,0.156691,0.019120,0.060599,0.015934
127.592000,SAMPLE,3,7.220683,-0.504503,-1.341396,7.183160,-0.351533,-1.321457,7.268886,-0.469547,-1.348167,0.157506,0.019939,0.059544,0.006771
127.684000,SAMPLE,3,7.224267,-0.520063,-1.348185,7.187957,-0.370667,-1.329746,7.272028,-0.490647,-1.349251,0.153746,0.018439,0.056093,0.001066
127.781000,SAMPLE,3,7.228684,-0.539916,-1.353655,7.192607,-0.389848,-1.334220,7.275663,-0.509320,-1.358991,0.154344,0.019435,0.056064,0.005336
127.872000,SAMPLE,3,7.232653,-0.557838,-1.351429,7.196337,-0.405266,-1.332220,7.279807,-0.528595,-1.361125,0.156834,0.019209,0.055485,0.009696
127.958000,SAMPLE,3,7.236158,-0.573459,-1.348713,7.199913,-0.419888,-1.329694,7.284725,-0.546478,-1.358309,0.157790,0.019019,0.055558,0.009596
128.057000,SAMPLE,3,7.240582,-0.592976,-1.347829,7.204516,-0.438528,-1.328494,7.288745,-0.566037,-1.356258,0.158603,0.019336,0.055185,0.008428
128.154000,SAMPLE,3,7.244111,-0.608540,-1.347829,7.209155,-0.457300,-1.328494,7.293842,-0.587471,-1.356117,0.155227,0.019336,0.054010,0.008288
128.252000,SAMPLE,3,7.248149,-0.626351,-1.347829,7.213532,-0.475009,-1.328494,7.296229,-0.608234,-1.357218,0.155251,0.019336,0.051380,0.009389
128.351000,SAMPLE,3,7.252546,-0.645666,-1.344735,7.218185,-0.493767,-1.325446,7.299955,-0.623148,-1.356110,0.155737,0.019289,0.052485,0.011375
128.444000,SAMPLE,3,7.256834,-0.663966,-1.336049,7.223062,-0.512892,-1.316394,7.304212,-0.643863,-1.347321,0.154803,0.019655,0.051466,0.011273
128.533000,SAMPLE,3,7.260966,-0.680914,-1.327238,7.226933,-0.527547,-1.308815,7.304212,-0.643863,-1.347321,0.157098,0.018423,0.056947,0.020083
128.632000,SAMPLE,3,7.265817,-0.700174,-1.321989,7.232094,-0.546521,-1.302978,7.306533,-0.661403,-1.338809,0.157310,0.019011,0.056223,0.016820
128.718000,SAMPLE,3,7.269427,-0.714315,-1.319652,7.236319,-0.561844,-1.300451,7.310230,-0.679487,-1.331405,0.156025,0.019201,0.053646,0.011753
128.808000,SAMPLE,3,7.273902,-0.731645,-1.317222,7.241345,-0.579872,-1.297925,7.316331,-0.699649,-1.328164,0.155226,0.019297,0.053141,0.010942
128.902000,SAMPLE,3,7.278765,-0.750404,-1.316172,7.246737,-0.599131,-1.296775,7.320981,-0.718196,-1.325119,0.154626,0.019397,0.053099,0.008947
128.997000,SAMPLE,3,7.283606,-0.768725,-1.307878,7.251079,-0.614400,-1.290001,7.325761,-0.737645,-1.324376,0.157716,0.017876,0.052373,0.016499
129.085000,SAMPLE,3,7.287318,-0.782327,-1.300678,7.256344,-0.632338,-1.280528,7.329187,-0.755614,-1.315063,0.153154,0.020150,0.049664,0.014385
129.168000,SAMPLE,3,7.291757,-0.798084,-1.292482,7.260848,-0.647207,-1.272949,7.335289,-0.770455,-1.305700,0.154010,0.019533,0.051560,0.013218
129.249000,SAMPLE,3,7.296456,-0.814338,-1.287295,7.265545,-0.662348,-1.268154,7.338726,-0.791271,-1.296564,0.155102,0.019141,0.048154,0.009269
129.345000,SAMPLE,3,7.301633,-0.832007,-1.284169,7.271141,-0.680175,-1.264996,7.344616,-0.811353,-1.294071,0.154864,0.019172,0.047688,0.009903
129.429000,SAMPLE,3,7.305542,-0.845238,-1.283568,7.275840,-0.695028,-1.264365,7.349960,-0.829159,-1.292212,0.153118,0.019204,0.047239,0.008643
129.526000,SAMPLE,3,7.311050,-0.863884,-1.283568,7.281797,-0.713856,-1.264365,7.349960,-0.829159,-1.292212,0.152854,0.019204,0.052152,0.008643
129.613000,SAMPLE,3,7.316003,-0.880652,-1.283568,7.286341,-0.728217,-1.264365,7.354781,-0.848916,-1.292655,0.155294,0.019204,0.050109,0.009087
129.713000,SAMPLE,3,7.321064,-0.897776,-1.282777,7.291835,-0.745579,-1.263615,7.358836,-0.867458,-1.292248,0.154978,0.019162,0.048434,0.009471
129.803000,SAMPLE,3,7.326422,-0.915646,-1.275130,7.297950,-0.764621,-1.255528,7.364929,-0.884484,-1.291588,0.153685,0.019602,0.049535,0.016459
129.897000,SAMPLE,3,7.331889,-0.933309,-1.265940,7.302784,-0.779254,-1.247949,7.368604,-0.904751,-1.282523,0.156781,0.017991,0.046514,0.016583
129.991000,SAMPLE,3,7.336753,-0.948615,-1.261247,7.309078,-0.797838,-1.241886,7.374728,-0.921025,-1.274198,0.153296,0.019361,0.046939,0.012951
130.091000,SAMPLE,3,7.342928,-0.967857,-1.259605,7.315494,-0.816581,-1.240307,7.362249,-0.943555,-1.268555,0.153744,0.019298,0.031047,0.008950
130.185000,SAMPLE,3,7.348769,-0.985849,-1.252351,7.321942,-0.835190,-1.232349,7.366685,-0.959898,-1.264931,0.153029,0.020002,0.031535,0.012580
130.269000,SAMPLE,3,7.354167,-1.001890,-1.240214,7.327195,-0.849845,-1.221217,7.372166,-0.977825,-1.254813,0.154419,0.018997,0.030051,0.014598
130.367000,SAMPLE,3,7.360755,-1.020776,-1.230317,7.334140,-0.868601,-1.211388,7.378790,-0.995111,-1.242760,0.154486,0.018929,0.031369,0.012443
130.455000,SAMPLE,3,7.365848,-1.035035,-1.225180,7.339753,-0.883415,-1.205959,7.384384,-1.012229,-1.231848,0.153850,0.019220,0.029390,0.006668
130.548000,SAMPLE,3,7.372161,-1.052385,-1.220079,7.346654,-0.901298,-1.200875,7.391318,-1.029685,-1.225250,0.153225,0.019204,0.029703,0.005171
130.648000,SAMPLE,3,7.379224,-1.071692,-1.220079,7.353801,-0.919729,-1.200875,7.391318,-1.029685,-1.225250,0.154074,0.019204,0.043713,0.005171
130.734000,SAMPLE,3,7.385160,-1.087909,-1.218938,7.359328,-0.933979,-1.200275,7.397782,-1.044142,-1.225368,0.156083,0.018663,0.045551,0.006430
130.835000,SAMPLE,3,7.392092,-1.106559,-1.209998,7.366443,-0.952106,-1.192104,7.410342,-1.081995,-1.216647,0.156568,0.017894,0.030602,0.006649
130.922000,SAMPLE,3,7.397386,-1.120442,-1.202892,7.373925,-0.970654,-1.182630,7.410342,-1.081995,-1.216647,0.151614,0.020262,0.040571,0.013754
131.013000,SAMPLE,3,7.404258,-1.138084,-1.196304,7.379990,-0.985369,-1.177551,7.417783,-1.098308,-1.208605,0.154631,0.018753,0.042013,0.012300
131.108000,SAMPLE,3,7.410786,-1.154543,-1.191130,7.387393,-1.003039,-1.171841,7.425067,-1.115725,-1.201844,0.153300,0.019289,0.041362,0.010715
131.192000,SAMPLE,3,7.417150,-1.170382,-1.184614,7.393641,-1.017769,-1.165915,7.432146,-1.132280,-1.196128,0.154414,0.018699,0.040947,0.011514
131.289000,SAMPLE,3,7.424782,-1.188857,-1.174051,7.401624,-1.036106,-1.155299,7.439367,-1.153162,-1.185599,0.154496,0.018752,0.038559,0.011549
131.381000,SAMPLE,3,7.431954,-1.205773,-1.166495,7.409586,-1.053935,-1.147275,7.446862,-1.171875,-1.177715,0.153476,0.019219,0.037031,0.011220
131.468000,SAMPLE,3,7.437691,-1.219127,-1.163226,7.416185,-1.068511,-1.143436,7.453598,-1.188956,-1.171126,0.152144,0.019790,0.034108,0.007900
131.562000,SAMPLE,3,7.445537,-1.237048,-1.151373,7.424575,-1.086666,-1.130891,7.461307,-1.207395,-1.164569,0.151836,0.020483,0.033586,0.013195
131.650000,SAMPLE,3,7.452989,-1.253438,-1.136373,7.431211,-1.100539,-1.118259,7.470373,-1.223989,-1.149393,0.154442,0.018114,0.034197,0.013019
131.746000,SAMPLE,3,7.459853,-1.267941,-1.120826,7.439979,-1.118163,-1.100020,7.470373,-1.223989,-1.149393,0.151091,0.020806,0.045194,0.028567
131.829000,SAMPLE,3,7.467450,-1.283430,-1.109739,7.447244,-1.132252,-1.090323,7.478718,-1.244778,-1.131202,0.152522,0.019416,0.040261,0.021464
131.922000,SAMPLE,3,7.475909,-1.300217,-1.096556,7.456449,-1.149652,-1.076349,7.484751,-1.264346,-1.116179,0.151818,0.020207,0.036944,0.019622
132.008000,SAMPLE,3,7.483882,-1.315402,-1.077184,7.463868,-1.163146,-1.059270,7.493735,-1.281152,-1.103632,0.153565,0.017914,0.035639,0.026448
132.106000,SAMPLE,3,7.492689,-1.331416,-1.059423,7.473175,-1.179359,-1.041130,7.503964,-1.295677,-1.083494,0.153303,0.018293,0.037475,0.024071
132.195000,SAMPLE,3,7.499151,-1.342775,-1.047581,7.480432,-1.191577,-1.028499,7.512294,-1.311619,-1.063905,0.152352,0.019082,0.033815,0.016324
132.294000,SAMPLE,3,7.507508,-1.357004,-1.031634,7.489149,-1.205791,-1.012709,7.519253,-1.325708,-1.048174,0.152324,0.018924,0.033428,0.016540
132.385000,SAMPLE,3,7.515184,-1.369620,-1.016318,7.497479,-1.218906,-0.996920,7.528423,-1.339558,-1.032345,0.151750,0.019398,0.032847,0.016027
132.485000,SAMPLE,3,7.522881,-1.381832,-1.000213,7.505431,-1.230999,-0.981130,7.535732,-1.354647,-1.017128,0.151839,0.019082,0.030069,0.016915
132.584000,SAMPLE,3,7.530351,-1.393275,-0.985558,7.513128,-1.242313,-0.966641,7.542058,-1.366874,-1.001007,0.151941,0.018917,0.028880,0.015449
132.672000,SAMPLE,3,7.535606,-1.401120,-0.975069,7.519033,-1.250771,-0.955609,7.550604,-1.377109,-0.987285,0.151260,0.019460,0.028311,0.012216
132.766000,SAMPLE,3,7.542306,-1.410900,-0.964575,7.526235,-1.260853,-0.944604,7.559006,-1.386978,-0.975075,0.150905,0.019971,0.029174,0.010499
132.856000,SAMPLE,3,7.548504,-1.419730,-0.953975,7.531700,-1.268332,-0.935675,7.565518,-1.397114,-0.963111,0.152328,0.018300,0.028302,0.009136
132.934000,SAMPLE,3,7.553667,-1.426954,-0.946396,7.537149,-1.275666,-0.928096,7.571312,-1.406694,-0.953711,0.152187,0.018300,0.026867,0.007315
133.029000,SAMPLE,3,7.558593,-1.433738,-0.939273,7.543497,-1.284063,-0.919623,7.571312,-1.406694,-0.953711,0.150434,0.019650,0.029885,0.014438
133.114000,SAMPLE,3,7.564066,-1.441178,-0.932646,7.548560,-1.290673,-0.913494,7.575876,-1.414647,-0.945117,0.151302,0.019153,0.029041,0.012470
133.213000,SAMPLE,3,7.569723,-1.448748,-0.926728,7.554376,-1.298151,-0.907544,7.583919,-1.422911,-0.937954,0.151376,0.019184,0.029480,0.011227
133.298000,SAMPLE,3,7.574419,-1.454972,-0.920765,7.558754,-1.303734,-0.902651,7.589022,-1.429946,-0.931953,0.152048,0.018114,0.028975,0.011188
133.385000,SAMPLE,3,7.578970,-1.460922,-0.916339,7.563996,-1.310325,-0.897088,7.594981,-1.436596,-0.924823,0.151339,0.019251,0.029122,0.008483
133.474000,SAMPLE,3,7.582759,-1.465854,-0.914000,7.568104,-1.315464,-0.894570,7.598749,-1.441097,-0.920017,0.151103,0.019430,0.029471,0.006017
133.565000,SAMPLE,3,7.587805,-1.472360,-0.909882,7.573605,-1.322278,-0.890812,7.603317,-1.447340,-0.914450,0.150752,0.019070,0.029438,0.004568
133.657000,SAMPLE,3,7.593282,-1.479430,-0.913905,7.578281,-1.328081,-0.894536,7.608621,-1.455530,-0.915708,0.152091,0.019370,0.028399,0.001803
133.744000,SAMPLE,3,7.596607,-1.483744,-0.911464,7.582222,-1.332991,-0.892128,7.613849,-1.462368,-0.917804,0.151438,0.019337,0.027463,0.006339
133.843000,SAMPLE,3,7.597216,-1.484530,-0.897824,7.583007,-1.333960,-0.878770,7.616204,-1.466085,-0.908592,0.151239,0.019055,0.026472,0.010768
133.943000,SAMPLE,3,7.596973,-1.484231,-0.878540,7.583007,-1.333960,-0.855462,7.615517,-1.465744,-0.889224,0.150918,0.023078,0.026185,0.010683
134.042000,SAMPLE,3,7.596541,-1.483727,-0.845338,7.583007,-1.333960,-0.822104,7.616923,-1.466464,-0.861121,0.150377,0.023234,0.026711,0.015783
134.136000,SAMPLE,3,7.595983,-1.483123,-0.804275,7.583007,-1.333960,-0.788173,7.615852,-1.465420,-0.821878,0.149726,0.016102,0.026612,0.017604
134.225000,SAMPLE,3,7.595366,-1.482509,-0.760696,7.583007,-1.333960,-0.740804,7.615019,-1.465173,-0.774800,0.149062,0.019891,0.026207,0.014105
134.313000,SAMPLE,3,7.594746,-1.481943,-0.718740,7.583007,-1.333960,-0.703559,7.615019,-1.465173,-0.774800,0.148448,0.015181,0.026311,0.056060
134.413000,SAMPLE,3,7.594202,-1.481484,-0.683119,7.583007,-1.333960,-0.662059,7.614074,-1.460734,-0.726783,0.147947,0.021060,0.028730,0.043664
134.510000,SAMPLE,3,7.593541,-1.480969,-0.641246,7.583007,-1.333960,-0.621007,7.613640,-1.460650,-0.685333,0.147385,0.020239,0.028580,0.044087
134.604000,SAMPLE,3,7.592904,-1.480512,-0.602014,7.583007,-1.333960,-0.581154,7.612961,-1.461637,-0.644619,0.146885,0.020860,0.027541,0.042605
134.693000,SAMPLE,3,7.592354,-1.480147,-0.569019,7.583007,-1.333960,-0.553075,7.612223,-1.460642,-0.604364,0.146485,0.015944,0.027843,0.035344
134.787000,SAMPLE,3,7.591881,-1.479854,-0.541230,7.583007,-1.333960,-0.518338,7.610815,-1.459523,-0.568412,0.146163,0.022891,0.027782,0.027182
134.881000,SAMPLE,3,7.591307,-1.479521,-0.508038,7.583007,-1.333960,-0.490999,7.610328,-1.458857,-0.533645,0.145797,0.017039,0.028085,0.025607
134.967000,SAMPLE,3,7.590839,-1.479269,-0.481469,7.583007,-1.333960,-0.462051,7.609842,-1.457583,-0.501226,0.145519,0.019418,0.028834,0.019757
135.066000,SAMPLE,3,7.590327,-1.479010,-0.452764,7.583007,-1.333960,-0.433630,7.609870,-1.458539,-0.473457,0.145235,0.019134,0.028301,0.020693
135.160000,SAMPLE,3,7.589823,-1.478774,-0.424911,7.583007,-1.333960,-0.410894,7.610154,-1.459372,-0.445212,0.144974,0.014018,0.028103,0.020300
135.258000,SAMPLE,3,7.589448,-1.478609,-0.404435,7.583007,-1.333960,-0.385680,7.609279,-1.458483,-0.418315,0.144791,0.018755,0.028254,0.013880
135.358000,SAMPLE,3,7.589027,-1.478434,-0.381667,7.583007,-1.333960,-0.363575,7.607896,-1.458592,-0.394808,0.144599,0.018091,0.027381,0.013141
135.449000,SAMPLE,3,7.588640,-1.478283,-0.360888,7.583007,-1.333960,-0.341470,7.607962,-1.457276,-0.372831,0.144433,0.019418,0.028543,0.011943
135.541000,SAMPLE,3,7.588237,-1.478136,-0.339446,7.583007,-1.333960,-0.319365,7.607269,-1.457571,-0.350807,0.144271,0.020081,0.028020,0.011362
135.629000,SAMPLE,3,7.587920,-1.478027,-0.322646,7.583007,-1.333960,-0.301680,7.607758,-1.458523,-0.329443,0.144150,0.020965,0.027821,0.006797
135.715000,SAMPLE,3,7.587542,-1.477905,-0.302809,7.583007,-1.333960,-0.284246,7.607758,-1.458523,-0.329443,0.144016,0.018562,0.028006,0.026634
135.811000,SAMPLE,3,7.587242,-1.477814,-0.287151,7.583007,-1.333960,-0.268049,7.606691,-1.457614,-0.307566,0.143916,0.019102,0.028041,0.020415
135.903000,SAMPLE,3,7.586951,-1.477730,-0.271993,7.583007,-1.333960,-0.252259,7.606977,-1.456698,-0.290898,0.143824,0.019734,0.029041,0.018905
135.995000,SAMPLE,3,7.586665,-1.477652,-0.257151,7.583007,-1.333960,-0.239628,7.606866,-1.456853,-0.275166,0.143739,0.017523,0.028994,0.018016
136.083000,SAMPLE,3,7.586392,-1.477583,-0.243098,7.583007,-1.333960,-0.223838,7.606160,-1.457644,-0.259475,0.143662,0.019260,0.028077,0.016377
136.176000,SAMPLE,3,7.586147,-1.477524,-0.230467,7.583007,-1.333960,-0.211207,7.605288,-1.457930,-0.243715,0.143597,0.019260,0.027392,0.013249
136.271000,SAMPLE,3,7.585839,-1.477454,-0.214677,7.583007,-1.333960,-0.195417,7.604359,-1.459143,-0.227828,0.143521,0.019260,0.026044,0.013150
136.361000,SAMPLE,3,7.585570,-1.477397,-0.200935,7.583007,-1.333960,-0.180978,7.604291,-1.456576,-0.212720,0.143460,0.019957,0.028000,0.011785
136.461000,SAMPLE,3,7.585375,-1.477358,-0.190998,7.583007,-1.333960,-0.171201,7.604118,-1.457474,-0.200620,0.143418,0.019797,0.027326,0.009622
136.551000,SAMPLE,3,7.585204,-1.477326,-0.182282,7.583007,-1.333960,-0.163623,7.604394,-1.456788,-0.191147,0.143382,0.018660,0.028108,0.008864
136.651000,SAMPLE,3,7.585043,-1.477297,-0.174135,7.583007,-1.333960,-0.154149,7.604452,-1.456820,-0.181742,0.143351,0.019986,0.028213,0.007607
136.739000,SAMPLE,3,7.584875,-1.477268,-0.165609,7.583007,-1.333960,-0.146570,7.603933,-1.456599,-0.172359,0.143320,0.019039,0.028114,0.006751
136.834000,SAMPLE,3,7.584692,-1.477238,-0.156324,7.583007,-1.333960,-0.137096,7.603933,-1.456599,-0.172359,0.143288,0.019228,0.028217,0.016035
136.922000,SAMPLE,3,7.584521,-1.477212,-0.147703,7.583007,-1.333960,-0.127623,7.603565,-1.458750,-0.163436,0.143260,0.020081,0.026524,0.015732
137.015000,SAMPLE,3,7.584361,-1.477189,-0.139609,7.583007,-1.333960,-0.120594,7.603156,-1.458371,-0.154242,0.143235,0.019015,0.026596,0.014633
137.028000,P3,3,7.584346,-1.477187,-0.138848,7.583007,-1.333960,-0.119699,7.603156,-1.458371,-0.154242,0.143233,0.019149,0.026605,0.015394
